# Blender 5.2.2 LTS
# www.blender.org
mtllib mag test 1.mtl
o clip_0_volt_lgnd_v23_voidsinister_main
v 0.060859 -0.251071 0.579194
v 0.060457 -0.267389 0.566888
v 0.050693 -0.251071 0.579194
v 0.050292 -0.267389 0.566888
v -0.002275 0.230997 0.482219
v 0.034508 0.230997 0.482219
v -0.002275 0.230997 0.750673
v 0.034508 0.230997 0.750940
v -0.002275 0.277010 0.482219
v 0.034508 0.277010 0.482219
v -0.002275 0.230997 0.482219
v 0.034508 0.230997 0.482219
v 0.034508 0.260959 0.458811
v -0.002275 0.261226 0.458811
v 0.034508 0.231130 0.458811
v -0.002275 0.230863 0.458811
v -0.002275 0.230997 0.482219
v -0.002275 0.230997 0.750673
v -0.039193 0.230997 0.482219
v -0.039193 0.230997 0.750940
v -0.002275 0.277010 0.482219
v -0.002275 0.230997 0.482219
v -0.039193 0.277010 0.482219
v -0.039193 0.230997 0.482219
v -0.039193 0.260959 0.458811
v -0.039193 0.231130 0.458811
v -0.002275 0.261226 0.458811
v -0.002275 0.230863 0.458811
v 0.039591 -0.166000 0.445034
v 0.062598 -0.124936 0.474594
v 0.039591 0.251060 0.445167
v 0.062598 0.278213 0.474594
v 0.036782 0.278213 0.474594
v 0.034910 0.275405 0.474594
v 0.036515 0.260691 0.455734
v 0.034107 0.260424 0.458543
v 0.034107 0.249188 0.458543
v 0.034107 0.260424 0.458543
v 0.034910 0.249188 0.474594
v 0.034910 0.275405 0.474594
v -0.044276 -0.166000 0.445034
v -0.044276 0.251060 0.445167
v -0.067282 -0.124936 0.474594
v -0.067282 0.278213 0.474594
v -0.038792 0.260424 0.458543
v -0.039594 0.275405 0.474594
v -0.041199 0.260691 0.455734
v -0.041467 0.278213 0.474594
v -0.039594 0.275405 0.474594
v -0.038792 0.260424 0.458543
v -0.039594 0.249188 0.474594
v -0.038792 0.249188 0.458543
v -0.065142 -0.091764 0.474327
v -0.067951 -0.090426 0.475664
v -0.065677 0.277010 0.731545
v -0.067149 0.275940 0.730074
v -0.042537 -0.245453 0.448779
v -0.042537 -0.236491 0.448913
v -0.065410 -0.208937 0.474193
v -0.066078 -0.199038 0.474193
v -0.042537 -0.236491 0.448913
v -0.042804 -0.236223 0.448110
v -0.066078 -0.199038 0.474193
v -0.068352 -0.198102 0.474059
v -0.065410 -0.208937 0.474193
v -0.067817 -0.210140 0.474461
v -0.042537 -0.245453 0.448779
v -0.042403 -0.250803 0.445569
v -0.068754 0.175754 0.758163
v -0.069289 0.272462 0.757896
v -0.054308 0.176423 0.776087
v -0.053906 0.272328 0.776488
v -0.069690 0.032364 0.755889
v -0.069422 0.166123 0.757093
v -0.054843 0.033167 0.776221
v -0.054308 0.165856 0.776087
v -0.069155 -0.148745 0.762176
v -0.069422 -0.134700 0.762176
v -0.062735 -0.148745 0.771271
v -0.062333 -0.134700 0.771271
v -0.069289 -0.322097 0.748131
v -0.049492 -0.322097 0.768596
v -0.068754 -0.339084 0.748131
v -0.049225 -0.339084 0.768596
v -0.002275 -0.134700 0.771271
v -0.002275 -0.148745 0.771271
v -0.062333 -0.134700 0.771271
v -0.062735 -0.148745 0.771271
v -0.002275 0.018186 0.742514
v -0.002275 -0.134700 0.742246
v -0.069422 0.018186 0.742514
v -0.069957 -0.134700 0.742246
v -0.069422 0.004676 0.698507
v -0.041333 0.004676 0.698507
v -0.069422 -0.001878 0.681118
v -0.040664 -0.001878 0.681118
v -0.040664 -0.001878 0.681118
v -0.041467 -0.107012 0.681519
v -0.069422 -0.001878 0.681118
v -0.069289 -0.107012 0.681519
v -0.069422 0.004944 0.670284
v -0.040531 0.004944 0.670284
v -0.065008 0.008154 0.664666
v -0.035983 0.008154 0.664666
v -0.037855 -0.195293 0.608754
v -0.040932 -0.194892 0.669481
v -0.066614 -0.195293 0.608754
v -0.069289 -0.194892 0.669481
v -0.069289 -0.194892 0.669481
v -0.040932 -0.194892 0.669481
v -0.069422 0.004944 0.670284
v -0.040531 0.004944 0.670284
v -0.069556 -0.210274 0.648882
v -0.041734 -0.210274 0.648882
v -0.066614 -0.210140 0.610895
v -0.038792 -0.210140 0.610895
v -0.066614 -0.210140 0.610895
v -0.038792 -0.210140 0.610895
v -0.066614 -0.386569 0.610761
v -0.038792 -0.386569 0.610761
v -0.043607 -0.148745 0.724857
v -0.044543 0.014173 0.722985
v -0.069021 -0.148745 0.724857
v -0.069422 0.014173 0.722985
v -0.038925 0.274736 0.750405
v -0.037588 0.230328 0.749737
v -0.002275 0.274736 0.750405
v -0.002275 0.230328 0.749737
v -0.054308 0.176423 0.776087
v -0.053906 0.272328 0.776488
v -0.002275 0.176423 0.776087
v -0.002275 0.272328 0.776488
v -0.054843 0.033167 0.776221
v -0.054308 0.165856 0.776087
v -0.002275 0.033167 0.776221
v -0.002275 0.165856 0.776087
v -0.049492 -0.322097 0.768596
v -0.002275 -0.322097 0.768596
v -0.049225 -0.339084 0.768596
v -0.002275 -0.339084 0.768596
v -0.065543 -0.044413 0.530773
v -0.002275 -0.044413 0.530773
v -0.065008 -0.121458 0.474594
v -0.002275 -0.121458 0.474594
v -0.002275 -0.087216 0.530639
v -0.002275 -0.044413 0.530773
v -0.065276 -0.087216 0.530639
v -0.065543 -0.044413 0.530773
v 0.060457 -0.091764 0.474327
v 0.060993 0.277010 0.731545
v 0.063266 -0.090426 0.475664
v 0.062464 0.275940 0.730074
v 0.037852 -0.245453 0.448779
v 0.060725 -0.208937 0.474193
v 0.037852 -0.236491 0.448913
v 0.061394 -0.199038 0.474193
v 0.037852 -0.236491 0.448913
v 0.061394 -0.199038 0.474193
v 0.038120 -0.236223 0.448110
v 0.063668 -0.198102 0.474059
v 0.060725 -0.208937 0.474193
v 0.037852 -0.245453 0.448779
v 0.063133 -0.210140 0.474461
v 0.037852 -0.250803 0.445569
v 0.064069 0.175754 0.758163
v 0.049623 0.176423 0.776087
v 0.064604 0.272462 0.757896
v 0.049222 0.272328 0.776488
v 0.065005 0.032364 0.755889
v 0.050158 0.033167 0.776221
v 0.064738 0.166123 0.757093
v 0.049757 0.165856 0.776087
v 0.064470 -0.148745 0.762176
v 0.058050 -0.148745 0.771271
v 0.064738 -0.134700 0.762176
v 0.057649 -0.134700 0.771271
v 0.064604 -0.322097 0.748131
v 0.064069 -0.339084 0.748131
v 0.044808 -0.322097 0.768596
v 0.044540 -0.339084 0.768596
v -0.002275 -0.134700 0.771271
v 0.057649 -0.134700 0.771271
v -0.002275 -0.148745 0.771271
v 0.058050 -0.148745 0.771271
v -0.002275 0.018186 0.742514
v 0.064738 0.018186 0.742514
v -0.002275 -0.134700 0.742246
v 0.065273 -0.134700 0.742246
v 0.064738 0.004676 0.698507
v 0.064738 -0.001878 0.681118
v 0.036648 0.004676 0.698507
v 0.035980 -0.001878 0.681118
v 0.035980 -0.001878 0.681118
v 0.064738 -0.001878 0.681118
v 0.036782 -0.107012 0.681519
v 0.064604 -0.107012 0.681519
v 0.064738 0.004944 0.670284
v 0.060324 0.008154 0.664666
v 0.035846 0.004944 0.670284
v 0.031432 0.008154 0.664666
v 0.033171 -0.195293 0.608754
v 0.061929 -0.195293 0.608754
v 0.036247 -0.194892 0.669481
v 0.064604 -0.194892 0.669481
v 0.064604 -0.194892 0.669481
v 0.064738 0.004944 0.670284
v 0.036247 -0.194892 0.669481
v 0.035846 0.004944 0.670284
v 0.064872 -0.210274 0.648882
v 0.061929 -0.210140 0.610895
v 0.037050 -0.210274 0.648882
v 0.034107 -0.210140 0.610895
v 0.061929 -0.210140 0.610895
v 0.061929 -0.386569 0.610761
v 0.034107 -0.210140 0.610895
v 0.034107 -0.386569 0.610761
v 0.038922 -0.148745 0.724857
v 0.064336 -0.148745 0.724857
v 0.039859 0.014173 0.722985
v 0.064738 0.014173 0.722985
v 0.034241 0.274736 0.750405
v -0.002275 0.274736 0.750405
v 0.032903 0.230328 0.749737
v -0.002275 0.230328 0.749737
v 0.049623 0.176423 0.776087
v -0.002275 0.176423 0.776087
v 0.049222 0.272328 0.776488
v -0.002275 0.272328 0.776488
v 0.050158 0.033167 0.776221
v -0.002275 0.033167 0.776221
v 0.049757 0.165856 0.776087
v -0.002275 0.165856 0.776087
v 0.044808 -0.322097 0.768596
v 0.044540 -0.339084 0.768596
v -0.002275 -0.322097 0.768596
v -0.002275 -0.339084 0.768596
v 0.060859 -0.044413 0.530773
v 0.060324 -0.121458 0.474594
v -0.002275 -0.044413 0.530773
v -0.002275 -0.121458 0.474594
v -0.002275 -0.087216 0.530639
v 0.060591 -0.087216 0.530639
v -0.002275 -0.044413 0.530773
v 0.060859 -0.044413 0.530773
v 0.065407 -0.426964 0.526225
v 0.065139 -0.381218 0.526091
v 0.031031 -0.426964 0.526225
v 0.031031 -0.381218 0.526091
v 0.065139 -0.381218 0.526091
v 0.054171 -0.381352 0.499473
v 0.031031 -0.381218 0.526091
v 0.031031 -0.381352 0.499473
v 0.065005 -0.371320 0.526091
v 0.031031 -0.371320 0.526091
v 0.053101 -0.371855 0.487836
v 0.031031 -0.371855 0.487836
v 0.052566 -0.400747 0.486365
v 0.053101 -0.371855 0.487836
v 0.039056 -0.400747 0.486365
v 0.031031 -0.371855 0.487836
v 0.054171 -0.381352 0.499473
v 0.051897 -0.411581 0.497066
v 0.031031 -0.381352 0.499473
v 0.031031 -0.411581 0.497066
v 0.052566 -0.400747 0.486365
v 0.039056 -0.400747 0.486365
v 0.032368 -0.385498 0.456403
v 0.025814 -0.385498 0.456403
v 0.065407 -0.426964 0.526225
v 0.031031 -0.426964 0.526225
v 0.064604 -0.426562 0.487702
v 0.031031 -0.426562 0.487702
v 0.037317 -0.518455 0.495327
v 0.037317 -0.518054 0.491046
v 0.031031 -0.518455 0.495327
v 0.031031 -0.518054 0.491046
v 0.060859 -0.251071 0.579194
v 0.060457 -0.267389 0.566888
v 0.050693 -0.251071 0.579194
v 0.050292 -0.267389 0.566888
v -0.002275 0.230997 0.482219
v 0.034508 0.230997 0.482219
v -0.002275 0.230997 0.750673
v 0.034508 0.230997 0.750940
v -0.002275 0.277010 0.482219
v 0.034508 0.277010 0.482219
v -0.002275 0.230997 0.482219
v 0.034508 0.230997 0.482219
v 0.034508 0.260959 0.458811
v -0.002275 0.261226 0.458811
v 0.034508 0.231130 0.458811
v -0.002275 0.230863 0.458811
v -0.002275 0.230997 0.482219
v -0.002275 0.230997 0.750673
v -0.039193 0.230997 0.482219
v -0.039193 0.230997 0.750940
v -0.002275 0.277010 0.482219
v -0.002275 0.230997 0.482219
v -0.039193 0.277010 0.482219
v -0.039193 0.230997 0.482219
v -0.039193 0.260959 0.458811
v -0.039193 0.231130 0.458811
v -0.002275 0.261226 0.458811
v -0.002275 0.230863 0.458811
v 0.039591 -0.166000 0.445034
v 0.062598 -0.124936 0.474594
v 0.039591 0.251060 0.445167
v 0.062598 0.278213 0.474594
v 0.036782 0.278213 0.474594
v 0.034910 0.275405 0.474594
v 0.036515 0.260691 0.455734
v 0.034107 0.260424 0.458543
v 0.034107 0.249188 0.458543
v 0.034107 0.260424 0.458543
v 0.034910 0.249188 0.474594
v 0.034910 0.275405 0.474594
v -0.044276 -0.166000 0.445034
v -0.044276 0.251060 0.445167
v -0.067282 -0.124936 0.474594
v -0.067282 0.278213 0.474594
v -0.038792 0.260424 0.458543
v -0.039594 0.275405 0.474594
v -0.041199 0.260691 0.455734
v -0.041467 0.278213 0.474594
v -0.039594 0.275405 0.474594
v -0.038792 0.260424 0.458543
v -0.039594 0.249188 0.474594
v -0.038792 0.249188 0.458543
v -0.065142 -0.091764 0.474327
v -0.067951 -0.090426 0.475664
v -0.065677 0.277010 0.731545
v -0.067149 0.275940 0.730074
v -0.042537 -0.245453 0.448779
v -0.042537 -0.236491 0.448913
v -0.065410 -0.208937 0.474193
v -0.066078 -0.199038 0.474193
v -0.042537 -0.236491 0.448913
v -0.042804 -0.236223 0.448110
v -0.066078 -0.199038 0.474193
v -0.068352 -0.198102 0.474059
v -0.065410 -0.208937 0.474193
v -0.067817 -0.210140 0.474461
v -0.042537 -0.245453 0.448779
v -0.042403 -0.250803 0.445569
v -0.068754 0.175754 0.758163
v -0.069289 0.272462 0.757896
v -0.054308 0.176423 0.776087
v -0.053906 0.272328 0.776488
v -0.069690 0.032364 0.755889
v -0.069422 0.166123 0.757093
v -0.054843 0.033167 0.776221
v -0.054308 0.165856 0.776087
v -0.069155 -0.148745 0.762176
v -0.069422 -0.134700 0.762176
v -0.062735 -0.148745 0.771271
v -0.062333 -0.134700 0.771271
v -0.069289 -0.322097 0.748131
v -0.049492 -0.322097 0.768596
v -0.068754 -0.339084 0.748131
v -0.049225 -0.339084 0.768596
v -0.002275 -0.134700 0.771271
v -0.002275 -0.148745 0.771271
v -0.062333 -0.134700 0.771271
v -0.062735 -0.148745 0.771271
v -0.002275 0.018186 0.742514
v -0.002275 -0.134700 0.742246
v -0.069422 0.018186 0.742514
v -0.069957 -0.134700 0.742246
v -0.069422 0.004676 0.698507
v -0.041333 0.004676 0.698507
v -0.069422 -0.001878 0.681118
v -0.040664 -0.001878 0.681118
v -0.040664 -0.001878 0.681118
v -0.041467 -0.107012 0.681519
v -0.069422 -0.001878 0.681118
v -0.069289 -0.107012 0.681519
v -0.069422 0.004944 0.670284
v -0.040531 0.004944 0.670284
v -0.065008 0.008154 0.664666
v -0.035983 0.008154 0.664666
v -0.037855 -0.195293 0.608754
v -0.040932 -0.194892 0.669481
v -0.066614 -0.195293 0.608754
v -0.069289 -0.194892 0.669481
v -0.069289 -0.194892 0.669481
v -0.040932 -0.194892 0.669481
v -0.069422 0.004944 0.670284
v -0.040531 0.004944 0.670284
v -0.069556 -0.210274 0.648882
v -0.041734 -0.210274 0.648882
v -0.066614 -0.210140 0.610895
v -0.038792 -0.210140 0.610895
v -0.066614 -0.210140 0.610895
v -0.038792 -0.210140 0.610895
v -0.066614 -0.386569 0.610761
v -0.038792 -0.386569 0.610761
v -0.043607 -0.148745 0.724857
v -0.044543 0.014173 0.722985
v -0.069021 -0.148745 0.724857
v -0.069422 0.014173 0.722985
v -0.038925 0.274736 0.750405
v -0.037588 0.230328 0.749737
v -0.002275 0.274736 0.750405
v -0.002275 0.230328 0.749737
v -0.054308 0.176423 0.776087
v -0.053906 0.272328 0.776488
v -0.002275 0.176423 0.776087
v -0.002275 0.272328 0.776488
v -0.054843 0.033167 0.776221
v -0.054308 0.165856 0.776087
v -0.002275 0.033167 0.776221
v -0.002275 0.165856 0.776087
v -0.049492 -0.322097 0.768596
v -0.002275 -0.322097 0.768596
v -0.049225 -0.339084 0.768596
v -0.002275 -0.339084 0.768596
v -0.065543 -0.044413 0.530773
v -0.002275 -0.044413 0.530773
v -0.065008 -0.121458 0.474594
v -0.002275 -0.121458 0.474594
v -0.002275 -0.087216 0.530639
v -0.002275 -0.044413 0.530773
v -0.065276 -0.087216 0.530639
v -0.065543 -0.044413 0.530773
v 0.060457 -0.091764 0.474327
v 0.060993 0.277010 0.731545
v 0.063266 -0.090426 0.475664
v 0.062464 0.275940 0.730074
v 0.037852 -0.245453 0.448779
v 0.060725 -0.208937 0.474193
v 0.037852 -0.236491 0.448913
v 0.061394 -0.199038 0.474193
v 0.037852 -0.236491 0.448913
v 0.061394 -0.199038 0.474193
v 0.038120 -0.236223 0.448110
v 0.063668 -0.198102 0.474059
v 0.060725 -0.208937 0.474193
v 0.037852 -0.245453 0.448779
v 0.063133 -0.210140 0.474461
v 0.037852 -0.250803 0.445569
v 0.064069 0.175754 0.758163
v 0.049623 0.176423 0.776087
v 0.064604 0.272462 0.757896
v 0.049222 0.272328 0.776488
v 0.065005 0.032364 0.755889
v 0.050158 0.033167 0.776221
v 0.064738 0.166123 0.757093
v 0.049757 0.165856 0.776087
v 0.064470 -0.148745 0.762176
v 0.058050 -0.148745 0.771271
v 0.064738 -0.134700 0.762176
v 0.057649 -0.134700 0.771271
v 0.064604 -0.322097 0.748131
v 0.064069 -0.339084 0.748131
v 0.044808 -0.322097 0.768596
v 0.044540 -0.339084 0.768596
v -0.002275 -0.134700 0.771271
v 0.057649 -0.134700 0.771271
v -0.002275 -0.148745 0.771271
v 0.058050 -0.148745 0.771271
v -0.002275 0.018186 0.742514
v 0.064738 0.018186 0.742514
v -0.002275 -0.134700 0.742246
v 0.065273 -0.134700 0.742246
v 0.064738 0.004676 0.698507
v 0.064738 -0.001878 0.681118
v 0.036648 0.004676 0.698507
v 0.035980 -0.001878 0.681118
v 0.035980 -0.001878 0.681118
v 0.064738 -0.001878 0.681118
v 0.036782 -0.107012 0.681519
v 0.064604 -0.107012 0.681519
v 0.064738 0.004944 0.670284
v 0.060324 0.008154 0.664666
v 0.035846 0.004944 0.670284
v 0.031432 0.008154 0.664666
v 0.033171 -0.195293 0.608754
v 0.061929 -0.195293 0.608754
v 0.036247 -0.194892 0.669481
v 0.064604 -0.194892 0.669481
v 0.064604 -0.194892 0.669481
v 0.064738 0.004944 0.670284
v 0.036247 -0.194892 0.669481
v 0.035846 0.004944 0.670284
v 0.064872 -0.210274 0.648882
v 0.061929 -0.210140 0.610895
v 0.037050 -0.210274 0.648882
v 0.034107 -0.210140 0.610895
v 0.061929 -0.210140 0.610895
v 0.061929 -0.386569 0.610761
v 0.034107 -0.210140 0.610895
v 0.034107 -0.386569 0.610761
v 0.038922 -0.148745 0.724857
v 0.064336 -0.148745 0.724857
v 0.039859 0.014173 0.722985
v 0.064738 0.014173 0.722985
v 0.034241 0.274736 0.750405
v -0.002275 0.274736 0.750405
v 0.032903 0.230328 0.749737
v -0.002275 0.230328 0.749737
v 0.049623 0.176423 0.776087
v -0.002275 0.176423 0.776087
v 0.049222 0.272328 0.776488
v -0.002275 0.272328 0.776488
v 0.050158 0.033167 0.776221
v -0.002275 0.033167 0.776221
v 0.049757 0.165856 0.776087
v -0.002275 0.165856 0.776087
v 0.044808 -0.322097 0.768596
v 0.044540 -0.339084 0.768596
v -0.002275 -0.322097 0.768596
v -0.002275 -0.339084 0.768596
v 0.060859 -0.044413 0.530773
v 0.060324 -0.121458 0.474594
v -0.002275 -0.044413 0.530773
v -0.002275 -0.121458 0.474594
v -0.002275 -0.087216 0.530639
v 0.060591 -0.087216 0.530639
v -0.002275 -0.044413 0.530773
v 0.060859 -0.044413 0.530773
v 0.065407 -0.426964 0.526225
v 0.065139 -0.381218 0.526091
v 0.031031 -0.426964 0.526225
v 0.031031 -0.381218 0.526091
v 0.065139 -0.381218 0.526091
v 0.054171 -0.381352 0.499473
v 0.031031 -0.381218 0.526091
v 0.031031 -0.381352 0.499473
v 0.065005 -0.371320 0.526091
v 0.031031 -0.371320 0.526091
v 0.053101 -0.371855 0.487836
v 0.031031 -0.371855 0.487836
v 0.052566 -0.400747 0.486365
v 0.053101 -0.371855 0.487836
v 0.039056 -0.400747 0.486365
v 0.031031 -0.371855 0.487836
v 0.054171 -0.381352 0.499473
v 0.051897 -0.411581 0.497066
v 0.031031 -0.381352 0.499473
v 0.031031 -0.411581 0.497066
v 0.052566 -0.400747 0.486365
v 0.039056 -0.400747 0.486365
v 0.032368 -0.385498 0.456403
v 0.025814 -0.385498 0.456403
v 0.065407 -0.426964 0.526225
v 0.031031 -0.426964 0.526225
v 0.064604 -0.426562 0.487702
v 0.031031 -0.426562 0.487702
v 0.037317 -0.518455 0.495327
v 0.037317 -0.518054 0.491046
v 0.031031 -0.518455 0.495327
v 0.031031 -0.518054 0.491046
v 0.026616 -0.546678 0.756157
v -0.002275 -0.546678 0.756157
v 0.026616 -0.540659 0.757361
v -0.002275 -0.540659 0.757361
v 0.026616 -0.516716 0.757361
v -0.002275 -0.516716 0.757361
v 0.026616 -0.531831 0.467505
v -0.002275 -0.531831 0.467505
v 0.026616 -0.545742 0.476868
v -0.002275 -0.545742 0.476868
v 0.026616 -0.554971 0.490779
v -0.002275 -0.554971 0.490779
v 0.026616 -0.556710 0.505492
v -0.002275 -0.556710 0.505492
v -0.002275 -0.556710 0.737832
v 0.026616 -0.556710 0.737832
v 0.026616 -0.555907 0.745857
v -0.002275 -0.555907 0.745857
v 0.026616 -0.552697 0.752144
v -0.002275 -0.552697 0.752144
v 0.026616 -0.546678 0.756157
v -0.002275 -0.546678 0.756157
v 0.026616 -0.427365 0.464562
v -0.002275 -0.427365 0.464562
v 0.026616 -0.517117 0.464562
v -0.002275 -0.517117 0.464562
v 0.026616 -0.531831 0.467505
v -0.002275 -0.531831 0.467505
v -0.002275 -0.390180 0.457740
v 0.026483 -0.390180 0.457740
v -0.002275 -0.381486 0.453861
v 0.029559 -0.381486 0.453861
v -0.002275 -0.143261 0.453862
v 0.029559 -0.143261 0.453862
v 0.055241 -0.447429 0.582136
v 0.051496 -0.447429 0.587219
v 0.053636 -0.447429 0.682054
v 0.051496 -0.447429 0.682054
v 0.053636 -0.445824 0.686201
v 0.051496 -0.445824 0.686201
v 0.051496 -0.443416 0.689812
v 0.053636 -0.443416 0.689812
v 0.051496 -0.439805 0.692220
v 0.053636 -0.439805 0.692220
v 0.051496 -0.435658 0.693022
v 0.053636 -0.435658 0.693022
v 0.051496 -0.414123 0.693022
v 0.053636 -0.414123 0.693022
v 0.053636 -0.409843 0.692220
v 0.051496 -0.409843 0.692220
v 0.053636 -0.406231 0.689812
v 0.051496 -0.406231 0.689812
v 0.053636 -0.403957 0.686201
v 0.051496 -0.403957 0.686201
v 0.053636 -0.403021 0.682054
v 0.051496 -0.403021 0.682054
v 0.051496 -0.403021 0.587219
v 0.055642 -0.403021 0.581735
v 0.036648 -0.386435 0.445033
v -0.002275 -0.386435 0.445033
v 0.036648 -0.409709 0.445033
v -0.002275 -0.409709 0.445033
v 0.034776 -0.417734 0.449046
v -0.002275 -0.417734 0.449046
v -0.002275 -0.149414 0.764182
v -0.002275 0.102187 0.764183
v 0.038387 0.102187 0.764183
v 0.038387 -0.149414 0.764182
v 0.042133 0.102187 0.763112
v 0.042133 -0.149414 0.763246
v 0.045075 0.102187 0.760705
v 0.045075 -0.149414 0.760705
v 0.048553 0.102187 0.755354
v 0.048820 -0.149414 0.755220
v 0.050158 0.102187 0.751743
v 0.050426 -0.149414 0.751743
v 0.050693 0.102187 0.747998
v 0.051094 -0.149414 0.747997
v 0.051228 -0.149414 0.727265
v 0.051496 0.085066 0.622532
v 0.051496 0.030626 0.587219
v 0.051228 -0.150216 0.723118
v 0.051228 -0.152624 0.719507
v 0.051228 -0.156236 0.717099
v 0.051496 -0.149414 0.587219
v 0.051496 -0.149414 0.682054
v 0.051362 -0.150216 0.686201
v 0.051362 -0.152624 0.689812
v 0.051362 -0.156236 0.692220
v 0.051362 -0.160382 0.693022
v 0.051228 -0.160382 0.716297
v 0.051362 -0.181917 0.693022
v 0.051228 -0.181917 0.716297
v 0.051228 -0.186198 0.717099
v 0.051362 -0.186198 0.692220
v 0.051228 -0.189675 0.719507
v 0.051362 -0.189675 0.689812
v 0.051496 -0.213618 0.686201
v 0.051362 -0.192083 0.686201
v 0.051496 -0.193019 0.682054
v 0.051362 -0.216026 0.689812
v 0.051496 -0.212816 0.682054
v 0.051496 -0.193019 0.587219
v 0.051496 -0.212816 0.587219
v 0.051362 -0.219637 0.692220
v 0.051228 -0.192083 0.723118
v 0.051228 -0.213618 0.723118
v 0.051362 -0.216026 0.719507
v 0.051228 -0.212816 0.727265
v 0.051362 -0.219637 0.717099
v 0.051228 -0.193019 0.727265
v 0.051362 -0.223784 0.693022
v 0.051228 -0.212816 0.747997
v 0.051362 -0.223784 0.716297
v 0.051094 -0.193019 0.747997
v 0.051362 -0.245319 0.693022
v 0.050559 -0.193019 0.751743
v 0.051362 -0.245319 0.716297
v 0.050559 -0.212816 0.751743
v 0.051496 -0.249599 0.692220
v 0.048954 -0.193019 0.755220
v 0.051362 -0.249599 0.717099
v 0.048954 -0.212816 0.755220
v 0.051496 -0.253211 0.689812
v 0.045075 -0.193019 0.760705
v 0.045075 -0.212816 0.760705
v 0.042133 -0.193019 0.763246
v 0.042133 -0.212816 0.763246
v 0.038387 -0.193019 0.764182
v 0.038387 -0.212816 0.764182
v -0.002275 -0.193019 0.764182
v -0.002275 -0.212816 0.764182
v 0.051362 -0.253211 0.719507
v 0.051496 -0.277020 0.686201
v 0.051496 -0.255485 0.686201
v 0.051496 -0.256421 0.682054
v 0.051496 -0.279428 0.689812
v 0.051496 -0.276217 0.682054
v 0.051496 -0.256421 0.587219
v 0.051496 -0.276217 0.587219
v 0.051496 -0.283039 0.692220
v 0.051362 -0.255485 0.723118
v 0.051362 -0.277020 0.723118
v 0.051362 -0.279428 0.719507
v 0.051362 -0.276217 0.727265
v 0.051362 -0.283039 0.717099
v 0.051362 -0.256421 0.727265
v 0.051496 -0.287186 0.693022
v 0.051228 -0.276217 0.747997
v 0.051362 -0.287186 0.716297
v 0.051228 -0.256421 0.747997
v 0.051496 -0.308721 0.693022
v 0.050559 -0.256421 0.751743
v 0.051362 -0.308721 0.716297
v 0.050559 -0.276217 0.751743
v 0.051496 -0.313001 0.692220
v 0.048954 -0.256421 0.755220
v 0.051362 -0.313001 0.717099
v 0.048954 -0.276217 0.755220
v 0.051496 -0.316613 0.689812
v 0.045075 -0.256421 0.760705
v 0.045075 -0.276217 0.760705
v 0.042133 -0.256421 0.763246
v 0.042133 -0.276217 0.763246
v 0.038387 -0.256421 0.764182
v 0.038387 -0.276217 0.764182
v -0.002275 -0.256421 0.764182
v -0.002275 -0.276217 0.764182
v 0.051362 -0.316613 0.719507
v 0.051496 -0.340422 0.686201
v 0.051496 -0.319020 0.686201
v 0.051496 -0.319823 0.682054
v 0.051496 -0.342829 0.689812
v 0.051496 -0.339619 0.682054
v 0.051496 -0.346441 0.692220
v 0.051496 -0.338148 0.587219
v 0.051496 -0.339619 0.587219
v 0.051496 -0.319823 0.587219
v 0.051362 -0.319020 0.723118
v 0.051362 -0.340422 0.723118
v 0.051362 -0.342829 0.719507
v 0.051362 -0.339619 0.727265
v 0.051362 -0.346441 0.717099
v 0.051362 -0.319823 0.727265
v 0.051496 -0.350721 0.693022
v 0.051362 -0.339619 0.747997
v 0.051496 -0.350721 0.716297
v 0.051362 -0.319823 0.747997
v 0.051496 -0.372256 0.693022
v 0.050693 -0.319823 0.751743
v 0.051496 -0.372256 0.716297
v 0.050693 -0.339619 0.751743
v 0.051496 -0.376403 0.717099
v 0.049088 -0.319823 0.755220
v 0.051496 -0.376403 0.692220
v 0.049088 -0.339619 0.755220
v 0.051496 -0.380014 0.719507
v 0.045075 -0.319823 0.760705
v 0.045075 -0.339619 0.760705
v 0.042133 -0.319823 0.763246
v 0.042133 -0.339619 0.763246
v 0.038387 -0.319823 0.764182
v 0.038387 -0.339619 0.764182
v -0.002275 -0.319823 0.764182
v -0.002275 -0.339619 0.764182
v 0.051496 -0.380014 0.689812
v 0.051496 -0.403957 0.686201
v 0.051496 -0.382422 0.686201
v 0.051496 -0.383225 0.682054
v 0.051496 -0.406231 0.689812
v 0.051496 -0.403021 0.682054
v 0.051496 -0.383225 0.587219
v 0.051496 -0.403021 0.587219
v 0.051496 -0.409843 0.692220
v 0.051496 -0.382422 0.723118
v 0.051496 -0.406231 0.719507
v 0.051496 -0.409843 0.717099
v 0.051496 -0.403957 0.723118
v 0.051496 -0.414123 0.716297
v 0.051496 -0.403021 0.727265
v 0.051496 -0.414123 0.693022
v 0.051496 -0.383225 0.727265
v 0.051496 -0.435658 0.693022
v 0.051496 -0.403021 0.747997
v 0.051496 -0.435658 0.716297
v 0.051362 -0.383225 0.747997
v 0.051496 -0.439805 0.717099
v 0.050693 -0.383225 0.751743
v 0.051496 -0.439805 0.692220
v 0.050827 -0.403021 0.751743
v 0.051496 -0.443416 0.689812
v 0.049088 -0.383225 0.755220
v 0.051496 -0.445824 0.686201
v 0.049088 -0.403021 0.755220
v 0.051496 -0.447429 0.682054
v 0.045209 -0.383225 0.760705
v 0.045209 -0.403021 0.760705
v 0.042133 -0.383225 0.763246
v 0.042133 -0.403021 0.763246
v 0.038387 -0.383225 0.764182
v 0.038387 -0.403021 0.764182
v -0.002275 -0.383225 0.764182
v -0.002275 -0.403021 0.764182
v 0.051496 -0.447429 0.587219
v 0.051496 -0.458798 0.587219
v 0.051496 -0.472308 0.609022
v 0.051496 -0.443416 0.719507
v 0.051496 -0.445824 0.723118
v 0.051496 -0.446626 0.727265
v 0.051496 -0.472308 0.747997
v 0.051496 -0.446626 0.747997
v 0.050827 -0.446626 0.751743
v 0.050827 -0.472308 0.751743
v 0.049222 -0.446626 0.755220
v 0.049222 -0.472308 0.755220
v 0.045209 -0.446626 0.760705
v 0.045209 -0.472308 0.760705
v 0.042133 -0.446626 0.763246
v 0.042133 -0.472308 0.763246
v 0.038387 -0.446626 0.764182
v 0.038387 -0.472308 0.764182
v -0.002275 -0.446626 0.764182
v -0.002275 -0.472308 0.764182
v -0.002275 -0.149414 0.767928
v -0.002275 -0.149414 0.764182
v 0.038387 -0.149414 0.764182
v 0.038655 -0.149414 0.767928
v 0.042133 -0.149414 0.763246
v 0.043871 -0.149414 0.766456
v 0.048018 -0.149414 0.763112
v 0.045075 -0.149414 0.760705
v 0.052031 -0.149414 0.757227
v 0.048820 -0.149414 0.755220
v 0.050426 -0.149414 0.751743
v 0.054037 -0.149414 0.752813
v 0.054840 -0.149414 0.748265
v 0.051094 -0.149414 0.747997
v 0.054973 -0.149414 0.727265
v 0.051228 -0.149414 0.727265
v 0.054973 -0.150216 0.723118
v 0.051228 -0.150216 0.723118
v 0.051228 -0.152624 0.719507
v 0.054973 -0.152624 0.719507
v 0.051228 -0.156236 0.717099
v 0.054973 -0.156236 0.717099
v 0.054973 -0.160382 0.716297
v 0.051228 -0.160382 0.716297
v 0.054973 -0.181917 0.716297
v 0.051228 -0.181917 0.716297
v 0.054973 -0.186198 0.717099
v 0.051228 -0.186198 0.717099
v 0.054973 -0.189675 0.719507
v 0.051228 -0.189675 0.719507
v 0.054973 -0.192083 0.723118
v 0.051228 -0.192083 0.723118
v 0.051228 -0.193019 0.727265
v 0.054973 -0.193019 0.727265
v 0.051094 -0.193019 0.747997
v 0.054840 -0.193019 0.748131
v 0.050559 -0.193019 0.751743
v 0.054037 -0.193019 0.752813
v 0.052164 -0.193019 0.757227
v 0.048954 -0.193019 0.755220
v 0.045075 -0.193019 0.760705
v 0.048018 -0.193019 0.763112
v 0.042133 -0.193019 0.763246
v 0.043871 -0.193019 0.766456
v 0.038655 -0.193019 0.767928
v 0.038387 -0.193019 0.764182
v -0.002275 -0.193019 0.767928
v -0.002275 -0.193019 0.764182
v -0.002275 -0.256421 0.764182
v -0.002275 -0.256421 0.767928
v 0.038387 -0.256421 0.764182
v 0.038655 -0.256421 0.767928
v 0.042133 -0.256421 0.763246
v 0.043871 -0.256421 0.766456
v 0.048018 -0.256421 0.763112
v 0.045075 -0.256421 0.760705
v 0.052164 -0.256421 0.757227
v 0.048954 -0.256421 0.755220
v 0.050559 -0.256421 0.751743
v 0.054171 -0.256421 0.752813
v 0.054973 -0.256421 0.748131
v 0.051228 -0.256421 0.747997
v 0.055107 -0.256421 0.727265
v 0.051362 -0.256421 0.727265
v 0.055107 -0.255485 0.723118
v 0.051362 -0.255485 0.723118
v 0.051362 -0.253211 0.719507
v 0.055107 -0.253211 0.719507
v 0.051362 -0.249599 0.717099
v 0.055107 -0.249599 0.717099
v 0.051362 -0.245319 0.716297
v 0.055107 -0.245319 0.716297
v 0.051362 -0.223784 0.716297
v 0.055107 -0.223784 0.716297
v 0.051362 -0.219637 0.717099
v 0.055107 -0.219637 0.717099
v 0.051362 -0.216026 0.719507
v 0.054973 -0.216026 0.719507
v 0.051228 -0.213618 0.723118
v 0.054973 -0.213618 0.723118
v 0.054973 -0.212816 0.727265
v 0.051228 -0.212816 0.727265
v 0.051228 -0.212816 0.747997
v 0.054973 -0.212816 0.748131
v 0.050559 -0.212816 0.751743
v 0.054037 -0.212816 0.752813
v 0.052164 -0.212816 0.757227
v 0.048954 -0.212816 0.755220
v 0.045075 -0.212816 0.760705
v 0.048018 -0.212816 0.763112
v 0.042133 -0.212816 0.763246
v 0.043871 -0.212816 0.766456
v 0.038655 -0.212816 0.767928
v 0.038387 -0.212816 0.764182
v -0.002275 -0.212816 0.767928
v -0.002275 -0.212816 0.764182
v -0.002275 -0.276217 0.767928
v -0.002275 -0.276217 0.764182
v 0.038387 -0.276217 0.764182
v 0.038655 -0.276217 0.767928
v 0.042133 -0.276217 0.763246
v 0.043871 -0.276217 0.766590
v 0.048018 -0.276217 0.763112
v 0.045075 -0.276217 0.760705
v 0.052164 -0.276217 0.757227
v 0.048954 -0.276217 0.755220
v 0.050559 -0.276217 0.751743
v 0.054171 -0.276217 0.752946
v 0.054973 -0.276217 0.748131
v 0.051228 -0.276217 0.747997
v 0.055107 -0.276217 0.727265
v 0.051362 -0.276217 0.727265
v 0.055107 -0.277020 0.723118
v 0.051362 -0.277020 0.723118
v 0.051362 -0.279428 0.719507
v 0.055107 -0.279428 0.719507
v 0.051362 -0.283039 0.717099
v 0.055107 -0.283039 0.717099
v 0.051362 -0.287186 0.716297
v 0.055107 -0.287186 0.716297
v 0.055107 -0.308721 0.716297
v 0.051362 -0.308721 0.716297
v 0.051362 -0.313001 0.717099
v 0.055107 -0.313001 0.717099
v 0.055107 -0.316613 0.719507
v 0.051362 -0.316613 0.719507
v 0.055107 -0.319020 0.723118
v 0.051362 -0.319020 0.723118
v 0.055107 -0.319823 0.727265
v 0.051362 -0.319823 0.727265
v 0.051362 -0.319823 0.747997
v 0.055107 -0.319823 0.748131
v 0.050693 -0.319823 0.751743
v 0.054305 -0.319823 0.752813
v 0.052164 -0.319823 0.757227
v 0.049088 -0.319823 0.755220
v 0.045075 -0.319823 0.760705
v 0.048018 -0.319823 0.763112
v 0.042133 -0.319823 0.763246
v 0.043871 -0.319823 0.766590
v 0.038655 -0.319823 0.767928
v 0.038387 -0.319823 0.764182
v -0.002275 -0.319823 0.767928
v -0.002275 -0.319823 0.764182
v -0.002275 -0.339619 0.767928
v -0.002275 -0.339619 0.764182
v 0.038387 -0.339619 0.764182
v 0.038655 -0.339619 0.767928
v 0.042133 -0.339619 0.763246
v 0.043871 -0.339619 0.766590
v 0.048018 -0.339619 0.763112
v 0.045075 -0.339619 0.760705
v 0.052164 -0.339619 0.757227
v 0.049088 -0.339619 0.755220
v 0.050693 -0.339619 0.751743
v 0.054305 -0.339619 0.752946
v 0.055107 -0.339619 0.748131
v 0.051362 -0.339619 0.747997
v 0.055107 -0.339619 0.727265
v 0.051362 -0.339619 0.727265
v 0.051362 -0.340422 0.723118
v 0.055107 -0.340422 0.723118
v 0.055107 -0.342829 0.719507
v 0.051362 -0.342829 0.719507
v 0.055107 -0.346441 0.717099
v 0.051362 -0.346441 0.717099
v 0.051496 -0.350721 0.716297
v 0.055107 -0.350721 0.716297
v 0.051496 -0.372256 0.716297
v 0.055241 -0.372256 0.716297
v 0.055241 -0.376403 0.717099
v 0.051496 -0.376403 0.717099
v 0.055241 -0.380014 0.719507
v 0.051496 -0.380014 0.719507
v 0.051496 -0.382422 0.723118
v 0.055241 -0.382422 0.723118
v 0.055241 -0.383225 0.727265
v 0.051496 -0.383225 0.727265
v 0.051362 -0.383225 0.747997
v 0.055107 -0.383225 0.748131
v 0.050693 -0.383225 0.751743
v 0.054305 -0.383225 0.752946
v 0.052298 -0.383225 0.757227
v 0.049088 -0.383225 0.755220
v 0.045209 -0.383225 0.760705
v 0.048018 -0.383225 0.763112
v 0.042133 -0.383225 0.763246
v 0.043871 -0.383225 0.766590
v 0.038655 -0.383225 0.767928
v 0.038387 -0.383225 0.764182
v -0.002275 -0.383225 0.767928
v -0.002275 -0.383225 0.764182
v -0.002275 -0.403021 0.767928
v -0.002275 -0.403021 0.764182
v 0.038387 -0.403021 0.764182
v 0.038655 -0.403021 0.767928
v 0.042133 -0.403021 0.763246
v 0.043871 -0.403021 0.766590
v 0.048018 -0.403021 0.763246
v 0.045209 -0.403021 0.760705
v 0.052298 -0.403021 0.757227
v 0.049088 -0.403021 0.755220
v 0.050827 -0.403021 0.751743
v 0.054305 -0.403021 0.752946
v 0.055241 -0.403021 0.748131
v 0.051496 -0.403021 0.747997
v 0.055241 -0.403021 0.727265
v 0.051496 -0.403021 0.727265
v 0.055241 -0.403957 0.723118
v 0.051496 -0.403957 0.723118
v 0.055241 -0.406231 0.719507
v 0.051496 -0.406231 0.719507
v 0.051496 -0.409843 0.717099
v 0.055241 -0.409843 0.717099
v 0.051496 -0.414123 0.716297
v 0.055241 -0.414123 0.716297
v 0.051496 -0.435658 0.716297
v 0.055241 -0.435658 0.716297
v 0.055241 -0.439805 0.717099
v 0.051496 -0.439805 0.717099
v 0.055241 -0.443416 0.719507
v 0.051496 -0.443416 0.719507
v 0.055241 -0.445824 0.723118
v 0.051496 -0.445824 0.723118
v 0.051496 -0.446626 0.727265
v 0.055241 -0.446626 0.727265
v 0.051496 -0.446626 0.747997
v 0.055241 -0.446626 0.748131
v 0.050827 -0.446626 0.751743
v 0.054438 -0.446626 0.752946
v 0.052298 -0.446626 0.757227
v 0.049222 -0.446626 0.755220
v 0.045209 -0.446626 0.760705
v 0.048018 -0.446626 0.763246
v 0.042133 -0.446626 0.763246
v 0.043871 -0.446626 0.766590
v 0.038655 -0.446626 0.767928
v 0.038387 -0.446626 0.764182
v -0.002275 -0.446626 0.767928
v -0.002275 -0.446626 0.764182
v 0.044005 -0.028763 0.538263
v 0.044005 -0.440607 0.538531
v 0.057649 -0.439537 0.538263
v 0.057649 -0.021139 0.538397
v 0.060591 -0.446091 0.541875
v 0.060591 -0.013649 0.541875
v -0.031301 -0.516716 0.757361
v -0.002275 -0.516716 0.757361
v -0.002275 -0.540659 0.757361
v -0.031301 -0.540659 0.757361
v -0.002275 -0.546678 0.756157
v -0.031301 -0.546678 0.756157
v -0.031301 -0.546678 0.756157
v -0.002275 -0.546678 0.756157
v -0.002275 -0.552697 0.752144
v -0.031301 -0.552697 0.752144
v -0.002275 -0.555907 0.745857
v -0.031301 -0.555907 0.745857
v -0.002275 -0.556710 0.737832
v -0.031301 -0.556710 0.737832
v -0.031301 -0.556710 0.505492
v -0.002275 -0.556710 0.505492
v -0.002275 -0.554971 0.490779
v -0.031301 -0.554971 0.490779
v -0.002275 -0.545742 0.476868
v -0.031301 -0.545742 0.476868
v -0.002275 -0.531831 0.467505
v -0.031301 -0.531831 0.467505
v -0.031301 -0.531831 0.467505
v -0.002275 -0.531831 0.467505
v -0.002275 -0.517117 0.464562
v -0.031301 -0.517117 0.464562
v -0.002275 -0.427365 0.464562
v -0.031301 -0.427365 0.464562
v -0.002275 -0.143261 0.453862
v -0.034244 -0.143261 0.453862
v -0.034244 -0.381486 0.453861
v -0.002275 -0.381486 0.453861
v -0.031034 -0.390180 0.457740
v -0.002275 -0.390180 0.457740
v -0.056180 0.030626 0.587219
v -0.056180 -0.149414 0.587219
v -0.060327 -0.149414 0.581334
v -0.065276 0.030626 0.574111
v -0.063002 -0.152089 0.577321
v -0.065276 -0.202918 0.574111
v -0.063002 -0.190210 0.577321
v -0.065276 -0.013649 0.541875
v -0.063002 -0.215491 0.577321
v -0.060327 -0.193019 0.581334
v -0.065276 -0.256421 0.574111
v -0.060327 -0.212816 0.581334
v -0.056180 -0.193019 0.587219
v -0.056180 -0.212816 0.587219
v -0.063002 -0.253612 0.577321
v -0.065276 -0.446091 0.541875
v -0.063002 -0.278893 0.577321
v -0.060327 -0.256421 0.581334
v -0.060327 -0.276217 0.581334
v -0.056180 -0.256421 0.587219
v -0.056180 -0.276217 0.587219
v -0.063002 -0.317014 0.577321
v -0.063002 -0.342428 0.577321
v -0.060327 -0.319823 0.581334
v -0.056180 -0.319823 0.587219
v -0.056180 -0.338148 0.587219
v -0.056180 -0.339619 0.587219
v -0.060327 -0.339619 0.581334
v -0.065276 -0.465888 0.574111
v -0.063002 -0.380549 0.577321
v -0.063002 -0.405830 0.577321
v -0.060327 -0.383225 0.581334
v -0.060327 -0.403021 0.581735
v -0.056180 -0.383225 0.587219
v -0.056180 -0.403021 0.587219
v -0.063002 -0.443951 0.577321
v -0.059926 -0.447429 0.582136
v -0.056180 -0.447429 0.587219
v -0.056180 -0.458798 0.587219
v -0.056180 -0.472308 0.609022
v -0.065276 -0.487423 0.609022
v -0.056180 -0.472308 0.747997
v -0.065276 -0.509760 0.609022
v -0.065276 -0.487155 0.753749
v -0.055512 -0.472308 0.751743
v -0.065276 -0.509760 0.753749
v -0.064607 -0.487155 0.757494
v -0.053906 -0.472308 0.755220
v -0.064607 -0.509760 0.757494
v -0.062868 -0.487155 0.760972
v -0.049894 -0.472308 0.760705
v -0.062868 -0.509760 0.760972
v -0.060059 -0.516315 0.755755
v -0.060728 -0.516315 0.751876
v -0.058320 -0.516315 0.759233
v -0.060728 -0.516315 0.609022
v -0.051365 -0.516315 0.768596
v -0.060728 -0.433250 0.474460
v -0.053371 -0.509760 0.773813
v -0.065276 -0.427231 0.474193
v -0.039460 -0.417734 0.449046
v -0.065276 -0.404225 0.474193
v -0.041333 -0.409709 0.445033
v -0.041333 -0.386435 0.445033
v -0.048289 -0.516315 0.771138
v -0.053371 -0.487155 0.773679
v -0.046817 -0.472308 0.763246
v -0.050429 -0.487155 0.776087
v -0.050295 -0.509760 0.776221
v -0.046683 -0.487155 0.777157
v -0.043072 -0.472308 0.764182
v -0.046550 -0.509760 0.777157
v -0.044543 -0.516315 0.772074
v -0.002275 -0.487155 0.777157
v -0.002275 -0.472308 0.764182
v -0.002275 -0.509760 0.777157
v -0.002275 -0.516315 0.771940
v -0.056180 -0.256421 0.587219
v -0.060327 -0.256421 0.581334
v -0.059926 -0.256421 0.682054
v -0.056180 -0.256421 0.682054
v -0.059926 -0.255485 0.686201
v -0.056180 -0.255485 0.686201
v -0.059792 -0.253211 0.689812
v -0.056047 -0.253211 0.689812
v -0.056047 -0.249599 0.692220
v -0.059792 -0.249599 0.692220
v -0.056047 -0.245319 0.693022
v -0.059792 -0.245319 0.693022
v -0.056047 -0.223784 0.693022
v -0.059792 -0.223784 0.693022
v -0.056047 -0.219637 0.692220
v -0.059792 -0.219637 0.692220
v -0.056047 -0.216026 0.689812
v -0.059792 -0.216026 0.689812
v -0.059792 -0.213618 0.686201
v -0.056047 -0.213618 0.686201
v -0.059926 -0.212816 0.682054
v -0.056180 -0.212816 0.682054
v -0.056180 -0.212816 0.587219
v -0.060327 -0.212816 0.581334
v -0.056180 -0.319823 0.587219
v -0.060327 -0.319823 0.581334
v -0.059926 -0.319823 0.682054
v -0.056180 -0.319823 0.682054
v -0.059926 -0.319020 0.686201
v -0.056180 -0.319020 0.686201
v -0.059926 -0.316613 0.689812
v -0.056180 -0.316613 0.689812
v -0.056180 -0.313001 0.692220
v -0.059926 -0.313001 0.692220
v -0.056180 -0.308721 0.693022
v -0.059926 -0.308721 0.693022
v -0.059792 -0.287186 0.693022
v -0.056180 -0.287186 0.693022
v -0.056180 -0.283039 0.692220
v -0.059792 -0.283039 0.692220
v -0.059926 -0.279428 0.689812
v -0.056180 -0.279428 0.689812
v -0.059926 -0.277020 0.686201
v -0.056180 -0.277020 0.686201
v -0.059926 -0.276217 0.682054
v -0.056180 -0.276217 0.682054
v -0.056180 -0.276217 0.587219
v -0.060327 -0.276217 0.581334
v -0.056180 -0.447429 0.587219
v -0.059926 -0.447429 0.582136
v -0.058320 -0.447429 0.682054
v -0.056180 -0.447429 0.682054
v -0.058320 -0.445824 0.686201
v -0.056180 -0.445824 0.686201
v -0.056180 -0.443416 0.689812
v -0.058320 -0.443416 0.689812
v -0.056180 -0.439805 0.692220
v -0.058320 -0.439805 0.692220
v -0.056180 -0.435658 0.693022
v -0.058320 -0.435658 0.693022
v -0.056180 -0.414123 0.693022
v -0.058320 -0.414123 0.693022
v -0.058320 -0.409843 0.692220
v -0.056180 -0.409843 0.692220
v -0.058320 -0.406231 0.689812
v -0.056180 -0.406231 0.689812
v -0.058320 -0.403957 0.686201
v -0.056180 -0.403957 0.686201
v -0.058320 -0.403021 0.682054
v -0.056180 -0.403021 0.682054
v -0.056180 -0.403021 0.587219
v -0.060327 -0.403021 0.581735
v -0.039460 -0.417734 0.449046
v -0.002275 -0.417734 0.449046
v -0.002275 -0.409709 0.445033
v -0.041333 -0.409709 0.445033
v -0.002275 -0.386435 0.445033
v -0.041333 -0.386435 0.445033
v -0.002275 -0.149414 0.764182
v -0.002275 -0.149414 0.767928
v -0.043072 -0.149414 0.764182
v -0.043339 -0.149414 0.767928
v -0.046817 -0.149414 0.763246
v -0.048556 -0.149414 0.766456
v -0.052703 -0.149414 0.763112
v -0.049760 -0.149414 0.760705
v -0.056715 -0.149414 0.757227
v -0.053505 -0.149414 0.755220
v -0.055110 -0.149414 0.751743
v -0.058722 -0.149414 0.752813
v -0.059524 -0.149414 0.748265
v -0.055779 -0.149414 0.747997
v -0.059658 -0.149414 0.727265
v -0.055913 -0.149414 0.727265
v -0.059658 -0.150216 0.723118
v -0.055913 -0.150216 0.723118
v -0.055913 -0.152624 0.719507
v -0.059658 -0.152624 0.719507
v -0.055913 -0.156236 0.717099
v -0.059658 -0.156236 0.717099
v -0.059658 -0.160382 0.716297
v -0.055913 -0.160382 0.716297
v -0.059658 -0.181917 0.716297
v -0.055913 -0.181917 0.716297
v -0.059658 -0.186198 0.717099
v -0.055913 -0.186198 0.717099
v -0.059658 -0.189675 0.719507
v -0.055913 -0.189675 0.719507
v -0.059658 -0.192083 0.723118
v -0.055913 -0.192083 0.723118
v -0.055913 -0.193019 0.727265
v -0.059658 -0.193019 0.727265
v -0.055779 -0.193019 0.747997
v -0.059524 -0.193019 0.748131
v -0.055244 -0.193019 0.751743
v -0.058722 -0.193019 0.752813
v -0.056715 -0.193019 0.757227
v -0.053639 -0.193019 0.755220
v -0.049760 -0.193019 0.760705
v -0.052703 -0.193019 0.763112
v -0.046817 -0.193019 0.763246
v -0.048556 -0.193019 0.766456
v -0.043339 -0.193019 0.767928
v -0.043072 -0.193019 0.764182
v -0.002275 -0.193019 0.767928
v -0.002275 -0.193019 0.764182
v -0.002275 -0.276217 0.764182
v -0.002275 -0.276217 0.767928
v -0.043072 -0.276217 0.764182
v -0.043339 -0.276217 0.767928
v -0.046817 -0.276217 0.763246
v -0.048556 -0.276217 0.766590
v -0.052703 -0.276217 0.763112
v -0.049760 -0.276217 0.760705
v -0.056849 -0.276217 0.757227
v -0.053639 -0.276217 0.755220
v -0.055244 -0.276217 0.751743
v -0.058856 -0.276217 0.752946
v -0.059658 -0.276217 0.748131
v -0.055913 -0.276217 0.747997
v -0.059792 -0.276217 0.727265
v -0.056047 -0.276217 0.727265
v -0.059792 -0.277020 0.723118
v -0.056047 -0.277020 0.723118
v -0.056047 -0.279428 0.719507
v -0.059792 -0.279428 0.719507
v -0.056047 -0.283039 0.717099
v -0.059792 -0.283039 0.717099
v -0.056047 -0.287186 0.716297
v -0.059792 -0.287186 0.716297
v -0.059792 -0.308721 0.716297
v -0.056047 -0.308721 0.716297
v -0.056047 -0.313001 0.717099
v -0.059792 -0.313001 0.717099
v -0.059792 -0.316613 0.719507
v -0.056047 -0.316613 0.719507
v -0.059792 -0.319020 0.723118
v -0.056047 -0.319020 0.723118
v -0.059792 -0.319823 0.727265
v -0.056047 -0.319823 0.727265
v -0.056047 -0.319823 0.747997
v -0.059792 -0.319823 0.748131
v -0.055378 -0.319823 0.751743
v -0.058856 -0.319823 0.752813
v -0.056849 -0.319823 0.757227
v -0.053773 -0.319823 0.755220
v -0.049760 -0.319823 0.760705
v -0.052703 -0.319823 0.763112
v -0.046817 -0.319823 0.763246
v -0.048556 -0.319823 0.766590
v -0.043339 -0.319823 0.767928
v -0.043072 -0.319823 0.764182
v -0.002275 -0.319823 0.767928
v -0.002275 -0.319823 0.764182
v -0.002275 -0.339619 0.764182
v -0.002275 -0.339619 0.767928
v -0.043072 -0.339619 0.764182
v -0.043339 -0.339619 0.767928
v -0.046817 -0.339619 0.763246
v -0.048556 -0.339619 0.766590
v -0.052703 -0.339619 0.763112
v -0.049760 -0.339619 0.760705
v -0.056849 -0.339619 0.757227
v -0.053773 -0.339619 0.755220
v -0.055378 -0.339619 0.751743
v -0.058989 -0.339619 0.752946
v -0.059792 -0.339619 0.748131
v -0.056047 -0.339619 0.747997
v -0.059792 -0.339619 0.727265
v -0.056047 -0.339619 0.727265
v -0.056047 -0.340422 0.723118
v -0.059792 -0.340422 0.723118
v -0.059792 -0.342829 0.719507
v -0.056047 -0.342829 0.719507
v -0.059792 -0.346441 0.717099
v -0.056047 -0.346441 0.717099
v -0.056047 -0.350721 0.716297
v -0.059792 -0.350721 0.716297
v -0.056180 -0.372256 0.716297
v -0.059926 -0.372256 0.716297
v -0.059926 -0.376403 0.717099
v -0.056180 -0.376403 0.717099
v -0.059926 -0.380014 0.719507
v -0.056180 -0.380014 0.719507
v -0.056180 -0.382422 0.723118
v -0.059926 -0.382422 0.723118
v -0.059792 -0.383225 0.727265
v -0.056180 -0.383225 0.727265
v -0.056047 -0.383225 0.747997
v -0.059792 -0.383225 0.748131
v -0.055378 -0.383225 0.751743
v -0.058989 -0.383225 0.752946
v -0.056983 -0.383225 0.757227
v -0.053773 -0.383225 0.755220
v -0.049760 -0.383225 0.760705
v -0.052703 -0.383225 0.763112
v -0.046817 -0.383225 0.763246
v -0.048556 -0.383225 0.766590
v -0.043339 -0.383225 0.767928
v -0.043072 -0.383225 0.764182
v -0.002275 -0.383225 0.767928
v -0.002275 -0.383225 0.764182
v -0.002275 -0.403021 0.764182
v -0.002275 -0.403021 0.767928
v -0.043072 -0.403021 0.764182
v -0.043339 -0.403021 0.767928
v -0.046817 -0.403021 0.763246
v -0.048556 -0.403021 0.766590
v -0.052703 -0.403021 0.763246
v -0.049760 -0.403021 0.760705
v -0.056983 -0.403021 0.757227
v -0.053773 -0.403021 0.755220
v -0.055512 -0.403021 0.751743
v -0.058989 -0.403021 0.752946
v -0.059792 -0.403021 0.748131
v -0.056047 -0.403021 0.747997
v -0.059926 -0.403021 0.727265
v -0.056180 -0.403021 0.727265
v -0.059926 -0.403957 0.723118
v -0.056180 -0.403957 0.723118
v -0.059926 -0.406231 0.719507
v -0.056180 -0.406231 0.719507
v -0.056180 -0.409843 0.717099
v -0.059926 -0.409843 0.717099
v -0.056180 -0.414123 0.716297
v -0.059926 -0.414123 0.716297
v -0.056180 -0.435658 0.716297
v -0.059926 -0.435658 0.716297
v -0.059926 -0.439805 0.717099
v -0.056180 -0.439805 0.717099
v -0.059926 -0.443416 0.719507
v -0.056180 -0.443416 0.719507
v -0.059926 -0.445824 0.723118
v -0.056180 -0.445824 0.723118
v -0.056180 -0.446626 0.727265
v -0.059926 -0.446626 0.727265
v -0.056180 -0.446626 0.747997
v -0.059926 -0.446626 0.748131
v -0.055512 -0.446626 0.751743
v -0.059123 -0.446626 0.752946
v -0.056983 -0.446626 0.757227
v -0.053773 -0.446626 0.755220
v -0.049760 -0.446626 0.760705
v -0.052703 -0.446626 0.763246
v -0.046817 -0.446626 0.763246
v -0.048556 -0.446626 0.766590
v -0.043339 -0.446626 0.767928
v -0.043072 -0.446626 0.764182
v -0.002275 -0.446626 0.767928
v -0.002275 -0.446626 0.764182
v -0.056180 -0.212816 0.587219
v -0.056180 -0.193019 0.587219
v -0.056180 -0.212816 0.682054
v -0.056180 -0.193019 0.682054
v -0.056047 -0.213618 0.686201
v -0.056047 -0.192083 0.686201
v -0.056047 -0.189675 0.689812
v -0.055913 -0.189675 0.719507
v -0.056047 -0.216026 0.689812
v -0.056047 -0.186198 0.692220
v -0.056047 -0.219637 0.692220
v -0.055913 -0.186198 0.717099
v -0.056047 -0.181917 0.693022
v -0.055913 -0.181917 0.716297
v -0.055913 -0.160382 0.716297
v -0.056047 -0.160382 0.693022
v -0.055913 -0.192083 0.723118
v -0.055913 -0.156236 0.717099
v -0.056047 -0.156236 0.692220
v -0.056047 -0.152624 0.689812
v -0.056047 -0.150216 0.686201
v -0.056047 -0.149414 0.682054
v -0.056180 0.030626 0.587219
v -0.056180 -0.149414 0.587219
v -0.055913 -0.152624 0.719507
v -0.055913 -0.150216 0.723118
v -0.055913 -0.149414 0.727265
v -0.056180 0.085066 0.622532
v -0.055378 0.102187 0.747998
v -0.055779 -0.149414 0.747997
v -0.055110 -0.149414 0.751743
v -0.054843 0.102187 0.751743
v -0.053505 -0.149414 0.755220
v -0.053238 0.102187 0.755354
v -0.049760 -0.149414 0.760705
v -0.049760 0.102187 0.760705
v -0.046817 -0.149414 0.763246
v -0.046817 0.102187 0.763112
v -0.043072 -0.149414 0.764182
v -0.043072 0.102187 0.764183
v -0.002275 -0.149414 0.764182
v -0.002275 0.102187 0.764183
v -0.055913 -0.213618 0.723118
v -0.055913 -0.212816 0.727265
v -0.055913 -0.216026 0.719507
v -0.055913 -0.193019 0.727265
v -0.056047 -0.219637 0.717099
v -0.055779 -0.212816 0.747997
v -0.056047 -0.223784 0.693022
v -0.055779 -0.193019 0.747997
v -0.056047 -0.223784 0.716297
v -0.055244 -0.193019 0.751743
v -0.056047 -0.245319 0.693022
v -0.055244 -0.212816 0.751743
v -0.056047 -0.245319 0.716297
v -0.053639 -0.193019 0.755220
v -0.056047 -0.249599 0.692220
v -0.053639 -0.212816 0.755220
v -0.056047 -0.249599 0.717099
v -0.049760 -0.193019 0.760705
v -0.056047 -0.253211 0.689812
v -0.049760 -0.212816 0.760705
v -0.046817 -0.193019 0.763246
v -0.046817 -0.212816 0.763246
v -0.043072 -0.193019 0.764182
v -0.043072 -0.212816 0.764182
v -0.002275 -0.193019 0.764182
v -0.002275 -0.212816 0.764182
v -0.056047 -0.253211 0.719507
v -0.056180 -0.277020 0.686201
v -0.056180 -0.255485 0.686201
v -0.056180 -0.256421 0.682054
v -0.056180 -0.279428 0.689812
v -0.056180 -0.276217 0.682054
v -0.056180 -0.256421 0.587219
v -0.056180 -0.276217 0.587219
v -0.056180 -0.283039 0.692220
v -0.056047 -0.255485 0.723118
v -0.056047 -0.277020 0.723118
v -0.056047 -0.276217 0.727265
v -0.056047 -0.279428 0.719507
v -0.056047 -0.256421 0.727265
v -0.056047 -0.283039 0.717099
v -0.055913 -0.276217 0.747997
v -0.056180 -0.287186 0.693022
v -0.055913 -0.256421 0.747997
v -0.056047 -0.287186 0.716297
v -0.055244 -0.256421 0.751743
v -0.056180 -0.308721 0.693022
v -0.055244 -0.276217 0.751743
v -0.056047 -0.308721 0.716297
v -0.053639 -0.256421 0.755220
v -0.056180 -0.313001 0.692220
v -0.053639 -0.276217 0.755220
v -0.056047 -0.313001 0.717099
v -0.049760 -0.256421 0.760705
v -0.056180 -0.316613 0.689812
v -0.049760 -0.276217 0.760705
v -0.046817 -0.256421 0.763246
v -0.046817 -0.276217 0.763246
v -0.043072 -0.256421 0.764182
v -0.043072 -0.276217 0.764182
v -0.002275 -0.256421 0.764182
v -0.002275 -0.276217 0.764182
v -0.056047 -0.316613 0.719507
v -0.056180 -0.340422 0.686201
v -0.056180 -0.319020 0.686201
v -0.056180 -0.319823 0.682054
v -0.056180 -0.342829 0.689812
v -0.056180 -0.339619 0.682054
v -0.056180 -0.346441 0.692220
v -0.056180 -0.338148 0.587219
v -0.056180 -0.339619 0.587219
v -0.056180 -0.319823 0.587219
v -0.056047 -0.319020 0.723118
v -0.056047 -0.340422 0.723118
v -0.056047 -0.339619 0.727265
v -0.056047 -0.342829 0.719507
v -0.056047 -0.319823 0.727265
v -0.056047 -0.346441 0.717099
v -0.056047 -0.339619 0.747997
v -0.056180 -0.350721 0.693022
v -0.056047 -0.319823 0.747997
v -0.056047 -0.350721 0.716297
v -0.055378 -0.319823 0.751743
v -0.056180 -0.372256 0.693022
v -0.055378 -0.339619 0.751743
v -0.056180 -0.372256 0.716297
v -0.053773 -0.319823 0.755220
v -0.056180 -0.376403 0.717099
v -0.053773 -0.339619 0.755220
v -0.056180 -0.376403 0.692220
v -0.049760 -0.319823 0.760705
v -0.056180 -0.380014 0.719507
v -0.049760 -0.339619 0.760705
v -0.046817 -0.319823 0.763246
v -0.046817 -0.339619 0.763246
v -0.043072 -0.319823 0.764182
v -0.043072 -0.339619 0.764182
v -0.002275 -0.319823 0.764182
v -0.002275 -0.339619 0.764182
v -0.056180 -0.380014 0.689812
v -0.056180 -0.403957 0.686201
v -0.056180 -0.382422 0.686201
v -0.056180 -0.383225 0.682054
v -0.056180 -0.406231 0.689812
v -0.056180 -0.403021 0.682054
v -0.056180 -0.383225 0.587219
v -0.056180 -0.403021 0.587219
v -0.056180 -0.409843 0.692220
v -0.056180 -0.382422 0.723118
v -0.056180 -0.406231 0.719507
v -0.056180 -0.409843 0.717099
v -0.056180 -0.403957 0.723118
v -0.056180 -0.414123 0.716297
v -0.056180 -0.403021 0.727265
v -0.056180 -0.414123 0.693022
v -0.056180 -0.383225 0.727265
v -0.056180 -0.435658 0.693022
v -0.056047 -0.403021 0.747997
v -0.056180 -0.435658 0.716297
v -0.056047 -0.383225 0.747997
v -0.056180 -0.439805 0.717099
v -0.055378 -0.383225 0.751743
v -0.056180 -0.439805 0.692220
v -0.055512 -0.403021 0.751743
v -0.056180 -0.443416 0.689812
v -0.053773 -0.383225 0.755220
v -0.056180 -0.445824 0.686201
v -0.053773 -0.403021 0.755220
v -0.056180 -0.447429 0.682054
v -0.049760 -0.383225 0.760705
v -0.049760 -0.403021 0.760705
v -0.046817 -0.383225 0.763246
v -0.046817 -0.403021 0.763246
v -0.043072 -0.383225 0.764182
v -0.043072 -0.403021 0.764182
v -0.002275 -0.383225 0.764182
v -0.002275 -0.403021 0.764182
v -0.056180 -0.447429 0.587219
v -0.056180 -0.458798 0.587219
v -0.056180 -0.472308 0.609022
v -0.056180 -0.443416 0.719507
v -0.056180 -0.445824 0.723118
v -0.056180 -0.446626 0.727265
v -0.056180 -0.472308 0.747997
v -0.056180 -0.446626 0.747997
v -0.055512 -0.446626 0.751743
v -0.055512 -0.472308 0.751743
v -0.053773 -0.446626 0.755220
v -0.053906 -0.472308 0.755220
v -0.049760 -0.446626 0.760705
v -0.049894 -0.472308 0.760705
v -0.046817 -0.446626 0.763246
v -0.046817 -0.472308 0.763246
v -0.043072 -0.446626 0.764182
v -0.043072 -0.472308 0.764182
v -0.002275 -0.446626 0.764182
v -0.002275 -0.472308 0.764182
v -0.048690 -0.440607 0.538531
v -0.048690 -0.028763 0.538263
v -0.062333 -0.439537 0.538263
v -0.062333 -0.021139 0.538397
v -0.065276 -0.446091 0.541875
v -0.065276 -0.013649 0.541875
v 0.034508 0.277010 0.482219
v 0.034508 0.277010 0.474594
v 0.034508 0.230997 0.482219
v 0.034508 0.260959 0.458811
v 0.034508 0.231130 0.458811
v -0.002275 0.277010 0.482219
v -0.039193 0.277010 0.482219
v -0.002275 0.277010 0.474594
v -0.039193 0.277010 0.474594
v -0.002275 0.261226 0.458811
v -0.039193 0.260959 0.458811
v -0.002275 0.250392 0.447174
v -0.002275 -0.159178 0.447174
v -0.000537 0.250392 0.447174
v -0.000537 -0.159178 0.447174
v 0.003209 0.251060 0.445167
v 0.003209 -0.166000 0.445034
v 0.039591 -0.166000 0.445034
v 0.039591 0.251060 0.445167
v -0.002275 0.258150 0.458543
v -0.002275 0.258551 0.456002
v -0.000537 0.258150 0.458543
v -0.000537 0.258551 0.456002
v 0.003209 0.260424 0.458543
v 0.003209 0.260691 0.455734
v 0.034107 0.260424 0.458543
v 0.036515 0.260691 0.455734
v 0.062598 -0.124936 0.474594
v 0.039591 -0.166000 0.445034
v 0.018323 -0.125739 0.473792
v 0.003209 -0.166000 0.445034
v 0.003342 -0.125872 0.473524
v -0.000537 -0.159178 0.447174
v -0.000670 -0.126006 0.471785
v -0.002275 -0.126006 0.471785
v -0.002275 -0.159178 0.447174
v -0.002275 0.249188 0.458543
v -0.002275 0.258150 0.458543
v -0.000537 0.249188 0.458543
v -0.000537 0.258150 0.458543
v 0.003209 0.249188 0.458543
v 0.003209 0.260424 0.458543
v 0.034107 0.260424 0.458543
v 0.034107 0.249188 0.458543
v -0.067817 -0.071165 0.542945
v -0.065945 -0.070362 0.541875
v -0.067684 -0.011375 0.542945
v -0.065677 -0.011375 0.541206
v -0.067282 0.106467 0.624271
v -0.065677 0.108875 0.624806
v -0.065410 -0.208937 0.474193
v -0.066078 -0.199038 0.474193
v -0.065543 -0.092299 0.555786
v -0.066881 -0.087617 0.553646
v -0.065543 -0.027426 0.601532
v -0.066747 -0.024751 0.597653
v -0.065811 0.016180 0.625475
v -0.066480 0.014708 0.630557
v -0.065677 0.108875 0.624806
v -0.065677 0.117970 0.630825
v -0.065677 0.277010 0.731545
v -0.065677 0.277143 0.739972
v -0.065142 -0.091764 0.474327
v -0.065677 -0.011375 0.541206
v -0.065543 -0.044413 0.530773
v -0.065008 -0.121458 0.474594
v -0.065945 -0.070362 0.541875
v -0.065276 -0.087216 0.530639
v -0.065677 0.277143 0.739972
v -0.067416 0.275271 0.738902
v -0.065677 0.117970 0.630825
v -0.067951 0.117970 0.631761
v -0.066480 0.014708 0.630557
v -0.068085 0.014173 0.631092
v -0.065543 -0.027426 0.601532
v -0.067684 -0.028228 0.602067
v -0.065543 -0.092299 0.555786
v -0.067684 -0.093770 0.556588
v -0.065410 -0.208937 0.474193
v -0.067817 -0.210140 0.474461
v -0.069690 -0.083203 0.477002
v -0.067951 -0.090426 0.475664
v -0.069690 -0.059127 0.477269
v -0.065142 -0.091764 0.474327
v -0.063938 -0.055916 0.475263
v -0.069957 -0.134700 0.742246
v -0.002275 -0.134700 0.742246
v -0.069422 -0.134700 0.762176
v -0.002275 -0.134700 0.762176
v -0.062333 -0.134700 0.771271
v -0.002275 -0.134700 0.771271
v -0.069556 -0.503741 0.597117
v -0.034110 -0.503073 0.599525
v -0.069556 -0.517652 0.617582
v -0.034110 -0.517385 0.619188
v -0.069556 -0.517920 0.694895
v -0.033174 -0.517920 0.694895
v -0.069021 -0.518321 0.711214
v -0.033174 -0.517786 0.711214
v -0.065677 -0.518455 0.714558
v -0.056983 -0.518589 0.717099
v -0.065543 -0.520060 0.714558
v -0.033174 -0.518990 0.718303
v -0.056849 -0.520327 0.717367
v -0.033174 -0.521130 0.719105
v -0.069422 0.014173 0.722985
v -0.044543 0.014173 0.722985
v -0.069422 0.004409 0.709743
v -0.043875 0.004409 0.709743
v -0.069289 -0.096847 0.709475
v -0.043875 -0.096847 0.709475
v -0.069289 -0.126140 0.681921
v -0.043875 -0.126140 0.681921
v -0.069289 -0.195561 0.683927
v -0.043875 -0.195561 0.683927
v -0.069289 -0.218701 0.701182
v -0.043875 -0.218701 0.701182
v -0.044410 -0.306848 0.700781
v -0.069824 -0.306848 0.700781
v 0.062598 0.106467 0.624271
v 0.061126 0.108875 0.624806
v 0.060993 -0.011375 0.541206
v 0.062999 -0.011375 0.542945
v 0.061260 -0.070362 0.541875
v 0.063133 -0.071165 0.542945
v 0.063668 -0.198102 0.474059
v 0.061394 -0.199038 0.474193
v 0.062196 -0.087617 0.553646
v 0.064470 -0.084407 0.554448
v 0.062063 -0.024751 0.597653
v 0.064336 -0.024483 0.596984
v 0.063801 0.014441 0.624003
v 0.061126 0.016180 0.625475
v 0.062598 0.106467 0.624271
v 0.061126 0.108875 0.624806
v 0.038789 -0.233816 0.445702
v -0.002275 -0.234485 0.445301
v 0.038120 -0.236223 0.448110
v -0.002275 -0.237026 0.447575
v 0.037852 -0.236491 0.448913
v -0.002275 -0.236892 0.448377
v 0.063133 -0.210140 0.474461
v 0.037852 -0.250803 0.445569
v 0.065005 -0.217497 0.474461
v 0.039992 -0.256287 0.446104
v 0.063668 -0.258026 0.474059
v 0.039056 -0.296147 0.447040
v 0.059521 -0.262039 0.476868
v 0.036515 -0.296683 0.452123
v 0.064069 0.175754 0.758163
v 0.060056 0.170939 0.756692
v 0.049623 0.176423 0.776087
v 0.043871 0.169467 0.768329
v -0.002275 0.176423 0.776087
v -0.002275 0.169467 0.768329
v 0.060056 0.170939 0.756692
v 0.064738 0.166123 0.757093
v 0.049757 0.165856 0.776087
v 0.043871 0.169467 0.768329
v -0.002275 0.165856 0.776087
v -0.002275 0.169467 0.768329
v -0.002275 -0.036655 0.637914
v 0.061929 -0.033712 0.639252
v 0.059521 -0.262039 0.476868
v -0.002275 -0.260434 0.478473
v 0.036515 -0.296683 0.452123
v -0.002275 -0.297084 0.451989
v -0.002275 -0.296415 0.445702
v 0.039056 -0.296147 0.447040
v 0.034642 0.230997 0.474594
v 0.035177 0.274334 0.474594
v 0.035177 0.273799 0.706265
v 0.032903 0.230328 0.749737
v 0.034241 0.274736 0.750405
v 0.064872 0.273264 0.711883
v 0.065005 0.272596 0.725392
v 0.062464 0.275940 0.710545
v 0.062464 0.275940 0.730074
v 0.061528 0.276742 0.710010
v 0.060993 0.277010 0.731545
v 0.037718 0.277277 0.710010
v 0.060457 0.272462 0.706265
v 0.037585 0.277545 0.753348
v 0.061126 0.277143 0.739972
v 0.035177 0.273799 0.706265
v 0.062731 0.275271 0.738902
v 0.064872 0.272596 0.739705
v 0.034241 0.274736 0.750405
v 0.060725 0.277277 0.756558
v 0.064604 0.272462 0.757896
v -0.002275 0.277545 0.753348
v -0.002275 0.274736 0.750405
v -0.002275 0.277545 0.771673
v 0.047349 0.277545 0.771673
v 0.049222 0.272328 0.776488
v -0.002275 0.272328 0.776488
v 0.037050 0.277277 0.701985
v 0.065808 0.276073 0.701450
v 0.035177 0.274334 0.474594
v 0.065942 0.277010 0.481416
v 0.036916 0.277545 0.474594
v 0.058719 0.277411 0.474594
v 0.063266 -0.090426 0.475664
v 0.062464 0.275940 0.730074
v 0.065005 -0.083203 0.477002
v 0.065005 0.272596 0.725392
v 0.065005 -0.059127 0.477269
v 0.064872 0.273264 0.711883
v 0.060457 0.272462 0.706265
v 0.059254 -0.055916 0.475263
v 0.062464 0.275940 0.710545
v 0.061528 0.276742 0.710010
v 0.059254 -0.055916 0.475263
v 0.060457 -0.091764 0.474327
v 0.065005 -0.059127 0.477269
v 0.063266 -0.090426 0.475664
v 0.065005 -0.083203 0.477002
v 0.057649 -0.134700 0.771271
v -0.002275 -0.134700 0.771271
v -0.002275 -0.134700 0.762176
v 0.064738 -0.134700 0.762176
v -0.002275 -0.134700 0.742246
v 0.065273 -0.134700 0.742246
v 0.061929 -0.033712 0.639252
v 0.031298 -0.033712 0.639252
v 0.031298 -0.102732 0.639118
v 0.061929 -0.102732 0.639118
v 0.031298 -0.158911 0.592837
v 0.061929 -0.158911 0.592837
v 0.061929 -0.476053 0.592703
v 0.029559 -0.476053 0.592703
v 0.029559 -0.499327 0.574512
v 0.062598 -0.499327 0.574512
v 0.034107 -0.339084 0.704125
v 0.064738 -0.339084 0.704125
v 0.034508 -0.318619 0.686870
v 0.065139 -0.318619 0.686870
v 0.034642 -0.228733 0.686870
v 0.065273 -0.228733 0.686870
v 0.065005 -0.210408 0.668010
v 0.034374 -0.210408 0.668010
v 0.044808 -0.322097 0.768596
v -0.002275 -0.322097 0.768596
v -0.002275 -0.322097 0.748131
v 0.064604 -0.322097 0.748131
v 0.039992 -0.322097 0.718035
v 0.065139 -0.322097 0.718035
v 0.065139 -0.306848 0.700781
v 0.039859 -0.306848 0.700781
v -0.002275 -0.339084 0.768596
v 0.044540 -0.339084 0.768596
v -0.002275 -0.339084 0.748131
v 0.064069 -0.339084 0.748131
v -0.002275 -0.339084 0.704125
v 0.064738 -0.339084 0.704125
v 0.037317 -0.518054 0.491046
v 0.037317 -0.518455 0.495327
v 0.044808 -0.463212 0.498269
v 0.044941 -0.462677 0.487970
v 0.064738 -0.447429 0.500142
v 0.065005 -0.439537 0.487702
v 0.064604 -0.426562 0.487702
v 0.065407 -0.442480 0.520206
v 0.065407 -0.426964 0.526225
v 0.064738 -0.442747 0.541474
v 0.065139 -0.381218 0.526091
v 0.064872 -0.357543 0.541474
v 0.065005 -0.371320 0.526091
v 0.054171 -0.381352 0.499473
v 0.063534 -0.338950 0.526493
v 0.053101 -0.371855 0.487836
v 0.064604 -0.351524 0.543079
v 0.052566 -0.400747 0.486365
v 0.063266 -0.334269 0.529034
v 0.051897 -0.411581 0.497066
v 0.062999 -0.333199 0.534652
v 0.031699 -0.387237 0.455467
v 0.032368 -0.385498 0.456403
v 0.064336 -0.348715 0.546556
v 0.061126 -0.332530 0.572238
v 0.060859 -0.347645 0.572372
v 0.059387 -0.319288 0.594576
v 0.058852 -0.304842 0.594175
v 0.063266 -0.334269 0.529034
v 0.031031 -0.334269 0.529034
v 0.031031 -0.338950 0.526493
v 0.063534 -0.338950 0.526493
v 0.031031 -0.371320 0.526091
v 0.065005 -0.371320 0.526091
v 0.058852 -0.304842 0.594175
v 0.031031 -0.304842 0.594175
v 0.031031 -0.332530 0.572238
v 0.061126 -0.332530 0.572238
v 0.031031 -0.333199 0.534652
v 0.062999 -0.333199 0.534652
v 0.031031 -0.334269 0.529034
v 0.063266 -0.334269 0.529034
v 0.037317 -0.518455 0.495327
v 0.031031 -0.518455 0.495327
v 0.031031 -0.463212 0.498269
v 0.044808 -0.463212 0.498269
v 0.031031 -0.447429 0.500142
v 0.064738 -0.447429 0.500142
v 0.064604 -0.351524 0.543079
v 0.031031 -0.351524 0.543079
v 0.064336 -0.348715 0.546556
v 0.031031 -0.348715 0.546556
v 0.060859 -0.347645 0.572372
v 0.031031 -0.347645 0.572372
v 0.059387 -0.319288 0.594576
v 0.031031 -0.319288 0.594576
v 0.026616 -0.546678 0.756157
v -0.002275 -0.546678 0.756157
v 0.026616 -0.540659 0.757361
v -0.002275 -0.540659 0.757361
v 0.026616 -0.516716 0.757361
v -0.002275 -0.516716 0.757361
v 0.026616 -0.531831 0.467505
v -0.002275 -0.531831 0.467505
v 0.026616 -0.545742 0.476868
v -0.002275 -0.545742 0.476868
v 0.026616 -0.554971 0.490779
v -0.002275 -0.554971 0.490779
v 0.026616 -0.556710 0.505492
v -0.002275 -0.556710 0.505492
v -0.002275 -0.556710 0.737832
v 0.026616 -0.556710 0.737832
v 0.026616 -0.555907 0.745857
v -0.002275 -0.555907 0.745857
v 0.026616 -0.552697 0.752144
v -0.002275 -0.552697 0.752144
v 0.026616 -0.546678 0.756157
v -0.002275 -0.546678 0.756157
v 0.026616 -0.427365 0.464562
v -0.002275 -0.427365 0.464562
v 0.026616 -0.517117 0.464562
v -0.002275 -0.517117 0.464562
v 0.026616 -0.531831 0.467505
v -0.002275 -0.531831 0.467505
v -0.002275 -0.390180 0.457740
v 0.026483 -0.390180 0.457740
v -0.002275 -0.381486 0.453861
v 0.029559 -0.381486 0.453861
v -0.002275 -0.143261 0.453862
v 0.029559 -0.143261 0.453862
v 0.055241 -0.447429 0.582136
v 0.051496 -0.447429 0.587219
v 0.053636 -0.447429 0.682054
v 0.051496 -0.447429 0.682054
v 0.053636 -0.445824 0.686201
v 0.051496 -0.445824 0.686201
v 0.051496 -0.443416 0.689812
v 0.053636 -0.443416 0.689812
v 0.051496 -0.439805 0.692220
v 0.053636 -0.439805 0.692220
v 0.051496 -0.435658 0.693022
v 0.053636 -0.435658 0.693022
v 0.051496 -0.414123 0.693022
v 0.053636 -0.414123 0.693022
v 0.053636 -0.409843 0.692220
v 0.051496 -0.409843 0.692220
v 0.053636 -0.406231 0.689812
v 0.051496 -0.406231 0.689812
v 0.053636 -0.403957 0.686201
v 0.051496 -0.403957 0.686201
v 0.053636 -0.403021 0.682054
v 0.051496 -0.403021 0.682054
v 0.051496 -0.403021 0.587219
v 0.055642 -0.403021 0.581735
v 0.036648 -0.386435 0.445033
v -0.002275 -0.386435 0.445033
v 0.036648 -0.409709 0.445033
v -0.002275 -0.409709 0.445033
v 0.034776 -0.417734 0.449046
v -0.002275 -0.417734 0.449046
v -0.002275 -0.149414 0.764182
v -0.002275 0.102187 0.764183
v 0.038387 0.102187 0.764183
v 0.038387 -0.149414 0.764182
v 0.042133 0.102187 0.763112
v 0.042133 -0.149414 0.763246
v 0.045075 0.102187 0.760705
v 0.045075 -0.149414 0.760705
v 0.048553 0.102187 0.755354
v 0.048820 -0.149414 0.755220
v 0.050158 0.102187 0.751743
v 0.050426 -0.149414 0.751743
v 0.050693 0.102187 0.747998
v 0.051094 -0.149414 0.747997
v 0.051228 -0.149414 0.727265
v 0.051496 0.085066 0.622532
v 0.051496 0.030626 0.587219
v 0.051228 -0.150216 0.723118
v 0.051228 -0.152624 0.719507
v 0.051228 -0.156236 0.717099
v 0.051496 -0.149414 0.587219
v 0.051496 -0.149414 0.682054
v 0.051362 -0.150216 0.686201
v 0.051362 -0.152624 0.689812
v 0.051362 -0.156236 0.692220
v 0.051362 -0.160382 0.693022
v 0.051228 -0.160382 0.716297
v 0.051362 -0.181917 0.693022
v 0.051228 -0.181917 0.716297
v 0.051228 -0.186198 0.717099
v 0.051362 -0.186198 0.692220
v 0.051228 -0.189675 0.719507
v 0.051362 -0.189675 0.689812
v 0.051496 -0.213618 0.686201
v 0.051362 -0.192083 0.686201
v 0.051496 -0.193019 0.682054
v 0.051362 -0.216026 0.689812
v 0.051496 -0.212816 0.682054
v 0.051496 -0.193019 0.587219
v 0.051496 -0.212816 0.587219
v 0.051362 -0.219637 0.692220
v 0.051228 -0.192083 0.723118
v 0.051228 -0.213618 0.723118
v 0.051362 -0.216026 0.719507
v 0.051228 -0.212816 0.727265
v 0.051362 -0.219637 0.717099
v 0.051228 -0.193019 0.727265
v 0.051362 -0.223784 0.693022
v 0.051228 -0.212816 0.747997
v 0.051362 -0.223784 0.716297
v 0.051094 -0.193019 0.747997
v 0.051362 -0.245319 0.693022
v 0.050559 -0.193019 0.751743
v 0.051362 -0.245319 0.716297
v 0.050559 -0.212816 0.751743
v 0.051496 -0.249599 0.692220
v 0.048954 -0.193019 0.755220
v 0.051362 -0.249599 0.717099
v 0.048954 -0.212816 0.755220
v 0.051496 -0.253211 0.689812
v 0.045075 -0.193019 0.760705
v 0.045075 -0.212816 0.760705
v 0.042133 -0.193019 0.763246
v 0.042133 -0.212816 0.763246
v 0.038387 -0.193019 0.764182
v 0.038387 -0.212816 0.764182
v -0.002275 -0.193019 0.764182
v -0.002275 -0.212816 0.764182
v 0.051362 -0.253211 0.719507
v 0.051496 -0.277020 0.686201
v 0.051496 -0.255485 0.686201
v 0.051496 -0.256421 0.682054
v 0.051496 -0.279428 0.689812
v 0.051496 -0.276217 0.682054
v 0.051496 -0.256421 0.587219
v 0.051496 -0.276217 0.587219
v 0.051496 -0.283039 0.692220
v 0.051362 -0.255485 0.723118
v 0.051362 -0.277020 0.723118
v 0.051362 -0.279428 0.719507
v 0.051362 -0.276217 0.727265
v 0.051362 -0.283039 0.717099
v 0.051362 -0.256421 0.727265
v 0.051496 -0.287186 0.693022
v 0.051228 -0.276217 0.747997
v 0.051362 -0.287186 0.716297
v 0.051228 -0.256421 0.747997
v 0.051496 -0.308721 0.693022
v 0.050559 -0.256421 0.751743
v 0.051362 -0.308721 0.716297
v 0.050559 -0.276217 0.751743
v 0.051496 -0.313001 0.692220
v 0.048954 -0.256421 0.755220
v 0.051362 -0.313001 0.717099
v 0.048954 -0.276217 0.755220
v 0.051496 -0.316613 0.689812
v 0.045075 -0.256421 0.760705
v 0.045075 -0.276217 0.760705
v 0.042133 -0.256421 0.763246
v 0.042133 -0.276217 0.763246
v 0.038387 -0.256421 0.764182
v 0.038387 -0.276217 0.764182
v -0.002275 -0.256421 0.764182
v -0.002275 -0.276217 0.764182
v 0.051362 -0.316613 0.719507
v 0.051496 -0.340422 0.686201
v 0.051496 -0.319020 0.686201
v 0.051496 -0.319823 0.682054
v 0.051496 -0.342829 0.689812
v 0.051496 -0.339619 0.682054
v 0.051496 -0.346441 0.692220
v 0.051496 -0.338148 0.587219
v 0.051496 -0.339619 0.587219
v 0.051496 -0.319823 0.587219
v 0.051362 -0.319020 0.723118
v 0.051362 -0.340422 0.723118
v 0.051362 -0.342829 0.719507
v 0.051362 -0.339619 0.727265
v 0.051362 -0.346441 0.717099
v 0.051362 -0.319823 0.727265
v 0.051496 -0.350721 0.693022
v 0.051362 -0.339619 0.747997
v 0.051496 -0.350721 0.716297
v 0.051362 -0.319823 0.747997
v 0.051496 -0.372256 0.693022
v 0.050693 -0.319823 0.751743
v 0.051496 -0.372256 0.716297
v 0.050693 -0.339619 0.751743
v 0.051496 -0.376403 0.717099
v 0.049088 -0.319823 0.755220
v 0.051496 -0.376403 0.692220
v 0.049088 -0.339619 0.755220
v 0.051496 -0.380014 0.719507
v 0.045075 -0.319823 0.760705
v 0.045075 -0.339619 0.760705
v 0.042133 -0.319823 0.763246
v 0.042133 -0.339619 0.763246
v 0.038387 -0.319823 0.764182
v 0.038387 -0.339619 0.764182
v -0.002275 -0.319823 0.764182
v -0.002275 -0.339619 0.764182
v 0.051496 -0.380014 0.689812
v 0.051496 -0.403957 0.686201
v 0.051496 -0.382422 0.686201
v 0.051496 -0.383225 0.682054
v 0.051496 -0.406231 0.689812
v 0.051496 -0.403021 0.682054
v 0.051496 -0.383225 0.587219
v 0.051496 -0.403021 0.587219
v 0.051496 -0.409843 0.692220
v 0.051496 -0.382422 0.723118
v 0.051496 -0.406231 0.719507
v 0.051496 -0.409843 0.717099
v 0.051496 -0.403957 0.723118
v 0.051496 -0.414123 0.716297
v 0.051496 -0.403021 0.727265
v 0.051496 -0.414123 0.693022
v 0.051496 -0.383225 0.727265
v 0.051496 -0.435658 0.693022
v 0.051496 -0.403021 0.747997
v 0.051496 -0.435658 0.716297
v 0.051362 -0.383225 0.747997
v 0.051496 -0.439805 0.717099
v 0.050693 -0.383225 0.751743
v 0.051496 -0.439805 0.692220
v 0.050827 -0.403021 0.751743
v 0.051496 -0.443416 0.689812
v 0.049088 -0.383225 0.755220
v 0.051496 -0.445824 0.686201
v 0.049088 -0.403021 0.755220
v 0.051496 -0.447429 0.682054
v 0.045209 -0.383225 0.760705
v 0.045209 -0.403021 0.760705
v 0.042133 -0.383225 0.763246
v 0.042133 -0.403021 0.763246
v 0.038387 -0.383225 0.764182
v 0.038387 -0.403021 0.764182
v -0.002275 -0.383225 0.764182
v -0.002275 -0.403021 0.764182
v 0.051496 -0.447429 0.587219
v 0.051496 -0.458798 0.587219
v 0.051496 -0.472308 0.609022
v 0.051496 -0.443416 0.719507
v 0.051496 -0.445824 0.723118
v 0.051496 -0.446626 0.727265
v 0.051496 -0.472308 0.747997
v 0.051496 -0.446626 0.747997
v 0.050827 -0.446626 0.751743
v 0.050827 -0.472308 0.751743
v 0.049222 -0.446626 0.755220
v 0.049222 -0.472308 0.755220
v 0.045209 -0.446626 0.760705
v 0.045209 -0.472308 0.760705
v 0.042133 -0.446626 0.763246
v 0.042133 -0.472308 0.763246
v 0.038387 -0.446626 0.764182
v 0.038387 -0.472308 0.764182
v -0.002275 -0.446626 0.764182
v -0.002275 -0.472308 0.764182
v -0.002275 -0.149414 0.767928
v -0.002275 -0.149414 0.764182
v 0.038387 -0.149414 0.764182
v 0.038655 -0.149414 0.767928
v 0.042133 -0.149414 0.763246
v 0.043871 -0.149414 0.766456
v 0.048018 -0.149414 0.763112
v 0.045075 -0.149414 0.760705
v 0.052031 -0.149414 0.757227
v 0.048820 -0.149414 0.755220
v 0.050426 -0.149414 0.751743
v 0.054037 -0.149414 0.752813
v 0.054840 -0.149414 0.748265
v 0.051094 -0.149414 0.747997
v 0.054973 -0.149414 0.727265
v 0.051228 -0.149414 0.727265
v 0.054973 -0.150216 0.723118
v 0.051228 -0.150216 0.723118
v 0.051228 -0.152624 0.719507
v 0.054973 -0.152624 0.719507
v 0.051228 -0.156236 0.717099
v 0.054973 -0.156236 0.717099
v 0.054973 -0.160382 0.716297
v 0.051228 -0.160382 0.716297
v 0.054973 -0.181917 0.716297
v 0.051228 -0.181917 0.716297
v 0.054973 -0.186198 0.717099
v 0.051228 -0.186198 0.717099
v 0.054973 -0.189675 0.719507
v 0.051228 -0.189675 0.719507
v 0.054973 -0.192083 0.723118
v 0.051228 -0.192083 0.723118
v 0.051228 -0.193019 0.727265
v 0.054973 -0.193019 0.727265
v 0.051094 -0.193019 0.747997
v 0.054840 -0.193019 0.748131
v 0.050559 -0.193019 0.751743
v 0.054037 -0.193019 0.752813
v 0.052164 -0.193019 0.757227
v 0.048954 -0.193019 0.755220
v 0.045075 -0.193019 0.760705
v 0.048018 -0.193019 0.763112
v 0.042133 -0.193019 0.763246
v 0.043871 -0.193019 0.766456
v 0.038655 -0.193019 0.767928
v 0.038387 -0.193019 0.764182
v -0.002275 -0.193019 0.767928
v -0.002275 -0.193019 0.764182
v -0.002275 -0.256421 0.764182
v -0.002275 -0.256421 0.767928
v 0.038387 -0.256421 0.764182
v 0.038655 -0.256421 0.767928
v 0.042133 -0.256421 0.763246
v 0.043871 -0.256421 0.766456
v 0.048018 -0.256421 0.763112
v 0.045075 -0.256421 0.760705
v 0.052164 -0.256421 0.757227
v 0.048954 -0.256421 0.755220
v 0.050559 -0.256421 0.751743
v 0.054171 -0.256421 0.752813
v 0.054973 -0.256421 0.748131
v 0.051228 -0.256421 0.747997
v 0.055107 -0.256421 0.727265
v 0.051362 -0.256421 0.727265
v 0.055107 -0.255485 0.723118
v 0.051362 -0.255485 0.723118
v 0.051362 -0.253211 0.719507
v 0.055107 -0.253211 0.719507
v 0.051362 -0.249599 0.717099
v 0.055107 -0.249599 0.717099
v 0.051362 -0.245319 0.716297
v 0.055107 -0.245319 0.716297
v 0.051362 -0.223784 0.716297
v 0.055107 -0.223784 0.716297
v 0.051362 -0.219637 0.717099
v 0.055107 -0.219637 0.717099
v 0.051362 -0.216026 0.719507
v 0.054973 -0.216026 0.719507
v 0.051228 -0.213618 0.723118
v 0.054973 -0.213618 0.723118
v 0.054973 -0.212816 0.727265
v 0.051228 -0.212816 0.727265
v 0.051228 -0.212816 0.747997
v 0.054973 -0.212816 0.748131
v 0.050559 -0.212816 0.751743
v 0.054037 -0.212816 0.752813
v 0.052164 -0.212816 0.757227
v 0.048954 -0.212816 0.755220
v 0.045075 -0.212816 0.760705
v 0.048018 -0.212816 0.763112
v 0.042133 -0.212816 0.763246
v 0.043871 -0.212816 0.766456
v 0.038655 -0.212816 0.767928
v 0.038387 -0.212816 0.764182
v -0.002275 -0.212816 0.767928
v -0.002275 -0.212816 0.764182
v -0.002275 -0.276217 0.767928
v -0.002275 -0.276217 0.764182
v 0.038387 -0.276217 0.764182
v 0.038655 -0.276217 0.767928
v 0.042133 -0.276217 0.763246
v 0.043871 -0.276217 0.766590
v 0.048018 -0.276217 0.763112
v 0.045075 -0.276217 0.760705
v 0.052164 -0.276217 0.757227
v 0.048954 -0.276217 0.755220
v 0.050559 -0.276217 0.751743
v 0.054171 -0.276217 0.752946
v 0.054973 -0.276217 0.748131
v 0.051228 -0.276217 0.747997
v 0.055107 -0.276217 0.727265
v 0.051362 -0.276217 0.727265
v 0.055107 -0.277020 0.723118
v 0.051362 -0.277020 0.723118
v 0.051362 -0.279428 0.719507
v 0.055107 -0.279428 0.719507
v 0.051362 -0.283039 0.717099
v 0.055107 -0.283039 0.717099
v 0.051362 -0.287186 0.716297
v 0.055107 -0.287186 0.716297
v 0.055107 -0.308721 0.716297
v 0.051362 -0.308721 0.716297
v 0.051362 -0.313001 0.717099
v 0.055107 -0.313001 0.717099
v 0.055107 -0.316613 0.719507
v 0.051362 -0.316613 0.719507
v 0.055107 -0.319020 0.723118
v 0.051362 -0.319020 0.723118
v 0.055107 -0.319823 0.727265
v 0.051362 -0.319823 0.727265
v 0.051362 -0.319823 0.747997
v 0.055107 -0.319823 0.748131
v 0.050693 -0.319823 0.751743
v 0.054305 -0.319823 0.752813
v 0.052164 -0.319823 0.757227
v 0.049088 -0.319823 0.755220
v 0.045075 -0.319823 0.760705
v 0.048018 -0.319823 0.763112
v 0.042133 -0.319823 0.763246
v 0.043871 -0.319823 0.766590
v 0.038655 -0.319823 0.767928
v 0.038387 -0.319823 0.764182
v -0.002275 -0.319823 0.767928
v -0.002275 -0.319823 0.764182
v -0.002275 -0.339619 0.767928
v -0.002275 -0.339619 0.764182
v 0.038387 -0.339619 0.764182
v 0.038655 -0.339619 0.767928
v 0.042133 -0.339619 0.763246
v 0.043871 -0.339619 0.766590
v 0.048018 -0.339619 0.763112
v 0.045075 -0.339619 0.760705
v 0.052164 -0.339619 0.757227
v 0.049088 -0.339619 0.755220
v 0.050693 -0.339619 0.751743
v 0.054305 -0.339619 0.752946
v 0.055107 -0.339619 0.748131
v 0.051362 -0.339619 0.747997
v 0.055107 -0.339619 0.727265
v 0.051362 -0.339619 0.727265
v 0.051362 -0.340422 0.723118
v 0.055107 -0.340422 0.723118
v 0.055107 -0.342829 0.719507
v 0.051362 -0.342829 0.719507
v 0.055107 -0.346441 0.717099
v 0.051362 -0.346441 0.717099
v 0.051496 -0.350721 0.716297
v 0.055107 -0.350721 0.716297
v 0.051496 -0.372256 0.716297
v 0.055241 -0.372256 0.716297
v 0.055241 -0.376403 0.717099
v 0.051496 -0.376403 0.717099
v 0.055241 -0.380014 0.719507
v 0.051496 -0.380014 0.719507
v 0.051496 -0.382422 0.723118
v 0.055241 -0.382422 0.723118
v 0.055241 -0.383225 0.727265
v 0.051496 -0.383225 0.727265
v 0.051362 -0.383225 0.747997
v 0.055107 -0.383225 0.748131
v 0.050693 -0.383225 0.751743
v 0.054305 -0.383225 0.752946
v 0.052298 -0.383225 0.757227
v 0.049088 -0.383225 0.755220
v 0.045209 -0.383225 0.760705
v 0.048018 -0.383225 0.763112
v 0.042133 -0.383225 0.763246
v 0.043871 -0.383225 0.766590
v 0.038655 -0.383225 0.767928
v 0.038387 -0.383225 0.764182
v -0.002275 -0.383225 0.767928
v -0.002275 -0.383225 0.764182
v -0.002275 -0.403021 0.767928
v -0.002275 -0.403021 0.764182
v 0.038387 -0.403021 0.764182
v 0.038655 -0.403021 0.767928
v 0.042133 -0.403021 0.763246
v 0.043871 -0.403021 0.766590
v 0.048018 -0.403021 0.763246
v 0.045209 -0.403021 0.760705
v 0.052298 -0.403021 0.757227
v 0.049088 -0.403021 0.755220
v 0.050827 -0.403021 0.751743
v 0.054305 -0.403021 0.752946
v 0.055241 -0.403021 0.748131
v 0.051496 -0.403021 0.747997
v 0.055241 -0.403021 0.727265
v 0.051496 -0.403021 0.727265
v 0.055241 -0.403957 0.723118
v 0.051496 -0.403957 0.723118
v 0.055241 -0.406231 0.719507
v 0.051496 -0.406231 0.719507
v 0.051496 -0.409843 0.717099
v 0.055241 -0.409843 0.717099
v 0.051496 -0.414123 0.716297
v 0.055241 -0.414123 0.716297
v 0.051496 -0.435658 0.716297
v 0.055241 -0.435658 0.716297
v 0.055241 -0.439805 0.717099
v 0.051496 -0.439805 0.717099
v 0.055241 -0.443416 0.719507
v 0.051496 -0.443416 0.719507
v 0.055241 -0.445824 0.723118
v 0.051496 -0.445824 0.723118
v 0.051496 -0.446626 0.727265
v 0.055241 -0.446626 0.727265
v 0.051496 -0.446626 0.747997
v 0.055241 -0.446626 0.748131
v 0.050827 -0.446626 0.751743
v 0.054438 -0.446626 0.752946
v 0.052298 -0.446626 0.757227
v 0.049222 -0.446626 0.755220
v 0.045209 -0.446626 0.760705
v 0.048018 -0.446626 0.763246
v 0.042133 -0.446626 0.763246
v 0.043871 -0.446626 0.766590
v 0.038655 -0.446626 0.767928
v 0.038387 -0.446626 0.764182
v -0.002275 -0.446626 0.767928
v -0.002275 -0.446626 0.764182
v 0.044005 -0.028763 0.538263
v 0.044005 -0.440607 0.538531
v 0.057649 -0.439537 0.538263
v 0.057649 -0.021139 0.538397
v 0.060591 -0.446091 0.541875
v 0.060591 -0.013649 0.541875
v -0.031301 -0.516716 0.757361
v -0.002275 -0.516716 0.757361
v -0.002275 -0.540659 0.757361
v -0.031301 -0.540659 0.757361
v -0.002275 -0.546678 0.756157
v -0.031301 -0.546678 0.756157
v -0.031301 -0.546678 0.756157
v -0.002275 -0.546678 0.756157
v -0.002275 -0.552697 0.752144
v -0.031301 -0.552697 0.752144
v -0.002275 -0.555907 0.745857
v -0.031301 -0.555907 0.745857
v -0.002275 -0.556710 0.737832
v -0.031301 -0.556710 0.737832
v -0.031301 -0.556710 0.505492
v -0.002275 -0.556710 0.505492
v -0.002275 -0.554971 0.490779
v -0.031301 -0.554971 0.490779
v -0.002275 -0.545742 0.476868
v -0.031301 -0.545742 0.476868
v -0.002275 -0.531831 0.467505
v -0.031301 -0.531831 0.467505
v -0.031301 -0.531831 0.467505
v -0.002275 -0.531831 0.467505
v -0.002275 -0.517117 0.464562
v -0.031301 -0.517117 0.464562
v -0.002275 -0.427365 0.464562
v -0.031301 -0.427365 0.464562
v -0.002275 -0.143261 0.453862
v -0.034244 -0.143261 0.453862
v -0.034244 -0.381486 0.453861
v -0.002275 -0.381486 0.453861
v -0.031034 -0.390180 0.457740
v -0.002275 -0.390180 0.457740
v -0.056180 0.030626 0.587219
v -0.056180 -0.149414 0.587219
v -0.060327 -0.149414 0.581334
v -0.065276 0.030626 0.574111
v -0.063002 -0.152089 0.577321
v -0.065276 -0.202918 0.574111
v -0.063002 -0.190210 0.577321
v -0.065276 -0.013649 0.541875
v -0.063002 -0.215491 0.577321
v -0.060327 -0.193019 0.581334
v -0.065276 -0.256421 0.574111
v -0.060327 -0.212816 0.581334
v -0.056180 -0.193019 0.587219
v -0.056180 -0.212816 0.587219
v -0.063002 -0.253612 0.577321
v -0.065276 -0.446091 0.541875
v -0.063002 -0.278893 0.577321
v -0.060327 -0.256421 0.581334
v -0.060327 -0.276217 0.581334
v -0.056180 -0.256421 0.587219
v -0.056180 -0.276217 0.587219
v -0.063002 -0.317014 0.577321
v -0.063002 -0.342428 0.577321
v -0.060327 -0.319823 0.581334
v -0.056180 -0.319823 0.587219
v -0.056180 -0.338148 0.587219
v -0.056180 -0.339619 0.587219
v -0.060327 -0.339619 0.581334
v -0.065276 -0.465888 0.574111
v -0.063002 -0.380549 0.577321
v -0.063002 -0.405830 0.577321
v -0.060327 -0.383225 0.581334
v -0.060327 -0.403021 0.581735
v -0.056180 -0.383225 0.587219
v -0.056180 -0.403021 0.587219
v -0.063002 -0.443951 0.577321
v -0.059926 -0.447429 0.582136
v -0.056180 -0.447429 0.587219
v -0.056180 -0.458798 0.587219
v -0.056180 -0.472308 0.609022
v -0.065276 -0.487423 0.609022
v -0.056180 -0.472308 0.747997
v -0.065276 -0.509760 0.609022
v -0.065276 -0.487155 0.753749
v -0.055512 -0.472308 0.751743
v -0.065276 -0.509760 0.753749
v -0.064607 -0.487155 0.757494
v -0.053906 -0.472308 0.755220
v -0.064607 -0.509760 0.757494
v -0.062868 -0.487155 0.760972
v -0.049894 -0.472308 0.760705
v -0.062868 -0.509760 0.760972
v -0.060059 -0.516315 0.755755
v -0.060728 -0.516315 0.751876
v -0.058320 -0.516315 0.759233
v -0.060728 -0.516315 0.609022
v -0.051365 -0.516315 0.768596
v -0.060728 -0.433250 0.474460
v -0.053371 -0.509760 0.773813
v -0.065276 -0.427231 0.474193
v -0.039460 -0.417734 0.449046
v -0.065276 -0.404225 0.474193
v -0.041333 -0.409709 0.445033
v -0.041333 -0.386435 0.445033
v -0.048289 -0.516315 0.771138
v -0.053371 -0.487155 0.773679
v -0.046817 -0.472308 0.763246
v -0.050429 -0.487155 0.776087
v -0.050295 -0.509760 0.776221
v -0.046683 -0.487155 0.777157
v -0.043072 -0.472308 0.764182
v -0.046550 -0.509760 0.777157
v -0.044543 -0.516315 0.772074
v -0.002275 -0.487155 0.777157
v -0.002275 -0.472308 0.764182
v -0.002275 -0.509760 0.777157
v -0.002275 -0.516315 0.771940
v -0.056180 -0.256421 0.587219
v -0.060327 -0.256421 0.581334
v -0.059926 -0.256421 0.682054
v -0.056180 -0.256421 0.682054
v -0.059926 -0.255485 0.686201
v -0.056180 -0.255485 0.686201
v -0.059792 -0.253211 0.689812
v -0.056047 -0.253211 0.689812
v -0.056047 -0.249599 0.692220
v -0.059792 -0.249599 0.692220
v -0.056047 -0.245319 0.693022
v -0.059792 -0.245319 0.693022
v -0.056047 -0.223784 0.693022
v -0.059792 -0.223784 0.693022
v -0.056047 -0.219637 0.692220
v -0.059792 -0.219637 0.692220
v -0.056047 -0.216026 0.689812
v -0.059792 -0.216026 0.689812
v -0.059792 -0.213618 0.686201
v -0.056047 -0.213618 0.686201
v -0.059926 -0.212816 0.682054
v -0.056180 -0.212816 0.682054
v -0.056180 -0.212816 0.587219
v -0.060327 -0.212816 0.581334
v -0.056180 -0.319823 0.587219
v -0.060327 -0.319823 0.581334
v -0.059926 -0.319823 0.682054
v -0.056180 -0.319823 0.682054
v -0.059926 -0.319020 0.686201
v -0.056180 -0.319020 0.686201
v -0.059926 -0.316613 0.689812
v -0.056180 -0.316613 0.689812
v -0.056180 -0.313001 0.692220
v -0.059926 -0.313001 0.692220
v -0.056180 -0.308721 0.693022
v -0.059926 -0.308721 0.693022
v -0.059792 -0.287186 0.693022
v -0.056180 -0.287186 0.693022
v -0.056180 -0.283039 0.692220
v -0.059792 -0.283039 0.692220
v -0.059926 -0.279428 0.689812
v -0.056180 -0.279428 0.689812
v -0.059926 -0.277020 0.686201
v -0.056180 -0.277020 0.686201
v -0.059926 -0.276217 0.682054
v -0.056180 -0.276217 0.682054
v -0.056180 -0.276217 0.587219
v -0.060327 -0.276217 0.581334
v -0.056180 -0.447429 0.587219
v -0.059926 -0.447429 0.582136
v -0.058320 -0.447429 0.682054
v -0.056180 -0.447429 0.682054
v -0.058320 -0.445824 0.686201
v -0.056180 -0.445824 0.686201
v -0.056180 -0.443416 0.689812
v -0.058320 -0.443416 0.689812
v -0.056180 -0.439805 0.692220
v -0.058320 -0.439805 0.692220
v -0.056180 -0.435658 0.693022
v -0.058320 -0.435658 0.693022
v -0.056180 -0.414123 0.693022
v -0.058320 -0.414123 0.693022
v -0.058320 -0.409843 0.692220
v -0.056180 -0.409843 0.692220
v -0.058320 -0.406231 0.689812
v -0.056180 -0.406231 0.689812
v -0.058320 -0.403957 0.686201
v -0.056180 -0.403957 0.686201
v -0.058320 -0.403021 0.682054
v -0.056180 -0.403021 0.682054
v -0.056180 -0.403021 0.587219
v -0.060327 -0.403021 0.581735
v -0.039460 -0.417734 0.449046
v -0.002275 -0.417734 0.449046
v -0.002275 -0.409709 0.445033
v -0.041333 -0.409709 0.445033
v -0.002275 -0.386435 0.445033
v -0.041333 -0.386435 0.445033
v -0.002275 -0.149414 0.764182
v -0.002275 -0.149414 0.767928
v -0.043072 -0.149414 0.764182
v -0.043339 -0.149414 0.767928
v -0.046817 -0.149414 0.763246
v -0.048556 -0.149414 0.766456
v -0.052703 -0.149414 0.763112
v -0.049760 -0.149414 0.760705
v -0.056715 -0.149414 0.757227
v -0.053505 -0.149414 0.755220
v -0.055110 -0.149414 0.751743
v -0.058722 -0.149414 0.752813
v -0.059524 -0.149414 0.748265
v -0.055779 -0.149414 0.747997
v -0.059658 -0.149414 0.727265
v -0.055913 -0.149414 0.727265
v -0.059658 -0.150216 0.723118
v -0.055913 -0.150216 0.723118
v -0.055913 -0.152624 0.719507
v -0.059658 -0.152624 0.719507
v -0.055913 -0.156236 0.717099
v -0.059658 -0.156236 0.717099
v -0.059658 -0.160382 0.716297
v -0.055913 -0.160382 0.716297
v -0.059658 -0.181917 0.716297
v -0.055913 -0.181917 0.716297
v -0.059658 -0.186198 0.717099
v -0.055913 -0.186198 0.717099
v -0.059658 -0.189675 0.719507
v -0.055913 -0.189675 0.719507
v -0.059658 -0.192083 0.723118
v -0.055913 -0.192083 0.723118
v -0.055913 -0.193019 0.727265
v -0.059658 -0.193019 0.727265
v -0.055779 -0.193019 0.747997
v -0.059524 -0.193019 0.748131
v -0.055244 -0.193019 0.751743
v -0.058722 -0.193019 0.752813
v -0.056715 -0.193019 0.757227
v -0.053639 -0.193019 0.755220
v -0.049760 -0.193019 0.760705
v -0.052703 -0.193019 0.763112
v -0.046817 -0.193019 0.763246
v -0.048556 -0.193019 0.766456
v -0.043339 -0.193019 0.767928
v -0.043072 -0.193019 0.764182
v -0.002275 -0.193019 0.767928
v -0.002275 -0.193019 0.764182
v -0.002275 -0.276217 0.764182
v -0.002275 -0.276217 0.767928
v -0.043072 -0.276217 0.764182
v -0.043339 -0.276217 0.767928
v -0.046817 -0.276217 0.763246
v -0.048556 -0.276217 0.766590
v -0.052703 -0.276217 0.763112
v -0.049760 -0.276217 0.760705
v -0.056849 -0.276217 0.757227
v -0.053639 -0.276217 0.755220
v -0.055244 -0.276217 0.751743
v -0.058856 -0.276217 0.752946
v -0.059658 -0.276217 0.748131
v -0.055913 -0.276217 0.747997
v -0.059792 -0.276217 0.727265
v -0.056047 -0.276217 0.727265
v -0.059792 -0.277020 0.723118
v -0.056047 -0.277020 0.723118
v -0.056047 -0.279428 0.719507
v -0.059792 -0.279428 0.719507
v -0.056047 -0.283039 0.717099
v -0.059792 -0.283039 0.717099
v -0.056047 -0.287186 0.716297
v -0.059792 -0.287186 0.716297
v -0.059792 -0.308721 0.716297
v -0.056047 -0.308721 0.716297
v -0.056047 -0.313001 0.717099
v -0.059792 -0.313001 0.717099
v -0.059792 -0.316613 0.719507
v -0.056047 -0.316613 0.719507
v -0.059792 -0.319020 0.723118
v -0.056047 -0.319020 0.723118
v -0.059792 -0.319823 0.727265
v -0.056047 -0.319823 0.727265
v -0.056047 -0.319823 0.747997
v -0.059792 -0.319823 0.748131
v -0.055378 -0.319823 0.751743
v -0.058856 -0.319823 0.752813
v -0.056849 -0.319823 0.757227
v -0.053773 -0.319823 0.755220
v -0.049760 -0.319823 0.760705
v -0.052703 -0.319823 0.763112
v -0.046817 -0.319823 0.763246
v -0.048556 -0.319823 0.766590
v -0.043339 -0.319823 0.767928
v -0.043072 -0.319823 0.764182
v -0.002275 -0.319823 0.767928
v -0.002275 -0.319823 0.764182
v -0.002275 -0.339619 0.764182
v -0.002275 -0.339619 0.767928
v -0.043072 -0.339619 0.764182
v -0.043339 -0.339619 0.767928
v -0.046817 -0.339619 0.763246
v -0.048556 -0.339619 0.766590
v -0.052703 -0.339619 0.763112
v -0.049760 -0.339619 0.760705
v -0.056849 -0.339619 0.757227
v -0.053773 -0.339619 0.755220
v -0.055378 -0.339619 0.751743
v -0.058989 -0.339619 0.752946
v -0.059792 -0.339619 0.748131
v -0.056047 -0.339619 0.747997
v -0.059792 -0.339619 0.727265
v -0.056047 -0.339619 0.727265
v -0.056047 -0.340422 0.723118
v -0.059792 -0.340422 0.723118
v -0.059792 -0.342829 0.719507
v -0.056047 -0.342829 0.719507
v -0.059792 -0.346441 0.717099
v -0.056047 -0.346441 0.717099
v -0.056047 -0.350721 0.716297
v -0.059792 -0.350721 0.716297
v -0.056180 -0.372256 0.716297
v -0.059926 -0.372256 0.716297
v -0.059926 -0.376403 0.717099
v -0.056180 -0.376403 0.717099
v -0.059926 -0.380014 0.719507
v -0.056180 -0.380014 0.719507
v -0.056180 -0.382422 0.723118
v -0.059926 -0.382422 0.723118
v -0.059792 -0.383225 0.727265
v -0.056180 -0.383225 0.727265
v -0.056047 -0.383225 0.747997
v -0.059792 -0.383225 0.748131
v -0.055378 -0.383225 0.751743
v -0.058989 -0.383225 0.752946
v -0.056983 -0.383225 0.757227
v -0.053773 -0.383225 0.755220
v -0.049760 -0.383225 0.760705
v -0.052703 -0.383225 0.763112
v -0.046817 -0.383225 0.763246
v -0.048556 -0.383225 0.766590
v -0.043339 -0.383225 0.767928
v -0.043072 -0.383225 0.764182
v -0.002275 -0.383225 0.767928
v -0.002275 -0.383225 0.764182
v -0.002275 -0.403021 0.764182
v -0.002275 -0.403021 0.767928
v -0.043072 -0.403021 0.764182
v -0.043339 -0.403021 0.767928
v -0.046817 -0.403021 0.763246
v -0.048556 -0.403021 0.766590
v -0.052703 -0.403021 0.763246
v -0.049760 -0.403021 0.760705
v -0.056983 -0.403021 0.757227
v -0.053773 -0.403021 0.755220
v -0.055512 -0.403021 0.751743
v -0.058989 -0.403021 0.752946
v -0.059792 -0.403021 0.748131
v -0.056047 -0.403021 0.747997
v -0.059926 -0.403021 0.727265
v -0.056180 -0.403021 0.727265
v -0.059926 -0.403957 0.723118
v -0.056180 -0.403957 0.723118
v -0.059926 -0.406231 0.719507
v -0.056180 -0.406231 0.719507
v -0.056180 -0.409843 0.717099
v -0.059926 -0.409843 0.717099
v -0.056180 -0.414123 0.716297
v -0.059926 -0.414123 0.716297
v -0.056180 -0.435658 0.716297
v -0.059926 -0.435658 0.716297
v -0.059926 -0.439805 0.717099
v -0.056180 -0.439805 0.717099
v -0.059926 -0.443416 0.719507
v -0.056180 -0.443416 0.719507
v -0.059926 -0.445824 0.723118
v -0.056180 -0.445824 0.723118
v -0.056180 -0.446626 0.727265
v -0.059926 -0.446626 0.727265
v -0.056180 -0.446626 0.747997
v -0.059926 -0.446626 0.748131
v -0.055512 -0.446626 0.751743
v -0.059123 -0.446626 0.752946
v -0.056983 -0.446626 0.757227
v -0.053773 -0.446626 0.755220
v -0.049760 -0.446626 0.760705
v -0.052703 -0.446626 0.763246
v -0.046817 -0.446626 0.763246
v -0.048556 -0.446626 0.766590
v -0.043339 -0.446626 0.767928
v -0.043072 -0.446626 0.764182
v -0.002275 -0.446626 0.767928
v -0.002275 -0.446626 0.764182
v -0.056180 -0.212816 0.587219
v -0.056180 -0.193019 0.587219
v -0.056180 -0.212816 0.682054
v -0.056180 -0.193019 0.682054
v -0.056047 -0.213618 0.686201
v -0.056047 -0.192083 0.686201
v -0.056047 -0.189675 0.689812
v -0.055913 -0.189675 0.719507
v -0.056047 -0.216026 0.689812
v -0.056047 -0.186198 0.692220
v -0.056047 -0.219637 0.692220
v -0.055913 -0.186198 0.717099
v -0.056047 -0.181917 0.693022
v -0.055913 -0.181917 0.716297
v -0.055913 -0.160382 0.716297
v -0.056047 -0.160382 0.693022
v -0.055913 -0.192083 0.723118
v -0.055913 -0.156236 0.717099
v -0.056047 -0.156236 0.692220
v -0.056047 -0.152624 0.689812
v -0.056047 -0.150216 0.686201
v -0.056047 -0.149414 0.682054
v -0.056180 0.030626 0.587219
v -0.056180 -0.149414 0.587219
v -0.055913 -0.152624 0.719507
v -0.055913 -0.150216 0.723118
v -0.055913 -0.149414 0.727265
v -0.056180 0.085066 0.622532
v -0.055378 0.102187 0.747998
v -0.055779 -0.149414 0.747997
v -0.055110 -0.149414 0.751743
v -0.054843 0.102187 0.751743
v -0.053505 -0.149414 0.755220
v -0.053238 0.102187 0.755354
v -0.049760 -0.149414 0.760705
v -0.049760 0.102187 0.760705
v -0.046817 -0.149414 0.763246
v -0.046817 0.102187 0.763112
v -0.043072 -0.149414 0.764182
v -0.043072 0.102187 0.764183
v -0.002275 -0.149414 0.764182
v -0.002275 0.102187 0.764183
v -0.055913 -0.213618 0.723118
v -0.055913 -0.212816 0.727265
v -0.055913 -0.216026 0.719507
v -0.055913 -0.193019 0.727265
v -0.056047 -0.219637 0.717099
v -0.055779 -0.212816 0.747997
v -0.056047 -0.223784 0.693022
v -0.055779 -0.193019 0.747997
v -0.056047 -0.223784 0.716297
v -0.055244 -0.193019 0.751743
v -0.056047 -0.245319 0.693022
v -0.055244 -0.212816 0.751743
v -0.056047 -0.245319 0.716297
v -0.053639 -0.193019 0.755220
v -0.056047 -0.249599 0.692220
v -0.053639 -0.212816 0.755220
v -0.056047 -0.249599 0.717099
v -0.049760 -0.193019 0.760705
v -0.056047 -0.253211 0.689812
v -0.049760 -0.212816 0.760705
v -0.046817 -0.193019 0.763246
v -0.046817 -0.212816 0.763246
v -0.043072 -0.193019 0.764182
v -0.043072 -0.212816 0.764182
v -0.002275 -0.193019 0.764182
v -0.002275 -0.212816 0.764182
v -0.056047 -0.253211 0.719507
v -0.056180 -0.277020 0.686201
v -0.056180 -0.255485 0.686201
v -0.056180 -0.256421 0.682054
v -0.056180 -0.279428 0.689812
v -0.056180 -0.276217 0.682054
v -0.056180 -0.256421 0.587219
v -0.056180 -0.276217 0.587219
v -0.056180 -0.283039 0.692220
v -0.056047 -0.255485 0.723118
v -0.056047 -0.277020 0.723118
v -0.056047 -0.276217 0.727265
v -0.056047 -0.279428 0.719507
v -0.056047 -0.256421 0.727265
v -0.056047 -0.283039 0.717099
v -0.055913 -0.276217 0.747997
v -0.056180 -0.287186 0.693022
v -0.055913 -0.256421 0.747997
v -0.056047 -0.287186 0.716297
v -0.055244 -0.256421 0.751743
v -0.056180 -0.308721 0.693022
v -0.055244 -0.276217 0.751743
v -0.056047 -0.308721 0.716297
v -0.053639 -0.256421 0.755220
v -0.056180 -0.313001 0.692220
v -0.053639 -0.276217 0.755220
v -0.056047 -0.313001 0.717099
v -0.049760 -0.256421 0.760705
v -0.056180 -0.316613 0.689812
v -0.049760 -0.276217 0.760705
v -0.046817 -0.256421 0.763246
v -0.046817 -0.276217 0.763246
v -0.043072 -0.256421 0.764182
v -0.043072 -0.276217 0.764182
v -0.002275 -0.256421 0.764182
v -0.002275 -0.276217 0.764182
v -0.056047 -0.316613 0.719507
v -0.056180 -0.340422 0.686201
v -0.056180 -0.319020 0.686201
v -0.056180 -0.319823 0.682054
v -0.056180 -0.342829 0.689812
v -0.056180 -0.339619 0.682054
v -0.056180 -0.346441 0.692220
v -0.056180 -0.338148 0.587219
v -0.056180 -0.339619 0.587219
v -0.056180 -0.319823 0.587219
v -0.056047 -0.319020 0.723118
v -0.056047 -0.340422 0.723118
v -0.056047 -0.339619 0.727265
v -0.056047 -0.342829 0.719507
v -0.056047 -0.319823 0.727265
v -0.056047 -0.346441 0.717099
v -0.056047 -0.339619 0.747997
v -0.056180 -0.350721 0.693022
v -0.056047 -0.319823 0.747997
v -0.056047 -0.350721 0.716297
v -0.055378 -0.319823 0.751743
v -0.056180 -0.372256 0.693022
v -0.055378 -0.339619 0.751743
v -0.056180 -0.372256 0.716297
v -0.053773 -0.319823 0.755220
v -0.056180 -0.376403 0.717099
v -0.053773 -0.339619 0.755220
v -0.056180 -0.376403 0.692220
v -0.049760 -0.319823 0.760705
v -0.056180 -0.380014 0.719507
v -0.049760 -0.339619 0.760705
v -0.046817 -0.319823 0.763246
v -0.046817 -0.339619 0.763246
v -0.043072 -0.319823 0.764182
v -0.043072 -0.339619 0.764182
v -0.002275 -0.319823 0.764182
v -0.002275 -0.339619 0.764182
v -0.056180 -0.380014 0.689812
v -0.056180 -0.403957 0.686201
v -0.056180 -0.382422 0.686201
v -0.056180 -0.383225 0.682054
v -0.056180 -0.406231 0.689812
v -0.056180 -0.403021 0.682054
v -0.056180 -0.383225 0.587219
v -0.056180 -0.403021 0.587219
v -0.056180 -0.409843 0.692220
v -0.056180 -0.382422 0.723118
v -0.056180 -0.406231 0.719507
v -0.056180 -0.409843 0.717099
v -0.056180 -0.403957 0.723118
v -0.056180 -0.414123 0.716297
v -0.056180 -0.403021 0.727265
v -0.056180 -0.414123 0.693022
v -0.056180 -0.383225 0.727265
v -0.056180 -0.435658 0.693022
v -0.056047 -0.403021 0.747997
v -0.056180 -0.435658 0.716297
v -0.056047 -0.383225 0.747997
v -0.056180 -0.439805 0.717099
v -0.055378 -0.383225 0.751743
v -0.056180 -0.439805 0.692220
v -0.055512 -0.403021 0.751743
v -0.056180 -0.443416 0.689812
v -0.053773 -0.383225 0.755220
v -0.056180 -0.445824 0.686201
v -0.053773 -0.403021 0.755220
v -0.056180 -0.447429 0.682054
v -0.049760 -0.383225 0.760705
v -0.049760 -0.403021 0.760705
v -0.046817 -0.383225 0.763246
v -0.046817 -0.403021 0.763246
v -0.043072 -0.383225 0.764182
v -0.043072 -0.403021 0.764182
v -0.002275 -0.383225 0.764182
v -0.002275 -0.403021 0.764182
v -0.056180 -0.447429 0.587219
v -0.056180 -0.458798 0.587219
v -0.056180 -0.472308 0.609022
v -0.056180 -0.443416 0.719507
v -0.056180 -0.445824 0.723118
v -0.056180 -0.446626 0.727265
v -0.056180 -0.472308 0.747997
v -0.056180 -0.446626 0.747997
v -0.055512 -0.446626 0.751743
v -0.055512 -0.472308 0.751743
v -0.053773 -0.446626 0.755220
v -0.053906 -0.472308 0.755220
v -0.049760 -0.446626 0.760705
v -0.049894 -0.472308 0.760705
v -0.046817 -0.446626 0.763246
v -0.046817 -0.472308 0.763246
v -0.043072 -0.446626 0.764182
v -0.043072 -0.472308 0.764182
v -0.002275 -0.446626 0.764182
v -0.002275 -0.472308 0.764182
v -0.048690 -0.440607 0.538531
v -0.048690 -0.028763 0.538263
v -0.062333 -0.439537 0.538263
v -0.062333 -0.021139 0.538397
v -0.065276 -0.446091 0.541875
v -0.065276 -0.013649 0.541875
v 0.034508 0.277010 0.482219
v 0.034508 0.277010 0.474594
v 0.034508 0.230997 0.482219
v 0.034508 0.260959 0.458811
v 0.034508 0.231130 0.458811
v -0.002275 0.277010 0.482219
v -0.039193 0.277010 0.482219
v -0.002275 0.277010 0.474594
v -0.039193 0.277010 0.474594
v -0.002275 0.261226 0.458811
v -0.039193 0.260959 0.458811
v -0.002275 0.250392 0.447174
v -0.002275 -0.159178 0.447174
v -0.000537 0.250392 0.447174
v -0.000537 -0.159178 0.447174
v 0.003209 0.251060 0.445167
v 0.003209 -0.166000 0.445034
v 0.039591 -0.166000 0.445034
v 0.039591 0.251060 0.445167
v -0.002275 0.258150 0.458543
v -0.002275 0.258551 0.456002
v -0.000537 0.258150 0.458543
v -0.000537 0.258551 0.456002
v 0.003209 0.260424 0.458543
v 0.003209 0.260691 0.455734
v 0.034107 0.260424 0.458543
v 0.036515 0.260691 0.455734
v 0.062598 -0.124936 0.474594
v 0.039591 -0.166000 0.445034
v 0.018323 -0.125739 0.473792
v 0.003209 -0.166000 0.445034
v 0.003342 -0.125872 0.473524
v -0.000537 -0.159178 0.447174
v -0.000670 -0.126006 0.471785
v -0.002275 -0.126006 0.471785
v -0.002275 -0.159178 0.447174
v -0.002275 0.249188 0.458543
v -0.002275 0.258150 0.458543
v -0.000537 0.249188 0.458543
v -0.000537 0.258150 0.458543
v 0.003209 0.249188 0.458543
v 0.003209 0.260424 0.458543
v 0.034107 0.260424 0.458543
v 0.034107 0.249188 0.458543
v -0.067817 -0.071165 0.542945
v -0.065945 -0.070362 0.541875
v -0.067684 -0.011375 0.542945
v -0.065677 -0.011375 0.541206
v -0.067282 0.106467 0.624271
v -0.065677 0.108875 0.624806
v -0.065410 -0.208937 0.474193
v -0.066078 -0.199038 0.474193
v -0.065543 -0.092299 0.555786
v -0.066881 -0.087617 0.553646
v -0.065543 -0.027426 0.601532
v -0.066747 -0.024751 0.597653
v -0.065811 0.016180 0.625475
v -0.066480 0.014708 0.630557
v -0.065677 0.108875 0.624806
v -0.065677 0.117970 0.630825
v -0.065677 0.277010 0.731545
v -0.065677 0.277143 0.739972
v -0.065142 -0.091764 0.474327
v -0.065677 -0.011375 0.541206
v -0.065543 -0.044413 0.530773
v -0.065008 -0.121458 0.474594
v -0.065945 -0.070362 0.541875
v -0.065276 -0.087216 0.530639
v -0.065677 0.277143 0.739972
v -0.067416 0.275271 0.738902
v -0.065677 0.117970 0.630825
v -0.067951 0.117970 0.631761
v -0.066480 0.014708 0.630557
v -0.068085 0.014173 0.631092
v -0.065543 -0.027426 0.601532
v -0.067684 -0.028228 0.602067
v -0.065543 -0.092299 0.555786
v -0.067684 -0.093770 0.556588
v -0.065410 -0.208937 0.474193
v -0.067817 -0.210140 0.474461
v -0.069690 -0.083203 0.477002
v -0.067951 -0.090426 0.475664
v -0.069690 -0.059127 0.477269
v -0.065142 -0.091764 0.474327
v -0.063938 -0.055916 0.475263
v -0.069957 -0.134700 0.742246
v -0.002275 -0.134700 0.742246
v -0.069422 -0.134700 0.762176
v -0.002275 -0.134700 0.762176
v -0.062333 -0.134700 0.771271
v -0.002275 -0.134700 0.771271
v -0.069556 -0.503741 0.597117
v -0.034110 -0.503073 0.599525
v -0.069556 -0.517652 0.617582
v -0.034110 -0.517385 0.619188
v -0.069556 -0.517920 0.694895
v -0.033174 -0.517920 0.694895
v -0.069021 -0.518321 0.711214
v -0.033174 -0.517786 0.711214
v -0.065677 -0.518455 0.714558
v -0.056983 -0.518589 0.717099
v -0.065543 -0.520060 0.714558
v -0.033174 -0.518990 0.718303
v -0.056849 -0.520327 0.717367
v -0.033174 -0.521130 0.719105
v -0.069422 0.014173 0.722985
v -0.044543 0.014173 0.722985
v -0.069422 0.004409 0.709743
v -0.043875 0.004409 0.709743
v -0.069289 -0.096847 0.709475
v -0.043875 -0.096847 0.709475
v -0.069289 -0.126140 0.681921
v -0.043875 -0.126140 0.681921
v -0.069289 -0.195561 0.683927
v -0.043875 -0.195561 0.683927
v -0.069289 -0.218701 0.701182
v -0.043875 -0.218701 0.701182
v -0.044410 -0.306848 0.700781
v -0.069824 -0.306848 0.700781
v 0.062598 0.106467 0.624271
v 0.061126 0.108875 0.624806
v 0.060993 -0.011375 0.541206
v 0.062999 -0.011375 0.542945
v 0.061260 -0.070362 0.541875
v 0.063133 -0.071165 0.542945
v 0.063668 -0.198102 0.474059
v 0.061394 -0.199038 0.474193
v 0.062196 -0.087617 0.553646
v 0.064470 -0.084407 0.554448
v 0.062063 -0.024751 0.597653
v 0.064336 -0.024483 0.596984
v 0.063801 0.014441 0.624003
v 0.061126 0.016180 0.625475
v 0.062598 0.106467 0.624271
v 0.061126 0.108875 0.624806
v 0.038789 -0.233816 0.445702
v -0.002275 -0.234485 0.445301
v 0.038120 -0.236223 0.448110
v -0.002275 -0.237026 0.447575
v 0.037852 -0.236491 0.448913
v -0.002275 -0.236892 0.448377
v 0.063133 -0.210140 0.474461
v 0.037852 -0.250803 0.445569
v 0.065005 -0.217497 0.474461
v 0.039992 -0.256287 0.446104
v 0.063668 -0.258026 0.474059
v 0.039056 -0.296147 0.447040
v 0.059521 -0.262039 0.476868
v 0.036515 -0.296683 0.452123
v 0.064069 0.175754 0.758163
v 0.060056 0.170939 0.756692
v 0.049623 0.176423 0.776087
v 0.043871 0.169467 0.768329
v -0.002275 0.176423 0.776087
v -0.002275 0.169467 0.768329
v 0.060056 0.170939 0.756692
v 0.064738 0.166123 0.757093
v 0.049757 0.165856 0.776087
v 0.043871 0.169467 0.768329
v -0.002275 0.165856 0.776087
v -0.002275 0.169467 0.768329
v -0.002275 -0.036655 0.637914
v 0.061929 -0.033712 0.639252
v 0.059521 -0.262039 0.476868
v -0.002275 -0.260434 0.478473
v 0.036515 -0.296683 0.452123
v -0.002275 -0.297084 0.451989
v -0.002275 -0.296415 0.445702
v 0.039056 -0.296147 0.447040
v 0.034642 0.230997 0.474594
v 0.035177 0.274334 0.474594
v 0.035177 0.273799 0.706265
v 0.032903 0.230328 0.749737
v 0.034241 0.274736 0.750405
v 0.064872 0.273264 0.711883
v 0.065005 0.272596 0.725392
v 0.062464 0.275940 0.710545
v 0.062464 0.275940 0.730074
v 0.061528 0.276742 0.710010
v 0.060993 0.277010 0.731545
v 0.037718 0.277277 0.710010
v 0.060457 0.272462 0.706265
v 0.037585 0.277545 0.753348
v 0.061126 0.277143 0.739972
v 0.035177 0.273799 0.706265
v 0.062731 0.275271 0.738902
v 0.064872 0.272596 0.739705
v 0.034241 0.274736 0.750405
v 0.060725 0.277277 0.756558
v 0.064604 0.272462 0.757896
v -0.002275 0.277545 0.753348
v -0.002275 0.274736 0.750405
v -0.002275 0.277545 0.771673
v 0.047349 0.277545 0.771673
v 0.049222 0.272328 0.776488
v -0.002275 0.272328 0.776488
v 0.037050 0.277277 0.701985
v 0.065808 0.276073 0.701450
v 0.035177 0.274334 0.474594
v 0.065942 0.277010 0.481416
v 0.036916 0.277545 0.474594
v 0.058719 0.277411 0.474594
v 0.063266 -0.090426 0.475664
v 0.062464 0.275940 0.730074
v 0.065005 -0.083203 0.477002
v 0.065005 0.272596 0.725392
v 0.065005 -0.059127 0.477269
v 0.064872 0.273264 0.711883
v 0.060457 0.272462 0.706265
v 0.059254 -0.055916 0.475263
v 0.062464 0.275940 0.710545
v 0.061528 0.276742 0.710010
v 0.059254 -0.055916 0.475263
v 0.060457 -0.091764 0.474327
v 0.065005 -0.059127 0.477269
v 0.063266 -0.090426 0.475664
v 0.065005 -0.083203 0.477002
v 0.057649 -0.134700 0.771271
v -0.002275 -0.134700 0.771271
v -0.002275 -0.134700 0.762176
v 0.064738 -0.134700 0.762176
v -0.002275 -0.134700 0.742246
v 0.065273 -0.134700 0.742246
v 0.061929 -0.033712 0.639252
v 0.031298 -0.033712 0.639252
v 0.031298 -0.102732 0.639118
v 0.061929 -0.102732 0.639118
v 0.031298 -0.158911 0.592837
v 0.061929 -0.158911 0.592837
v 0.061929 -0.476053 0.592703
v 0.029559 -0.476053 0.592703
v 0.029559 -0.499327 0.574512
v 0.062598 -0.499327 0.574512
v 0.034107 -0.339084 0.704125
v 0.064738 -0.339084 0.704125
v 0.034508 -0.318619 0.686870
v 0.065139 -0.318619 0.686870
v 0.034642 -0.228733 0.686870
v 0.065273 -0.228733 0.686870
v 0.065005 -0.210408 0.668010
v 0.034374 -0.210408 0.668010
v 0.044808 -0.322097 0.768596
v -0.002275 -0.322097 0.768596
v -0.002275 -0.322097 0.748131
v 0.064604 -0.322097 0.748131
v 0.039992 -0.322097 0.718035
v 0.065139 -0.322097 0.718035
v 0.065139 -0.306848 0.700781
v 0.039859 -0.306848 0.700781
v -0.002275 -0.339084 0.768596
v 0.044540 -0.339084 0.768596
v -0.002275 -0.339084 0.748131
v 0.064069 -0.339084 0.748131
v -0.002275 -0.339084 0.704125
v 0.064738 -0.339084 0.704125
v 0.037317 -0.518054 0.491046
v 0.037317 -0.518455 0.495327
v 0.044808 -0.463212 0.498269
v 0.044941 -0.462677 0.487970
v 0.064738 -0.447429 0.500142
v 0.065005 -0.439537 0.487702
v 0.064604 -0.426562 0.487702
v 0.065407 -0.442480 0.520206
v 0.065407 -0.426964 0.526225
v 0.064738 -0.442747 0.541474
v 0.065139 -0.381218 0.526091
v 0.064872 -0.357543 0.541474
v 0.065005 -0.371320 0.526091
v 0.054171 -0.381352 0.499473
v 0.063534 -0.338950 0.526493
v 0.053101 -0.371855 0.487836
v 0.064604 -0.351524 0.543079
v 0.052566 -0.400747 0.486365
v 0.063266 -0.334269 0.529034
v 0.051897 -0.411581 0.497066
v 0.062999 -0.333199 0.534652
v 0.031699 -0.387237 0.455467
v 0.032368 -0.385498 0.456403
v 0.064336 -0.348715 0.546556
v 0.061126 -0.332530 0.572238
v 0.060859 -0.347645 0.572372
v 0.059387 -0.319288 0.594576
v 0.058852 -0.304842 0.594175
v 0.063266 -0.334269 0.529034
v 0.031031 -0.334269 0.529034
v 0.031031 -0.338950 0.526493
v 0.063534 -0.338950 0.526493
v 0.031031 -0.371320 0.526091
v 0.065005 -0.371320 0.526091
v 0.058852 -0.304842 0.594175
v 0.031031 -0.304842 0.594175
v 0.031031 -0.332530 0.572238
v 0.061126 -0.332530 0.572238
v 0.031031 -0.333199 0.534652
v 0.062999 -0.333199 0.534652
v 0.031031 -0.334269 0.529034
v 0.063266 -0.334269 0.529034
v 0.037317 -0.518455 0.495327
v 0.031031 -0.518455 0.495327
v 0.031031 -0.463212 0.498269
v 0.044808 -0.463212 0.498269
v 0.031031 -0.447429 0.500142
v 0.064738 -0.447429 0.500142
v 0.064604 -0.351524 0.543079
v 0.031031 -0.351524 0.543079
v 0.064336 -0.348715 0.546556
v 0.031031 -0.348715 0.546556
v 0.060859 -0.347645 0.572372
v 0.031031 -0.347645 0.572372
v 0.059387 -0.319288 0.594576
v 0.031031 -0.319288 0.594576
v 0.034374 -0.516716 0.744118
v 0.034374 -0.538786 0.744118
v 0.026616 -0.516716 0.757361
v 0.026616 -0.540659 0.757361
v 0.034374 -0.541060 0.743717
v 0.026616 -0.546678 0.756157
v 0.034374 -0.542933 0.742647
v 0.026616 -0.552697 0.752144
v 0.026616 -0.555907 0.745857
v 0.034374 -0.544270 0.740507
v 0.026616 -0.556710 0.737832
v 0.034374 -0.544672 0.737163
v 0.034374 -0.544672 0.506696
v 0.026616 -0.556710 0.505492
v 0.034374 -0.542531 0.495996
v 0.026616 -0.554971 0.490779
v 0.026616 -0.545742 0.476868
v 0.034374 -0.536111 0.486365
v 0.026616 -0.531831 0.467505
v 0.034374 -0.526614 0.480078
v 0.026616 -0.517117 0.464562
v 0.034374 -0.515780 0.477804
v 0.034374 -0.435658 0.477804
v 0.026616 -0.427365 0.464562
v 0.055642 -0.149414 0.581334
v 0.051496 -0.149414 0.587219
v 0.051496 0.030626 0.587219
v 0.060591 0.030626 0.574111
v 0.058317 -0.152089 0.577321
v 0.060591 -0.202918 0.574111
v 0.060591 -0.013649 0.541875
v 0.058317 -0.190210 0.577321
v 0.060591 -0.256421 0.574111
v 0.058317 -0.215491 0.577321
v 0.055642 -0.193019 0.581334
v 0.060591 -0.446091 0.541875
v 0.055642 -0.212816 0.581334
v 0.051496 -0.193019 0.587219
v 0.051496 -0.212816 0.587219
v 0.058317 -0.253612 0.577321
v 0.058317 -0.278893 0.577321
v 0.055642 -0.256421 0.581334
v 0.055642 -0.276217 0.581334
v 0.051496 -0.256421 0.587219
v 0.051496 -0.276217 0.587219
v 0.058317 -0.317014 0.577321
v 0.058317 -0.342428 0.577321
v 0.055642 -0.319823 0.581334
v 0.051496 -0.338148 0.587219
v 0.051496 -0.319823 0.587219
v 0.051496 -0.339619 0.587219
v 0.055642 -0.339619 0.581334
v 0.060591 -0.465888 0.574111
v 0.058317 -0.380549 0.577321
v 0.058317 -0.405830 0.577321
v 0.055642 -0.383225 0.581334
v 0.055642 -0.403021 0.581735
v 0.051496 -0.383225 0.587219
v 0.051496 -0.403021 0.587219
v 0.058317 -0.443951 0.577321
v 0.055241 -0.447429 0.582136
v 0.051496 -0.458798 0.587219
v 0.051496 -0.447429 0.587219
v 0.051496 -0.472308 0.609022
v 0.060591 -0.487423 0.609022
v 0.051496 -0.472308 0.747997
v 0.060591 -0.509760 0.609022
v 0.060591 -0.487155 0.753749
v 0.050827 -0.472308 0.751743
v 0.060591 -0.509760 0.753749
v 0.059922 -0.487155 0.757494
v 0.049222 -0.472308 0.755220
v 0.059922 -0.509760 0.757494
v 0.058184 -0.487155 0.760972
v 0.045209 -0.472308 0.760705
v 0.058184 -0.509760 0.760972
v 0.055375 -0.516315 0.755755
v 0.056043 -0.516315 0.751876
v 0.053636 -0.516315 0.759233
v 0.056043 -0.516315 0.609022
v 0.046680 -0.516315 0.768596
v 0.056043 -0.433250 0.474460
v 0.048687 -0.509760 0.773813
v 0.060591 -0.427231 0.474193
v 0.034776 -0.417734 0.449046
v 0.060591 -0.404225 0.474193
v 0.036648 -0.409709 0.445033
v 0.036648 -0.386435 0.445033
v 0.043604 -0.516315 0.771138
v 0.048820 -0.487155 0.773679
v 0.042133 -0.472308 0.763246
v 0.045744 -0.487155 0.776087
v 0.045744 -0.509760 0.776221
v 0.041999 -0.487155 0.777157
v 0.038387 -0.472308 0.764182
v 0.041999 -0.509760 0.777157
v 0.039859 -0.516315 0.772074
v -0.002275 -0.487155 0.777157
v -0.002275 -0.472308 0.764182
v -0.002275 -0.509760 0.777157
v -0.002275 -0.516315 0.771940
v 0.055241 -0.256421 0.682054
v 0.055642 -0.256421 0.581334
v 0.051496 -0.256421 0.587219
v 0.051496 -0.256421 0.682054
v 0.055241 -0.255485 0.686201
v 0.051496 -0.255485 0.686201
v 0.055241 -0.253211 0.689812
v 0.051496 -0.253211 0.689812
v 0.051496 -0.249599 0.692220
v 0.055107 -0.249599 0.692220
v 0.051362 -0.245319 0.693022
v 0.055107 -0.245319 0.693022
v 0.051362 -0.223784 0.693022
v 0.055107 -0.223784 0.693022
v 0.051362 -0.219637 0.692220
v 0.055107 -0.219637 0.692220
v 0.051362 -0.216026 0.689812
v 0.055107 -0.216026 0.689812
v 0.055241 -0.213618 0.686201
v 0.051496 -0.213618 0.686201
v 0.055241 -0.212816 0.682054
v 0.051496 -0.212816 0.682054
v 0.051496 -0.212816 0.587219
v 0.055642 -0.212816 0.581334
v 0.055241 -0.319823 0.682054
v 0.055642 -0.319823 0.581334
v 0.051496 -0.319823 0.587219
v 0.051496 -0.319823 0.682054
v 0.055241 -0.319020 0.686201
v 0.051496 -0.319020 0.686201
v 0.055241 -0.316613 0.689812
v 0.051496 -0.316613 0.689812
v 0.051496 -0.313001 0.692220
v 0.055241 -0.313001 0.692220
v 0.051496 -0.308721 0.693022
v 0.055241 -0.308721 0.693022
v 0.055241 -0.287186 0.693022
v 0.051496 -0.287186 0.693022
v 0.051496 -0.283039 0.692220
v 0.055241 -0.283039 0.692220
v 0.055241 -0.279428 0.689812
v 0.051496 -0.279428 0.689812
v 0.055241 -0.277020 0.686201
v 0.051496 -0.277020 0.686201
v 0.055241 -0.276217 0.682054
v 0.051496 -0.276217 0.682054
v 0.051496 -0.276217 0.587219
v 0.055642 -0.276217 0.581334
v -0.039059 -0.538786 0.744118
v -0.039059 -0.516716 0.744118
v -0.031301 -0.516716 0.757361
v -0.031301 -0.540659 0.757361
v -0.039059 -0.541060 0.743717
v -0.031301 -0.546678 0.756157
v -0.039059 -0.542933 0.742647
v -0.031301 -0.552697 0.752144
v -0.031301 -0.555907 0.745857
v -0.039059 -0.544270 0.740507
v -0.031301 -0.556710 0.737832
v -0.039059 -0.544672 0.737163
v -0.039059 -0.544672 0.506696
v -0.031301 -0.556710 0.505492
v -0.039059 -0.542531 0.495996
v -0.031301 -0.554971 0.490779
v -0.031301 -0.545742 0.476868
v -0.039059 -0.536111 0.486365
v -0.031301 -0.531831 0.467505
v -0.039059 -0.526614 0.480078
v -0.031301 -0.517117 0.464562
v -0.039059 -0.515780 0.477804
v -0.039059 -0.435658 0.477804
v -0.031301 -0.427365 0.464562
v -0.043072 -0.212816 0.764182
v -0.002275 -0.212816 0.764182
v -0.002275 -0.212816 0.767928
v -0.043339 -0.212816 0.767928
v -0.046817 -0.212816 0.763246
v -0.048556 -0.212816 0.766456
v -0.052703 -0.212816 0.763112
v -0.049760 -0.212816 0.760705
v -0.056715 -0.212816 0.757227
v -0.053639 -0.212816 0.755220
v -0.055244 -0.212816 0.751743
v -0.058722 -0.212816 0.752813
v -0.059524 -0.212816 0.748131
v -0.055779 -0.212816 0.747997
v -0.059658 -0.212816 0.727265
v -0.055913 -0.212816 0.727265
v -0.055913 -0.213618 0.723118
v -0.059658 -0.213618 0.723118
v -0.059658 -0.216026 0.719507
v -0.055913 -0.216026 0.719507
v -0.059792 -0.219637 0.717099
v -0.056047 -0.219637 0.717099
v -0.059792 -0.223784 0.716297
v -0.056047 -0.223784 0.716297
v -0.059792 -0.245319 0.716297
v -0.056047 -0.245319 0.716297
v -0.059792 -0.249599 0.717099
v -0.056047 -0.249599 0.717099
v -0.059792 -0.253211 0.719507
v -0.056047 -0.253211 0.719507
v -0.059792 -0.255485 0.723118
v -0.056047 -0.255485 0.723118
v -0.056047 -0.256421 0.727265
v -0.059658 -0.256421 0.727265
v -0.055913 -0.256421 0.747997
v -0.059658 -0.256421 0.748131
v -0.055244 -0.256421 0.751743
v -0.058856 -0.256421 0.752813
v -0.056849 -0.256421 0.757227
v -0.053639 -0.256421 0.755220
v -0.049760 -0.256421 0.760705
v -0.052703 -0.256421 0.763112
v -0.046817 -0.256421 0.763246
v -0.048556 -0.256421 0.766456
v -0.043339 -0.256421 0.767928
v -0.043072 -0.256421 0.764182
v -0.002275 -0.256421 0.767928
v -0.002275 -0.256421 0.764182
v 0.061126 -0.152892 0.641793
v 0.060725 -0.207867 0.641793
v 0.060591 -0.196230 0.651423
v 0.060190 -0.139516 0.651423
v 0.059521 -0.117446 0.615844
v 0.060993 -0.103401 0.625207
v 0.061394 -0.082668 0.615844
v 0.061661 -0.070630 0.625207
v 0.060859 -0.032776 0.639787
v 0.061528 -0.050834 0.639786
v 0.061528 -0.072235 0.610092
v 0.060859 -0.130153 0.566888
v 0.061528 -0.133095 0.579194
v 0.060859 -0.251071 0.579194
v 0.060457 -0.267389 0.566888
v 0.051362 -0.050834 0.639786
v 0.050693 -0.032776 0.639787
v 0.060859 -0.032776 0.639787
v 0.061528 -0.050834 0.639786
v 0.051496 -0.070630 0.625207
v 0.061661 -0.070630 0.625207
v 0.060993 -0.103401 0.625207
v 0.050827 -0.103401 0.625207
v 0.060190 -0.139516 0.651423
v 0.050024 -0.139516 0.651423
v 0.050426 -0.196230 0.651423
v 0.060591 -0.196230 0.651423
v 0.050693 -0.130153 0.566888
v 0.050292 -0.267389 0.566888
v 0.060457 -0.267389 0.566888
v 0.060859 -0.130153 0.566888
v 0.051362 -0.072235 0.610092
v 0.061528 -0.072235 0.610092
v 0.060859 -0.032776 0.639787
v 0.050693 -0.032776 0.639787
v -0.002275 0.277010 0.482219
v -0.002275 0.277010 0.474594
v 0.034508 0.277010 0.482219
v 0.034508 0.277010 0.474594
v -0.002275 0.261226 0.458811
v 0.034508 0.260959 0.458811
v -0.039193 0.277010 0.482219
v -0.039193 0.230997 0.482219
v -0.039193 0.277010 0.474594
v -0.039193 0.260959 0.458811
v -0.039193 0.231130 0.458811
v -0.002275 0.250392 0.447174
v -0.004148 0.250392 0.447174
v -0.002275 -0.159178 0.447174
v -0.004148 -0.159178 0.447174
v -0.007893 0.251060 0.445167
v -0.007893 -0.166000 0.445034
v -0.044276 -0.166000 0.445034
v -0.044276 0.251060 0.445167
v -0.002275 0.258150 0.458543
v -0.004148 0.258150 0.458543
v -0.002275 0.258551 0.456002
v -0.004148 0.258551 0.456002
v -0.007893 0.260424 0.458543
v -0.007893 0.260691 0.455734
v -0.038792 0.260424 0.458543
v -0.041199 0.260691 0.455734
v -0.067282 -0.124936 0.474594
v -0.023008 -0.125739 0.473792
v -0.044276 -0.166000 0.445034
v -0.007893 -0.166000 0.445034
v -0.008027 -0.125872 0.473524
v -0.004148 -0.159178 0.447174
v -0.004014 -0.126006 0.471785
v -0.002275 -0.126006 0.471785
v -0.002275 -0.159178 0.447174
v -0.002275 0.249188 0.458543
v -0.004148 0.249188 0.458543
v -0.002275 0.258150 0.458543
v -0.004148 0.258150 0.458543
v -0.007893 0.249188 0.458543
v -0.007893 0.260424 0.458543
v -0.038792 0.260424 0.458543
v -0.038792 0.249188 0.458543
v -0.065811 0.016180 0.625475
v -0.067282 0.106467 0.624271
v -0.065677 0.108875 0.624806
v -0.068486 0.014441 0.624003
v -0.066747 -0.024751 0.597653
v -0.069021 -0.024483 0.596984
v -0.069155 -0.084407 0.554448
v -0.066881 -0.087617 0.553646
v -0.068352 -0.198102 0.474059
v -0.066078 -0.199038 0.474193
v -0.069556 -0.175631 0.474327
v -0.042938 -0.208268 0.446371
v -0.067416 -0.169612 0.473792
v -0.044677 -0.213752 0.446104
v -0.069289 -0.192217 0.473792
v -0.043473 -0.233816 0.445702
v -0.068352 -0.198102 0.474059
v -0.042804 -0.236223 0.448110
v -0.043473 -0.233816 0.445702
v -0.042804 -0.236223 0.448110
v -0.002275 -0.234485 0.445301
v -0.002275 -0.237026 0.447575
v -0.042537 -0.236491 0.448913
v -0.002275 -0.236892 0.448377
v -0.042537 -0.245453 0.448779
v -0.002275 -0.236892 0.448377
v -0.042537 -0.236491 0.448913
v -0.002275 -0.245720 0.448377
v -0.042403 -0.250803 0.445569
v -0.002275 -0.250803 0.445301
v -0.002275 -0.296415 0.445702
v -0.044677 -0.256287 0.446104
v -0.043741 -0.296147 0.447040
v -0.044677 -0.213752 0.446104
v -0.043473 -0.233816 0.445702
v -0.002275 -0.234485 0.445301
v -0.002275 -0.209472 0.445435
v -0.042938 -0.208268 0.446371
v -0.002275 -0.169612 0.473792
v -0.067416 -0.169612 0.473792
v -0.002275 -0.089757 0.529703
v -0.067550 -0.089757 0.529703
v -0.065276 -0.087216 0.530639
v -0.002275 -0.087216 0.530639
v -0.067817 -0.071165 0.542945
v -0.065945 -0.070362 0.541875
v -0.067817 -0.210140 0.474461
v -0.069556 -0.217497 0.474461
v -0.042403 -0.250803 0.445569
v -0.044677 -0.256287 0.446104
v -0.068352 -0.258026 0.474059
v -0.043741 -0.296147 0.447040
v -0.064206 -0.262039 0.476868
v -0.041199 -0.296683 0.452123
v -0.068754 0.175754 0.758163
v -0.054308 0.176423 0.776087
v -0.064741 0.170939 0.756692
v -0.048556 0.169467 0.768329
v -0.002275 0.176423 0.776087
v -0.002275 0.169467 0.768329
v -0.064741 0.170939 0.756692
v -0.054308 0.165856 0.776087
v -0.069422 0.166123 0.757093
v -0.048556 0.169467 0.768329
v -0.002275 0.165856 0.776087
v -0.002275 0.169467 0.768329
v -0.002275 -0.036655 0.637914
v -0.064206 -0.262039 0.476868
v -0.066614 -0.033712 0.639252
v -0.002275 -0.260434 0.478473
v -0.041199 -0.296683 0.452123
v -0.002275 -0.297084 0.451989
v -0.002275 -0.296415 0.445702
v -0.043741 -0.296147 0.447040
v -0.039862 0.273799 0.706265
v -0.037588 0.230328 0.749737
v -0.038925 0.274736 0.750405
v -0.039327 0.230997 0.474594
v -0.039862 0.274334 0.474594
v -0.069556 0.273264 0.711883
v -0.067149 0.275940 0.710545
v -0.069690 0.272596 0.725392
v -0.067149 0.275940 0.730074
v -0.066212 0.276742 0.710010
v -0.065677 0.277010 0.731545
v -0.042403 0.277277 0.710010
v -0.065142 0.272462 0.706265
v -0.042269 0.277545 0.753348
v -0.065677 0.277143 0.739972
v -0.039862 0.273799 0.706265
v -0.067416 0.275271 0.738902
v -0.069556 0.272596 0.739705
v -0.038925 0.274736 0.750405
v -0.065410 0.277277 0.756558
v -0.069289 0.272462 0.757896
v -0.002275 0.274736 0.750405
v -0.002275 0.277545 0.753348
v -0.002275 0.277545 0.771673
v -0.052034 0.277545 0.771673
v -0.053906 0.272328 0.776488
v -0.002275 0.272328 0.776488
v -0.041734 0.277277 0.701985
v -0.070493 0.276073 0.701450
v -0.039862 0.274334 0.474594
v -0.070626 0.277010 0.481416
v -0.041601 0.277545 0.474594
v -0.063270 0.277411 0.474594
v -0.067951 -0.090426 0.475664
v -0.069690 -0.083203 0.477002
v -0.067149 0.275940 0.730074
v -0.069690 0.272596 0.725392
v -0.069690 -0.059127 0.477269
v -0.069556 0.273264 0.711883
v -0.065142 0.272462 0.706265
v -0.063938 -0.055916 0.475263
v -0.067149 0.275940 0.710545
v -0.066212 0.276742 0.710010
v -0.066614 -0.033712 0.639252
v -0.035983 -0.102732 0.639118
v -0.035983 -0.033712 0.639252
v -0.066614 -0.102732 0.639118
v -0.035983 -0.158911 0.592837
v -0.066614 -0.158911 0.592837
v -0.066614 -0.476053 0.592703
v -0.034110 -0.476053 0.592703
v -0.034110 -0.499327 0.574512
v -0.067282 -0.499327 0.574512
v -0.038792 -0.339084 0.704125
v -0.039193 -0.318619 0.686870
v -0.069422 -0.339084 0.704125
v -0.069824 -0.318619 0.686870
v -0.039327 -0.228733 0.686870
v -0.069957 -0.228733 0.686870
v -0.069690 -0.210408 0.668010
v -0.039059 -0.210408 0.668010
v -0.049492 -0.322097 0.768596
v -0.002275 -0.322097 0.748131
v -0.002275 -0.322097 0.768596
v -0.069289 -0.322097 0.748131
v -0.044677 -0.322097 0.718035
v -0.069824 -0.322097 0.718035
v -0.069824 -0.306848 0.700781
v -0.044410 -0.306848 0.700781
v -0.002275 -0.339084 0.768596
v -0.002275 -0.339084 0.748131
v -0.049225 -0.339084 0.768596
v -0.068754 -0.339084 0.748131
v -0.002275 -0.339084 0.704125
v -0.069422 -0.339084 0.704125
v -0.067550 -0.520461 0.711214
v -0.065677 -0.518455 0.714558
v -0.065543 -0.520060 0.714558
v -0.069021 -0.518321 0.711214
v -0.067550 -0.521799 0.696634
v -0.069556 -0.517920 0.694895
v -0.069556 -0.517652 0.617582
v -0.067282 -0.527015 0.609557
v -0.069556 -0.503741 0.597117
v -0.067282 -0.499327 0.574512
v -0.066614 -0.476053 0.592703
v -0.066614 -0.486754 0.609958
v -0.066614 -0.412250 0.610627
v -0.066614 -0.386569 0.610761
v -0.069155 -0.347511 0.661990
v -0.066614 -0.210140 0.610895
v -0.069824 -0.342963 0.648615
v -0.066614 -0.158911 0.592837
v -0.069690 -0.226727 0.661990
v -0.069556 -0.210274 0.648882
v -0.069690 -0.210408 0.668010
v -0.066614 -0.195293 0.608754
v -0.066614 -0.171083 0.611430
v -0.066614 -0.102732 0.639118
v -0.069289 -0.194892 0.669481
v -0.066614 -0.113834 0.651423
v -0.066614 -0.033712 0.639252
v -0.066614 -0.014986 0.653163
v -0.069289 -0.195561 0.683927
v -0.069957 -0.228733 0.686870
v -0.069289 -0.218701 0.701182
v -0.069824 -0.306848 0.700781
v -0.069289 -0.126140 0.681921
v -0.069824 -0.318619 0.686870
v -0.069824 -0.322097 0.718035
v -0.069422 -0.339084 0.704125
v -0.068754 -0.339084 0.748131
v -0.069289 -0.322097 0.748131
v -0.069289 -0.107012 0.681519
v -0.069289 -0.096847 0.709475
v -0.069422 0.004944 0.670284
v -0.069289 -0.092566 0.699443
v -0.069422 -0.001878 0.681118
v -0.069422 0.004409 0.709743
v -0.069422 0.004676 0.698507
v -0.069422 0.113556 0.668946
v -0.065008 0.008154 0.664666
v -0.069422 0.166123 0.757093
v -0.069422 0.014173 0.722985
v -0.067416 0.115563 0.663328
v -0.069422 0.018186 0.742514
v -0.069690 0.032364 0.755889
v -0.069957 -0.134700 0.742246
v -0.069021 -0.148745 0.724857
v -0.069155 -0.148745 0.762176
v -0.069422 -0.134700 0.762176
v -0.069289 0.165321 0.698908
v -0.064741 0.170939 0.756692
v -0.064072 0.170002 0.696634
v -0.068754 0.175754 0.758163
v -0.069824 0.012434 0.657042
v -0.069824 0.117703 0.659182
v -0.069556 0.175353 0.693023
v -0.069556 0.272596 0.739705
v -0.069289 0.272462 0.757896
v -0.069690 0.116365 0.635774
v -0.067416 0.275271 0.738902
v -0.067951 0.117970 0.631761
v -0.068085 0.014173 0.631092
v -0.069556 0.013371 0.634169
v -0.069824 -0.026489 0.634303
v -0.069422 -0.029432 0.605009
v -0.067684 -0.028228 0.602067
v -0.068352 -0.258026 0.474059
v -0.064206 -0.262039 0.476868
v -0.069690 -0.095777 0.559665
v -0.069556 -0.217497 0.474461
v -0.067684 -0.093770 0.556588
v -0.067817 -0.210140 0.474461
v 0.060725 -0.208937 0.474193
v 0.060993 -0.092299 0.555786
v 0.061394 -0.199038 0.474193
v 0.062196 -0.087617 0.553646
v 0.060993 -0.027426 0.601532
v 0.062063 -0.024751 0.597653
v 0.061126 0.016180 0.625475
v 0.061795 0.014708 0.630557
v 0.061126 0.108875 0.624806
v 0.060993 0.117970 0.630825
v 0.060993 0.277010 0.731545
v 0.061126 0.277143 0.739972
v 0.060457 -0.091764 0.474327
v 0.060993 -0.011375 0.541206
v 0.060859 -0.044413 0.530773
v 0.060324 -0.121458 0.474594
v 0.061260 -0.070362 0.541875
v 0.060591 -0.087216 0.530639
v 0.065005 -0.175631 0.474327
v 0.062731 -0.169612 0.473792
v 0.038253 -0.208268 0.446371
v 0.039992 -0.213752 0.446104
v 0.064604 -0.192217 0.473792
v 0.038789 -0.233816 0.445702
v 0.063668 -0.198102 0.474059
v 0.038120 -0.236223 0.448110
v 0.037852 -0.245453 0.448779
v 0.037852 -0.236491 0.448913
v -0.002275 -0.236892 0.448377
v -0.002275 -0.245720 0.448377
v 0.037852 -0.250803 0.445569
v -0.002275 -0.250803 0.445301
v -0.002275 -0.296415 0.445702
v 0.039992 -0.256287 0.446104
v 0.039056 -0.296147 0.447040
v 0.039992 -0.213752 0.446104
v -0.002275 -0.234485 0.445301
v 0.038789 -0.233816 0.445702
v -0.002275 -0.209472 0.445435
v 0.038253 -0.208268 0.446371
v -0.002275 -0.169612 0.473792
v 0.062731 -0.169612 0.473792
v -0.002275 -0.089757 0.529703
v 0.062865 -0.089757 0.529703
v 0.060591 -0.087216 0.530639
v -0.002275 -0.087216 0.530639
v 0.063133 -0.071165 0.542945
v 0.061260 -0.070362 0.541875
v 0.061126 0.277143 0.739972
v 0.060993 0.117970 0.630825
v 0.062731 0.275271 0.738902
v 0.063400 0.117970 0.631761
v 0.061795 0.014708 0.630557
v 0.063400 0.014173 0.631092
v 0.060993 -0.027426 0.601532
v 0.062999 -0.028228 0.602067
v 0.060993 -0.092299 0.555786
v 0.062999 -0.093770 0.556588
v 0.060725 -0.208937 0.474193
v 0.063133 -0.210140 0.474461
v 0.064872 -0.503741 0.597117
v 0.064872 -0.517652 0.617582
v 0.029559 -0.503073 0.599525
v 0.029559 -0.517385 0.619188
v 0.064872 -0.517920 0.694895
v 0.028489 -0.517920 0.694895
v 0.064336 -0.518321 0.711214
v 0.028489 -0.517786 0.711214
v 0.061126 -0.518455 0.714558
v 0.052298 -0.518589 0.717099
v 0.060859 -0.520060 0.714558
v 0.028489 -0.518990 0.718303
v 0.052164 -0.520327 0.717367
v 0.028489 -0.521130 0.719105
v 0.064738 0.014173 0.722985
v 0.064738 0.004409 0.709743
v 0.039859 0.014173 0.722985
v 0.039324 0.004409 0.709743
v 0.064604 -0.096847 0.709475
v 0.039324 -0.096847 0.709475
v 0.064604 -0.126140 0.681921
v 0.039324 -0.126140 0.681921
v 0.064604 -0.195561 0.683927
v 0.039324 -0.195561 0.683927
v 0.064604 -0.218701 0.701182
v 0.039190 -0.218701 0.701182
v 0.039859 -0.306848 0.700781
v 0.065139 -0.306848 0.700781
v 0.062865 -0.520461 0.711214
v 0.060859 -0.520060 0.714558
v 0.061126 -0.518455 0.714558
v 0.064336 -0.518321 0.711214
v 0.062999 -0.521799 0.696634
v 0.064872 -0.517920 0.694895
v 0.064872 -0.517652 0.617582
v 0.062598 -0.527015 0.609557
v 0.064872 -0.503741 0.597117
v 0.062598 -0.499327 0.574512
v 0.061929 -0.476053 0.592703
v 0.061929 -0.486754 0.609958
v 0.061929 -0.412250 0.610627
v 0.061929 -0.386569 0.610761
v 0.064604 -0.347511 0.661990
v 0.061929 -0.210140 0.610895
v 0.065139 -0.342963 0.648615
v 0.061929 -0.158911 0.592837
v 0.065139 -0.226727 0.661990
v 0.064872 -0.210274 0.648882
v 0.065005 -0.210408 0.668010
v 0.061929 -0.195293 0.608754
v 0.061929 -0.171083 0.611430
v 0.061929 -0.102732 0.639118
v 0.064604 -0.194892 0.669481
v 0.061929 -0.113834 0.651423
v 0.061929 -0.033712 0.639252
v 0.061929 -0.014986 0.653163
v 0.064604 -0.195561 0.683927
v 0.065273 -0.228733 0.686870
v 0.064604 -0.218701 0.701182
v 0.065139 -0.306848 0.700781
v 0.064604 -0.126140 0.681921
v 0.065139 -0.318619 0.686870
v 0.065139 -0.322097 0.718035
v 0.064738 -0.339084 0.704125
v 0.064069 -0.339084 0.748131
v 0.064604 -0.322097 0.748131
v 0.064604 -0.107012 0.681519
v 0.064604 -0.096847 0.709475
v 0.064738 0.004944 0.670284
v 0.064604 -0.092566 0.699443
v 0.064738 -0.001878 0.681118
v 0.064738 0.004409 0.709743
v 0.064738 0.004676 0.698507
v 0.064738 0.113556 0.668946
v 0.060324 0.008154 0.664666
v 0.064738 0.166123 0.757093
v 0.064738 0.014173 0.722985
v 0.062731 0.115563 0.663328
v 0.064738 0.018186 0.742514
v 0.065005 0.032364 0.755889
v 0.065273 -0.134700 0.742246
v 0.064336 -0.148745 0.724857
v 0.064470 -0.148745 0.762176
v 0.064738 -0.134700 0.762176
v 0.064604 0.165321 0.698908
v 0.060056 0.170939 0.756692
v 0.059387 0.170002 0.696634
v 0.064069 0.175754 0.758163
v 0.065139 0.012434 0.657042
v 0.065139 0.117703 0.659182
v 0.065005 0.175353 0.693023
v 0.064604 0.272462 0.757896
v 0.064872 0.272596 0.739705
v 0.065005 0.116365 0.635774
v 0.062731 0.275271 0.738902
v 0.063400 0.117970 0.631761
v 0.063400 0.014173 0.631092
v 0.064872 0.013371 0.634169
v 0.065139 -0.026489 0.634303
v 0.064738 -0.029432 0.605009
v 0.062999 -0.028228 0.602067
v 0.063668 -0.258026 0.474059
v 0.059521 -0.262039 0.476868
v 0.065005 -0.095777 0.559665
v 0.065005 -0.217497 0.474461
v 0.062999 -0.093770 0.556588
v 0.063133 -0.210140 0.474461
v 0.031031 -0.462677 0.487970
v 0.031031 -0.518054 0.491046
v 0.037317 -0.518054 0.491046
v 0.044941 -0.462677 0.487970
v 0.031031 -0.439537 0.487702
v 0.065005 -0.439537 0.487702
v 0.064604 -0.426562 0.487702
v 0.031031 -0.426562 0.487702
v 0.034374 -0.516716 0.744118
v 0.034374 -0.538786 0.744118
v 0.026616 -0.516716 0.757361
v 0.026616 -0.540659 0.757361
v 0.034374 -0.541060 0.743717
v 0.026616 -0.546678 0.756157
v 0.034374 -0.542933 0.742647
v 0.026616 -0.552697 0.752144
v 0.026616 -0.555907 0.745857
v 0.034374 -0.544270 0.740507
v 0.026616 -0.556710 0.737832
v 0.034374 -0.544672 0.737163
v 0.034374 -0.544672 0.506696
v 0.026616 -0.556710 0.505492
v 0.034374 -0.542531 0.495996
v 0.026616 -0.554971 0.490779
v 0.026616 -0.545742 0.476868
v 0.034374 -0.536111 0.486365
v 0.026616 -0.531831 0.467505
v 0.034374 -0.526614 0.480078
v 0.026616 -0.517117 0.464562
v 0.034374 -0.515780 0.477804
v 0.034374 -0.435658 0.477804
v 0.026616 -0.427365 0.464562
v 0.055642 -0.149414 0.581334
v 0.051496 -0.149414 0.587219
v 0.051496 0.030626 0.587219
v 0.060591 0.030626 0.574111
v 0.058317 -0.152089 0.577321
v 0.060591 -0.202918 0.574111
v 0.060591 -0.013649 0.541875
v 0.058317 -0.190210 0.577321
v 0.060591 -0.256421 0.574111
v 0.058317 -0.215491 0.577321
v 0.055642 -0.193019 0.581334
v 0.060591 -0.446091 0.541875
v 0.055642 -0.212816 0.581334
v 0.051496 -0.193019 0.587219
v 0.051496 -0.212816 0.587219
v 0.058317 -0.253612 0.577321
v 0.058317 -0.278893 0.577321
v 0.055642 -0.256421 0.581334
v 0.055642 -0.276217 0.581334
v 0.051496 -0.256421 0.587219
v 0.051496 -0.276217 0.587219
v 0.058317 -0.317014 0.577321
v 0.058317 -0.342428 0.577321
v 0.055642 -0.319823 0.581334
v 0.051496 -0.338148 0.587219
v 0.051496 -0.319823 0.587219
v 0.051496 -0.339619 0.587219
v 0.055642 -0.339619 0.581334
v 0.060591 -0.465888 0.574111
v 0.058317 -0.380549 0.577321
v 0.058317 -0.405830 0.577321
v 0.055642 -0.383225 0.581334
v 0.055642 -0.403021 0.581735
v 0.051496 -0.383225 0.587219
v 0.051496 -0.403021 0.587219
v 0.058317 -0.443951 0.577321
v 0.055241 -0.447429 0.582136
v 0.051496 -0.458798 0.587219
v 0.051496 -0.447429 0.587219
v 0.051496 -0.472308 0.609022
v 0.060591 -0.487423 0.609022
v 0.051496 -0.472308 0.747997
v 0.060591 -0.509760 0.609022
v 0.060591 -0.487155 0.753749
v 0.050827 -0.472308 0.751743
v 0.060591 -0.509760 0.753749
v 0.059922 -0.487155 0.757494
v 0.049222 -0.472308 0.755220
v 0.059922 -0.509760 0.757494
v 0.058184 -0.487155 0.760972
v 0.045209 -0.472308 0.760705
v 0.058184 -0.509760 0.760972
v 0.055375 -0.516315 0.755755
v 0.056043 -0.516315 0.751876
v 0.053636 -0.516315 0.759233
v 0.056043 -0.516315 0.609022
v 0.046680 -0.516315 0.768596
v 0.056043 -0.433250 0.474460
v 0.048687 -0.509760 0.773813
v 0.060591 -0.427231 0.474193
v 0.034776 -0.417734 0.449046
v 0.060591 -0.404225 0.474193
v 0.036648 -0.409709 0.445033
v 0.036648 -0.386435 0.445033
v 0.043604 -0.516315 0.771138
v 0.048820 -0.487155 0.773679
v 0.042133 -0.472308 0.763246
v 0.045744 -0.487155 0.776087
v 0.045744 -0.509760 0.776221
v 0.041999 -0.487155 0.777157
v 0.038387 -0.472308 0.764182
v 0.041999 -0.509760 0.777157
v 0.039859 -0.516315 0.772074
v -0.002275 -0.487155 0.777157
v -0.002275 -0.472308 0.764182
v -0.002275 -0.509760 0.777157
v -0.002275 -0.516315 0.771940
v 0.055241 -0.256421 0.682054
v 0.055642 -0.256421 0.581334
v 0.051496 -0.256421 0.587219
v 0.051496 -0.256421 0.682054
v 0.055241 -0.255485 0.686201
v 0.051496 -0.255485 0.686201
v 0.055241 -0.253211 0.689812
v 0.051496 -0.253211 0.689812
v 0.051496 -0.249599 0.692220
v 0.055107 -0.249599 0.692220
v 0.051362 -0.245319 0.693022
v 0.055107 -0.245319 0.693022
v 0.051362 -0.223784 0.693022
v 0.055107 -0.223784 0.693022
v 0.051362 -0.219637 0.692220
v 0.055107 -0.219637 0.692220
v 0.051362 -0.216026 0.689812
v 0.055107 -0.216026 0.689812
v 0.055241 -0.213618 0.686201
v 0.051496 -0.213618 0.686201
v 0.055241 -0.212816 0.682054
v 0.051496 -0.212816 0.682054
v 0.051496 -0.212816 0.587219
v 0.055642 -0.212816 0.581334
v 0.055241 -0.319823 0.682054
v 0.055642 -0.319823 0.581334
v 0.051496 -0.319823 0.587219
v 0.051496 -0.319823 0.682054
v 0.055241 -0.319020 0.686201
v 0.051496 -0.319020 0.686201
v 0.055241 -0.316613 0.689812
v 0.051496 -0.316613 0.689812
v 0.051496 -0.313001 0.692220
v 0.055241 -0.313001 0.692220
v 0.051496 -0.308721 0.693022
v 0.055241 -0.308721 0.693022
v 0.055241 -0.287186 0.693022
v 0.051496 -0.287186 0.693022
v 0.051496 -0.283039 0.692220
v 0.055241 -0.283039 0.692220
v 0.055241 -0.279428 0.689812
v 0.051496 -0.279428 0.689812
v 0.055241 -0.277020 0.686201
v 0.051496 -0.277020 0.686201
v 0.055241 -0.276217 0.682054
v 0.051496 -0.276217 0.682054
v 0.051496 -0.276217 0.587219
v 0.055642 -0.276217 0.581334
v -0.039059 -0.538786 0.744118
v -0.039059 -0.516716 0.744118
v -0.031301 -0.516716 0.757361
v -0.031301 -0.540659 0.757361
v -0.039059 -0.541060 0.743717
v -0.031301 -0.546678 0.756157
v -0.039059 -0.542933 0.742647
v -0.031301 -0.552697 0.752144
v -0.031301 -0.555907 0.745857
v -0.039059 -0.544270 0.740507
v -0.031301 -0.556710 0.737832
v -0.039059 -0.544672 0.737163
v -0.039059 -0.544672 0.506696
v -0.031301 -0.556710 0.505492
v -0.039059 -0.542531 0.495996
v -0.031301 -0.554971 0.490779
v -0.031301 -0.545742 0.476868
v -0.039059 -0.536111 0.486365
v -0.031301 -0.531831 0.467505
v -0.039059 -0.526614 0.480078
v -0.031301 -0.517117 0.464562
v -0.039059 -0.515780 0.477804
v -0.039059 -0.435658 0.477804
v -0.031301 -0.427365 0.464562
v -0.043072 -0.212816 0.764182
v -0.002275 -0.212816 0.764182
v -0.002275 -0.212816 0.767928
v -0.043339 -0.212816 0.767928
v -0.046817 -0.212816 0.763246
v -0.048556 -0.212816 0.766456
v -0.052703 -0.212816 0.763112
v -0.049760 -0.212816 0.760705
v -0.056715 -0.212816 0.757227
v -0.053639 -0.212816 0.755220
v -0.055244 -0.212816 0.751743
v -0.058722 -0.212816 0.752813
v -0.059524 -0.212816 0.748131
v -0.055779 -0.212816 0.747997
v -0.059658 -0.212816 0.727265
v -0.055913 -0.212816 0.727265
v -0.055913 -0.213618 0.723118
v -0.059658 -0.213618 0.723118
v -0.059658 -0.216026 0.719507
v -0.055913 -0.216026 0.719507
v -0.059792 -0.219637 0.717099
v -0.056047 -0.219637 0.717099
v -0.059792 -0.223784 0.716297
v -0.056047 -0.223784 0.716297
v -0.059792 -0.245319 0.716297
v -0.056047 -0.245319 0.716297
v -0.059792 -0.249599 0.717099
v -0.056047 -0.249599 0.717099
v -0.059792 -0.253211 0.719507
v -0.056047 -0.253211 0.719507
v -0.059792 -0.255485 0.723118
v -0.056047 -0.255485 0.723118
v -0.056047 -0.256421 0.727265
v -0.059658 -0.256421 0.727265
v -0.055913 -0.256421 0.747997
v -0.059658 -0.256421 0.748131
v -0.055244 -0.256421 0.751743
v -0.058856 -0.256421 0.752813
v -0.056849 -0.256421 0.757227
v -0.053639 -0.256421 0.755220
v -0.049760 -0.256421 0.760705
v -0.052703 -0.256421 0.763112
v -0.046817 -0.256421 0.763246
v -0.048556 -0.256421 0.766456
v -0.043339 -0.256421 0.767928
v -0.043072 -0.256421 0.764182
v -0.002275 -0.256421 0.767928
v -0.002275 -0.256421 0.764182
v 0.061126 -0.152892 0.641793
v 0.060725 -0.207867 0.641793
v 0.060591 -0.196230 0.651423
v 0.060190 -0.139516 0.651423
v 0.059521 -0.117446 0.615844
v 0.060993 -0.103401 0.625207
v 0.061394 -0.082668 0.615844
v 0.061661 -0.070630 0.625207
v 0.060859 -0.032776 0.639787
v 0.061528 -0.050834 0.639786
v 0.061528 -0.072235 0.610092
v 0.060859 -0.130153 0.566888
v 0.061528 -0.133095 0.579194
v 0.060859 -0.251071 0.579194
v 0.060457 -0.267389 0.566888
v 0.051362 -0.050834 0.639786
v 0.050693 -0.032776 0.639787
v 0.060859 -0.032776 0.639787
v 0.061528 -0.050834 0.639786
v 0.051496 -0.070630 0.625207
v 0.061661 -0.070630 0.625207
v 0.060993 -0.103401 0.625207
v 0.050827 -0.103401 0.625207
v 0.060190 -0.139516 0.651423
v 0.050024 -0.139516 0.651423
v 0.050426 -0.196230 0.651423
v 0.060591 -0.196230 0.651423
v 0.050693 -0.130153 0.566888
v 0.050292 -0.267389 0.566888
v 0.060457 -0.267389 0.566888
v 0.060859 -0.130153 0.566888
v 0.051362 -0.072235 0.610092
v 0.061528 -0.072235 0.610092
v 0.060859 -0.032776 0.639787
v 0.050693 -0.032776 0.639787
v -0.002275 0.277010 0.482219
v -0.002275 0.277010 0.474594
v 0.034508 0.277010 0.482219
v 0.034508 0.277010 0.474594
v -0.002275 0.261226 0.458811
v 0.034508 0.260959 0.458811
v -0.039193 0.277010 0.482219
v -0.039193 0.230997 0.482219
v -0.039193 0.277010 0.474594
v -0.039193 0.260959 0.458811
v -0.039193 0.231130 0.458811
v -0.002275 0.250392 0.447174
v -0.004148 0.250392 0.447174
v -0.002275 -0.159178 0.447174
v -0.004148 -0.159178 0.447174
v -0.007893 0.251060 0.445167
v -0.007893 -0.166000 0.445034
v -0.044276 -0.166000 0.445034
v -0.044276 0.251060 0.445167
v -0.002275 0.258150 0.458543
v -0.004148 0.258150 0.458543
v -0.002275 0.258551 0.456002
v -0.004148 0.258551 0.456002
v -0.007893 0.260424 0.458543
v -0.007893 0.260691 0.455734
v -0.038792 0.260424 0.458543
v -0.041199 0.260691 0.455734
v -0.067282 -0.124936 0.474594
v -0.023008 -0.125739 0.473792
v -0.044276 -0.166000 0.445034
v -0.007893 -0.166000 0.445034
v -0.008027 -0.125872 0.473524
v -0.004148 -0.159178 0.447174
v -0.004014 -0.126006 0.471785
v -0.002275 -0.126006 0.471785
v -0.002275 -0.159178 0.447174
v -0.002275 0.249188 0.458543
v -0.004148 0.249188 0.458543
v -0.002275 0.258150 0.458543
v -0.004148 0.258150 0.458543
v -0.007893 0.249188 0.458543
v -0.007893 0.260424 0.458543
v -0.038792 0.260424 0.458543
v -0.038792 0.249188 0.458543
v -0.065811 0.016180 0.625475
v -0.067282 0.106467 0.624271
v -0.065677 0.108875 0.624806
v -0.068486 0.014441 0.624003
v -0.066747 -0.024751 0.597653
v -0.069021 -0.024483 0.596984
v -0.069155 -0.084407 0.554448
v -0.066881 -0.087617 0.553646
v -0.068352 -0.198102 0.474059
v -0.066078 -0.199038 0.474193
v -0.069556 -0.175631 0.474327
v -0.042938 -0.208268 0.446371
v -0.067416 -0.169612 0.473792
v -0.044677 -0.213752 0.446104
v -0.069289 -0.192217 0.473792
v -0.043473 -0.233816 0.445702
v -0.068352 -0.198102 0.474059
v -0.042804 -0.236223 0.448110
v -0.043473 -0.233816 0.445702
v -0.042804 -0.236223 0.448110
v -0.002275 -0.234485 0.445301
v -0.002275 -0.237026 0.447575
v -0.042537 -0.236491 0.448913
v -0.002275 -0.236892 0.448377
v -0.042537 -0.245453 0.448779
v -0.002275 -0.236892 0.448377
v -0.042537 -0.236491 0.448913
v -0.002275 -0.245720 0.448377
v -0.042403 -0.250803 0.445569
v -0.002275 -0.250803 0.445301
v -0.002275 -0.296415 0.445702
v -0.044677 -0.256287 0.446104
v -0.043741 -0.296147 0.447040
v -0.044677 -0.213752 0.446104
v -0.043473 -0.233816 0.445702
v -0.002275 -0.234485 0.445301
v -0.002275 -0.209472 0.445435
v -0.042938 -0.208268 0.446371
v -0.002275 -0.169612 0.473792
v -0.067416 -0.169612 0.473792
v -0.002275 -0.089757 0.529703
v -0.067550 -0.089757 0.529703
v -0.065276 -0.087216 0.530639
v -0.002275 -0.087216 0.530639
v -0.067817 -0.071165 0.542945
v -0.065945 -0.070362 0.541875
v -0.067817 -0.210140 0.474461
v -0.069556 -0.217497 0.474461
v -0.042403 -0.250803 0.445569
v -0.044677 -0.256287 0.446104
v -0.068352 -0.258026 0.474059
v -0.043741 -0.296147 0.447040
v -0.064206 -0.262039 0.476868
v -0.041199 -0.296683 0.452123
v -0.068754 0.175754 0.758163
v -0.054308 0.176423 0.776087
v -0.064741 0.170939 0.756692
v -0.048556 0.169467 0.768329
v -0.002275 0.176423 0.776087
v -0.002275 0.169467 0.768329
v -0.064741 0.170939 0.756692
v -0.054308 0.165856 0.776087
v -0.069422 0.166123 0.757093
v -0.048556 0.169467 0.768329
v -0.002275 0.165856 0.776087
v -0.002275 0.169467 0.768329
v -0.002275 -0.036655 0.637914
v -0.064206 -0.262039 0.476868
v -0.066614 -0.033712 0.639252
v -0.002275 -0.260434 0.478473
v -0.041199 -0.296683 0.452123
v -0.002275 -0.297084 0.451989
v -0.002275 -0.296415 0.445702
v -0.043741 -0.296147 0.447040
v -0.039862 0.273799 0.706265
v -0.037588 0.230328 0.749737
v -0.038925 0.274736 0.750405
v -0.039327 0.230997 0.474594
v -0.039862 0.274334 0.474594
v -0.069556 0.273264 0.711883
v -0.067149 0.275940 0.710545
v -0.069690 0.272596 0.725392
v -0.067149 0.275940 0.730074
v -0.066212 0.276742 0.710010
v -0.065677 0.277010 0.731545
v -0.042403 0.277277 0.710010
v -0.065142 0.272462 0.706265
v -0.042269 0.277545 0.753348
v -0.065677 0.277143 0.739972
v -0.039862 0.273799 0.706265
v -0.067416 0.275271 0.738902
v -0.069556 0.272596 0.739705
v -0.038925 0.274736 0.750405
v -0.065410 0.277277 0.756558
v -0.069289 0.272462 0.757896
v -0.002275 0.274736 0.750405
v -0.002275 0.277545 0.753348
v -0.002275 0.277545 0.771673
v -0.052034 0.277545 0.771673
v -0.053906 0.272328 0.776488
v -0.002275 0.272328 0.776488
v -0.041734 0.277277 0.701985
v -0.070493 0.276073 0.701450
v -0.039862 0.274334 0.474594
v -0.070626 0.277010 0.481416
v -0.041601 0.277545 0.474594
v -0.063270 0.277411 0.474594
v -0.067951 -0.090426 0.475664
v -0.069690 -0.083203 0.477002
v -0.067149 0.275940 0.730074
v -0.069690 0.272596 0.725392
v -0.069690 -0.059127 0.477269
v -0.069556 0.273264 0.711883
v -0.065142 0.272462 0.706265
v -0.063938 -0.055916 0.475263
v -0.067149 0.275940 0.710545
v -0.066212 0.276742 0.710010
v -0.066614 -0.033712 0.639252
v -0.035983 -0.102732 0.639118
v -0.035983 -0.033712 0.639252
v -0.066614 -0.102732 0.639118
v -0.035983 -0.158911 0.592837
v -0.066614 -0.158911 0.592837
v -0.066614 -0.476053 0.592703
v -0.034110 -0.476053 0.592703
v -0.034110 -0.499327 0.574512
v -0.067282 -0.499327 0.574512
v -0.038792 -0.339084 0.704125
v -0.039193 -0.318619 0.686870
v -0.069422 -0.339084 0.704125
v -0.069824 -0.318619 0.686870
v -0.039327 -0.228733 0.686870
v -0.069957 -0.228733 0.686870
v -0.069690 -0.210408 0.668010
v -0.039059 -0.210408 0.668010
v -0.049492 -0.322097 0.768596
v -0.002275 -0.322097 0.748131
v -0.002275 -0.322097 0.768596
v -0.069289 -0.322097 0.748131
v -0.044677 -0.322097 0.718035
v -0.069824 -0.322097 0.718035
v -0.069824 -0.306848 0.700781
v -0.044410 -0.306848 0.700781
v -0.002275 -0.339084 0.768596
v -0.002275 -0.339084 0.748131
v -0.049225 -0.339084 0.768596
v -0.068754 -0.339084 0.748131
v -0.002275 -0.339084 0.704125
v -0.069422 -0.339084 0.704125
v -0.067550 -0.520461 0.711214
v -0.065677 -0.518455 0.714558
v -0.065543 -0.520060 0.714558
v -0.069021 -0.518321 0.711214
v -0.067550 -0.521799 0.696634
v -0.069556 -0.517920 0.694895
v -0.069556 -0.517652 0.617582
v -0.067282 -0.527015 0.609557
v -0.069556 -0.503741 0.597117
v -0.067282 -0.499327 0.574512
v -0.066614 -0.476053 0.592703
v -0.066614 -0.486754 0.609958
v -0.066614 -0.412250 0.610627
v -0.066614 -0.386569 0.610761
v -0.069155 -0.347511 0.661990
v -0.066614 -0.210140 0.610895
v -0.069824 -0.342963 0.648615
v -0.066614 -0.158911 0.592837
v -0.069690 -0.226727 0.661990
v -0.069556 -0.210274 0.648882
v -0.069690 -0.210408 0.668010
v -0.066614 -0.195293 0.608754
v -0.066614 -0.171083 0.611430
v -0.066614 -0.102732 0.639118
v -0.069289 -0.194892 0.669481
v -0.066614 -0.113834 0.651423
v -0.066614 -0.033712 0.639252
v -0.066614 -0.014986 0.653163
v -0.069289 -0.195561 0.683927
v -0.069957 -0.228733 0.686870
v -0.069289 -0.218701 0.701182
v -0.069824 -0.306848 0.700781
v -0.069289 -0.126140 0.681921
v -0.069824 -0.318619 0.686870
v -0.069824 -0.322097 0.718035
v -0.069422 -0.339084 0.704125
v -0.068754 -0.339084 0.748131
v -0.069289 -0.322097 0.748131
v -0.069289 -0.107012 0.681519
v -0.069289 -0.096847 0.709475
v -0.069422 0.004944 0.670284
v -0.069289 -0.092566 0.699443
v -0.069422 -0.001878 0.681118
v -0.069422 0.004409 0.709743
v -0.069422 0.004676 0.698507
v -0.069422 0.113556 0.668946
v -0.065008 0.008154 0.664666
v -0.069422 0.166123 0.757093
v -0.069422 0.014173 0.722985
v -0.067416 0.115563 0.663328
v -0.069422 0.018186 0.742514
v -0.069690 0.032364 0.755889
v -0.069957 -0.134700 0.742246
v -0.069021 -0.148745 0.724857
v -0.069155 -0.148745 0.762176
v -0.069422 -0.134700 0.762176
v -0.069289 0.165321 0.698908
v -0.064741 0.170939 0.756692
v -0.064072 0.170002 0.696634
v -0.068754 0.175754 0.758163
v -0.069824 0.012434 0.657042
v -0.069824 0.117703 0.659182
v -0.069556 0.175353 0.693023
v -0.069556 0.272596 0.739705
v -0.069289 0.272462 0.757896
v -0.069690 0.116365 0.635774
v -0.067416 0.275271 0.738902
v -0.067951 0.117970 0.631761
v -0.068085 0.014173 0.631092
v -0.069556 0.013371 0.634169
v -0.069824 -0.026489 0.634303
v -0.069422 -0.029432 0.605009
v -0.067684 -0.028228 0.602067
v -0.068352 -0.258026 0.474059
v -0.064206 -0.262039 0.476868
v -0.069690 -0.095777 0.559665
v -0.069556 -0.217497 0.474461
v -0.067684 -0.093770 0.556588
v -0.067817 -0.210140 0.474461
v 0.060725 -0.208937 0.474193
v 0.060993 -0.092299 0.555786
v 0.061394 -0.199038 0.474193
v 0.062196 -0.087617 0.553646
v 0.060993 -0.027426 0.601532
v 0.062063 -0.024751 0.597653
v 0.061126 0.016180 0.625475
v 0.061795 0.014708 0.630557
v 0.061126 0.108875 0.624806
v 0.060993 0.117970 0.630825
v 0.060993 0.277010 0.731545
v 0.061126 0.277143 0.739972
v 0.060457 -0.091764 0.474327
v 0.060993 -0.011375 0.541206
v 0.060859 -0.044413 0.530773
v 0.060324 -0.121458 0.474594
v 0.061260 -0.070362 0.541875
v 0.060591 -0.087216 0.530639
v 0.065005 -0.175631 0.474327
v 0.062731 -0.169612 0.473792
v 0.038253 -0.208268 0.446371
v 0.039992 -0.213752 0.446104
v 0.064604 -0.192217 0.473792
v 0.038789 -0.233816 0.445702
v 0.063668 -0.198102 0.474059
v 0.038120 -0.236223 0.448110
v 0.037852 -0.245453 0.448779
v 0.037852 -0.236491 0.448913
v -0.002275 -0.236892 0.448377
v -0.002275 -0.245720 0.448377
v 0.037852 -0.250803 0.445569
v -0.002275 -0.250803 0.445301
v -0.002275 -0.296415 0.445702
v 0.039992 -0.256287 0.446104
v 0.039056 -0.296147 0.447040
v 0.039992 -0.213752 0.446104
v -0.002275 -0.234485 0.445301
v 0.038789 -0.233816 0.445702
v -0.002275 -0.209472 0.445435
v 0.038253 -0.208268 0.446371
v -0.002275 -0.169612 0.473792
v 0.062731 -0.169612 0.473792
v -0.002275 -0.089757 0.529703
v 0.062865 -0.089757 0.529703
v 0.060591 -0.087216 0.530639
v -0.002275 -0.087216 0.530639
v 0.063133 -0.071165 0.542945
v 0.061260 -0.070362 0.541875
v 0.061126 0.277143 0.739972
v 0.060993 0.117970 0.630825
v 0.062731 0.275271 0.738902
v 0.063400 0.117970 0.631761
v 0.061795 0.014708 0.630557
v 0.063400 0.014173 0.631092
v 0.060993 -0.027426 0.601532
v 0.062999 -0.028228 0.602067
v 0.060993 -0.092299 0.555786
v 0.062999 -0.093770 0.556588
v 0.060725 -0.208937 0.474193
v 0.063133 -0.210140 0.474461
v 0.064872 -0.503741 0.597117
v 0.064872 -0.517652 0.617582
v 0.029559 -0.503073 0.599525
v 0.029559 -0.517385 0.619188
v 0.064872 -0.517920 0.694895
v 0.028489 -0.517920 0.694895
v 0.064336 -0.518321 0.711214
v 0.028489 -0.517786 0.711214
v 0.061126 -0.518455 0.714558
v 0.052298 -0.518589 0.717099
v 0.060859 -0.520060 0.714558
v 0.028489 -0.518990 0.718303
v 0.052164 -0.520327 0.717367
v 0.028489 -0.521130 0.719105
v 0.064738 0.014173 0.722985
v 0.064738 0.004409 0.709743
v 0.039859 0.014173 0.722985
v 0.039324 0.004409 0.709743
v 0.064604 -0.096847 0.709475
v 0.039324 -0.096847 0.709475
v 0.064604 -0.126140 0.681921
v 0.039324 -0.126140 0.681921
v 0.064604 -0.195561 0.683927
v 0.039324 -0.195561 0.683927
v 0.064604 -0.218701 0.701182
v 0.039190 -0.218701 0.701182
v 0.039859 -0.306848 0.700781
v 0.065139 -0.306848 0.700781
v 0.062865 -0.520461 0.711214
v 0.060859 -0.520060 0.714558
v 0.061126 -0.518455 0.714558
v 0.064336 -0.518321 0.711214
v 0.062999 -0.521799 0.696634
v 0.064872 -0.517920 0.694895
v 0.064872 -0.517652 0.617582
v 0.062598 -0.527015 0.609557
v 0.064872 -0.503741 0.597117
v 0.062598 -0.499327 0.574512
v 0.061929 -0.476053 0.592703
v 0.061929 -0.486754 0.609958
v 0.061929 -0.412250 0.610627
v 0.061929 -0.386569 0.610761
v 0.064604 -0.347511 0.661990
v 0.061929 -0.210140 0.610895
v 0.065139 -0.342963 0.648615
v 0.061929 -0.158911 0.592837
v 0.065139 -0.226727 0.661990
v 0.064872 -0.210274 0.648882
v 0.065005 -0.210408 0.668010
v 0.061929 -0.195293 0.608754
v 0.061929 -0.171083 0.611430
v 0.061929 -0.102732 0.639118
v 0.064604 -0.194892 0.669481
v 0.061929 -0.113834 0.651423
v 0.061929 -0.033712 0.639252
v 0.061929 -0.014986 0.653163
v 0.064604 -0.195561 0.683927
v 0.065273 -0.228733 0.686870
v 0.064604 -0.218701 0.701182
v 0.065139 -0.306848 0.700781
v 0.064604 -0.126140 0.681921
v 0.065139 -0.318619 0.686870
v 0.065139 -0.322097 0.718035
v 0.064738 -0.339084 0.704125
v 0.064069 -0.339084 0.748131
v 0.064604 -0.322097 0.748131
v 0.064604 -0.107012 0.681519
v 0.064604 -0.096847 0.709475
v 0.064738 0.004944 0.670284
v 0.064604 -0.092566 0.699443
v 0.064738 -0.001878 0.681118
v 0.064738 0.004409 0.709743
v 0.064738 0.004676 0.698507
v 0.064738 0.113556 0.668946
v 0.060324 0.008154 0.664666
v 0.064738 0.166123 0.757093
v 0.064738 0.014173 0.722985
v 0.062731 0.115563 0.663328
v 0.064738 0.018186 0.742514
v 0.065005 0.032364 0.755889
v 0.065273 -0.134700 0.742246
v 0.064336 -0.148745 0.724857
v 0.064470 -0.148745 0.762176
v 0.064738 -0.134700 0.762176
v 0.064604 0.165321 0.698908
v 0.060056 0.170939 0.756692
v 0.059387 0.170002 0.696634
v 0.064069 0.175754 0.758163
v 0.065139 0.012434 0.657042
v 0.065139 0.117703 0.659182
v 0.065005 0.175353 0.693023
v 0.064604 0.272462 0.757896
v 0.064872 0.272596 0.739705
v 0.065005 0.116365 0.635774
v 0.062731 0.275271 0.738902
v 0.063400 0.117970 0.631761
v 0.063400 0.014173 0.631092
v 0.064872 0.013371 0.634169
v 0.065139 -0.026489 0.634303
v 0.064738 -0.029432 0.605009
v 0.062999 -0.028228 0.602067
v 0.063668 -0.258026 0.474059
v 0.059521 -0.262039 0.476868
v 0.065005 -0.095777 0.559665
v 0.065005 -0.217497 0.474461
v 0.062999 -0.093770 0.556588
v 0.063133 -0.210140 0.474461
v 0.031031 -0.462677 0.487970
v 0.031031 -0.518054 0.491046
v 0.037317 -0.518054 0.491046
v 0.044941 -0.462677 0.487970
v 0.031031 -0.439537 0.487702
v 0.065005 -0.439537 0.487702
v 0.064604 -0.426562 0.487702
v 0.031031 -0.426562 0.487702
v 0.051496 -0.149414 0.587219
v 0.055642 -0.149414 0.581334
v 0.055107 -0.149414 0.682054
v 0.051496 -0.149414 0.682054
v 0.051362 -0.150216 0.686201
v 0.055107 -0.150216 0.686201
v 0.051362 -0.152624 0.689812
v 0.055107 -0.152624 0.689812
v 0.055107 -0.156236 0.692220
v 0.051362 -0.156236 0.692220
v 0.055107 -0.160382 0.693022
v 0.051362 -0.160382 0.693022
v 0.055107 -0.181917 0.693022
v 0.051362 -0.181917 0.693022
v 0.051362 -0.186198 0.692220
v 0.055107 -0.186198 0.692220
v 0.051362 -0.189675 0.689812
v 0.055107 -0.189675 0.689812
v 0.051362 -0.192083 0.686201
v 0.055107 -0.192083 0.686201
v 0.055241 -0.193019 0.682054
v 0.051496 -0.193019 0.682054
v 0.051496 -0.193019 0.587219
v 0.055642 -0.193019 0.581334
v 0.051496 -0.339619 0.587219
v 0.055642 -0.339619 0.581334
v 0.055241 -0.339619 0.682054
v 0.051496 -0.339619 0.682054
v 0.051496 -0.340422 0.686201
v 0.055241 -0.340422 0.686201
v 0.051496 -0.342829 0.689812
v 0.055241 -0.342829 0.689812
v 0.055241 -0.346441 0.692220
v 0.051496 -0.346441 0.692220
v 0.051496 -0.350721 0.693022
v 0.055241 -0.350721 0.693022
v 0.051496 -0.372256 0.693022
v 0.055241 -0.372256 0.693022
v 0.051496 -0.376403 0.692220
v 0.055241 -0.376403 0.692220
v 0.051496 -0.380014 0.689812
v 0.055241 -0.380014 0.689812
v 0.055241 -0.382422 0.686201
v 0.051496 -0.382422 0.686201
v 0.055241 -0.383225 0.682054
v 0.051496 -0.383225 0.682054
v 0.051496 -0.383225 0.587219
v 0.055642 -0.383225 0.581334
v -0.002275 -0.427365 0.464562
v 0.026616 -0.427365 0.464562
v -0.002275 -0.417734 0.449046
v 0.034776 -0.417734 0.449046
v 0.056043 -0.433250 0.474460
v 0.034374 -0.435658 0.477804
v 0.056043 -0.516315 0.609022
v 0.034374 -0.516716 0.609423
v 0.034374 -0.516716 0.744118
v 0.056043 -0.516315 0.751876
v 0.055375 -0.516315 0.755755
v 0.053636 -0.516315 0.759233
v 0.026616 -0.516716 0.757361
v 0.046680 -0.516315 0.768596
v 0.043604 -0.516315 0.771138
v 0.039859 -0.516315 0.772074
v -0.002275 -0.516315 0.771940
v -0.002275 -0.516716 0.757361
v -0.060327 -0.149414 0.581334
v -0.056180 -0.149414 0.587219
v -0.059792 -0.149414 0.682054
v -0.056047 -0.149414 0.682054
v -0.056047 -0.150216 0.686201
v -0.059792 -0.150216 0.686201
v -0.056047 -0.152624 0.689812
v -0.059792 -0.152624 0.689812
v -0.059792 -0.156236 0.692220
v -0.056047 -0.156236 0.692220
v -0.059792 -0.160382 0.693022
v -0.056047 -0.160382 0.693022
v -0.059792 -0.181917 0.693022
v -0.056047 -0.181917 0.693022
v -0.056047 -0.186198 0.692220
v -0.059792 -0.186198 0.692220
v -0.056047 -0.189675 0.689812
v -0.059792 -0.189675 0.689812
v -0.056047 -0.192083 0.686201
v -0.059792 -0.192083 0.686201
v -0.059792 -0.193019 0.682054
v -0.056180 -0.193019 0.682054
v -0.056180 -0.193019 0.587219
v -0.060327 -0.193019 0.581334
v -0.060327 -0.339619 0.581334
v -0.056180 -0.339619 0.587219
v -0.059926 -0.339619 0.682054
v -0.056180 -0.339619 0.682054
v -0.056180 -0.340422 0.686201
v -0.059926 -0.340422 0.686201
v -0.056180 -0.342829 0.689812
v -0.059926 -0.342829 0.689812
v -0.059926 -0.346441 0.692220
v -0.056180 -0.346441 0.692220
v -0.056180 -0.350721 0.693022
v -0.059926 -0.350721 0.693022
v -0.056180 -0.372256 0.693022
v -0.059926 -0.372256 0.693022
v -0.056180 -0.376403 0.692220
v -0.059926 -0.376403 0.692220
v -0.056180 -0.380014 0.689812
v -0.059926 -0.380014 0.689812
v -0.059926 -0.382422 0.686201
v -0.056180 -0.382422 0.686201
v -0.059926 -0.383225 0.682054
v -0.056180 -0.383225 0.682054
v -0.056180 -0.383225 0.587219
v -0.060327 -0.383225 0.581334
v -0.002275 -0.427365 0.464562
v -0.002275 -0.417734 0.449046
v -0.031301 -0.427365 0.464562
v -0.039460 -0.417734 0.449046
v -0.060728 -0.433250 0.474460
v -0.039059 -0.435658 0.477804
v -0.060728 -0.516315 0.609022
v -0.039059 -0.516716 0.609423
v -0.039059 -0.516716 0.744118
v -0.060728 -0.516315 0.751876
v -0.060059 -0.516315 0.755755
v -0.058320 -0.516315 0.759233
v -0.031301 -0.516716 0.757361
v -0.051365 -0.516315 0.768596
v -0.048289 -0.516315 0.771138
v -0.044543 -0.516315 0.772074
v -0.002275 -0.516315 0.771940
v -0.002275 -0.516716 0.757361
v 0.061394 -0.082668 0.615844
v 0.051228 -0.082668 0.615844
v 0.059521 -0.117446 0.615844
v 0.049355 -0.117446 0.615844
v 0.050961 -0.152892 0.641793
v 0.061126 -0.152892 0.641793
v 0.060725 -0.207867 0.641793
v 0.050559 -0.207867 0.641793
v 0.051496 -0.133095 0.579194
v 0.051228 -0.082668 0.615844
v 0.061394 -0.082668 0.615844
v 0.061528 -0.133095 0.579194
v 0.060859 -0.251071 0.579194
v 0.050693 -0.251071 0.579194
v -0.002275 0.258551 0.456002
v -0.002275 0.250392 0.447174
v -0.000537 0.258551 0.456002
v -0.000537 0.250392 0.447174
v 0.003209 0.251060 0.445167
v 0.003209 0.260691 0.455734
v 0.036515 0.260691 0.455734
v 0.039591 0.251060 0.445167
v 0.062598 0.278213 0.474594
v 0.036782 0.278213 0.474594
v 0.036782 0.278213 0.474594
v 0.034910 0.249188 0.474594
v 0.034910 0.275405 0.474594
v 0.062598 0.278213 0.474594
v 0.062598 -0.124936 0.474594
v 0.018323 -0.125739 0.473792
v -0.002275 0.258551 0.456002
v -0.004148 0.258551 0.456002
v -0.002275 0.250392 0.447174
v -0.004148 0.250392 0.447174
v -0.007893 0.251060 0.445167
v -0.007893 0.260691 0.455734
v -0.041199 0.260691 0.455734
v -0.044276 0.251060 0.445167
v -0.067282 0.278213 0.474594
v -0.041467 0.278213 0.474594
v -0.041467 0.278213 0.474594
v -0.039594 0.275405 0.474594
v -0.039594 0.249188 0.474594
v -0.067282 0.278213 0.474594
v -0.067282 -0.124936 0.474594
v -0.023008 -0.125739 0.473792
v -0.069422 0.018186 0.742514
v -0.002275 0.032364 0.755889
v -0.002275 0.018186 0.742514
v -0.069690 0.032364 0.755889
v -0.054843 0.033167 0.776221
v -0.002275 0.033167 0.776221
v -0.069422 0.004676 0.698507
v -0.041868 -0.092566 0.699443
v -0.041333 0.004676 0.698507
v -0.069289 -0.092566 0.699443
v -0.069289 -0.107012 0.681519
v -0.041467 -0.107012 0.681519
v -0.066614 -0.171083 0.611430
v -0.037855 -0.195293 0.608754
v -0.066614 -0.195293 0.608754
v -0.034779 -0.171083 0.611430
v -0.035314 -0.113834 0.651423
v -0.066614 -0.113834 0.651423
v -0.036384 -0.014986 0.653163
v -0.066614 -0.014986 0.653163
v -0.065008 0.008154 0.664666
v -0.035983 0.008154 0.664666
v -0.066614 -0.486754 0.609958
v -0.034110 -0.503073 0.599525
v -0.069556 -0.503741 0.597117
v -0.034110 -0.488359 0.609958
v -0.035983 -0.412250 0.610627
v -0.066614 -0.412250 0.610627
v -0.038524 -0.347511 0.661990
v -0.069155 -0.347511 0.661990
v -0.039059 -0.226727 0.661990
v -0.069690 -0.226727 0.661990
v -0.069690 -0.210408 0.668010
v -0.039059 -0.210408 0.668010
v -0.067282 -0.499327 0.574512
v -0.034110 -0.527015 0.609557
v -0.034110 -0.499327 0.574512
v -0.067282 -0.527015 0.609557
v -0.067550 -0.521799 0.696634
v -0.033174 -0.522735 0.698908
v -0.067550 -0.520461 0.711214
v -0.033174 -0.522200 0.710812
v -0.065543 -0.520060 0.714558
v -0.056849 -0.520327 0.717367
v -0.033174 -0.521130 0.719105
v -0.069556 -0.210274 0.648882
v -0.042002 -0.342963 0.648615
v -0.041734 -0.210274 0.648882
v -0.069824 -0.342963 0.648615
v -0.066614 -0.386569 0.610761
v -0.038792 -0.386569 0.610761
v 0.064738 0.018186 0.742514
v -0.002275 0.018186 0.742514
v -0.002275 0.032364 0.755889
v 0.065005 0.032364 0.755889
v 0.050158 0.033167 0.776221
v -0.002275 0.033167 0.776221
v 0.064738 0.004676 0.698507
v 0.036648 0.004676 0.698507
v 0.037183 -0.092566 0.699443
v 0.064604 -0.092566 0.699443
v 0.064604 -0.107012 0.681519
v 0.036782 -0.107012 0.681519
v 0.061929 -0.171083 0.611430
v 0.061929 -0.195293 0.608754
v 0.033171 -0.195293 0.608754
v 0.030094 -0.171083 0.611430
v 0.030629 -0.113834 0.651423
v 0.061929 -0.113834 0.651423
v 0.031699 -0.014986 0.653163
v 0.061929 -0.014986 0.653163
v 0.060324 0.008154 0.664666
v 0.031432 0.008154 0.664666
v 0.061929 -0.486754 0.609958
v 0.064872 -0.503741 0.597117
v 0.029559 -0.503073 0.599525
v 0.029559 -0.488359 0.609958
v 0.031298 -0.412250 0.610627
v 0.061929 -0.412250 0.610627
v 0.033839 -0.347511 0.661990
v 0.064604 -0.347511 0.661990
v 0.034374 -0.226727 0.661990
v 0.065139 -0.226727 0.661990
v 0.065005 -0.210408 0.668010
v 0.034374 -0.210408 0.668010
v 0.062598 -0.499327 0.574512
v 0.029559 -0.499327 0.574512
v 0.029559 -0.527015 0.609557
v 0.062598 -0.527015 0.609557
v 0.062999 -0.521799 0.696634
v 0.028489 -0.522735 0.698908
v 0.062865 -0.520461 0.711214
v 0.028489 -0.522200 0.710812
v 0.060859 -0.520060 0.714558
v 0.052164 -0.520327 0.717367
v 0.028489 -0.521130 0.719105
v 0.064872 -0.210274 0.648882
v 0.037050 -0.210274 0.648882
v 0.037317 -0.342963 0.648615
v 0.065139 -0.342963 0.648615
v 0.061929 -0.386569 0.610761
v 0.034107 -0.386569 0.610761
v 0.064738 -0.442747 0.541474
v 0.031031 -0.442747 0.541474
v 0.031031 -0.357543 0.541474
v 0.064872 -0.357543 0.541474
v 0.064604 -0.351524 0.543079
v 0.031031 -0.351524 0.543079
v 0.051897 -0.411581 0.497066
v 0.031699 -0.387237 0.455467
v 0.031031 -0.411581 0.497066
v 0.025011 -0.387237 0.455467
v 0.025814 -0.385498 0.456403
v 0.032368 -0.385498 0.456403
v 0.031031 -0.442480 0.520206
v 0.031031 -0.442747 0.541474
v 0.064738 -0.442747 0.541474
v 0.065407 -0.442480 0.520206
v 0.064738 -0.447429 0.500142
v 0.031031 -0.447429 0.500142
v 0.051496 -0.149414 0.587219
v 0.055642 -0.149414 0.581334
v 0.055107 -0.149414 0.682054
v 0.051496 -0.149414 0.682054
v 0.051362 -0.150216 0.686201
v 0.055107 -0.150216 0.686201
v 0.051362 -0.152624 0.689812
v 0.055107 -0.152624 0.689812
v 0.055107 -0.156236 0.692220
v 0.051362 -0.156236 0.692220
v 0.055107 -0.160382 0.693022
v 0.051362 -0.160382 0.693022
v 0.055107 -0.181917 0.693022
v 0.051362 -0.181917 0.693022
v 0.051362 -0.186198 0.692220
v 0.055107 -0.186198 0.692220
v 0.051362 -0.189675 0.689812
v 0.055107 -0.189675 0.689812
v 0.051362 -0.192083 0.686201
v 0.055107 -0.192083 0.686201
v 0.055241 -0.193019 0.682054
v 0.051496 -0.193019 0.682054
v 0.051496 -0.193019 0.587219
v 0.055642 -0.193019 0.581334
v 0.051496 -0.339619 0.587219
v 0.055642 -0.339619 0.581334
v 0.055241 -0.339619 0.682054
v 0.051496 -0.339619 0.682054
v 0.051496 -0.340422 0.686201
v 0.055241 -0.340422 0.686201
v 0.051496 -0.342829 0.689812
v 0.055241 -0.342829 0.689812
v 0.055241 -0.346441 0.692220
v 0.051496 -0.346441 0.692220
v 0.051496 -0.350721 0.693022
v 0.055241 -0.350721 0.693022
v 0.051496 -0.372256 0.693022
v 0.055241 -0.372256 0.693022
v 0.051496 -0.376403 0.692220
v 0.055241 -0.376403 0.692220
v 0.051496 -0.380014 0.689812
v 0.055241 -0.380014 0.689812
v 0.055241 -0.382422 0.686201
v 0.051496 -0.382422 0.686201
v 0.055241 -0.383225 0.682054
v 0.051496 -0.383225 0.682054
v 0.051496 -0.383225 0.587219
v 0.055642 -0.383225 0.581334
v -0.002275 -0.427365 0.464562
v 0.026616 -0.427365 0.464562
v -0.002275 -0.417734 0.449046
v 0.034776 -0.417734 0.449046
v 0.056043 -0.433250 0.474460
v 0.034374 -0.435658 0.477804
v 0.056043 -0.516315 0.609022
v 0.034374 -0.516716 0.609423
v 0.034374 -0.516716 0.744118
v 0.056043 -0.516315 0.751876
v 0.055375 -0.516315 0.755755
v 0.053636 -0.516315 0.759233
v 0.026616 -0.516716 0.757361
v 0.046680 -0.516315 0.768596
v 0.043604 -0.516315 0.771138
v 0.039859 -0.516315 0.772074
v -0.002275 -0.516315 0.771940
v -0.002275 -0.516716 0.757361
v -0.060327 -0.149414 0.581334
v -0.056180 -0.149414 0.587219
v -0.059792 -0.149414 0.682054
v -0.056047 -0.149414 0.682054
v -0.056047 -0.150216 0.686201
v -0.059792 -0.150216 0.686201
v -0.056047 -0.152624 0.689812
v -0.059792 -0.152624 0.689812
v -0.059792 -0.156236 0.692220
v -0.056047 -0.156236 0.692220
v -0.059792 -0.160382 0.693022
v -0.056047 -0.160382 0.693022
v -0.059792 -0.181917 0.693022
v -0.056047 -0.181917 0.693022
v -0.056047 -0.186198 0.692220
v -0.059792 -0.186198 0.692220
v -0.056047 -0.189675 0.689812
v -0.059792 -0.189675 0.689812
v -0.056047 -0.192083 0.686201
v -0.059792 -0.192083 0.686201
v -0.059792 -0.193019 0.682054
v -0.056180 -0.193019 0.682054
v -0.056180 -0.193019 0.587219
v -0.060327 -0.193019 0.581334
v -0.060327 -0.339619 0.581334
v -0.056180 -0.339619 0.587219
v -0.059926 -0.339619 0.682054
v -0.056180 -0.339619 0.682054
v -0.056180 -0.340422 0.686201
v -0.059926 -0.340422 0.686201
v -0.056180 -0.342829 0.689812
v -0.059926 -0.342829 0.689812
v -0.059926 -0.346441 0.692220
v -0.056180 -0.346441 0.692220
v -0.056180 -0.350721 0.693022
v -0.059926 -0.350721 0.693022
v -0.056180 -0.372256 0.693022
v -0.059926 -0.372256 0.693022
v -0.056180 -0.376403 0.692220
v -0.059926 -0.376403 0.692220
v -0.056180 -0.380014 0.689812
v -0.059926 -0.380014 0.689812
v -0.059926 -0.382422 0.686201
v -0.056180 -0.382422 0.686201
v -0.059926 -0.383225 0.682054
v -0.056180 -0.383225 0.682054
v -0.056180 -0.383225 0.587219
v -0.060327 -0.383225 0.581334
v -0.002275 -0.427365 0.464562
v -0.002275 -0.417734 0.449046
v -0.031301 -0.427365 0.464562
v -0.039460 -0.417734 0.449046
v -0.060728 -0.433250 0.474460
v -0.039059 -0.435658 0.477804
v -0.060728 -0.516315 0.609022
v -0.039059 -0.516716 0.609423
v -0.039059 -0.516716 0.744118
v -0.060728 -0.516315 0.751876
v -0.060059 -0.516315 0.755755
v -0.058320 -0.516315 0.759233
v -0.031301 -0.516716 0.757361
v -0.051365 -0.516315 0.768596
v -0.048289 -0.516315 0.771138
v -0.044543 -0.516315 0.772074
v -0.002275 -0.516315 0.771940
v -0.002275 -0.516716 0.757361
v 0.061394 -0.082668 0.615844
v 0.051228 -0.082668 0.615844
v 0.059521 -0.117446 0.615844
v 0.049355 -0.117446 0.615844
v 0.050961 -0.152892 0.641793
v 0.061126 -0.152892 0.641793
v 0.060725 -0.207867 0.641793
v 0.050559 -0.207867 0.641793
v 0.051496 -0.133095 0.579194
v 0.051228 -0.082668 0.615844
v 0.061394 -0.082668 0.615844
v 0.061528 -0.133095 0.579194
v 0.060859 -0.251071 0.579194
v 0.050693 -0.251071 0.579194
v -0.002275 0.258551 0.456002
v -0.002275 0.250392 0.447174
v -0.000537 0.258551 0.456002
v -0.000537 0.250392 0.447174
v 0.003209 0.251060 0.445167
v 0.003209 0.260691 0.455734
v 0.036515 0.260691 0.455734
v 0.039591 0.251060 0.445167
v 0.062598 0.278213 0.474594
v 0.036782 0.278213 0.474594
v 0.036782 0.278213 0.474594
v 0.034910 0.249188 0.474594
v 0.034910 0.275405 0.474594
v 0.062598 0.278213 0.474594
v 0.062598 -0.124936 0.474594
v 0.018323 -0.125739 0.473792
v -0.002275 0.258551 0.456002
v -0.004148 0.258551 0.456002
v -0.002275 0.250392 0.447174
v -0.004148 0.250392 0.447174
v -0.007893 0.251060 0.445167
v -0.007893 0.260691 0.455734
v -0.041199 0.260691 0.455734
v -0.044276 0.251060 0.445167
v -0.067282 0.278213 0.474594
v -0.041467 0.278213 0.474594
v -0.041467 0.278213 0.474594
v -0.039594 0.275405 0.474594
v -0.039594 0.249188 0.474594
v -0.067282 0.278213 0.474594
v -0.067282 -0.124936 0.474594
v -0.023008 -0.125739 0.473792
v -0.069422 0.018186 0.742514
v -0.002275 0.032364 0.755889
v -0.002275 0.018186 0.742514
v -0.069690 0.032364 0.755889
v -0.054843 0.033167 0.776221
v -0.002275 0.033167 0.776221
v -0.069422 0.004676 0.698507
v -0.041868 -0.092566 0.699443
v -0.041333 0.004676 0.698507
v -0.069289 -0.092566 0.699443
v -0.069289 -0.107012 0.681519
v -0.041467 -0.107012 0.681519
v -0.066614 -0.171083 0.611430
v -0.037855 -0.195293 0.608754
v -0.066614 -0.195293 0.608754
v -0.034779 -0.171083 0.611430
v -0.035314 -0.113834 0.651423
v -0.066614 -0.113834 0.651423
v -0.036384 -0.014986 0.653163
v -0.066614 -0.014986 0.653163
v -0.065008 0.008154 0.664666
v -0.035983 0.008154 0.664666
v -0.066614 -0.486754 0.609958
v -0.034110 -0.503073 0.599525
v -0.069556 -0.503741 0.597117
v -0.034110 -0.488359 0.609958
v -0.035983 -0.412250 0.610627
v -0.066614 -0.412250 0.610627
v -0.038524 -0.347511 0.661990
v -0.069155 -0.347511 0.661990
v -0.039059 -0.226727 0.661990
v -0.069690 -0.226727 0.661990
v -0.069690 -0.210408 0.668010
v -0.039059 -0.210408 0.668010
v -0.067282 -0.499327 0.574512
v -0.034110 -0.527015 0.609557
v -0.034110 -0.499327 0.574512
v -0.067282 -0.527015 0.609557
v -0.067550 -0.521799 0.696634
v -0.033174 -0.522735 0.698908
v -0.067550 -0.520461 0.711214
v -0.033174 -0.522200 0.710812
v -0.065543 -0.520060 0.714558
v -0.056849 -0.520327 0.717367
v -0.033174 -0.521130 0.719105
v -0.069556 -0.210274 0.648882
v -0.042002 -0.342963 0.648615
v -0.041734 -0.210274 0.648882
v -0.069824 -0.342963 0.648615
v -0.066614 -0.386569 0.610761
v -0.038792 -0.386569 0.610761
v 0.064738 0.018186 0.742514
v -0.002275 0.018186 0.742514
v -0.002275 0.032364 0.755889
v 0.065005 0.032364 0.755889
v 0.050158 0.033167 0.776221
v -0.002275 0.033167 0.776221
v 0.064738 0.004676 0.698507
v 0.036648 0.004676 0.698507
v 0.037183 -0.092566 0.699443
v 0.064604 -0.092566 0.699443
v 0.064604 -0.107012 0.681519
v 0.036782 -0.107012 0.681519
v 0.061929 -0.171083 0.611430
v 0.061929 -0.195293 0.608754
v 0.033171 -0.195293 0.608754
v 0.030094 -0.171083 0.611430
v 0.030629 -0.113834 0.651423
v 0.061929 -0.113834 0.651423
v 0.031699 -0.014986 0.653163
v 0.061929 -0.014986 0.653163
v 0.060324 0.008154 0.664666
v 0.031432 0.008154 0.664666
v 0.061929 -0.486754 0.609958
v 0.064872 -0.503741 0.597117
v 0.029559 -0.503073 0.599525
v 0.029559 -0.488359 0.609958
v 0.031298 -0.412250 0.610627
v 0.061929 -0.412250 0.610627
v 0.033839 -0.347511 0.661990
v 0.064604 -0.347511 0.661990
v 0.034374 -0.226727 0.661990
v 0.065139 -0.226727 0.661990
v 0.065005 -0.210408 0.668010
v 0.034374 -0.210408 0.668010
v 0.062598 -0.499327 0.574512
v 0.029559 -0.499327 0.574512
v 0.029559 -0.527015 0.609557
v 0.062598 -0.527015 0.609557
v 0.062999 -0.521799 0.696634
v 0.028489 -0.522735 0.698908
v 0.062865 -0.520461 0.711214
v 0.028489 -0.522200 0.710812
v 0.060859 -0.520060 0.714558
v 0.052164 -0.520327 0.717367
v 0.028489 -0.521130 0.719105
v 0.064872 -0.210274 0.648882
v 0.037050 -0.210274 0.648882
v 0.037317 -0.342963 0.648615
v 0.065139 -0.342963 0.648615
v 0.061929 -0.386569 0.610761
v 0.034107 -0.386569 0.610761
v 0.064738 -0.442747 0.541474
v 0.031031 -0.442747 0.541474
v 0.031031 -0.357543 0.541474
v 0.064872 -0.357543 0.541474
v 0.064604 -0.351524 0.543079
v 0.031031 -0.351524 0.543079
v 0.051897 -0.411581 0.497066
v 0.031699 -0.387237 0.455467
v 0.031031 -0.411581 0.497066
v 0.025011 -0.387237 0.455467
v 0.025814 -0.385498 0.456403
v 0.032368 -0.385498 0.456403
v 0.031031 -0.442480 0.520206
v 0.031031 -0.442747 0.541474
v 0.064738 -0.442747 0.541474
v 0.065407 -0.442480 0.520206
v 0.064738 -0.447429 0.500142
v 0.031031 -0.447429 0.500142
v 0.038655 -0.193019 0.767928
v -0.002275 -0.193019 0.767928
v -0.002275 -0.190210 0.770736
v 0.038922 -0.190210 0.770736
v 0.043871 -0.193019 0.766456
v -0.002275 -0.152089 0.770736
v -0.002275 -0.149414 0.767928
v 0.038655 -0.149414 0.767928
v 0.045075 -0.190210 0.768998
v 0.038922 -0.152089 0.770736
v 0.043871 -0.149414 0.766456
v 0.050158 -0.190210 0.764851
v 0.048018 -0.193019 0.763112
v 0.045075 -0.152089 0.768998
v 0.050158 -0.152089 0.764851
v 0.048018 -0.149414 0.763112
v 0.054438 -0.190210 0.758564
v 0.052164 -0.193019 0.757227
v 0.054037 -0.193019 0.752813
v 0.054438 -0.152089 0.758698
v 0.052031 -0.149414 0.757227
v 0.054037 -0.149414 0.752813
v 0.056712 -0.190210 0.753615
v 0.056578 -0.152089 0.753615
v 0.057649 -0.190210 0.748399
v 0.054840 -0.193019 0.748131
v 0.057515 -0.152089 0.748399
v 0.054840 -0.149414 0.748265
v 0.057649 -0.190210 0.727666
v 0.054973 -0.193019 0.727265
v 0.057649 -0.152089 0.727532
v 0.054973 -0.149414 0.727265
v 0.057782 -0.189542 0.724188
v 0.054973 -0.192083 0.723118
v 0.054973 -0.189675 0.719507
v 0.057649 -0.152758 0.724188
v 0.054973 -0.150216 0.723118
v 0.057782 -0.187803 0.721513
v 0.054973 -0.186198 0.717099
v 0.057649 -0.154497 0.721513
v 0.054973 -0.152624 0.719507
v 0.057782 -0.185128 0.719774
v 0.054973 -0.181917 0.716297
v 0.057782 -0.157172 0.719774
v 0.054973 -0.156236 0.717099
v 0.057782 -0.181650 0.718972
v 0.054973 -0.160382 0.716297
v 0.057782 -0.160650 0.718972
v 0.038655 -0.256421 0.767928
v -0.002275 -0.256421 0.767928
v -0.002275 -0.253612 0.770736
v 0.038922 -0.253612 0.770736
v 0.043871 -0.256421 0.766456
v -0.002275 -0.215491 0.770736
v -0.002275 -0.212816 0.767928
v 0.038655 -0.212816 0.767928
v 0.045075 -0.253612 0.768998
v 0.038922 -0.215491 0.770736
v 0.043871 -0.212816 0.766456
v 0.050158 -0.253612 0.764851
v 0.048018 -0.256421 0.763112
v 0.045075 -0.215491 0.768998
v 0.050158 -0.215491 0.764851
v 0.048018 -0.212816 0.763112
v 0.054438 -0.253612 0.758698
v 0.052164 -0.256421 0.757227
v 0.054171 -0.256421 0.752813
v 0.054438 -0.215491 0.758698
v 0.052164 -0.212816 0.757227
v 0.054037 -0.212816 0.752813
v 0.056712 -0.253612 0.753749
v 0.056712 -0.215491 0.753749
v 0.057649 -0.253612 0.748399
v 0.054973 -0.256421 0.748131
v 0.057649 -0.215491 0.748399
v 0.054973 -0.212816 0.748131
v 0.057782 -0.253612 0.727532
v 0.055107 -0.256421 0.727265
v 0.057782 -0.215491 0.727532
v 0.054973 -0.212816 0.727265
v 0.057782 -0.252943 0.724188
v 0.055107 -0.255485 0.723118
v 0.055107 -0.253211 0.719507
v 0.057782 -0.216160 0.724188
v 0.054973 -0.213618 0.723118
v 0.057782 -0.251204 0.721513
v 0.055107 -0.249599 0.717099
v 0.057782 -0.218032 0.721513
v 0.054973 -0.216026 0.719507
v 0.055107 -0.219637 0.717099
v 0.057782 -0.248529 0.719641
v 0.055107 -0.245319 0.716297
v 0.057782 -0.220707 0.719641
v 0.055107 -0.223784 0.716297
v 0.057782 -0.245052 0.718972
v 0.057782 -0.224051 0.718972
v -0.002275 -0.319823 0.767928
v -0.002275 -0.317014 0.770736
v 0.038655 -0.319823 0.767928
v 0.038922 -0.317014 0.770736
v -0.002275 -0.278893 0.770736
v 0.043871 -0.319823 0.766590
v -0.002275 -0.276217 0.767928
v 0.038655 -0.276217 0.767928
v 0.038922 -0.278893 0.770736
v 0.043871 -0.276217 0.766590
v 0.045075 -0.317014 0.768998
v 0.045075 -0.278893 0.768998
v 0.050158 -0.317014 0.764851
v 0.048018 -0.319823 0.763112
v 0.050158 -0.278893 0.764851
v 0.048018 -0.276217 0.763112
v 0.054572 -0.317014 0.758698
v 0.052164 -0.319823 0.757227
v 0.054305 -0.319823 0.752813
v 0.054438 -0.278893 0.758698
v 0.052164 -0.276217 0.757227
v 0.054171 -0.276217 0.752946
v 0.056846 -0.317014 0.753749
v 0.056846 -0.278893 0.753749
v 0.057782 -0.317014 0.748265
v 0.055107 -0.319823 0.748131
v 0.057782 -0.278893 0.748399
v 0.054973 -0.276217 0.748131
v 0.057782 -0.317014 0.727532
v 0.055107 -0.319823 0.727265
v 0.057782 -0.278893 0.727532
v 0.055107 -0.276217 0.727265
v 0.057916 -0.316345 0.724188
v 0.055107 -0.319020 0.723118
v 0.055107 -0.316613 0.719507
v 0.057782 -0.279561 0.724188
v 0.055107 -0.277020 0.723118
v 0.057916 -0.314606 0.721513
v 0.055107 -0.313001 0.717099
v 0.057782 -0.281434 0.721513
v 0.055107 -0.279428 0.719507
v 0.057916 -0.311931 0.719641
v 0.055107 -0.308721 0.716297
v 0.057782 -0.284109 0.719641
v 0.055107 -0.283039 0.717099
v 0.055107 -0.287186 0.716297
v 0.057916 -0.308453 0.718972
v 0.057782 -0.287453 0.718972
v 0.038655 -0.383225 0.767928
v -0.002275 -0.383225 0.767928
v -0.002275 -0.380549 0.770736
v 0.038922 -0.380549 0.770736
v 0.043871 -0.383225 0.766590
v -0.002275 -0.342428 0.770736
v -0.002275 -0.339619 0.767928
v 0.038655 -0.339619 0.767928
v 0.038922 -0.342428 0.770736
v 0.043871 -0.339619 0.766590
v 0.045075 -0.380549 0.768998
v 0.045075 -0.342428 0.768998
v 0.050158 -0.380549 0.764985
v 0.048018 -0.383225 0.763112
v 0.050158 -0.342428 0.764851
v 0.048018 -0.339619 0.763112
v 0.054572 -0.380549 0.758698
v 0.052298 -0.383225 0.757227
v 0.054305 -0.383225 0.752946
v 0.054572 -0.342294 0.758698
v 0.052164 -0.339619 0.757227
v 0.054305 -0.339619 0.752946
v 0.056980 -0.380549 0.753749
v 0.056846 -0.342294 0.753749
v 0.057916 -0.380549 0.748265
v 0.055107 -0.383225 0.748131
v 0.057782 -0.342294 0.748265
v 0.055107 -0.339619 0.748131
v 0.057916 -0.380549 0.727532
v 0.055241 -0.383225 0.727265
v 0.057916 -0.342294 0.727532
v 0.055107 -0.339619 0.727265
v 0.057916 -0.379747 0.724188
v 0.055241 -0.382422 0.723118
v 0.055241 -0.380014 0.719507
v 0.057916 -0.343097 0.724188
v 0.055107 -0.340422 0.723118
v 0.055107 -0.342829 0.719507
v 0.057916 -0.378008 0.721513
v 0.055241 -0.376403 0.717099
v 0.057916 -0.344836 0.721513
v 0.055107 -0.346441 0.717099
v 0.057916 -0.375333 0.719641
v 0.055241 -0.372256 0.716297
v 0.057916 -0.347511 0.719641
v 0.055107 -0.350721 0.716297
v 0.057916 -0.371989 0.718972
v 0.057916 -0.350989 0.718972
v -0.002275 -0.446626 0.767928
v -0.002275 -0.443951 0.770736
v 0.038655 -0.446626 0.767928
v 0.038922 -0.443951 0.770736
v -0.002275 -0.405830 0.770736
v 0.043871 -0.446626 0.766590
v -0.002275 -0.403021 0.767928
v 0.038655 -0.403021 0.767928
v 0.045075 -0.443951 0.768998
v 0.038922 -0.405830 0.770736
v 0.043871 -0.403021 0.766590
v 0.050158 -0.443951 0.764985
v 0.048018 -0.446626 0.763246
v 0.045075 -0.405830 0.768998
v 0.050158 -0.405830 0.764985
v 0.048018 -0.403021 0.763246
v 0.054572 -0.443951 0.758698
v 0.052298 -0.446626 0.757227
v 0.054438 -0.446626 0.752946
v 0.054572 -0.405830 0.758698
v 0.052298 -0.403021 0.757227
v 0.054305 -0.403021 0.752946
v 0.056980 -0.443951 0.753749
v 0.056980 -0.405830 0.753749
v 0.057916 -0.443951 0.748265
v 0.055241 -0.446626 0.748131
v 0.057916 -0.405830 0.748265
v 0.055241 -0.403021 0.748131
v 0.057916 -0.443951 0.727532
v 0.055241 -0.446626 0.727265
v 0.057916 -0.405830 0.727532
v 0.055241 -0.403021 0.727265
v 0.057916 -0.443282 0.724188
v 0.055241 -0.445824 0.723118
v 0.055241 -0.443416 0.719507
v 0.057916 -0.406499 0.724188
v 0.055241 -0.403957 0.723118
v 0.057916 -0.441410 0.721513
v 0.055241 -0.439805 0.717099
v 0.055241 -0.406231 0.719507
v 0.057916 -0.438735 0.719641
v 0.055241 -0.435658 0.716297
v 0.057916 -0.408237 0.721513
v 0.057916 -0.410913 0.719641
v 0.055241 -0.409843 0.717099
v 0.057916 -0.435391 0.718972
v 0.055241 -0.414123 0.716297
v 0.057916 -0.414390 0.718972
v -0.002275 -0.190210 0.770736
v -0.002275 -0.193019 0.767928
v -0.043339 -0.193019 0.767928
v -0.043607 -0.190210 0.770736
v -0.048556 -0.193019 0.766456
v -0.002275 -0.152089 0.770736
v -0.002275 -0.149414 0.767928
v -0.043339 -0.149414 0.767928
v -0.043607 -0.152089 0.770736
v -0.048556 -0.149414 0.766456
v -0.049760 -0.190210 0.768998
v -0.049760 -0.152089 0.768998
v -0.054843 -0.190210 0.764851
v -0.052703 -0.193019 0.763112
v -0.054843 -0.152089 0.764851
v -0.052703 -0.149414 0.763112
v -0.059123 -0.190210 0.758564
v -0.056715 -0.193019 0.757227
v -0.059123 -0.152089 0.758698
v -0.056715 -0.149414 0.757227
v -0.058722 -0.193019 0.752813
v -0.058722 -0.149414 0.752813
v -0.061397 -0.190210 0.753615
v -0.061263 -0.152089 0.753615
v -0.062333 -0.190210 0.748399
v -0.059524 -0.193019 0.748131
v -0.062199 -0.152089 0.748399
v -0.059524 -0.149414 0.748265
v -0.062333 -0.190210 0.727666
v -0.059658 -0.193019 0.727265
v -0.062333 -0.152089 0.727532
v -0.059658 -0.149414 0.727265
v -0.062333 -0.189542 0.724188
v -0.059658 -0.192083 0.723118
v -0.059658 -0.189675 0.719507
v -0.062333 -0.152758 0.724188
v -0.059658 -0.150216 0.723118
v -0.062467 -0.187803 0.721513
v -0.059658 -0.186198 0.717099
v -0.062333 -0.154497 0.721513
v -0.059658 -0.152624 0.719507
v -0.062467 -0.185128 0.719774
v -0.059658 -0.181917 0.716297
v -0.062333 -0.157172 0.719774
v -0.059658 -0.156236 0.717099
v -0.062467 -0.181650 0.718972
v -0.059658 -0.160382 0.716297
v -0.062333 -0.160650 0.718972
v -0.002275 -0.253612 0.770736
v -0.002275 -0.256421 0.767928
v -0.043339 -0.256421 0.767928
v -0.043607 -0.253612 0.770736
v -0.048556 -0.256421 0.766456
v -0.002275 -0.215491 0.770736
v -0.002275 -0.212816 0.767928
v -0.043339 -0.212816 0.767928
v -0.043607 -0.215491 0.770736
v -0.048556 -0.212816 0.766456
v -0.049760 -0.253612 0.768998
v -0.049760 -0.215491 0.768998
v -0.054843 -0.253612 0.764851
v -0.052703 -0.256421 0.763112
v -0.054843 -0.215491 0.764851
v -0.052703 -0.212816 0.763112
v -0.059123 -0.253612 0.758698
v -0.056849 -0.256421 0.757227
v -0.059123 -0.215491 0.758698
v -0.056715 -0.212816 0.757227
v -0.058856 -0.256421 0.752813
v -0.058722 -0.212816 0.752813
v -0.061397 -0.253612 0.753749
v -0.061397 -0.215491 0.753749
v -0.062333 -0.253612 0.748399
v -0.059658 -0.256421 0.748131
v -0.062333 -0.215491 0.748399
v -0.059524 -0.212816 0.748131
v -0.062467 -0.253612 0.727532
v -0.059658 -0.256421 0.727265
v -0.062467 -0.215491 0.727532
v -0.059658 -0.212816 0.727265
v -0.062467 -0.252943 0.724188
v -0.059792 -0.255485 0.723118
v -0.059792 -0.253211 0.719507
v -0.062467 -0.216160 0.724188
v -0.059658 -0.213618 0.723118
v -0.062467 -0.251204 0.721513
v -0.059792 -0.249599 0.717099
v -0.062467 -0.218032 0.721513
v -0.059658 -0.216026 0.719507
v -0.059792 -0.219637 0.717099
v -0.062467 -0.248529 0.719641
v -0.059792 -0.245319 0.716297
v -0.062467 -0.220707 0.719641
v -0.059792 -0.223784 0.716297
v -0.062467 -0.245052 0.718972
v -0.062467 -0.224051 0.718972
v -0.002275 -0.319823 0.767928
v -0.043339 -0.319823 0.767928
v -0.002275 -0.317014 0.770736
v -0.043607 -0.317014 0.770736
v -0.048556 -0.319823 0.766590
v -0.002275 -0.278893 0.770736
v -0.043339 -0.276217 0.767928
v -0.002275 -0.276217 0.767928
v -0.043607 -0.278893 0.770736
v -0.048556 -0.276217 0.766590
v -0.049760 -0.317014 0.768998
v -0.049760 -0.278893 0.768998
v -0.054843 -0.317014 0.764851
v -0.052703 -0.319823 0.763112
v -0.054843 -0.278893 0.764851
v -0.052703 -0.276217 0.763112
v -0.059257 -0.317014 0.758698
v -0.056849 -0.319823 0.757227
v -0.059123 -0.278893 0.758698
v -0.056849 -0.276217 0.757227
v -0.058856 -0.319823 0.752813
v -0.058856 -0.276217 0.752946
v -0.061531 -0.317014 0.753749
v -0.061397 -0.278893 0.753749
v -0.062467 -0.317014 0.748265
v -0.059792 -0.319823 0.748131
v -0.062467 -0.278893 0.748399
v -0.059658 -0.276217 0.748131
v -0.062467 -0.317014 0.727532
v -0.059792 -0.319823 0.727265
v -0.062467 -0.278893 0.727532
v -0.059792 -0.276217 0.727265
v -0.062467 -0.316345 0.724188
v -0.059792 -0.319020 0.723118
v -0.059792 -0.316613 0.719507
v -0.062467 -0.279561 0.724188
v -0.059792 -0.277020 0.723118
v -0.062467 -0.314606 0.721513
v -0.059792 -0.313001 0.717099
v -0.062467 -0.281434 0.721513
v -0.059792 -0.279428 0.719507
v -0.062467 -0.311931 0.719641
v -0.059792 -0.308721 0.716297
v -0.062467 -0.284109 0.719641
v -0.059792 -0.283039 0.717099
v -0.059792 -0.287186 0.716297
v -0.062467 -0.308453 0.718972
v -0.062467 -0.287453 0.718972
v -0.002275 -0.380549 0.770736
v -0.002275 -0.383225 0.767928
v -0.043339 -0.383225 0.767928
v -0.043607 -0.380549 0.770736
v -0.048556 -0.383225 0.766590
v -0.002275 -0.342428 0.770736
v -0.043339 -0.339619 0.767928
v -0.002275 -0.339619 0.767928
v -0.043607 -0.342428 0.770736
v -0.048556 -0.339619 0.766590
v -0.049760 -0.380549 0.768998
v -0.049760 -0.342428 0.768998
v -0.054843 -0.380549 0.764985
v -0.052703 -0.383225 0.763112
v -0.054843 -0.342428 0.764851
v -0.052703 -0.339619 0.763112
v -0.059257 -0.380549 0.758698
v -0.056983 -0.383225 0.757227
v -0.059257 -0.342294 0.758698
v -0.056849 -0.339619 0.757227
v -0.058989 -0.383225 0.752946
v -0.058989 -0.339619 0.752946
v -0.061531 -0.380549 0.753749
v -0.061531 -0.342294 0.753749
v -0.062601 -0.380549 0.748265
v -0.059792 -0.383225 0.748131
v -0.062467 -0.342294 0.748265
v -0.059792 -0.339619 0.748131
v -0.062601 -0.380549 0.727532
v -0.059792 -0.383225 0.727265
v -0.062601 -0.342294 0.727532
v -0.059792 -0.339619 0.727265
v -0.062601 -0.379747 0.724188
v -0.059926 -0.382422 0.723118
v -0.059926 -0.380014 0.719507
v -0.062601 -0.343097 0.724188
v -0.059792 -0.340422 0.723118
v -0.059792 -0.342829 0.719507
v -0.062601 -0.378008 0.721513
v -0.059926 -0.376403 0.717099
v -0.062601 -0.344836 0.721513
v -0.059792 -0.346441 0.717099
v -0.062601 -0.375333 0.719641
v -0.059926 -0.372256 0.716297
v -0.062601 -0.347511 0.719641
v -0.059792 -0.350721 0.716297
v -0.062601 -0.371989 0.718972
v -0.062601 -0.350989 0.718972
v -0.002275 -0.446626 0.767928
v -0.043339 -0.446626 0.767928
v -0.002275 -0.443951 0.770736
v -0.043607 -0.443951 0.770736
v -0.048556 -0.446626 0.766590
v -0.002275 -0.405830 0.770736
v -0.002275 -0.403021 0.767928
v -0.043339 -0.403021 0.767928
v -0.043607 -0.405830 0.770736
v -0.048556 -0.403021 0.766590
v -0.049760 -0.443951 0.768998
v -0.049760 -0.405830 0.768998
v -0.054843 -0.443951 0.764985
v -0.052703 -0.446626 0.763246
v -0.054843 -0.405830 0.764985
v -0.052703 -0.403021 0.763246
v -0.059257 -0.443951 0.758698
v -0.056983 -0.446626 0.757227
v -0.059257 -0.405830 0.758698
v -0.056983 -0.403021 0.757227
v -0.059123 -0.446626 0.752946
v -0.058989 -0.403021 0.752946
v -0.061664 -0.443951 0.753749
v -0.061664 -0.405830 0.753749
v -0.062601 -0.443951 0.748265
v -0.059926 -0.446626 0.748131
v -0.062601 -0.405830 0.748265
v -0.059792 -0.403021 0.748131
v -0.062601 -0.443951 0.727532
v -0.059926 -0.446626 0.727265
v -0.062601 -0.405830 0.727532
v -0.059926 -0.403021 0.727265
v -0.062601 -0.443282 0.724188
v -0.059926 -0.445824 0.723118
v -0.059926 -0.443416 0.719507
v -0.062601 -0.406499 0.724188
v -0.059926 -0.403957 0.723118
v -0.062601 -0.441410 0.721513
v -0.059926 -0.439805 0.717099
v -0.059926 -0.406231 0.719507
v -0.062601 -0.438735 0.719641
v -0.059926 -0.435658 0.716297
v -0.062601 -0.408237 0.721513
v -0.062601 -0.410913 0.719641
v -0.059926 -0.409843 0.717099
v -0.062601 -0.435391 0.718972
v -0.059926 -0.414123 0.716297
v -0.062601 -0.414390 0.718972
v -0.002275 0.283831 0.484894
v 0.006820 0.282360 0.484894
v -0.002275 0.283831 0.613035
v 0.006820 0.282360 0.613035
v 0.014979 0.277946 0.484894
v -0.002275 0.281959 0.642061
v 0.014979 0.277946 0.613035
v 0.021534 0.271124 0.484894
v 0.006285 0.280621 0.642061
v -0.002275 0.277277 0.676035
v 0.021534 0.271124 0.613035
v 0.025814 0.262697 0.484894
v 0.014043 0.276475 0.642061
v 0.004814 0.276207 0.676035
v -0.002275 0.264570 0.724055
v 0.025814 0.262697 0.613035
v 0.027152 0.253201 0.484894
v 0.020196 0.270188 0.642061
v 0.011368 0.272729 0.676035
v 0.001069 0.264035 0.724055
v -0.002275 0.258150 0.747195
v 0.027152 0.253201 0.613035
v 0.025814 0.243837 0.484894
v -0.000938 0.257882 0.747195
v -0.002275 0.257080 0.748800
v 0.004145 0.262430 0.724055
v 0.016585 0.267379 0.676035
v 0.024075 0.262162 0.642061
v -0.001205 0.256812 0.748800
v -0.002275 0.255341 0.750272
v 0.000400 0.257213 0.747195
v 0.006553 0.259888 0.724055
v -0.001740 0.255207 0.750272
v 0.019795 0.260691 0.676035
v -0.002275 0.253201 0.750405
v -0.000135 0.256277 0.748800
v 0.001470 0.256143 0.747195
v -0.001072 0.254939 0.750272
v 0.000667 0.255474 0.748800
v 0.008158 0.256678 0.724055
v -0.000670 0.254538 0.750272
v 0.002139 0.254672 0.747195
v 0.001202 0.254404 0.748800
v -0.000403 0.253869 0.750272
v 0.002406 0.253201 0.747195
v 0.001336 0.253201 0.748800
v 0.008693 0.253201 0.724055
v -0.000269 0.253201 0.750272
v -0.000403 0.252532 0.750272
v 0.001202 0.251997 0.748800
v 0.002139 0.251729 0.747195
v 0.020999 0.253201 0.676035
v -0.000670 0.251997 0.750272
v 0.000667 0.250927 0.748800
v -0.001072 0.251462 0.750272
v -0.001740 0.251194 0.750272
v -0.002275 0.251060 0.750272
v -0.000135 0.250124 0.748800
v -0.001205 0.249589 0.748800
v -0.002275 0.249455 0.748800
v 0.001470 0.250392 0.747195
v 0.000400 0.249322 0.747195
v -0.000938 0.248653 0.747195
v -0.002275 0.248385 0.747195
v 0.008158 0.249723 0.724055
v 0.001069 0.242366 0.724055
v -0.002275 0.241831 0.724055
v 0.006553 0.246513 0.724055
v 0.004145 0.243971 0.724055
v 0.019795 0.245710 0.676035
v 0.016585 0.239022 0.676035
v 0.011368 0.233672 0.676035
v 0.004814 0.230328 0.676035
v -0.002275 0.229124 0.676035
v 0.025413 0.253201 0.642061
v 0.024075 0.244372 0.642061
v 0.025814 0.243837 0.613035
v 0.021534 0.235277 0.484894
v 0.020196 0.236347 0.642061
v 0.021534 0.235277 0.613035
v 0.014979 0.228455 0.484894
v 0.014043 0.229926 0.642061
v 0.014979 0.228455 0.613035
v 0.006820 0.224175 0.484894
v 0.006285 0.225914 0.642061
v -0.002275 0.224442 0.642061
v -0.002275 0.222703 0.613035
v 0.006820 0.224175 0.613035
v -0.002275 0.222703 0.484894
v -0.002275 0.283831 0.484894
v -0.002275 0.280086 0.481282
v 0.006820 0.282360 0.484894
v 0.005750 0.278748 0.481282
v 0.014979 0.277946 0.484894
v -0.002275 0.253201 0.480346
v 0.012973 0.275003 0.481282
v 0.021534 0.271124 0.484894
v 0.018725 0.268984 0.481282
v 0.025814 0.262697 0.484894
v 0.022336 0.261494 0.481282
v 0.027152 0.253201 0.484894
v 0.023674 0.253201 0.481282
v 0.022336 0.244907 0.481282
v 0.025814 0.243837 0.484894
v 0.018725 0.237417 0.481282
v 0.021534 0.235277 0.484894
v 0.012973 0.231398 0.481282
v 0.014979 0.228455 0.484894
v 0.005750 0.227653 0.481282
v -0.002275 0.226315 0.481282
v 0.006820 0.224175 0.484894
v -0.002275 0.222703 0.484894
v -0.002275 0.283831 0.484894
v -0.002275 0.283831 0.613035
v -0.011505 0.282360 0.484894
v -0.011505 0.282360 0.613035
v -0.002275 0.281959 0.642061
v -0.019664 0.277946 0.484894
v -0.010970 0.280621 0.642061
v -0.002275 0.277277 0.676035
v -0.019664 0.277946 0.613035
v -0.026218 0.271124 0.484894
v -0.009498 0.276207 0.676035
v -0.002275 0.264570 0.724055
v -0.018728 0.276475 0.642061
v -0.026218 0.271124 0.613035
v -0.030499 0.262697 0.484894
v -0.005753 0.264035 0.724055
v -0.002275 0.258150 0.747195
v -0.016053 0.272729 0.676035
v -0.024881 0.270188 0.642061
v -0.030499 0.262697 0.613035
v -0.031836 0.253201 0.484894
v -0.003747 0.257882 0.747195
v -0.002275 0.257080 0.748800
v -0.031836 0.253201 0.613035
v -0.030499 0.243837 0.484894
v -0.028760 0.262162 0.642061
v -0.021135 0.267379 0.676035
v -0.008830 0.262430 0.724055
v -0.024479 0.260691 0.676035
v -0.011237 0.259888 0.724055
v -0.005084 0.257213 0.747195
v -0.003479 0.256812 0.748800
v -0.002275 0.255341 0.750272
v -0.006154 0.256143 0.747195
v -0.002944 0.255207 0.750272
v -0.004549 0.256277 0.748800
v -0.002275 0.253201 0.750405
v -0.003613 0.254939 0.750272
v -0.005352 0.255474 0.748800
v -0.012842 0.256678 0.724055
v -0.004014 0.254538 0.750272
v -0.006823 0.254672 0.747195
v -0.005887 0.254404 0.748800
v -0.004282 0.253869 0.750272
v -0.007091 0.253201 0.747195
v -0.006021 0.253201 0.748800
v -0.013377 0.253201 0.724055
v -0.004416 0.253201 0.750272
v -0.004282 0.252532 0.750272
v -0.005887 0.251997 0.748800
v -0.006823 0.251729 0.747195
v -0.025683 0.253201 0.676035
v -0.004014 0.251997 0.750272
v -0.005352 0.250927 0.748800
v -0.003613 0.251462 0.750272
v -0.002944 0.251194 0.750272
v -0.002275 0.251060 0.750272
v -0.004549 0.250124 0.748800
v -0.003479 0.249589 0.748800
v -0.002275 0.249455 0.748800
v -0.006154 0.250392 0.747195
v -0.005084 0.249322 0.747195
v -0.003747 0.248653 0.747195
v -0.002275 0.248385 0.747195
v -0.012842 0.249723 0.724055
v -0.011237 0.246513 0.724055
v -0.008830 0.243971 0.724055
v -0.005753 0.242366 0.724055
v -0.002275 0.241831 0.724055
v -0.024479 0.245710 0.676035
v -0.009498 0.230328 0.676035
v -0.002275 0.229124 0.676035
v -0.016053 0.233672 0.676035
v -0.021135 0.239022 0.676035
v -0.010970 0.225914 0.642061
v -0.002275 0.224442 0.642061
v -0.002275 0.222703 0.613035
v -0.018728 0.229926 0.642061
v -0.024881 0.236347 0.642061
v -0.028760 0.244372 0.642061
v -0.030097 0.253201 0.642061
v -0.030499 0.243837 0.613035
v -0.026218 0.235277 0.484894
v -0.026218 0.235277 0.613035
v -0.019664 0.228455 0.484894
v -0.019664 0.228455 0.613035
v -0.011505 0.224175 0.484894
v -0.011505 0.224175 0.613035
v -0.002275 0.222703 0.484894
v -0.002275 0.283831 0.484894
v -0.011505 0.282360 0.484894
v -0.002275 0.280086 0.481282
v -0.010435 0.278748 0.481282
v -0.019664 0.277946 0.484894
v -0.002275 0.253201 0.480346
v -0.017658 0.275003 0.481282
v -0.026218 0.271124 0.484894
v -0.023409 0.268984 0.481282
v -0.030499 0.262697 0.484894
v -0.027021 0.261494 0.481282
v -0.031836 0.253201 0.484894
v -0.028358 0.253201 0.481282
v -0.027021 0.244907 0.481282
v -0.030499 0.243837 0.484894
v -0.023409 0.237417 0.481282
v -0.026218 0.235277 0.484894
v -0.017658 0.231398 0.481282
v -0.019664 0.228455 0.484894
v -0.010435 0.227653 0.481282
v -0.002275 0.226315 0.481282
v -0.011505 0.224175 0.484894
v -0.002275 0.222703 0.484894
v -0.068352 -0.198102 0.474059
v -0.069289 -0.192217 0.473792
v -0.069155 -0.084407 0.554448
v -0.069824 -0.080528 0.552308
v -0.069556 -0.175631 0.474327
v -0.069021 -0.024483 0.596984
v -0.069556 -0.091229 0.532913
v -0.067416 -0.169612 0.473792
v -0.067550 -0.089757 0.529703
v -0.067817 -0.071165 0.542945
v -0.069824 -0.021808 0.593506
v -0.069556 -0.071700 0.546690
v -0.069824 0.016180 0.620124
v -0.068486 0.014441 0.624003
v -0.069556 0.094696 0.621060
v -0.067282 0.106467 0.624271
v -0.067684 -0.011375 0.542945
v -0.069422 -0.011107 0.546690
v 0.063668 -0.198102 0.474059
v 0.064470 -0.084407 0.554448
v 0.064604 -0.192217 0.473792
v 0.065139 -0.080528 0.552308
v 0.065005 -0.175631 0.474327
v 0.064336 -0.024483 0.596984
v 0.065005 -0.091229 0.532913
v 0.062731 -0.169612 0.473792
v 0.062865 -0.089757 0.529703
v 0.063133 -0.071165 0.542945
v 0.064872 -0.071700 0.546690
v 0.065139 -0.021808 0.593506
v 0.064738 -0.011107 0.546690
v 0.062999 -0.011375 0.542945
v 0.064872 0.094696 0.621060
v 0.062598 0.106467 0.624271
v 0.063801 0.014441 0.624003
v 0.065139 0.016180 0.620124
v 0.038655 -0.193019 0.767928
v -0.002275 -0.193019 0.767928
v -0.002275 -0.190210 0.770736
v 0.038922 -0.190210 0.770736
v 0.043871 -0.193019 0.766456
v -0.002275 -0.152089 0.770736
v -0.002275 -0.149414 0.767928
v 0.038655 -0.149414 0.767928
v 0.045075 -0.190210 0.768998
v 0.038922 -0.152089 0.770736
v 0.043871 -0.149414 0.766456
v 0.050158 -0.190210 0.764851
v 0.048018 -0.193019 0.763112
v 0.045075 -0.152089 0.768998
v 0.050158 -0.152089 0.764851
v 0.048018 -0.149414 0.763112
v 0.054438 -0.190210 0.758564
v 0.052164 -0.193019 0.757227
v 0.054037 -0.193019 0.752813
v 0.054438 -0.152089 0.758698
v 0.052031 -0.149414 0.757227
v 0.054037 -0.149414 0.752813
v 0.056712 -0.190210 0.753615
v 0.056578 -0.152089 0.753615
v 0.057649 -0.190210 0.748399
v 0.054840 -0.193019 0.748131
v 0.057515 -0.152089 0.748399
v 0.054840 -0.149414 0.748265
v 0.057649 -0.190210 0.727666
v 0.054973 -0.193019 0.727265
v 0.057649 -0.152089 0.727532
v 0.054973 -0.149414 0.727265
v 0.057782 -0.189542 0.724188
v 0.054973 -0.192083 0.723118
v 0.054973 -0.189675 0.719507
v 0.057649 -0.152758 0.724188
v 0.054973 -0.150216 0.723118
v 0.057782 -0.187803 0.721513
v 0.054973 -0.186198 0.717099
v 0.057649 -0.154497 0.721513
v 0.054973 -0.152624 0.719507
v 0.057782 -0.185128 0.719774
v 0.054973 -0.181917 0.716297
v 0.057782 -0.157172 0.719774
v 0.054973 -0.156236 0.717099
v 0.057782 -0.181650 0.718972
v 0.054973 -0.160382 0.716297
v 0.057782 -0.160650 0.718972
v 0.038655 -0.256421 0.767928
v -0.002275 -0.256421 0.767928
v -0.002275 -0.253612 0.770736
v 0.038922 -0.253612 0.770736
v 0.043871 -0.256421 0.766456
v -0.002275 -0.215491 0.770736
v -0.002275 -0.212816 0.767928
v 0.038655 -0.212816 0.767928
v 0.045075 -0.253612 0.768998
v 0.038922 -0.215491 0.770736
v 0.043871 -0.212816 0.766456
v 0.050158 -0.253612 0.764851
v 0.048018 -0.256421 0.763112
v 0.045075 -0.215491 0.768998
v 0.050158 -0.215491 0.764851
v 0.048018 -0.212816 0.763112
v 0.054438 -0.253612 0.758698
v 0.052164 -0.256421 0.757227
v 0.054171 -0.256421 0.752813
v 0.054438 -0.215491 0.758698
v 0.052164 -0.212816 0.757227
v 0.054037 -0.212816 0.752813
v 0.056712 -0.253612 0.753749
v 0.056712 -0.215491 0.753749
v 0.057649 -0.253612 0.748399
v 0.054973 -0.256421 0.748131
v 0.057649 -0.215491 0.748399
v 0.054973 -0.212816 0.748131
v 0.057782 -0.253612 0.727532
v 0.055107 -0.256421 0.727265
v 0.057782 -0.215491 0.727532
v 0.054973 -0.212816 0.727265
v 0.057782 -0.252943 0.724188
v 0.055107 -0.255485 0.723118
v 0.055107 -0.253211 0.719507
v 0.057782 -0.216160 0.724188
v 0.054973 -0.213618 0.723118
v 0.057782 -0.251204 0.721513
v 0.055107 -0.249599 0.717099
v 0.057782 -0.218032 0.721513
v 0.054973 -0.216026 0.719507
v 0.055107 -0.219637 0.717099
v 0.057782 -0.248529 0.719641
v 0.055107 -0.245319 0.716297
v 0.057782 -0.220707 0.719641
v 0.055107 -0.223784 0.716297
v 0.057782 -0.245052 0.718972
v 0.057782 -0.224051 0.718972
v -0.002275 -0.319823 0.767928
v -0.002275 -0.317014 0.770736
v 0.038655 -0.319823 0.767928
v 0.038922 -0.317014 0.770736
v -0.002275 -0.278893 0.770736
v 0.043871 -0.319823 0.766590
v -0.002275 -0.276217 0.767928
v 0.038655 -0.276217 0.767928
v 0.038922 -0.278893 0.770736
v 0.043871 -0.276217 0.766590
v 0.045075 -0.317014 0.768998
v 0.045075 -0.278893 0.768998
v 0.050158 -0.317014 0.764851
v 0.048018 -0.319823 0.763112
v 0.050158 -0.278893 0.764851
v 0.048018 -0.276217 0.763112
v 0.054572 -0.317014 0.758698
v 0.052164 -0.319823 0.757227
v 0.054305 -0.319823 0.752813
v 0.054438 -0.278893 0.758698
v 0.052164 -0.276217 0.757227
v 0.054171 -0.276217 0.752946
v 0.056846 -0.317014 0.753749
v 0.056846 -0.278893 0.753749
v 0.057782 -0.317014 0.748265
v 0.055107 -0.319823 0.748131
v 0.057782 -0.278893 0.748399
v 0.054973 -0.276217 0.748131
v 0.057782 -0.317014 0.727532
v 0.055107 -0.319823 0.727265
v 0.057782 -0.278893 0.727532
v 0.055107 -0.276217 0.727265
v 0.057916 -0.316345 0.724188
v 0.055107 -0.319020 0.723118
v 0.055107 -0.316613 0.719507
v 0.057782 -0.279561 0.724188
v 0.055107 -0.277020 0.723118
v 0.057916 -0.314606 0.721513
v 0.055107 -0.313001 0.717099
v 0.057782 -0.281434 0.721513
v 0.055107 -0.279428 0.719507
v 0.057916 -0.311931 0.719641
v 0.055107 -0.308721 0.716297
v 0.057782 -0.284109 0.719641
v 0.055107 -0.283039 0.717099
v 0.055107 -0.287186 0.716297
v 0.057916 -0.308453 0.718972
v 0.057782 -0.287453 0.718972
v 0.038655 -0.383225 0.767928
v -0.002275 -0.383225 0.767928
v -0.002275 -0.380549 0.770736
v 0.038922 -0.380549 0.770736
v 0.043871 -0.383225 0.766590
v -0.002275 -0.342428 0.770736
v -0.002275 -0.339619 0.767928
v 0.038655 -0.339619 0.767928
v 0.038922 -0.342428 0.770736
v 0.043871 -0.339619 0.766590
v 0.045075 -0.380549 0.768998
v 0.045075 -0.342428 0.768998
v 0.050158 -0.380549 0.764985
v 0.048018 -0.383225 0.763112
v 0.050158 -0.342428 0.764851
v 0.048018 -0.339619 0.763112
v 0.054572 -0.380549 0.758698
v 0.052298 -0.383225 0.757227
v 0.054305 -0.383225 0.752946
v 0.054572 -0.342294 0.758698
v 0.052164 -0.339619 0.757227
v 0.054305 -0.339619 0.752946
v 0.056980 -0.380549 0.753749
v 0.056846 -0.342294 0.753749
v 0.057916 -0.380549 0.748265
v 0.055107 -0.383225 0.748131
v 0.057782 -0.342294 0.748265
v 0.055107 -0.339619 0.748131
v 0.057916 -0.380549 0.727532
v 0.055241 -0.383225 0.727265
v 0.057916 -0.342294 0.727532
v 0.055107 -0.339619 0.727265
v 0.057916 -0.379747 0.724188
v 0.055241 -0.382422 0.723118
v 0.055241 -0.380014 0.719507
v 0.057916 -0.343097 0.724188
v 0.055107 -0.340422 0.723118
v 0.055107 -0.342829 0.719507
v 0.057916 -0.378008 0.721513
v 0.055241 -0.376403 0.717099
v 0.057916 -0.344836 0.721513
v 0.055107 -0.346441 0.717099
v 0.057916 -0.375333 0.719641
v 0.055241 -0.372256 0.716297
v 0.057916 -0.347511 0.719641
v 0.055107 -0.350721 0.716297
v 0.057916 -0.371989 0.718972
v 0.057916 -0.350989 0.718972
v -0.002275 -0.446626 0.767928
v -0.002275 -0.443951 0.770736
v 0.038655 -0.446626 0.767928
v 0.038922 -0.443951 0.770736
v -0.002275 -0.405830 0.770736
v 0.043871 -0.446626 0.766590
v -0.002275 -0.403021 0.767928
v 0.038655 -0.403021 0.767928
v 0.045075 -0.443951 0.768998
v 0.038922 -0.405830 0.770736
v 0.043871 -0.403021 0.766590
v 0.050158 -0.443951 0.764985
v 0.048018 -0.446626 0.763246
v 0.045075 -0.405830 0.768998
v 0.050158 -0.405830 0.764985
v 0.048018 -0.403021 0.763246
v 0.054572 -0.443951 0.758698
v 0.052298 -0.446626 0.757227
v 0.054438 -0.446626 0.752946
v 0.054572 -0.405830 0.758698
v 0.052298 -0.403021 0.757227
v 0.054305 -0.403021 0.752946
v 0.056980 -0.443951 0.753749
v 0.056980 -0.405830 0.753749
v 0.057916 -0.443951 0.748265
v 0.055241 -0.446626 0.748131
v 0.057916 -0.405830 0.748265
v 0.055241 -0.403021 0.748131
v 0.057916 -0.443951 0.727532
v 0.055241 -0.446626 0.727265
v 0.057916 -0.405830 0.727532
v 0.055241 -0.403021 0.727265
v 0.057916 -0.443282 0.724188
v 0.055241 -0.445824 0.723118
v 0.055241 -0.443416 0.719507
v 0.057916 -0.406499 0.724188
v 0.055241 -0.403957 0.723118
v 0.057916 -0.441410 0.721513
v 0.055241 -0.439805 0.717099
v 0.055241 -0.406231 0.719507
v 0.057916 -0.438735 0.719641
v 0.055241 -0.435658 0.716297
v 0.057916 -0.408237 0.721513
v 0.057916 -0.410913 0.719641
v 0.055241 -0.409843 0.717099
v 0.057916 -0.435391 0.718972
v 0.055241 -0.414123 0.716297
v 0.057916 -0.414390 0.718972
v -0.002275 -0.190210 0.770736
v -0.002275 -0.193019 0.767928
v -0.043339 -0.193019 0.767928
v -0.043607 -0.190210 0.770736
v -0.048556 -0.193019 0.766456
v -0.002275 -0.152089 0.770736
v -0.002275 -0.149414 0.767928
v -0.043339 -0.149414 0.767928
v -0.043607 -0.152089 0.770736
v -0.048556 -0.149414 0.766456
v -0.049760 -0.190210 0.768998
v -0.049760 -0.152089 0.768998
v -0.054843 -0.190210 0.764851
v -0.052703 -0.193019 0.763112
v -0.054843 -0.152089 0.764851
v -0.052703 -0.149414 0.763112
v -0.059123 -0.190210 0.758564
v -0.056715 -0.193019 0.757227
v -0.059123 -0.152089 0.758698
v -0.056715 -0.149414 0.757227
v -0.058722 -0.193019 0.752813
v -0.058722 -0.149414 0.752813
v -0.061397 -0.190210 0.753615
v -0.061263 -0.152089 0.753615
v -0.062333 -0.190210 0.748399
v -0.059524 -0.193019 0.748131
v -0.062199 -0.152089 0.748399
v -0.059524 -0.149414 0.748265
v -0.062333 -0.190210 0.727666
v -0.059658 -0.193019 0.727265
v -0.062333 -0.152089 0.727532
v -0.059658 -0.149414 0.727265
v -0.062333 -0.189542 0.724188
v -0.059658 -0.192083 0.723118
v -0.059658 -0.189675 0.719507
v -0.062333 -0.152758 0.724188
v -0.059658 -0.150216 0.723118
v -0.062467 -0.187803 0.721513
v -0.059658 -0.186198 0.717099
v -0.062333 -0.154497 0.721513
v -0.059658 -0.152624 0.719507
v -0.062467 -0.185128 0.719774
v -0.059658 -0.181917 0.716297
v -0.062333 -0.157172 0.719774
v -0.059658 -0.156236 0.717099
v -0.062467 -0.181650 0.718972
v -0.059658 -0.160382 0.716297
v -0.062333 -0.160650 0.718972
v -0.002275 -0.253612 0.770736
v -0.002275 -0.256421 0.767928
v -0.043339 -0.256421 0.767928
v -0.043607 -0.253612 0.770736
v -0.048556 -0.256421 0.766456
v -0.002275 -0.215491 0.770736
v -0.002275 -0.212816 0.767928
v -0.043339 -0.212816 0.767928
v -0.043607 -0.215491 0.770736
v -0.048556 -0.212816 0.766456
v -0.049760 -0.253612 0.768998
v -0.049760 -0.215491 0.768998
v -0.054843 -0.253612 0.764851
v -0.052703 -0.256421 0.763112
v -0.054843 -0.215491 0.764851
v -0.052703 -0.212816 0.763112
v -0.059123 -0.253612 0.758698
v -0.056849 -0.256421 0.757227
v -0.059123 -0.215491 0.758698
v -0.056715 -0.212816 0.757227
v -0.058856 -0.256421 0.752813
v -0.058722 -0.212816 0.752813
v -0.061397 -0.253612 0.753749
v -0.061397 -0.215491 0.753749
v -0.062333 -0.253612 0.748399
v -0.059658 -0.256421 0.748131
v -0.062333 -0.215491 0.748399
v -0.059524 -0.212816 0.748131
v -0.062467 -0.253612 0.727532
v -0.059658 -0.256421 0.727265
v -0.062467 -0.215491 0.727532
v -0.059658 -0.212816 0.727265
v -0.062467 -0.252943 0.724188
v -0.059792 -0.255485 0.723118
v -0.059792 -0.253211 0.719507
v -0.062467 -0.216160 0.724188
v -0.059658 -0.213618 0.723118
v -0.062467 -0.251204 0.721513
v -0.059792 -0.249599 0.717099
v -0.062467 -0.218032 0.721513
v -0.059658 -0.216026 0.719507
v -0.059792 -0.219637 0.717099
v -0.062467 -0.248529 0.719641
v -0.059792 -0.245319 0.716297
v -0.062467 -0.220707 0.719641
v -0.059792 -0.223784 0.716297
v -0.062467 -0.245052 0.718972
v -0.062467 -0.224051 0.718972
v -0.002275 -0.319823 0.767928
v -0.043339 -0.319823 0.767928
v -0.002275 -0.317014 0.770736
v -0.043607 -0.317014 0.770736
v -0.048556 -0.319823 0.766590
v -0.002275 -0.278893 0.770736
v -0.043339 -0.276217 0.767928
v -0.002275 -0.276217 0.767928
v -0.043607 -0.278893 0.770736
v -0.048556 -0.276217 0.766590
v -0.049760 -0.317014 0.768998
v -0.049760 -0.278893 0.768998
v -0.054843 -0.317014 0.764851
v -0.052703 -0.319823 0.763112
v -0.054843 -0.278893 0.764851
v -0.052703 -0.276217 0.763112
v -0.059257 -0.317014 0.758698
v -0.056849 -0.319823 0.757227
v -0.059123 -0.278893 0.758698
v -0.056849 -0.276217 0.757227
v -0.058856 -0.319823 0.752813
v -0.058856 -0.276217 0.752946
v -0.061531 -0.317014 0.753749
v -0.061397 -0.278893 0.753749
v -0.062467 -0.317014 0.748265
v -0.059792 -0.319823 0.748131
v -0.062467 -0.278893 0.748399
v -0.059658 -0.276217 0.748131
v -0.062467 -0.317014 0.727532
v -0.059792 -0.319823 0.727265
v -0.062467 -0.278893 0.727532
v -0.059792 -0.276217 0.727265
v -0.062467 -0.316345 0.724188
v -0.059792 -0.319020 0.723118
v -0.059792 -0.316613 0.719507
v -0.062467 -0.279561 0.724188
v -0.059792 -0.277020 0.723118
v -0.062467 -0.314606 0.721513
v -0.059792 -0.313001 0.717099
v -0.062467 -0.281434 0.721513
v -0.059792 -0.279428 0.719507
v -0.062467 -0.311931 0.719641
v -0.059792 -0.308721 0.716297
v -0.062467 -0.284109 0.719641
v -0.059792 -0.283039 0.717099
v -0.059792 -0.287186 0.716297
v -0.062467 -0.308453 0.718972
v -0.062467 -0.287453 0.718972
v -0.002275 -0.380549 0.770736
v -0.002275 -0.383225 0.767928
v -0.043339 -0.383225 0.767928
v -0.043607 -0.380549 0.770736
v -0.048556 -0.383225 0.766590
v -0.002275 -0.342428 0.770736
v -0.043339 -0.339619 0.767928
v -0.002275 -0.339619 0.767928
v -0.043607 -0.342428 0.770736
v -0.048556 -0.339619 0.766590
v -0.049760 -0.380549 0.768998
v -0.049760 -0.342428 0.768998
v -0.054843 -0.380549 0.764985
v -0.052703 -0.383225 0.763112
v -0.054843 -0.342428 0.764851
v -0.052703 -0.339619 0.763112
v -0.059257 -0.380549 0.758698
v -0.056983 -0.383225 0.757227
v -0.059257 -0.342294 0.758698
v -0.056849 -0.339619 0.757227
v -0.058989 -0.383225 0.752946
v -0.058989 -0.339619 0.752946
v -0.061531 -0.380549 0.753749
v -0.061531 -0.342294 0.753749
v -0.062601 -0.380549 0.748265
v -0.059792 -0.383225 0.748131
v -0.062467 -0.342294 0.748265
v -0.059792 -0.339619 0.748131
v -0.062601 -0.380549 0.727532
v -0.059792 -0.383225 0.727265
v -0.062601 -0.342294 0.727532
v -0.059792 -0.339619 0.727265
v -0.062601 -0.379747 0.724188
v -0.059926 -0.382422 0.723118
v -0.059926 -0.380014 0.719507
v -0.062601 -0.343097 0.724188
v -0.059792 -0.340422 0.723118
v -0.059792 -0.342829 0.719507
v -0.062601 -0.378008 0.721513
v -0.059926 -0.376403 0.717099
v -0.062601 -0.344836 0.721513
v -0.059792 -0.346441 0.717099
v -0.062601 -0.375333 0.719641
v -0.059926 -0.372256 0.716297
v -0.062601 -0.347511 0.719641
v -0.059792 -0.350721 0.716297
v -0.062601 -0.371989 0.718972
v -0.062601 -0.350989 0.718972
v -0.002275 -0.446626 0.767928
v -0.043339 -0.446626 0.767928
v -0.002275 -0.443951 0.770736
v -0.043607 -0.443951 0.770736
v -0.048556 -0.446626 0.766590
v -0.002275 -0.405830 0.770736
v -0.002275 -0.403021 0.767928
v -0.043339 -0.403021 0.767928
v -0.043607 -0.405830 0.770736
v -0.048556 -0.403021 0.766590
v -0.049760 -0.443951 0.768998
v -0.049760 -0.405830 0.768998
v -0.054843 -0.443951 0.764985
v -0.052703 -0.446626 0.763246
v -0.054843 -0.405830 0.764985
v -0.052703 -0.403021 0.763246
v -0.059257 -0.443951 0.758698
v -0.056983 -0.446626 0.757227
v -0.059257 -0.405830 0.758698
v -0.056983 -0.403021 0.757227
v -0.059123 -0.446626 0.752946
v -0.058989 -0.403021 0.752946
v -0.061664 -0.443951 0.753749
v -0.061664 -0.405830 0.753749
v -0.062601 -0.443951 0.748265
v -0.059926 -0.446626 0.748131
v -0.062601 -0.405830 0.748265
v -0.059792 -0.403021 0.748131
v -0.062601 -0.443951 0.727532
v -0.059926 -0.446626 0.727265
v -0.062601 -0.405830 0.727532
v -0.059926 -0.403021 0.727265
v -0.062601 -0.443282 0.724188
v -0.059926 -0.445824 0.723118
v -0.059926 -0.443416 0.719507
v -0.062601 -0.406499 0.724188
v -0.059926 -0.403957 0.723118
v -0.062601 -0.441410 0.721513
v -0.059926 -0.439805 0.717099
v -0.059926 -0.406231 0.719507
v -0.062601 -0.438735 0.719641
v -0.059926 -0.435658 0.716297
v -0.062601 -0.408237 0.721513
v -0.062601 -0.410913 0.719641
v -0.059926 -0.409843 0.717099
v -0.062601 -0.435391 0.718972
v -0.059926 -0.414123 0.716297
v -0.062601 -0.414390 0.718972
v -0.002275 0.283831 0.484894
v 0.006820 0.282360 0.484894
v -0.002275 0.283831 0.613035
v 0.006820 0.282360 0.613035
v 0.014979 0.277946 0.484894
v -0.002275 0.281959 0.642061
v 0.014979 0.277946 0.613035
v 0.021534 0.271124 0.484894
v 0.006285 0.280621 0.642061
v -0.002275 0.277277 0.676035
v 0.021534 0.271124 0.613035
v 0.025814 0.262697 0.484894
v 0.014043 0.276475 0.642061
v 0.004814 0.276207 0.676035
v -0.002275 0.264570 0.724055
v 0.025814 0.262697 0.613035
v 0.027152 0.253201 0.484894
v 0.020196 0.270188 0.642061
v 0.011368 0.272729 0.676035
v 0.001069 0.264035 0.724055
v -0.002275 0.258150 0.747195
v 0.027152 0.253201 0.613035
v 0.025814 0.243837 0.484894
v -0.000938 0.257882 0.747195
v -0.002275 0.257080 0.748800
v 0.004145 0.262430 0.724055
v 0.016585 0.267379 0.676035
v 0.024075 0.262162 0.642061
v -0.001205 0.256812 0.748800
v -0.002275 0.255341 0.750272
v 0.000400 0.257213 0.747195
v 0.006553 0.259888 0.724055
v -0.001740 0.255207 0.750272
v 0.019795 0.260691 0.676035
v -0.002275 0.253201 0.750405
v -0.000135 0.256277 0.748800
v 0.001470 0.256143 0.747195
v -0.001072 0.254939 0.750272
v 0.000667 0.255474 0.748800
v 0.008158 0.256678 0.724055
v -0.000670 0.254538 0.750272
v 0.002139 0.254672 0.747195
v 0.001202 0.254404 0.748800
v -0.000403 0.253869 0.750272
v 0.002406 0.253201 0.747195
v 0.001336 0.253201 0.748800
v 0.008693 0.253201 0.724055
v -0.000269 0.253201 0.750272
v -0.000403 0.252532 0.750272
v 0.001202 0.251997 0.748800
v 0.002139 0.251729 0.747195
v 0.020999 0.253201 0.676035
v -0.000670 0.251997 0.750272
v 0.000667 0.250927 0.748800
v -0.001072 0.251462 0.750272
v -0.001740 0.251194 0.750272
v -0.002275 0.251060 0.750272
v -0.000135 0.250124 0.748800
v -0.001205 0.249589 0.748800
v -0.002275 0.249455 0.748800
v 0.001470 0.250392 0.747195
v 0.000400 0.249322 0.747195
v -0.000938 0.248653 0.747195
v -0.002275 0.248385 0.747195
v 0.008158 0.249723 0.724055
v 0.001069 0.242366 0.724055
v -0.002275 0.241831 0.724055
v 0.006553 0.246513 0.724055
v 0.004145 0.243971 0.724055
v 0.019795 0.245710 0.676035
v 0.016585 0.239022 0.676035
v 0.011368 0.233672 0.676035
v 0.004814 0.230328 0.676035
v -0.002275 0.229124 0.676035
v 0.025413 0.253201 0.642061
v 0.024075 0.244372 0.642061
v 0.025814 0.243837 0.613035
v 0.021534 0.235277 0.484894
v 0.020196 0.236347 0.642061
v 0.021534 0.235277 0.613035
v 0.014979 0.228455 0.484894
v 0.014043 0.229926 0.642061
v 0.014979 0.228455 0.613035
v 0.006820 0.224175 0.484894
v 0.006285 0.225914 0.642061
v -0.002275 0.224442 0.642061
v -0.002275 0.222703 0.613035
v 0.006820 0.224175 0.613035
v -0.002275 0.222703 0.484894
v -0.002275 0.283831 0.484894
v -0.002275 0.280086 0.481282
v 0.006820 0.282360 0.484894
v 0.005750 0.278748 0.481282
v 0.014979 0.277946 0.484894
v -0.002275 0.253201 0.480346
v 0.012973 0.275003 0.481282
v 0.021534 0.271124 0.484894
v 0.018725 0.268984 0.481282
v 0.025814 0.262697 0.484894
v 0.022336 0.261494 0.481282
v 0.027152 0.253201 0.484894
v 0.023674 0.253201 0.481282
v 0.022336 0.244907 0.481282
v 0.025814 0.243837 0.484894
v 0.018725 0.237417 0.481282
v 0.021534 0.235277 0.484894
v 0.012973 0.231398 0.481282
v 0.014979 0.228455 0.484894
v 0.005750 0.227653 0.481282
v -0.002275 0.226315 0.481282
v 0.006820 0.224175 0.484894
v -0.002275 0.222703 0.484894
v -0.002275 0.283831 0.484894
v -0.002275 0.283831 0.613035
v -0.011505 0.282360 0.484894
v -0.011505 0.282360 0.613035
v -0.002275 0.281959 0.642061
v -0.019664 0.277946 0.484894
v -0.010970 0.280621 0.642061
v -0.002275 0.277277 0.676035
v -0.019664 0.277946 0.613035
v -0.026218 0.271124 0.484894
v -0.009498 0.276207 0.676035
v -0.002275 0.264570 0.724055
v -0.018728 0.276475 0.642061
v -0.026218 0.271124 0.613035
v -0.030499 0.262697 0.484894
v -0.005753 0.264035 0.724055
v -0.002275 0.258150 0.747195
v -0.016053 0.272729 0.676035
v -0.024881 0.270188 0.642061
v -0.030499 0.262697 0.613035
v -0.031836 0.253201 0.484894
v -0.003747 0.257882 0.747195
v -0.002275 0.257080 0.748800
v -0.031836 0.253201 0.613035
v -0.030499 0.243837 0.484894
v -0.028760 0.262162 0.642061
v -0.021135 0.267379 0.676035
v -0.008830 0.262430 0.724055
v -0.024479 0.260691 0.676035
v -0.011237 0.259888 0.724055
v -0.005084 0.257213 0.747195
v -0.003479 0.256812 0.748800
v -0.002275 0.255341 0.750272
v -0.006154 0.256143 0.747195
v -0.002944 0.255207 0.750272
v -0.004549 0.256277 0.748800
v -0.002275 0.253201 0.750405
v -0.003613 0.254939 0.750272
v -0.005352 0.255474 0.748800
v -0.012842 0.256678 0.724055
v -0.004014 0.254538 0.750272
v -0.006823 0.254672 0.747195
v -0.005887 0.254404 0.748800
v -0.004282 0.253869 0.750272
v -0.007091 0.253201 0.747195
v -0.006021 0.253201 0.748800
v -0.013377 0.253201 0.724055
v -0.004416 0.253201 0.750272
v -0.004282 0.252532 0.750272
v -0.005887 0.251997 0.748800
v -0.006823 0.251729 0.747195
v -0.025683 0.253201 0.676035
v -0.004014 0.251997 0.750272
v -0.005352 0.250927 0.748800
v -0.003613 0.251462 0.750272
v -0.002944 0.251194 0.750272
v -0.002275 0.251060 0.750272
v -0.004549 0.250124 0.748800
v -0.003479 0.249589 0.748800
v -0.002275 0.249455 0.748800
v -0.006154 0.250392 0.747195
v -0.005084 0.249322 0.747195
v -0.003747 0.248653 0.747195
v -0.002275 0.248385 0.747195
v -0.012842 0.249723 0.724055
v -0.011237 0.246513 0.724055
v -0.008830 0.243971 0.724055
v -0.005753 0.242366 0.724055
v -0.002275 0.241831 0.724055
v -0.024479 0.245710 0.676035
v -0.009498 0.230328 0.676035
v -0.002275 0.229124 0.676035
v -0.016053 0.233672 0.676035
v -0.021135 0.239022 0.676035
v -0.010970 0.225914 0.642061
v -0.002275 0.224442 0.642061
v -0.002275 0.222703 0.613035
v -0.018728 0.229926 0.642061
v -0.024881 0.236347 0.642061
v -0.028760 0.244372 0.642061
v -0.030097 0.253201 0.642061
v -0.030499 0.243837 0.613035
v -0.026218 0.235277 0.484894
v -0.026218 0.235277 0.613035
v -0.019664 0.228455 0.484894
v -0.019664 0.228455 0.613035
v -0.011505 0.224175 0.484894
v -0.011505 0.224175 0.613035
v -0.002275 0.222703 0.484894
v -0.002275 0.283831 0.484894
v -0.011505 0.282360 0.484894
v -0.002275 0.280086 0.481282
v -0.010435 0.278748 0.481282
v -0.019664 0.277946 0.484894
v -0.002275 0.253201 0.480346
v -0.017658 0.275003 0.481282
v -0.026218 0.271124 0.484894
v -0.023409 0.268984 0.481282
v -0.030499 0.262697 0.484894
v -0.027021 0.261494 0.481282
v -0.031836 0.253201 0.484894
v -0.028358 0.253201 0.481282
v -0.027021 0.244907 0.481282
v -0.030499 0.243837 0.484894
v -0.023409 0.237417 0.481282
v -0.026218 0.235277 0.484894
v -0.017658 0.231398 0.481282
v -0.019664 0.228455 0.484894
v -0.010435 0.227653 0.481282
v -0.002275 0.226315 0.481282
v -0.011505 0.224175 0.484894
v -0.002275 0.222703 0.484894
v -0.068352 -0.198102 0.474059
v -0.069289 -0.192217 0.473792
v -0.069155 -0.084407 0.554448
v -0.069824 -0.080528 0.552308
v -0.069556 -0.175631 0.474327
v -0.069021 -0.024483 0.596984
v -0.069556 -0.091229 0.532913
v -0.067416 -0.169612 0.473792
v -0.067550 -0.089757 0.529703
v -0.067817 -0.071165 0.542945
v -0.069824 -0.021808 0.593506
v -0.069556 -0.071700 0.546690
v -0.069824 0.016180 0.620124
v -0.068486 0.014441 0.624003
v -0.069556 0.094696 0.621060
v -0.067282 0.106467 0.624271
v -0.067684 -0.011375 0.542945
v -0.069422 -0.011107 0.546690
v 0.063668 -0.198102 0.474059
v 0.064470 -0.084407 0.554448
v 0.064604 -0.192217 0.473792
v 0.065139 -0.080528 0.552308
v 0.065005 -0.175631 0.474327
v 0.064336 -0.024483 0.596984
v 0.065005 -0.091229 0.532913
v 0.062731 -0.169612 0.473792
v 0.062865 -0.089757 0.529703
v 0.063133 -0.071165 0.542945
v 0.064872 -0.071700 0.546690
v 0.065139 -0.021808 0.593506
v 0.064738 -0.011107 0.546690
v 0.062999 -0.011375 0.542945
v 0.064872 0.094696 0.621060
v 0.062598 0.106467 0.624271
v 0.063801 0.014441 0.624003
v 0.065139 0.016180 0.620124
v -0.043607 -0.148745 0.724857
v -0.069021 -0.148745 0.724857
v -0.046282 -0.148745 0.762176
v -0.069155 -0.148745 0.762176
v -0.062735 -0.148745 0.771271
v -0.002275 -0.148745 0.771271
v -0.002275 -0.148745 0.762176
v 0.041597 -0.148745 0.762176
v -0.002275 -0.148745 0.762176
v -0.002275 -0.148745 0.771271
v 0.058050 -0.148745 0.771271
v 0.064470 -0.148745 0.762176
v 0.064336 -0.148745 0.724857
v 0.038922 -0.148745 0.724857
v -0.043607 -0.148745 0.724857
v -0.069021 -0.148745 0.724857
v -0.046282 -0.148745 0.762176
v -0.069155 -0.148745 0.762176
v -0.062735 -0.148745 0.771271
v -0.002275 -0.148745 0.771271
v -0.002275 -0.148745 0.762176
v 0.041597 -0.148745 0.762176
v -0.002275 -0.148745 0.762176
v -0.002275 -0.148745 0.771271
v 0.058050 -0.148745 0.771271
v 0.064470 -0.148745 0.762176
v 0.064336 -0.148745 0.724857
v 0.038922 -0.148745 0.724857
v 0.060591 -0.404225 0.474193
v 0.060591 -0.446091 0.541875
v 0.057649 -0.439537 0.538263
v 0.044005 -0.440607 0.538531
v 0.044005 -0.405696 0.483021
v 0.057649 -0.401282 0.476333
v 0.036648 -0.386435 0.445033
v 0.026483 -0.390180 0.457740
v 0.034776 -0.384562 0.449046
v -0.002275 -0.386435 0.445033
v -0.002275 -0.384562 0.449046
v -0.002275 -0.390180 0.457740
v -0.065276 -0.446091 0.541875
v -0.065276 -0.404225 0.474193
v -0.062333 -0.439537 0.538263
v -0.048690 -0.440607 0.538531
v -0.048690 -0.405696 0.483021
v -0.062333 -0.401282 0.476333
v -0.041333 -0.386435 0.445033
v -0.031034 -0.390180 0.457740
v -0.039460 -0.384562 0.449046
v -0.002275 -0.386435 0.445033
v -0.002275 -0.384562 0.449046
v -0.002275 -0.390180 0.457740
v 0.060591 -0.404225 0.474193
v 0.060591 -0.446091 0.541875
v 0.057649 -0.439537 0.538263
v 0.044005 -0.440607 0.538531
v 0.044005 -0.405696 0.483021
v 0.057649 -0.401282 0.476333
v 0.036648 -0.386435 0.445033
v 0.026483 -0.390180 0.457740
v 0.034776 -0.384562 0.449046
v -0.002275 -0.386435 0.445033
v -0.002275 -0.384562 0.449046
v -0.002275 -0.390180 0.457740
v -0.065276 -0.446091 0.541875
v -0.065276 -0.404225 0.474193
v -0.062333 -0.439537 0.538263
v -0.048690 -0.440607 0.538531
v -0.048690 -0.405696 0.483021
v -0.062333 -0.401282 0.476333
v -0.041333 -0.386435 0.445033
v -0.031034 -0.390180 0.457740
v -0.039460 -0.384562 0.449046
v -0.002275 -0.386435 0.445033
v -0.002275 -0.384562 0.449046
v -0.002275 -0.390180 0.457740
v 0.034374 -0.515780 0.477804
v 0.034374 -0.516716 0.609423
v 0.034374 -0.435658 0.477804
v 0.034374 -0.526614 0.480078
v 0.034374 -0.536111 0.486365
v 0.034374 -0.542531 0.495996
v 0.034374 -0.544672 0.506696
v 0.034374 -0.544672 0.737163
v 0.034374 -0.544270 0.740507
v 0.034374 -0.542933 0.742647
v 0.034374 -0.541060 0.743717
v 0.034374 -0.538786 0.744118
v 0.034374 -0.516716 0.744118
v -0.039059 -0.515780 0.477804
v -0.039059 -0.435658 0.477804
v -0.039059 -0.516716 0.609423
v -0.039059 -0.526614 0.480078
v -0.039059 -0.536111 0.486365
v -0.039059 -0.542531 0.495996
v -0.039059 -0.544672 0.506696
v -0.039059 -0.544672 0.737163
v -0.039059 -0.544270 0.740507
v -0.039059 -0.542933 0.742647
v -0.039059 -0.541060 0.743717
v -0.039059 -0.538786 0.744118
v -0.039059 -0.516716 0.744118
v 0.034374 -0.515780 0.477804
v 0.034374 -0.516716 0.609423
v 0.034374 -0.435658 0.477804
v 0.034374 -0.526614 0.480078
v 0.034374 -0.536111 0.486365
v 0.034374 -0.542531 0.495996
v 0.034374 -0.544672 0.506696
v 0.034374 -0.544672 0.737163
v 0.034374 -0.544270 0.740507
v 0.034374 -0.542933 0.742647
v 0.034374 -0.541060 0.743717
v 0.034374 -0.538786 0.744118
v 0.034374 -0.516716 0.744118
v -0.039059 -0.515780 0.477804
v -0.039059 -0.435658 0.477804
v -0.039059 -0.516716 0.609423
v -0.039059 -0.526614 0.480078
v -0.039059 -0.536111 0.486365
v -0.039059 -0.542531 0.495996
v -0.039059 -0.544672 0.506696
v -0.039059 -0.544672 0.737163
v -0.039059 -0.544270 0.740507
v -0.039059 -0.542933 0.742647
v -0.039059 -0.541060 0.743717
v -0.039059 -0.538786 0.744118
v -0.039059 -0.516716 0.744118
v -0.063938 -0.055916 0.475263
v -0.063270 0.277411 0.474594
v -0.069824 -0.038929 0.480747
v -0.065142 0.272462 0.706265
v -0.070626 0.277010 0.481416
v -0.070493 0.276073 0.701450
v 0.059254 -0.055916 0.475263
v 0.065139 -0.038929 0.480747
v 0.058719 0.277411 0.474594
v 0.060457 0.272462 0.706265
v 0.065942 0.277010 0.481416
v 0.065808 0.276073 0.701450
v -0.063938 -0.055916 0.475263
v -0.063270 0.277411 0.474594
v -0.069824 -0.038929 0.480747
v -0.065142 0.272462 0.706265
v -0.070626 0.277010 0.481416
v -0.070493 0.276073 0.701450
v 0.059254 -0.055916 0.475263
v 0.065139 -0.038929 0.480747
v 0.058719 0.277411 0.474594
v 0.060457 0.272462 0.706265
v 0.065942 0.277010 0.481416
v 0.065808 0.276073 0.701450
v 0.049088 -0.399276 0.483021
v 0.029559 -0.381486 0.453861
v 0.026483 -0.390180 0.457740
v 0.029559 -0.143261 0.453862
v 0.044005 -0.405696 0.483021
v 0.049088 -0.103668 0.483021
v 0.049088 -0.430977 0.534652
v 0.044005 -0.440607 0.538531
v 0.049088 -0.033712 0.534652
v 0.044005 -0.028763 0.538263
v 0.055642 -0.149414 0.581334
v 0.058317 -0.152089 0.577321
v 0.057916 -0.152089 0.681787
v 0.055107 -0.149414 0.682054
v 0.058317 -0.190210 0.577321
v 0.057916 -0.152758 0.685131
v 0.055107 -0.150216 0.686201
v 0.057916 -0.190210 0.681787
v 0.055642 -0.193019 0.581334
v 0.055107 -0.152624 0.689812
v 0.055241 -0.193019 0.682054
v 0.057916 -0.154631 0.687806
v 0.057916 -0.189542 0.685131
v 0.055107 -0.192083 0.686201
v 0.055107 -0.156236 0.692220
v 0.057916 -0.187803 0.687806
v 0.055107 -0.189675 0.689812
v 0.057916 -0.157306 0.689679
v 0.055107 -0.160382 0.693022
v 0.057916 -0.185128 0.689679
v 0.055107 -0.186198 0.692220
v 0.055107 -0.181917 0.693022
v 0.057916 -0.160650 0.690347
v 0.057916 -0.181650 0.690347
v 0.055642 -0.212816 0.581334
v 0.058317 -0.215491 0.577321
v 0.057916 -0.215491 0.681787
v 0.055241 -0.212816 0.682054
v 0.058317 -0.253612 0.577321
v 0.057916 -0.216160 0.685131
v 0.055241 -0.213618 0.686201
v 0.057916 -0.253612 0.681787
v 0.055642 -0.256421 0.581334
v 0.055107 -0.216026 0.689812
v 0.055241 -0.256421 0.682054
v 0.057916 -0.218032 0.687806
v 0.057916 -0.252943 0.685131
v 0.055241 -0.255485 0.686201
v 0.055107 -0.219637 0.692220
v 0.057916 -0.251204 0.687806
v 0.055241 -0.253211 0.689812
v 0.055107 -0.249599 0.692220
v 0.057916 -0.220707 0.689679
v 0.057916 -0.248529 0.689679
v 0.055107 -0.245319 0.693022
v 0.055107 -0.223784 0.693022
v 0.057916 -0.245052 0.690347
v 0.057916 -0.224051 0.690347
v 0.055642 -0.276217 0.581334
v 0.058317 -0.278893 0.577321
v 0.057916 -0.278893 0.681787
v 0.055241 -0.276217 0.682054
v 0.058317 -0.317014 0.577321
v 0.057916 -0.279561 0.685131
v 0.055241 -0.277020 0.686201
v 0.057916 -0.317014 0.681787
v 0.055642 -0.319823 0.581334
v 0.055241 -0.319823 0.682054
v 0.057916 -0.281434 0.687806
v 0.055241 -0.279428 0.689812
v 0.057916 -0.316345 0.685131
v 0.055241 -0.319020 0.686201
v 0.055241 -0.283039 0.692220
v 0.057916 -0.314606 0.687806
v 0.055241 -0.316613 0.689812
v 0.055241 -0.313001 0.692220
v 0.057916 -0.284109 0.689679
v 0.057916 -0.311931 0.689679
v 0.055241 -0.308721 0.693022
v 0.055241 -0.287186 0.693022
v 0.057916 -0.308453 0.690347
v 0.057916 -0.287453 0.690347
v 0.055642 -0.339619 0.581334
v 0.058317 -0.342428 0.577321
v 0.057916 -0.342428 0.681787
v 0.055241 -0.339619 0.682054
v 0.058317 -0.380549 0.577321
v 0.057916 -0.343097 0.685131
v 0.055241 -0.340422 0.686201
v 0.057916 -0.380549 0.681787
v 0.055642 -0.383225 0.581334
v 0.055241 -0.383225 0.682054
v 0.057916 -0.379881 0.685131
v 0.055241 -0.382422 0.686201
v 0.057916 -0.344836 0.687806
v 0.055241 -0.342829 0.689812
v 0.055241 -0.346441 0.692220
v 0.057916 -0.378008 0.687806
v 0.055241 -0.380014 0.689812
v 0.057916 -0.347511 0.689679
v 0.055241 -0.350721 0.693022
v 0.057916 -0.375333 0.689679
v 0.055241 -0.376403 0.692220
v 0.055241 -0.372256 0.693022
v 0.057916 -0.350989 0.690347
v 0.057916 -0.371989 0.690347
v 0.055642 -0.403021 0.581735
v 0.058317 -0.405830 0.577321
v 0.058050 -0.405830 0.681787
v 0.053636 -0.403021 0.682054
v 0.058317 -0.443951 0.577321
v 0.058050 -0.406499 0.685131
v 0.053636 -0.403957 0.686201
v 0.058050 -0.443951 0.681787
v 0.055241 -0.447429 0.582136
v 0.053636 -0.447429 0.682054
v 0.053636 -0.445824 0.686201
v 0.058050 -0.408237 0.687806
v 0.053636 -0.406231 0.689812
v 0.058050 -0.443282 0.685131
v 0.058050 -0.441410 0.687806
v 0.053636 -0.443416 0.689812
v 0.058050 -0.410913 0.689679
v 0.053636 -0.409843 0.692220
v 0.053636 -0.414123 0.693022
v 0.058050 -0.438735 0.689679
v 0.053636 -0.439805 0.692220
v 0.053636 -0.435658 0.693022
v 0.058050 -0.414390 0.690347
v 0.058050 -0.435391 0.690347
v -0.034244 -0.381486 0.453861
v -0.053773 -0.399276 0.483021
v -0.031034 -0.390180 0.457740
v -0.034244 -0.143261 0.453862
v -0.048690 -0.405696 0.483021
v -0.053773 -0.103668 0.483021
v -0.053773 -0.430977 0.534652
v -0.048690 -0.440607 0.538531
v -0.053773 -0.033712 0.534652
v -0.048690 -0.028763 0.538263
v -0.062601 -0.152089 0.681787
v -0.063002 -0.152089 0.577321
v -0.060327 -0.149414 0.581334
v -0.059792 -0.149414 0.682054
v -0.063002 -0.190210 0.577321
v -0.062601 -0.152758 0.685131
v -0.059792 -0.150216 0.686201
v -0.062601 -0.190210 0.681787
v -0.060327 -0.193019 0.581334
v -0.059792 -0.152624 0.689812
v -0.059792 -0.193019 0.682054
v -0.062601 -0.154631 0.687806
v -0.062601 -0.189542 0.685131
v -0.059792 -0.192083 0.686201
v -0.059792 -0.156236 0.692220
v -0.062601 -0.187803 0.687806
v -0.059792 -0.189675 0.689812
v -0.062601 -0.157306 0.689679
v -0.062601 -0.185128 0.689679
v -0.059792 -0.186198 0.692220
v -0.059792 -0.160382 0.693022
v -0.059792 -0.181917 0.693022
v -0.062601 -0.160650 0.690347
v -0.062601 -0.181650 0.690347
v -0.062601 -0.215491 0.681787
v -0.063002 -0.215491 0.577321
v -0.060327 -0.212816 0.581334
v -0.059926 -0.212816 0.682054
v -0.063002 -0.253612 0.577321
v -0.062601 -0.216160 0.685131
v -0.059792 -0.213618 0.686201
v -0.062601 -0.253612 0.681787
v -0.060327 -0.256421 0.581334
v -0.059792 -0.216026 0.689812
v -0.059926 -0.256421 0.682054
v -0.062601 -0.218032 0.687806
v -0.062601 -0.252943 0.685131
v -0.059926 -0.255485 0.686201
v -0.059792 -0.219637 0.692220
v -0.062601 -0.251204 0.687806
v -0.059792 -0.253211 0.689812
v -0.059792 -0.249599 0.692220
v -0.062601 -0.220707 0.689679
v -0.062601 -0.248529 0.689679
v -0.059792 -0.245319 0.693022
v -0.059792 -0.223784 0.693022
v -0.062601 -0.245052 0.690347
v -0.062601 -0.224051 0.690347
v -0.062601 -0.278893 0.681787
v -0.063002 -0.278893 0.577321
v -0.060327 -0.276217 0.581334
v -0.059926 -0.276217 0.682054
v -0.063002 -0.317014 0.577321
v -0.062601 -0.279561 0.685131
v -0.059926 -0.277020 0.686201
v -0.062601 -0.317014 0.681787
v -0.060327 -0.319823 0.581334
v -0.059926 -0.319823 0.682054
v -0.062601 -0.316345 0.685131
v -0.059926 -0.319020 0.686201
v -0.062601 -0.281434 0.687806
v -0.059926 -0.279428 0.689812
v -0.062601 -0.314606 0.687806
v -0.059926 -0.316613 0.689812
v -0.059792 -0.283039 0.692220
v -0.059926 -0.313001 0.692220
v -0.062601 -0.284109 0.689679
v -0.062601 -0.311931 0.689679
v -0.059926 -0.308721 0.693022
v -0.059792 -0.287186 0.693022
v -0.062601 -0.308453 0.690347
v -0.062601 -0.287453 0.690347
v -0.062601 -0.342428 0.681787
v -0.063002 -0.342428 0.577321
v -0.060327 -0.339619 0.581334
v -0.059926 -0.339619 0.682054
v -0.063002 -0.380549 0.577321
v -0.062601 -0.343097 0.685131
v -0.059926 -0.340422 0.686201
v -0.062601 -0.380549 0.681787
v -0.060327 -0.383225 0.581334
v -0.059926 -0.383225 0.682054
v -0.062601 -0.379881 0.685131
v -0.059926 -0.382422 0.686201
v -0.062601 -0.344836 0.687806
v -0.059926 -0.342829 0.689812
v -0.059926 -0.346441 0.692220
v -0.062601 -0.378008 0.687806
v -0.059926 -0.380014 0.689812
v -0.062601 -0.347511 0.689679
v -0.059926 -0.350721 0.693022
v -0.062601 -0.375333 0.689679
v -0.059926 -0.376403 0.692220
v -0.059926 -0.372256 0.693022
v -0.062601 -0.350989 0.690347
v -0.062601 -0.371989 0.690347
v -0.062601 -0.405830 0.681787
v -0.063002 -0.405830 0.577321
v -0.060327 -0.403021 0.581735
v -0.058320 -0.403021 0.682054
v -0.063002 -0.443951 0.577321
v -0.062601 -0.406499 0.685131
v -0.058320 -0.403957 0.686201
v -0.062735 -0.443951 0.681787
v -0.059926 -0.447429 0.582136
v -0.058320 -0.447429 0.682054
v -0.058320 -0.445824 0.686201
v -0.062601 -0.408237 0.687806
v -0.058320 -0.406231 0.689812
v -0.062735 -0.443282 0.685131
v -0.062735 -0.441410 0.687806
v -0.058320 -0.443416 0.689812
v -0.062601 -0.410913 0.689679
v -0.058320 -0.409843 0.692220
v -0.058320 -0.414123 0.693022
v -0.062735 -0.438735 0.689679
v -0.058320 -0.439805 0.692220
v -0.058320 -0.435658 0.693022
v -0.062601 -0.414390 0.690347
v -0.062601 -0.435391 0.690347
v 0.049088 -0.399276 0.483021
v 0.029559 -0.381486 0.453861
v 0.026483 -0.390180 0.457740
v 0.029559 -0.143261 0.453862
v 0.044005 -0.405696 0.483021
v 0.049088 -0.103668 0.483021
v 0.049088 -0.430977 0.534652
v 0.044005 -0.440607 0.538531
v 0.049088 -0.033712 0.534652
v 0.044005 -0.028763 0.538263
v 0.055642 -0.149414 0.581334
v 0.058317 -0.152089 0.577321
v 0.057916 -0.152089 0.681787
v 0.055107 -0.149414 0.682054
v 0.058317 -0.190210 0.577321
v 0.057916 -0.152758 0.685131
v 0.055107 -0.150216 0.686201
v 0.057916 -0.190210 0.681787
v 0.055642 -0.193019 0.581334
v 0.055107 -0.152624 0.689812
v 0.055241 -0.193019 0.682054
v 0.057916 -0.154631 0.687806
v 0.057916 -0.189542 0.685131
v 0.055107 -0.192083 0.686201
v 0.055107 -0.156236 0.692220
v 0.057916 -0.187803 0.687806
v 0.055107 -0.189675 0.689812
v 0.057916 -0.157306 0.689679
v 0.055107 -0.160382 0.693022
v 0.057916 -0.185128 0.689679
v 0.055107 -0.186198 0.692220
v 0.055107 -0.181917 0.693022
v 0.057916 -0.160650 0.690347
v 0.057916 -0.181650 0.690347
v 0.055642 -0.212816 0.581334
v 0.058317 -0.215491 0.577321
v 0.057916 -0.215491 0.681787
v 0.055241 -0.212816 0.682054
v 0.058317 -0.253612 0.577321
v 0.057916 -0.216160 0.685131
v 0.055241 -0.213618 0.686201
v 0.057916 -0.253612 0.681787
v 0.055642 -0.256421 0.581334
v 0.055107 -0.216026 0.689812
v 0.055241 -0.256421 0.682054
v 0.057916 -0.218032 0.687806
v 0.057916 -0.252943 0.685131
v 0.055241 -0.255485 0.686201
v 0.055107 -0.219637 0.692220
v 0.057916 -0.251204 0.687806
v 0.055241 -0.253211 0.689812
v 0.055107 -0.249599 0.692220
v 0.057916 -0.220707 0.689679
v 0.057916 -0.248529 0.689679
v 0.055107 -0.245319 0.693022
v 0.055107 -0.223784 0.693022
v 0.057916 -0.245052 0.690347
v 0.057916 -0.224051 0.690347
v 0.055642 -0.276217 0.581334
v 0.058317 -0.278893 0.577321
v 0.057916 -0.278893 0.681787
v 0.055241 -0.276217 0.682054
v 0.058317 -0.317014 0.577321
v 0.057916 -0.279561 0.685131
v 0.055241 -0.277020 0.686201
v 0.057916 -0.317014 0.681787
v 0.055642 -0.319823 0.581334
v 0.055241 -0.319823 0.682054
v 0.057916 -0.281434 0.687806
v 0.055241 -0.279428 0.689812
v 0.057916 -0.316345 0.685131
v 0.055241 -0.319020 0.686201
v 0.055241 -0.283039 0.692220
v 0.057916 -0.314606 0.687806
v 0.055241 -0.316613 0.689812
v 0.055241 -0.313001 0.692220
v 0.057916 -0.284109 0.689679
v 0.057916 -0.311931 0.689679
v 0.055241 -0.308721 0.693022
v 0.055241 -0.287186 0.693022
v 0.057916 -0.308453 0.690347
v 0.057916 -0.287453 0.690347
v 0.055642 -0.339619 0.581334
v 0.058317 -0.342428 0.577321
v 0.057916 -0.342428 0.681787
v 0.055241 -0.339619 0.682054
v 0.058317 -0.380549 0.577321
v 0.057916 -0.343097 0.685131
v 0.055241 -0.340422 0.686201
v 0.057916 -0.380549 0.681787
v 0.055642 -0.383225 0.581334
v 0.055241 -0.383225 0.682054
v 0.057916 -0.379881 0.685131
v 0.055241 -0.382422 0.686201
v 0.057916 -0.344836 0.687806
v 0.055241 -0.342829 0.689812
v 0.055241 -0.346441 0.692220
v 0.057916 -0.378008 0.687806
v 0.055241 -0.380014 0.689812
v 0.057916 -0.347511 0.689679
v 0.055241 -0.350721 0.693022
v 0.057916 -0.375333 0.689679
v 0.055241 -0.376403 0.692220
v 0.055241 -0.372256 0.693022
v 0.057916 -0.350989 0.690347
v 0.057916 -0.371989 0.690347
v 0.055642 -0.403021 0.581735
v 0.058317 -0.405830 0.577321
v 0.058050 -0.405830 0.681787
v 0.053636 -0.403021 0.682054
v 0.058317 -0.443951 0.577321
v 0.058050 -0.406499 0.685131
v 0.053636 -0.403957 0.686201
v 0.058050 -0.443951 0.681787
v 0.055241 -0.447429 0.582136
v 0.053636 -0.447429 0.682054
v 0.053636 -0.445824 0.686201
v 0.058050 -0.408237 0.687806
v 0.053636 -0.406231 0.689812
v 0.058050 -0.443282 0.685131
v 0.058050 -0.441410 0.687806
v 0.053636 -0.443416 0.689812
v 0.058050 -0.410913 0.689679
v 0.053636 -0.409843 0.692220
v 0.053636 -0.414123 0.693022
v 0.058050 -0.438735 0.689679
v 0.053636 -0.439805 0.692220
v 0.053636 -0.435658 0.693022
v 0.058050 -0.414390 0.690347
v 0.058050 -0.435391 0.690347
v -0.034244 -0.381486 0.453861
v -0.053773 -0.399276 0.483021
v -0.031034 -0.390180 0.457740
v -0.034244 -0.143261 0.453862
v -0.048690 -0.405696 0.483021
v -0.053773 -0.103668 0.483021
v -0.053773 -0.430977 0.534652
v -0.048690 -0.440607 0.538531
v -0.053773 -0.033712 0.534652
v -0.048690 -0.028763 0.538263
v -0.062601 -0.152089 0.681787
v -0.063002 -0.152089 0.577321
v -0.060327 -0.149414 0.581334
v -0.059792 -0.149414 0.682054
v -0.063002 -0.190210 0.577321
v -0.062601 -0.152758 0.685131
v -0.059792 -0.150216 0.686201
v -0.062601 -0.190210 0.681787
v -0.060327 -0.193019 0.581334
v -0.059792 -0.152624 0.689812
v -0.059792 -0.193019 0.682054
v -0.062601 -0.154631 0.687806
v -0.062601 -0.189542 0.685131
v -0.059792 -0.192083 0.686201
v -0.059792 -0.156236 0.692220
v -0.062601 -0.187803 0.687806
v -0.059792 -0.189675 0.689812
v -0.062601 -0.157306 0.689679
v -0.062601 -0.185128 0.689679
v -0.059792 -0.186198 0.692220
v -0.059792 -0.160382 0.693022
v -0.059792 -0.181917 0.693022
v -0.062601 -0.160650 0.690347
v -0.062601 -0.181650 0.690347
v -0.062601 -0.215491 0.681787
v -0.063002 -0.215491 0.577321
v -0.060327 -0.212816 0.581334
v -0.059926 -0.212816 0.682054
v -0.063002 -0.253612 0.577321
v -0.062601 -0.216160 0.685131
v -0.059792 -0.213618 0.686201
v -0.062601 -0.253612 0.681787
v -0.060327 -0.256421 0.581334
v -0.059792 -0.216026 0.689812
v -0.059926 -0.256421 0.682054
v -0.062601 -0.218032 0.687806
v -0.062601 -0.252943 0.685131
v -0.059926 -0.255485 0.686201
v -0.059792 -0.219637 0.692220
v -0.062601 -0.251204 0.687806
v -0.059792 -0.253211 0.689812
v -0.059792 -0.249599 0.692220
v -0.062601 -0.220707 0.689679
v -0.062601 -0.248529 0.689679
v -0.059792 -0.245319 0.693022
v -0.059792 -0.223784 0.693022
v -0.062601 -0.245052 0.690347
v -0.062601 -0.224051 0.690347
v -0.062601 -0.278893 0.681787
v -0.063002 -0.278893 0.577321
v -0.060327 -0.276217 0.581334
v -0.059926 -0.276217 0.682054
v -0.063002 -0.317014 0.577321
v -0.062601 -0.279561 0.685131
v -0.059926 -0.277020 0.686201
v -0.062601 -0.317014 0.681787
v -0.060327 -0.319823 0.581334
v -0.059926 -0.319823 0.682054
v -0.062601 -0.316345 0.685131
v -0.059926 -0.319020 0.686201
v -0.062601 -0.281434 0.687806
v -0.059926 -0.279428 0.689812
v -0.062601 -0.314606 0.687806
v -0.059926 -0.316613 0.689812
v -0.059792 -0.283039 0.692220
v -0.059926 -0.313001 0.692220
v -0.062601 -0.284109 0.689679
v -0.062601 -0.311931 0.689679
v -0.059926 -0.308721 0.693022
v -0.059792 -0.287186 0.693022
v -0.062601 -0.308453 0.690347
v -0.062601 -0.287453 0.690347
v -0.062601 -0.342428 0.681787
v -0.063002 -0.342428 0.577321
v -0.060327 -0.339619 0.581334
v -0.059926 -0.339619 0.682054
v -0.063002 -0.380549 0.577321
v -0.062601 -0.343097 0.685131
v -0.059926 -0.340422 0.686201
v -0.062601 -0.380549 0.681787
v -0.060327 -0.383225 0.581334
v -0.059926 -0.383225 0.682054
v -0.062601 -0.379881 0.685131
v -0.059926 -0.382422 0.686201
v -0.062601 -0.344836 0.687806
v -0.059926 -0.342829 0.689812
v -0.059926 -0.346441 0.692220
v -0.062601 -0.378008 0.687806
v -0.059926 -0.380014 0.689812
v -0.062601 -0.347511 0.689679
v -0.059926 -0.350721 0.693022
v -0.062601 -0.375333 0.689679
v -0.059926 -0.376403 0.692220
v -0.059926 -0.372256 0.693022
v -0.062601 -0.350989 0.690347
v -0.062601 -0.371989 0.690347
v -0.062601 -0.405830 0.681787
v -0.063002 -0.405830 0.577321
v -0.060327 -0.403021 0.581735
v -0.058320 -0.403021 0.682054
v -0.063002 -0.443951 0.577321
v -0.062601 -0.406499 0.685131
v -0.058320 -0.403957 0.686201
v -0.062735 -0.443951 0.681787
v -0.059926 -0.447429 0.582136
v -0.058320 -0.447429 0.682054
v -0.058320 -0.445824 0.686201
v -0.062601 -0.408237 0.687806
v -0.058320 -0.406231 0.689812
v -0.062735 -0.443282 0.685131
v -0.062735 -0.441410 0.687806
v -0.058320 -0.443416 0.689812
v -0.062601 -0.410913 0.689679
v -0.058320 -0.409843 0.692220
v -0.058320 -0.414123 0.693022
v -0.062735 -0.438735 0.689679
v -0.058320 -0.439805 0.692220
v -0.058320 -0.435658 0.693022
v -0.062601 -0.414390 0.690347
v -0.062601 -0.435391 0.690347
vn 0.0101 -0.6096 0.7926
vn -0.0039 1.0000 -0.0039
vn -0.0000 -0.0000 1.0000
vn -0.0000 -0.0317 -0.9995
vn 0.7816 -0.0000 -0.6237
vn 0.7816 -0.0000 -0.6238
vn 0.7820 -0.0000 -0.6232
vn 0.7821 -0.0000 -0.6232
vn -0.7614 0.4802 -0.4355
vn -0.7615 0.4801 -0.4354
vn -0.6918 0.5423 -0.4769
vn -0.6921 0.5420 -0.4766
vn -0.9992 0.0272 0.0276
vn -0.7821 -0.0000 -0.6232
vn -0.7816 -0.0000 -0.6237
vn 0.7558 0.4861 -0.4387
vn 0.6859 0.5470 -0.4799
vn 0.6864 0.5467 -0.4796
vn 0.9992 0.0272 0.0276
vn 0.1166 -0.5681 0.8147
vn 0.1152 -0.5682 0.8148
vn -0.3392 -0.5364 0.7728
vn -0.7381 0.0063 -0.6747
vn -0.7360 0.0101 -0.6769
vn -0.7663 -0.0484 -0.6406
vn -0.7680 -0.0519 -0.6383
vn -0.7915 -0.5952 0.1388
vn -0.8141 -0.5719 0.1005
vn -0.3050 -0.6683 0.6785
vn -0.3018 -0.6687 0.6795
vn -0.2736 0.4287 -0.8610
vn -0.2736 0.4288 -0.8610
vn -0.1592 0.5036 -0.8492
vn -0.1563 0.5053 -0.8487
vn -0.7717 0.0001 0.6360
vn -0.7669 -0.0004 0.6418
vn -0.7672 -0.0004 0.6415
vn -0.7705 0.0006 0.6375
vn -0.7855 0.0029 0.6188
vn -0.8241 -0.0032 0.5664
vn -0.8242 -0.0032 0.5664
vn -0.7663 0.0004 0.6425
vn -0.7906 0.0011 0.6123
vn -0.8240 -0.0040 0.5665
vn -0.7902 0.0001 0.6129
vn -0.7884 0.0037 0.6151
vn -0.7074 -0.0219 0.7064
vn -0.7077 -0.0222 0.7062
vn -0.7076 -0.0220 0.7063
vn -0.7074 -0.0219 0.7065
vn -0.0000 0.0040 1.0000
vn -0.0039 -0.9237 0.3831
vn -0.0000 -0.0029 1.0000
vn -0.0000 -0.8716 -0.4903
vn -0.0000 -0.8716 -0.4902
vn -0.0039 1.0000 -0.0040
vn -0.0000 -0.0316 -0.9995
vn -0.0001 -0.0316 -0.9995
vn -0.0000 -1.0000 0.0030
vn -0.0000 0.0048 1.0000
vn 0.0001 -0.0319 -0.9995
vn -0.0000 -0.0319 -0.9995
vn -0.0000 0.0319 -0.9995
vn -0.0000 0.0027 1.0000
vn -0.0000 0.0028 1.0000
vn -0.0000 -0.0046 1.0000
vn 0.0117 -0.6101 0.7922
vn 0.3384 -0.5366 0.7730
vn -0.1053 -0.5692 0.8154
vn -0.1052 -0.5692 0.8154
vn 0.3382 -0.5366 0.7731
vn 0.7663 -0.0484 -0.6406
vn 0.7360 0.0101 -0.6769
vn 0.7381 0.0063 -0.6747
vn 0.7680 -0.0519 -0.6383
vn 0.3077 -0.6696 0.6760
vn 0.8141 -0.5719 0.1005
vn 0.7915 -0.5952 0.1388
vn 0.3064 -0.6699 0.6762
vn 0.1586 0.5008 -0.8509
vn 0.2688 0.4301 -0.8618
vn 0.2684 0.4303 -0.8618
vn 0.1582 0.5018 -0.8504
vn 0.7672 -0.0004 0.6415
vn 0.7669 -0.0004 0.6418
vn 0.7717 0.0001 0.6360
vn 0.7705 0.0006 0.6375
vn 0.8242 -0.0032 0.5663
vn 0.8241 -0.0032 0.5664
vn 0.7879 0.0022 0.6158
vn 0.7660 0.0002 0.6428
vn 0.7902 0.0001 0.6129
vn 0.8240 -0.0040 0.5665
vn 0.7906 0.0011 0.6123
vn 0.7884 0.0037 0.6151
vn 0.7102 -0.0212 0.7037
vn 0.7113 -0.0224 0.7025
vn 0.7093 -0.0206 0.7046
vn 0.7086 -0.0204 0.7053
vn 0.0001 -0.0029 1.0000
vn -0.0038 1.0000 -0.0040
vn -0.0001 -0.0319 -0.9995
vn -0.0002 -0.0316 -0.9995
vn 0.0002 -0.0317 -0.9995
vn -0.0000 -1.0000 -0.0025
vn -0.0000 0.0308 -0.9995
vn -0.0000 0.0309 -0.9995
vn -0.0000 -0.1129 0.9936
vn -0.0000 0.9071 0.4209
vn -0.0137 -0.9948 -0.1004
vn -0.0102 -0.1961 0.9805
vn -0.0000 -0.0420 0.9991
vn -0.0000 -0.0421 0.9991
vn -0.0036 -0.3965 -0.9180
vn -0.0072 -0.7033 -0.7108
vn -0.0000 -0.9333 -0.3592
vn -0.0000 -1.0000 0.0002
vn -0.0000 -1.0000 -0.0003
vn -0.0051 -0.9646 0.2635
vn -0.0069 -0.7572 0.6532
vn -0.0000 -0.5547 0.8321
vn -0.0000 -0.0312 -0.9995
vn -0.0036 -0.3957 -0.9184
vn -0.0011 -0.4039 -0.9148
vn -0.0012 -0.4037 -0.9149
vn -0.0000 -0.0314 -0.9995
vn -0.0000 -1.0000 -0.0000
vn -0.0076 -0.8947 0.4466
vn -0.0000 -0.7071 0.7071
vn -0.0048 -0.3851 0.9229
vn -0.0000 -0.0001 1.0000
vn -0.0094 0.3865 0.9222
vn -0.0021 0.7081 0.7061
vn -0.0124 0.9259 0.3776
vn -0.0039 1.0000 -0.0038
vn -0.0000 -0.1171 -0.9931
vn -0.0000 -0.4523 -0.8919
vn -0.0000 -0.4522 -0.8919
vn -0.0001 -0.0000 1.0000
vn 0.4634 0.0002 0.8861
vn 0.4605 0.0003 0.8877
vn 0.7628 -0.0000 0.6466
vn 0.7627 0.0003 0.6468
vn 0.8640 -0.0032 0.5035
vn 0.8648 -0.0025 0.5022
vn 0.9659 -0.0005 0.2589
vn 0.9650 -0.0001 0.2624
vn 1.0000 -0.0000 -0.0040
vn 1.0000 -0.0000 -0.0039
vn 1.0000 -0.0001 -0.0048
vn 1.0000 0.0001 -0.0052
vn 1.0000 0.0004 -0.0053
vn 1.0000 0.0002 -0.0053
vn 1.0000 -0.0000 -0.0048
vn 1.0000 -0.0000 -0.0055
vn 1.0000 0.0004 -0.0046
vn 1.0000 0.0001 -0.0039
vn 1.0000 -0.0004 -0.0044
vn 1.0000 -0.0002 -0.0046
vn 1.0000 -0.0000 -0.0047
vn 1.0000 -0.0002 -0.0047
vn 1.0000 0.0002 -0.0047
vn 1.0000 -0.0003 -0.0047
vn 1.0000 -0.0004 -0.0048
vn 1.0000 0.0002 -0.0044
vn 1.0000 -0.0002 -0.0044
vn 1.0000 -0.0001 -0.0043
vn 1.0000 0.0002 -0.0043
vn 1.0000 -0.0004 -0.0050
vn 1.0000 -0.0002 -0.0051
vn 1.0000 -0.0006 -0.0043
vn 1.0000 -0.0001 -0.0039
vn 1.0000 -0.0003 -0.0051
vn 1.0000 -0.0004 -0.0040
vn 0.9653 -0.0005 0.2610
vn 1.0000 -0.0003 -0.0049
vn 0.9650 -0.0000 0.2623
vn 1.0000 -0.0005 -0.0044
vn 0.8658 -0.0000 0.5004
vn 1.0000 0.0001 -0.0048
vn 0.7632 -0.0000 0.6462
vn 0.4606 -0.0000 0.8876
vn 1.0000 -0.0003 -0.0048
vn 1.0000 -0.0004 -0.0049
vn 1.0000 0.0002 -0.0049
vn 1.0000 0.0004 -0.0044
vn 1.0000 -0.0000 -0.0049
vn 1.0000 0.0002 -0.0046
vn 1.0000 -0.0000 -0.0050
vn 1.0000 -0.0005 -0.0043
vn 0.9547 -0.0000 0.2976
vn 0.9547 -0.0000 0.2977
vn 0.8618 -0.0000 0.5073
vn 0.7634 -0.0000 0.6459
vn 0.9542 -0.0004 0.2993
vn 0.9542 -0.0000 0.2992
vn 0.8648 0.0027 0.5020
vn 0.8616 -0.0023 0.5075
vn 0.7635 -0.0000 0.6458
vn 0.7635 -0.0000 0.6459
vn 0.4614 -0.0000 0.8872
vn 0.7636 -0.0000 0.6457
vn -0.0000 0.9222 -0.3868
vn -0.0000 0.9222 -0.3867
vn -0.0000 0.7071 -0.7071
vn -0.0000 0.3921 -0.9199
vn -0.0000 0.0312 -0.9995
vn -0.0005 -0.3866 -0.9222
vn -0.0005 -0.3867 -0.9222
vn -0.0042 -0.7040 -0.7102
vn -0.0000 -0.9317 -0.3633
vn -0.0000 -0.9994 -0.0337
vn -0.0005 -0.9994 -0.0337
vn -0.0000 -0.9313 -0.3642
vn -0.0035 -0.7046 -0.7096
vn -0.0035 -0.7047 -0.7095
vn -0.0029 -0.3925 -0.9197
vn -0.0000 0.3905 -0.9206
vn -0.0000 0.7085 -0.7057
vn -0.0000 0.7057 -0.7085
vn -0.0000 0.9224 -0.3861
vn -0.0029 -0.3925 -0.9198
vn -0.0107 -0.7071 -0.7071
vn -0.0000 -0.9312 -0.3645
vn -0.0000 -0.9994 -0.0333
vn -0.0000 0.3899 -0.9209
vn -0.0000 0.3913 -0.9203
vn 0.0004 0.0312 -0.9995
vn -0.0026 -0.3918 -0.9201
vn -0.0000 -0.9312 -0.3646
vn -0.0004 -0.9994 -0.0333
vn -0.0000 0.9217 -0.3879
vn -0.0000 0.7080 -0.7062
vn 0.0001 -0.0316 -0.9995
vn -0.0001 -0.0317 -0.9995
vn 0.2823 -0.0038 -0.9593
vn 0.3965 -0.0000 -0.9180
vn 0.7752 0.0002 -0.6317
vn 0.7781 -0.0000 -0.6281
vn -0.0102 -0.1962 0.9805
vn 0.0001 -0.0314 -0.9995
vn -0.8236 -0.0028 0.5672
vn -0.8220 -0.0004 0.5694
vn -0.8256 -0.0003 0.5642
vn -0.9645 -0.0000 0.2643
vn -0.8230 -0.0021 0.5681
vn -1.0000 -0.0039 -0.0038
vn -0.8230 -0.0021 0.5680
vn -1.0000 -0.0039 -0.0039
vn -0.8259 -0.0000 0.5638
vn -0.8258 -0.0000 0.5639
vn -0.8230 -0.0022 0.5680
vn -0.8231 -0.0022 0.5680
vn -0.9992 0.0275 0.0275
vn -0.8258 0.0021 0.5639
vn -0.8251 -0.0014 0.5649
vn -0.8250 -0.0028 0.5652
vn -0.8241 -0.0028 0.5664
vn -0.8242 -0.0032 0.5662
vn -0.8231 0.0022 0.5678
vn -0.8245 -0.0000 0.5659
vn -0.8498 0.3434 0.3998
vn -0.8242 -0.0032 0.5663
vn -0.8583 0.5083 0.0710
vn -0.9791 0.2035 0.0039
vn -0.8560 0.5170 0.0002
vn -0.9715 -0.2247 -0.0762
vn -0.7852 0.5706 0.2405
vn -0.9907 -0.1363 0.0040
vn -0.9168 0.2574 0.3055
vn -0.6878 0.5841 0.4309
vn -0.9378 -0.1583 0.3089
vn -0.7983 0.2507 0.5476
vn -0.6241 0.5948 0.5066
vn -0.8181 -0.1378 0.5583
vn -0.7631 -0.5965 0.2488
vn -0.8394 -0.5435 0.0004
vn -0.6715 -0.5823 0.4582
vn -0.8152 -0.5620 -0.1400
vn -0.6309 -0.5867 0.5076
vn -0.7146 -0.5605 -0.4184
vn -0.7621 -0.1466 0.6307
vn -0.9606 -0.1507 -0.2336
vn -0.5195 -0.4728 -0.7118
vn -0.9350 -0.0000 -0.3546
vn -0.7475 -0.0765 -0.6598
vn -0.7746 -0.0000 -0.6324
vn -0.3572 -0.6346 0.6853
vn -0.7448 0.2505 0.6185
vn -0.3537 0.6505 0.6721
vn -0.4259 0.3172 0.8473
vn -0.4418 -0.1729 0.8803
vn -0.0231 0.3064 0.9516
vn 0.0123 0.6582 0.7528
vn -0.0231 -0.1547 0.9877
vn 0.0118 -0.6114 0.7912
vn 0.0177 0.3085 0.9511
vn 0.0160 0.6583 0.7526
vn -0.0039 -0.1959 0.9806
vn 0.0107 -0.6133 0.7898
vn -0.0004 -1.0000 -0.0000
vn -0.0132 -0.9243 0.3815
vn -0.0103 -0.9268 0.3754
vn -0.0019 -0.7113 0.7029
vn -0.0000 -0.7148 0.6994
vn -0.0042 -0.3850 0.9229
vn -0.0000 -0.0419 0.9991
vn -0.0128 0.3831 0.9236
vn -0.0000 0.7071 0.7071
vn -0.0105 0.9225 0.3860
vn -0.0128 0.9256 0.3783
vn -0.0004 -1.0000 -0.0001
vn -0.0000 -1.0000 -0.0001
vn -0.0128 -0.9236 0.3831
vn -0.0006 -0.0001 1.0000
vn -0.0129 0.3785 0.9255
vn -0.0000 0.7085 0.7057
vn -0.0128 0.9236 0.3831
vn 0.0005 -0.9994 -0.0337
vn -0.0004 0.0312 -0.9995
vn 0.0004 -0.0312 -0.9995
vn 0.0004 -0.9994 -0.0333
vn -1.0000 -0.0037 -0.0040
vn -0.9650 -0.0001 0.2624
vn -0.9659 -0.0005 0.2589
vn -0.8644 -0.0168 0.5026
vn -0.8644 -0.0189 0.5025
vn -0.7627 -0.0000 0.6468
vn -0.7628 0.0002 0.6466
vn -0.4679 -0.0002 0.8838
vn -0.4694 -0.0005 0.8830
vn 0.0001 0.0003 1.0000
vn -0.9655 -0.0000 0.2605
vn -0.8639 -0.0153 0.5034
vn -0.7632 -0.0000 0.6462
vn -0.4679 -0.0000 0.8838
vn -0.9650 -0.0000 0.2623
vn -0.9547 -0.0000 0.2976
vn -0.9547 -0.0000 0.2977
vn -0.8629 -0.0151 0.5052
vn -0.7634 -0.0000 0.6459
vn -0.9541 -0.0006 0.2995
vn -0.9541 -0.0004 0.2996
vn -0.8503 0.0001 0.5263
vn -0.8508 -0.0000 0.5254
vn -0.9542 -0.0000 0.2992
vn -0.9543 -0.0005 0.2989
vn -0.8506 0.0003 0.5258
vn -0.7634 0.0001 0.6459
vn -0.7636 0.0001 0.6457
vn -0.4675 -0.0007 0.8840
vn -0.4663 -0.0000 0.8846
vn 0.0001 -0.0000 1.0000
vn 0.0001 -0.0317 -0.9995
vn -0.2855 -0.0038 -0.9584
vn -0.3988 -0.0000 -0.9170
vn -0.7752 0.0002 -0.6317
vn -0.7781 -0.0000 -0.6281
vn -0.0032 0.8277 -0.5611
vn -0.0018 0.7050 -0.7092
vn -0.0051 0.7011 -0.7130
vn -0.3486 -0.0000 -0.9373
vn -0.4000 0.0002 -0.9165
vn -0.0270 -0.0039 -0.9996
vn -0.0264 -0.0040 -0.9996
vn -0.0000 0.9943 0.1067
vn -0.3639 0.9259 0.1014
vn -0.3640 0.9259 0.1014
vn -0.0659 0.9901 0.1243
vn -0.0659 0.9901 0.1242
vn -0.0000 0.9933 0.1159
vn -0.0031 -0.5592 0.8290
vn -0.0033 -0.5591 0.8291
vn -0.0035 -0.5593 0.8290
vn -0.0258 -0.5798 0.8143
vn -0.0635 -0.5819 0.8108
vn -0.4146 -0.5287 0.7407
vn -0.2356 -0.5787 0.7808
vn 0.0112 -0.6099 0.7924
vn -0.4721 -0.0000 -0.8815
vn -0.4724 0.0001 -0.8814
vn -0.6108 0.3482 -0.7112
vn -0.6222 0.2969 -0.7244
vn -0.5039 0.4930 -0.7092
vn -0.5034 0.4932 -0.7095
vn -0.9917 -0.0943 0.0879
vn -0.9916 -0.0943 0.0884
vn -0.9598 -0.1615 0.2296
vn -0.9598 -0.1616 0.2294
vn -0.9759 -0.1204 0.1823
vn -0.9754 -0.1209 0.1842
vn -0.9914 0.0107 -0.1306
vn -0.9918 0.0082 -0.1274
vn -0.9990 0.0201 -0.0407
vn -1.0000 -0.0038 -0.0040
vn -0.9991 0.0169 -0.0382
vn -1.0000 -0.0040 -0.0038
vn -0.9974 -0.0004 -0.0716
vn -0.9975 -0.0008 -0.0712
vn -0.0814 0.5615 -0.8235
vn -0.0813 0.5615 -0.8235
vn -0.3496 0.3382 -0.8737
vn -0.3441 0.3756 -0.8605
vn -0.3184 0.1646 -0.9336
vn -0.3256 0.2099 -0.9219
vn -0.4146 0.5189 -0.7475
vn -0.4148 0.5189 -0.7475
vn -0.5721 0.4685 -0.6732
vn -0.5727 0.4686 -0.6726
vn -0.3253 0.5453 -0.7725
vn -0.3254 0.5453 -0.7725
vn -0.4375 0.0218 -0.8989
vn -0.5721 0.0099 -0.8202
vn -0.3573 0.0226 -0.9337
vn -0.3979 -0.0028 -0.9174
vn -0.3629 0.0317 -0.9313
vn -0.0430 0.8218 0.5682
vn -0.0625 0.8444 0.5320
vn 0.0001 0.9941 0.1087
vn -0.0000 0.9941 0.1087
vn -0.0539 0.9820 0.1810
vn -0.0580 0.8707 0.4883
vn -0.2886 0.0170 0.9573
vn -0.0267 0.8499 0.5263
vn -0.1029 0.1953 0.9753
vn -0.0570 0.2384 0.9695
vn -0.0000 -0.8049 0.5935
vn -0.0000 -0.1089 0.9941
vn -0.0038 -0.1960 0.9806
vn -0.0000 -0.2673 0.9636
vn -0.0000 0.1996 0.9799
vn -0.0011 0.1480 0.9890
vn -0.0001 0.1480 0.9890
vn -0.0000 0.0026 1.0000
vn 0.4981 0.4945 -0.7123
vn 0.4980 0.4945 -0.7124
vn 0.6202 0.2983 -0.7255
vn 0.6090 0.3487 -0.7124
vn 0.4667 -0.0000 -0.8844
vn 0.4665 -0.0000 -0.8845
vn 0.2763 -0.5593 0.7816
vn 0.2783 -0.5590 0.7811
vn 0.4509 -0.5184 0.7266
vn 0.4510 -0.5181 0.7267
vn 0.3353 -0.5373 0.7739
vn 0.2988 -0.2957 0.9074
vn 0.4170 -0.1266 0.9001
vn 0.3680 0.0028 0.9298
vn 0.3677 0.0030 0.9299
vn 0.0204 -0.6794 -0.7335
vn -0.0051 -0.7067 -0.7075
vn 0.0181 -0.7689 -0.6392
vn 0.0198 -0.7915 -0.6108
vn 0.0192 -0.9790 -0.2029
vn -0.0126 -0.9897 0.1425
vn 0.6167 0.1650 -0.7697
vn 0.6196 0.1596 -0.7685
vn 0.7106 0.0234 -0.7032
vn 0.7372 -0.0007 -0.6756
vn 0.7908 -0.0747 -0.6075
vn 0.8522 -0.2205 -0.4746
vn 0.7398 -0.6390 0.2107
vn 0.6855 -0.6684 0.2886
vn 0.5281 -0.7093 0.4668
vn 0.5978 -0.6254 0.5015
vn 0.1462 -0.7741 0.6159
vn 0.1222 -0.7577 0.6411
vn -0.0052 -0.7565 0.6540
vn 0.6241 0.5948 0.5067
vn 0.4931 0.7377 0.4612
vn 0.0832 0.9111 0.4036
vn 0.0366 0.9165 0.3984
vn -0.0000 0.9013 0.4332
vn -0.0021 -0.5590 0.8292
vn -0.0021 -0.5590 0.8291
vn -0.0025 -0.5590 0.8292
vn -0.0026 -0.5590 0.8292
vn -0.0090 -0.6463 0.7630
vn -0.0086 -0.6748 0.7380
vn -0.0142 -0.9947 -0.1016
vn -0.0142 -0.9948 -0.1013
vn -0.9976 0.0693 -0.0003
vn -0.9976 0.0695 -0.0004
vn -0.9990 0.0189 -0.0403
vn 0.7907 0.6123 0.0026
vn 0.7664 0.6422 0.0118
vn 0.7076 0.7064 -0.0182
vn 0.7031 0.7106 0.0247
vn 0.0424 0.9858 -0.1623
vn -0.0038 1.0000 -0.0039
vn -0.1835 0.9754 -0.1223
vn 0.0544 0.9908 0.1243
vn -0.0267 0.9992 -0.0305
vn 0.1591 0.9872 0.0077
vn -0.7281 0.6855 0.0028
vn 0.7647 0.6444 0.0107
vn 0.7594 0.6402 0.1161
vn -0.3876 0.8442 -0.3703
vn 0.2355 0.9679 0.0874
vn 0.7172 0.6412 0.2728
vn -0.0000 0.9923 -0.1241
vn -0.0000 0.7069 -0.7073
vn -0.0001 0.9725 0.2331
vn 0.0827 0.9539 0.2885
vn 0.1746 0.6988 0.6937
vn 0.0126 0.6570 0.7538
vn -0.1627 0.9866 0.0079
vn 0.0392 0.9992 0.0122
vn -0.8859 0.4638 -0.0001
vn -0.1089 0.9941 -0.0000
vn 0.0044 0.9986 0.0521
vn 0.6306 -0.4394 0.6397
vn 0.8652 -0.2847 0.4127
vn 0.9597 -0.1619 0.2296
vn 0.9241 -0.2211 0.3117
vn 0.9865 0.0927 -0.1352
vn 0.9865 0.0928 -0.1353
vn 0.6874 0.4127 -0.5977
vn 0.5235 0.4884 -0.6982
vn 0.7069 0.3336 -0.6238
vn 0.6318 0.4135 -0.6556
vn 0.3972 0.0021 -0.9177
vn 0.3608 0.0309 -0.9321
vn 0.3477 0.0291 -0.9372
vn 0.4299 0.0211 -0.9026
vn 0.5750 0.0096 -0.8181
vn -0.0000 0.3387 -0.9409
vn 0.0001 0.1479 -0.9890
vn -0.0000 0.1479 -0.9890
vn -0.0000 0.0314 -0.9995
vn -0.0000 0.5986 -0.8010
vn -0.0000 -0.6532 -0.7572
vn 0.0003 -0.1590 -0.9873
vn -0.0000 -0.1590 -0.9873
vn -0.0308 -0.1812 -0.9830
vn -0.0034 -0.7048 -0.7094
vn -0.0000 0.9941 0.1085
vn -0.0000 0.9514 0.3078
vn -0.0000 0.7598 0.6501
vn 0.9908 -0.1356 0.0013
vn 0.9908 -0.1356 0.0009
vn 0.9293 -0.3688 -0.0218
vn 0.9219 -0.3800 -0.0759
vn 0.9391 -0.2991 -0.1690
vn 0.9003 -0.3741 -0.2223
vn 1.0000 -0.0008 -0.0040
vn 1.0000 0.0018 -0.0038
vn 1.0000 -0.0000 -0.0041
vn 1.0000 -0.0002 -0.0038
vn 0.9896 -0.0151 -0.1433
vn 0.9695 -0.1388 -0.2021
vn 0.9956 0.0884 -0.0322
vn 0.9697 -0.1376 -0.2021
vn 0.9976 0.0698 -0.0038
vn 0.8225 -0.4148 -0.3892
vn 0.9973 0.0732 0.0014
vn 0.8991 -0.3331 -0.2840
vn 0.9906 0.1272 0.0497
vn 0.7224 -0.3000 -0.6231
vn 0.8147 -0.0528 -0.5775
vn 0.9972 0.0640 0.0392
vn 0.9949 -0.0093 0.1008
vn 0.9955 -0.0022 0.0944
vn 0.9973 0.0618 0.0396
vn 0.9973 0.0615 0.0398
vn -0.0000 0.4789 -0.8779
vn -0.0000 0.4789 -0.8778
vn -0.0195 0.0704 -0.9973
vn -0.0000 0.5984 -0.8012
vn -0.0000 0.8964 -0.4433
vn -0.0000 0.9235 -0.3835
vn 0.0234 0.9992 -0.0317
vn -0.0000 0.9823 -0.1871
vn -0.0000 -0.0384 0.9993
vn -0.0000 -0.0417 0.9991
vn -0.0000 -0.1157 0.9933
vn -0.0000 -0.1001 0.9950
vn -0.0000 -0.7779 0.6283
vn -0.0116 -0.9896 0.1435
vn -0.0116 -0.9896 0.1434
vn -0.0000 -0.8706 0.4920
vn -0.0000 -0.8704 0.4923
vn 0.0089 -0.6128 0.7902
vn 0.8634 -0.0043 0.5044
vn 0.8628 -0.0000 0.5055
vn 0.8634 -0.0041 0.5044
vn 0.8685 -0.1536 0.4713
vn 0.8679 -0.1960 0.4565
vn 0.8674 -0.3609 0.3425
vn 0.8688 -0.3682 0.3312
vn 0.8493 -0.5100 0.1359
vn 0.8488 -0.5111 0.1356
vn 0.8397 -0.5431 0.0014
vn 0.8396 -0.5431 0.0012
vn 0.8396 -0.5432 -0.0008
vn 0.8397 -0.5430 -0.0009
vn 0.8617 -0.4735 -0.1823
vn 0.8641 -0.4689 -0.1830
vn 0.8673 -0.3531 -0.3508
vn 0.8679 -0.3511 -0.3513
vn 0.8684 -0.1901 -0.4580
vn 0.8682 -0.1902 -0.4583
vn 0.8619 -0.0135 -0.5070
vn 0.8619 -0.0136 -0.5070
vn 0.8236 -0.0028 0.5672
vn 0.8256 -0.0003 0.5642
vn 0.8220 -0.0004 0.5694
vn 0.9645 -0.0000 0.2643
vn 0.8229 -0.0021 0.5681
vn 0.8230 -0.0022 0.5680
vn 0.8230 -0.0021 0.5680
vn 0.8259 -0.0000 0.5638
vn 0.8258 -0.0000 0.5639
vn 0.9992 0.0275 0.0275
vn 0.8258 0.0021 0.5639
vn 0.8251 -0.0014 0.5649
vn 0.8250 -0.0028 0.5652
vn 0.8241 -0.0028 0.5664
vn 0.8242 -0.0032 0.5662
vn 0.8231 0.0022 0.5678
vn 0.8245 -0.0000 0.5659
vn 0.8498 0.3434 0.3998
vn 0.8583 0.5083 0.0710
vn 0.9791 0.2035 0.0039
vn 0.8560 0.5170 0.0002
vn 0.9715 -0.2247 -0.0762
vn 0.7852 0.5706 0.2404
vn 0.9907 -0.1363 0.0040
vn 0.9168 0.2573 0.3055
vn 0.6878 0.5841 0.4309
vn 0.9378 -0.1583 0.3089
vn 0.7983 0.2507 0.5476
vn 0.6241 0.5948 0.5066
vn 0.8181 -0.1378 0.5583
vn 0.7631 -0.5965 0.2488
vn 0.8394 -0.5435 0.0004
vn 0.6715 -0.5823 0.4582
vn 0.8152 -0.5620 -0.1400
vn 0.6309 -0.5867 0.5076
vn 0.7146 -0.5605 -0.4184
vn 0.7621 -0.1466 0.6307
vn 0.9606 -0.1507 -0.2336
vn 0.5195 -0.4728 -0.7118
vn 0.9350 -0.0000 -0.3546
vn 0.7475 -0.0765 -0.6598
vn 0.7746 -0.0000 -0.6324
vn 0.3576 -0.6312 0.6882
vn 0.7448 0.2505 0.6185
vn 0.3518 0.6627 0.6611
vn 0.4229 0.3186 0.8483
vn 0.4391 -0.1731 0.8816
vn 0.0198 0.3065 0.9517
vn 0.0111 0.6581 0.7528
vn 0.0194 -0.1549 0.9877
vn 0.0130 -0.6115 0.7912
vn 0.0177 0.3085 0.9510
vn -0.0038 -0.1959 0.9806
vn 0.0106 -0.6127 0.7902
vn -0.0125 -0.9259 0.3776
vn -0.0124 -0.9259 0.3776
vn -0.0015 -0.7122 0.7020
vn -0.0040 -0.3848 0.9230
vn -0.0046 -0.3851 0.9229
vn -0.0000 0.7057 0.7085
vn -0.0129 0.9255 0.3785
vn -0.8632 -0.0150 0.5047
vn -0.8636 -0.0249 0.5036
vn -0.8634 -0.0236 0.5040
vn -0.8685 -0.1536 0.4713
vn -0.8679 -0.1960 0.4565
vn -0.8680 -0.3679 0.3334
vn -0.8688 -0.3682 0.3312
vn -0.8493 -0.5100 0.1359
vn -0.8488 -0.5111 0.1356
vn -0.8397 -0.5431 0.0014
vn -0.8396 -0.5431 0.0012
vn -0.8396 -0.5432 -0.0008
vn -0.8397 -0.5430 -0.0009
vn -0.8652 -0.4669 -0.1832
vn -0.8661 -0.4657 -0.1817
vn -0.8673 -0.3531 -0.3508
vn -0.8679 -0.3511 -0.3513
vn -0.8684 -0.1901 -0.4580
vn -0.8682 -0.1902 -0.4583
vn -0.8618 -0.0135 -0.5070
vn -0.8619 -0.0135 -0.5070
vn -0.8619 -0.0136 -0.5070
vn -0.0000 0.3693 -0.9293
vn -0.0000 -0.9314 -0.3640
vn 1.0000 0.0001 -0.0042
vn 0.9992 0.0274 0.0277
vn 0.9993 0.0272 0.0274
vn 0.9993 0.0269 0.0255
vn 0.9973 -0.0539 -0.0496
vn 0.9929 -0.0843 -0.0836
vn 1.0000 0.0004 -0.0038
vn 1.0000 -0.0005 -0.0035
vn 0.9996 0.0216 -0.0175
vn 0.9995 0.0254 -0.0199
vn 1.0000 0.0014 -0.0034
vn 0.9974 0.0010 -0.0718
vn 0.9974 0.0015 -0.0720
vn 1.0000 -0.0000 -0.0037
vn 1.0000 -0.0000 -0.0036
vn -0.0036 -0.3840 0.9233
vn -0.0000 -0.2662 0.9639
vn -0.0003 -0.2664 0.9639
vn -0.0037 0.3817 0.9243
vn -0.0037 0.3818 0.9243
vn -0.0000 0.2727 0.9621
vn 0.0003 0.2728 0.9621
vn -0.0000 0.2137 -0.9769
vn -0.0003 0.2137 -0.9769
vn -0.0000 0.5996 -0.8003
vn -0.0000 0.6013 -0.7990
vn -0.0032 0.8277 -0.5612
vn 0.0018 0.7050 -0.7092
vn 0.0051 0.7011 -0.7130
vn 0.3452 -0.0000 -0.9385
vn 0.3953 -0.0000 -0.9186
vn 0.0237 -0.0000 -0.9997
vn 0.0238 0.0003 -0.9997
vn 0.3598 0.9275 0.1020
vn 0.3597 0.9275 0.1020
vn 0.0545 0.9907 0.1243
vn -0.0025 -0.5591 0.8291
vn -0.0027 -0.5590 0.8291
vn -0.0028 -0.5591 0.8291
vn 0.0220 -0.5808 0.8138
vn 0.0598 -0.5820 0.8110
vn 0.4127 -0.5292 0.7414
vn 0.2318 -0.5793 0.7815
vn -0.3685 0.0036 0.9296
vn -0.4184 -0.1284 0.8991
vn -0.3684 0.0036 0.9296
vn -0.3026 -0.2944 0.9065
vn -0.3396 -0.5363 0.7727
vn -0.4504 -0.5202 0.7256
vn -0.4504 -0.5190 0.7264
vn -0.2797 -0.5670 0.7748
vn -0.2851 -0.5620 0.7765
vn -0.5826 0.2014 -0.7874
vn -0.6710 0.0999 -0.7347
vn -0.6163 0.1602 -0.7710
vn -0.7374 -0.0014 -0.6755
vn -0.7395 -0.0040 -0.6731
vn -0.8387 -0.2007 -0.5063
vn -0.8349 -0.1646 -0.5252
vn -0.8717 -0.4445 -0.2064
vn -0.0211 -0.7692 -0.6387
vn 0.0002 -0.7065 -0.7077
vn -0.0228 -0.6754 -0.7371
vn -0.0217 -0.7915 -0.6108
vn -0.0230 -0.9788 -0.2036
vn -0.0120 -0.9898 0.1423
vn 0.0002 0.2130 -0.9770
vn 0.0003 0.0317 -0.9995
vn 0.0002 0.2131 -0.9770
vn -0.0196 0.0704 -0.9973
vn 0.0003 -0.0315 -0.9995
vn -0.0443 -0.0362 -0.9984
vn 0.0003 -0.0314 -0.9995
vn 0.0004 0.0318 -0.9995
vn 0.0006 0.0313 -0.9995
vn 0.0002 0.0316 -0.9995
vn 0.0001 0.3817 -0.9243
vn -0.0033 0.5478 -0.8366
vn -0.0000 0.5964 -0.8027
vn -0.0000 0.5965 -0.8026
vn -0.0032 0.5478 -0.8366
vn -0.0002 0.5973 -0.8021
vn -0.0703 0.4125 -0.9082
vn -0.0000 0.3828 -0.9238
vn -0.5327 0.4831 -0.6949
vn -0.5498 0.4479 -0.7051
vn -0.7105 0.0235 -0.7033
vn -0.6158 0.1622 -0.7710
vn -0.6127 0.1670 -0.7725
vn -0.7373 -0.0009 -0.6755
vn -0.7908 -0.0747 -0.6075
vn -0.8521 -0.2205 -0.4746
vn -0.7398 -0.6390 0.2107
vn -0.6855 -0.6684 0.2886
vn -0.1491 -0.7737 0.6158
vn -0.5950 -0.6302 0.4989
vn -0.5312 -0.7056 0.4690
vn -0.1254 -0.7577 0.6405
vn -0.0830 0.9110 0.4040
vn -0.5030 0.7303 0.4622
vn -0.6242 0.5948 0.5067
vn -0.0403 0.9164 0.3983
vn -0.0035 -0.5592 0.8290
vn -0.0039 -0.5594 0.8289
vn -0.0039 -0.5593 0.8289
vn -0.0034 -0.5592 0.8291
vn -0.0092 -0.6748 0.7379
vn -0.0105 -0.9944 -0.1053
vn -0.0096 -0.9949 -0.0999
vn 0.9976 0.0695 -0.0004
vn 0.9976 0.0693 -0.0003
vn 0.9994 0.0182 -0.0287
vn 1.0000 -0.0005 -0.0041
vn -0.7013 0.7126 0.0201
vn -0.7664 0.6422 0.0118
vn -0.7907 0.6123 0.0026
vn -0.7039 0.7098 0.0244
vn -0.0460 0.9857 -0.1621
vn -0.0040 1.0000 -0.0039
vn 0.1800 0.9760 -0.1225
vn -0.0661 0.9900 0.1246
vn 0.0237 0.9992 -0.0316
vn -0.1629 0.9866 0.0077
vn 0.7281 0.6855 0.0028
vn -0.7593 0.6404 0.1154
vn -0.7662 0.6425 0.0095
vn 0.3845 0.8452 -0.3711
vn -0.2392 0.9670 0.0873
vn -0.7172 0.6412 0.2728
vn 0.0001 0.9923 -0.1241
vn -0.0000 0.7070 -0.7072
vn -0.0000 0.9725 0.2331
vn -0.0862 0.9537 0.2881
vn -0.1770 0.6985 0.6934
vn 0.0126 0.6569 0.7538
vn 0.1589 0.9873 0.0079
vn -0.0431 0.9990 0.0119
vn 0.8859 0.4638 -0.0001
vn 0.1055 0.9944 -0.0000
vn -0.0062 0.9986 0.0521
vn -0.9597 -0.1619 0.2296
vn -0.8652 -0.2847 0.4127
vn -0.6306 -0.4394 0.6397
vn -0.9241 -0.2211 0.3118
vn -0.9865 0.0927 -0.1351
vn -0.9865 0.0928 -0.1353
vn -0.6874 0.4126 -0.5977
vn -0.5209 0.4896 -0.6992
vn -0.7068 0.3336 -0.6238
vn -0.6329 0.4131 -0.6548
vn 0.0012 0.1479 -0.9890
vn -0.0003 -0.1590 -0.9873
vn 0.0021 0.9941 0.1085
vn -0.7383 -0.3359 0.5849
vn -0.8742 -0.4731 0.1096
vn -0.7384 -0.3358 0.5848
vn -0.8742 -0.4731 0.1097
vn -0.9530 -0.3028 0.0075
vn -0.9531 -0.3026 0.0074
vn -0.9689 -0.2448 -0.0372
vn -0.9953 -0.0508 -0.0819
vn -0.9970 0.0015 -0.0768
vn -0.9967 0.0692 0.0429
vn -1.0000 -0.0039 -0.0040
vn -1.0000 -0.0040 -0.0039
vn -1.0000 -0.0041 -0.0039
vn -0.9968 -0.0711 0.0360
vn -0.9990 0.0184 -0.0398
vn -0.9990 0.0203 -0.0400
vn -0.9739 -0.1224 0.1914
vn -0.9782 -0.0803 0.1915
vn -0.9993 0.0269 0.0276
vn -0.9993 0.0269 0.0278
vn -0.9993 -0.0352 0.0157
vn -0.9990 -0.0073 0.0437
vn -0.9895 -0.0154 -0.1439
vn -0.9965 -0.0395 -0.0732
vn -0.9975 0.0706 -0.0000
vn -0.9954 -0.0033 0.0958
vn -0.9973 -0.0006 -0.0732
vn -0.9973 -0.0008 -0.0731
vn -0.9970 -0.0687 0.0366
vn -0.9895 0.1243 -0.0738
vn -0.9701 -0.2055 0.1294
vn -0.9972 -0.0662 0.0352
vn -0.9807 -0.0037 0.1957
vn -0.9953 -0.0036 0.0968
vn -0.9972 -0.0660 0.0349
vn -0.9955 0.0545 -0.0779
vn -0.9922 0.0150 -0.1234
vn -0.7211 0.3865 -0.5751
vn -0.9271 0.1445 -0.3458
vn -0.9171 0.0741 -0.3917
vn -0.9972 0.0003 -0.0749
vn -0.9922 -0.0890 0.0873
vn -0.9990 0.0196 -0.0391
vn -0.8729 0.2743 -0.4034
vn -0.9038 -0.2550 0.3436
vn -0.7362 -0.4018 0.5446
vn -0.8718 0.2764 -0.4044
vn -0.9209 0.2203 -0.3216
vn 0.9916 -0.0944 0.0888
vn 0.9916 -0.0945 0.0883
vn 0.9597 -0.1619 0.2297
vn 0.9734 -0.1266 0.1909
vn 0.9737 -0.1316 0.1859
vn 0.9914 0.0103 -0.1302
vn 0.9918 0.0086 -0.1275
vn 0.9994 0.0270 -0.0228
vn 1.0000 -0.0002 -0.0037
vn 1.0000 -0.0003 -0.0036
vn 1.0000 0.0017 -0.0036
vn 0.9994 0.0297 -0.0183
vn 1.0000 -0.0000 -0.0034
vn 1.0000 0.0014 -0.0041
vn 0.9974 -0.0004 -0.0716
vn 0.9975 -0.0008 -0.0712
vn 0.6115 0.1622 -0.7745
vn 0.6716 0.0976 -0.7344
vn 0.5786 0.2039 -0.7897
vn 0.7374 -0.0014 -0.6755
vn 0.7394 -0.0040 -0.6733
vn 0.8387 -0.2007 -0.5063
vn 0.8349 -0.1646 -0.5252
vn 0.8717 -0.4445 -0.2064
vn -0.0003 0.0317 -0.9995
vn -0.0002 0.2131 -0.9770
vn -0.0003 -0.0315 -0.9995
vn 0.0424 -0.0386 -0.9984
vn -0.0003 -0.0314 -0.9995
vn -0.0002 0.0317 -0.9995
vn -0.0006 0.0313 -0.9995
vn -0.0004 0.0319 -0.9995
vn -0.0001 0.3817 -0.9243
vn 0.0004 0.5964 -0.8027
vn -0.0033 0.5477 -0.8366
vn 0.0002 0.5973 -0.8020
vn 0.0680 0.4133 -0.9081
vn 0.5301 0.4846 -0.6958
vn 0.5486 0.4483 -0.7057
vn 0.3464 0.3396 -0.8745
vn 0.0800 0.5618 -0.8234
vn 0.0801 0.5618 -0.8234
vn 0.3414 0.3748 -0.8620
vn 0.3151 0.1648 -0.9346
vn 0.3224 0.2102 -0.9230
vn 0.4081 0.5190 -0.7511
vn 0.4101 0.5197 -0.7495
vn 0.5638 0.4710 -0.6785
vn 0.3216 0.5460 -0.7736
vn -0.0001 0.9941 0.1086
vn 0.0596 0.8454 0.5308
vn 0.0361 0.8205 0.5705
vn 0.0501 0.9822 0.1812
vn 0.0547 0.8708 0.4887
vn 0.2856 0.0191 0.9582
vn -0.0000 0.8365 0.5479
vn 0.1002 0.1946 0.9758
vn 0.0532 0.2388 0.9696
vn 0.0002 -0.1089 0.9941
vn -0.0001 0.1996 0.9799
vn -0.0007 0.1996 0.9799
vn -0.0000 0.1480 0.9890
vn 0.0014 0.1480 0.9890
vn 0.7384 -0.3358 0.5849
vn 0.8747 -0.4769 0.0861
vn 0.7383 -0.3359 0.5849
vn 0.8747 -0.4770 0.0862
vn 0.9530 -0.3029 0.0075
vn 0.9530 -0.3028 0.0075
vn 0.9531 -0.3026 0.0074
vn 0.9689 -0.2448 -0.0372
vn 0.9977 -0.0468 -0.0494
vn 0.9970 0.0015 -0.0768
vn 1.0000 -0.0002 -0.0039
vn 0.9967 0.0692 0.0429
vn 1.0000 -0.0000 -0.0026
vn 1.0000 0.0001 -0.0035
vn 1.0000 0.0001 -0.0040
vn 0.9969 -0.0697 0.0370
vn 1.0000 -0.0003 -0.0033
vn 0.9995 0.0228 -0.0209
vn 0.9992 0.0309 -0.0239
vn 1.0000 -0.0003 -0.0039
vn 0.9739 -0.1224 0.1914
vn 0.9782 -0.0803 0.1915
vn 1.0000 -0.0003 -0.0042
vn 0.9993 0.0269 0.0276
vn 0.9993 0.0269 0.0278
vn 1.0000 0.0001 -0.0050
vn 1.0000 0.0008 -0.0043
vn 1.0000 0.0002 -0.0040
vn 1.0000 0.0003 -0.0040
vn 0.9993 -0.0352 0.0157
vn 0.9990 -0.0073 0.0437
vn 1.0000 0.0003 -0.0056
vn 0.9895 -0.0154 -0.1439
vn 1.0000 0.0003 -0.0055
vn 1.0000 0.0002 -0.0055
vn 0.9976 -0.0467 -0.0514
vn 0.9975 0.0706 -0.0000
vn 1.0000 -0.0007 -0.0058
vn 0.9954 -0.0032 0.0958
vn 1.0000 -0.0026 -0.0038
vn 1.0000 -0.0000 -0.0035
vn 0.9973 -0.0006 -0.0732
vn 0.9973 -0.0008 -0.0731
vn 0.9976 -0.0696 0.0004
vn 1.0000 0.0001 -0.0041
vn 0.9895 0.1243 -0.0738
vn 1.0000 0.0006 -0.0038
vn 0.9701 -0.2055 0.1294
vn 0.9975 -0.0706 -0.0000
vn 0.9806 -0.0036 0.1957
vn 0.9953 -0.0035 0.0968
vn 0.9972 -0.0661 0.0349
vn 1.0000 0.0001 -0.0043
vn 0.9955 0.0545 -0.0779
vn 0.9923 0.0149 -0.1232
vn 0.9273 0.1447 -0.3452
vn 0.7209 0.3863 -0.5754
vn 0.9171 0.0741 -0.3917
vn 0.9972 0.0003 -0.0749
vn 0.9922 -0.0890 0.0873
vn 0.9955 0.0544 -0.0778
vn 0.8729 0.2743 -0.4034
vn 0.9038 -0.2550 0.3436
vn 0.7362 -0.4018 0.5446
vn 1.0000 -0.0001 -0.0038
vn 0.8718 0.2764 -0.4044
vn 0.9210 0.2203 -0.3214
vn -0.0000 -0.0309 -0.9995
vn -0.0000 -0.0286 -0.9996
vn -0.0000 -0.0338 -0.9994
vn -0.0000 0.0317 -0.9995
vn -0.0058 -0.3830 0.9237
vn -0.0000 -0.7133 0.7009
vn -0.0046 -0.9263 0.3769
vn -0.0051 -0.9265 0.3761
vn -0.0000 -0.0002 1.0000
vn -0.0048 -0.3851 0.9228
vn 0.0042 -0.8493 -0.5279
vn -0.0000 -0.8496 -0.5274
vn 0.0030 -0.8503 -0.5262
vn 0.0057 -0.8491 -0.5283
vn 0.0052 -0.8482 -0.5297
vn 0.0107 -0.9560 -0.2931
vn 0.0110 -0.9564 -0.2918
vn -0.0009 -1.0000 -0.0002
vn -0.0008 -1.0000 -0.0001
vn -0.0008 -1.0000 -0.0003
vn -0.0007 -1.0000 -0.0004
vn -0.0002 -1.0000 -0.0007
vn -0.0006 -1.0000 -0.0006
vn -0.0004 -1.0000 -0.0007
vn -0.0001 -1.0000 -0.0006
vn -0.0000 -1.0000 -0.0005
vn -0.0048 -0.9264 0.3765
vn -0.0006 -1.0000 -0.0000
vn -0.0042 -0.8493 -0.5279
vn -0.0030 -0.8503 -0.5262
vn -0.0057 -0.8491 -0.5283
vn -0.0052 -0.8482 -0.5297
vn 0.0133 -0.9569 -0.2901
vn 0.0128 -0.9568 -0.2903
vn 0.0009 -1.0000 -0.0002
vn 0.0008 -1.0000 -0.0001
vn 0.0008 -1.0000 -0.0003
vn 0.0007 -1.0000 -0.0004
vn 0.0002 -1.0000 -0.0007
vn 0.0006 -1.0000 -0.0006
vn 0.0004 -1.0000 -0.0007
vn 0.0001 -1.0000 -0.0006
vn -0.0000 -0.3444 -0.9388
vn -0.0000 -0.3442 -0.9389
vn -0.0000 -0.2767 -0.9610
vn -0.0000 -0.2770 -0.9609
vn 0.0118 -0.6102 0.7922
vn -0.0039 -0.1958 0.9806
vn -0.0000 0.7344 -0.6787
vn -0.3373 0.6896 -0.6409
vn -0.0433 0.7347 -0.6770
vn -0.0035 0.7375 -0.6753
vn -0.0027 0.7387 -0.6740
vn -0.0020 0.7340 -0.6792
vn -0.0000 0.7326 -0.6807
vn 0.0049 0.0004 1.0000
vn 0.0009 0.0001 1.0000
vn 0.0008 0.0001 1.0000
vn 0.3335 0.6906 -0.6417
vn 0.3334 0.6906 -0.6418
vn 0.0407 0.7348 -0.6771
vn 0.0035 0.7375 -0.6753
vn 0.0027 0.7387 -0.6740
vn 0.0020 0.7340 -0.6792
vn -0.0049 0.0004 1.0000
vn -0.0009 0.0001 1.0000
vn -0.0008 0.0001 1.0000
vn -0.0037 -0.8897 0.4565
vn -0.0026 -0.7074 0.7068
vn -0.0000 -0.8717 0.4901
vn -0.0203 -0.9983 0.0553
vn -0.0203 -0.9983 0.0554
vn -0.0000 0.1478 -0.9890
vn -0.0000 -0.0318 -0.9995
vn -0.0001 -0.0318 -0.9995
vn -0.0000 0.7771 -0.6294
vn -0.0000 -0.0943 0.9955
vn -0.0000 -0.4682 0.8836
vn -0.0005 -0.2662 0.9639
vn -0.0000 -0.2661 0.9639
vn -0.0000 -0.1083 0.9941
vn -0.0000 -0.4697 0.8829
vn -0.0278 -0.5820 0.8127
vn -0.0261 -0.5813 0.8133
vn -0.0233 -0.1546 0.9877
vn -0.0020 -0.3357 0.9420
vn -0.0003 -0.2669 0.9637
vn -0.0000 -0.2667 0.9638
vn -0.0000 -0.0427 0.9991
vn -0.0000 -0.3461 0.9382
vn -0.0156 -0.9947 -0.1017
vn -0.0199 -0.7697 -0.6381
vn -0.0190 -0.9984 0.0538
vn -0.0184 -0.9983 0.0550
vn -0.0194 -0.9983 0.0544
vn -0.0192 -0.9983 0.0544
vn -0.0497 -0.9895 0.1356
vn -0.0579 -0.9934 0.0991
vn -0.0503 -0.9895 0.1355
vn -0.0000 0.2140 -0.9768
vn -0.0000 0.2139 -0.9768
vn -0.0000 0.6555 -0.7552
vn -0.0000 -0.8716 0.4902
vn 0.0003 -0.4697 0.8829
vn 0.0136 -0.6108 0.7917
vn 0.0194 -0.1548 0.9878
vn 0.0131 -0.6105 0.7919
vn -0.0019 -0.3356 0.9420
vn -0.0036 -0.3841 0.9233
vn -0.0000 -0.2669 0.9637
vn 0.0003 -0.2668 0.9638
vn -0.0010 -0.0427 0.9991
vn 0.0131 -0.9986 0.0516
vn 0.0120 -0.9984 0.0552
vn 0.0150 -0.9985 0.0534
vn 0.0141 -0.9985 0.0534
vn 0.0497 -0.9895 0.1356
vn 0.0544 -0.9930 0.1050
vn 0.0430 -0.9909 0.1279
vn -0.0000 -0.0425 0.9991
vn -0.0000 -0.2746 0.9616
vn -0.0000 -0.2747 0.9615
vn -0.0000 -0.8486 -0.5290
vn -0.0000 -0.8495 -0.5275
vn -0.0000 -0.8486 -0.5291
vn -0.0000 0.4787 -0.8780
vn -0.0000 -1.0000 0.0011
vn -0.0000 -0.9952 0.0980
vn -0.0041 -0.9626 0.2709
vn -0.0022 -0.7085 0.7057
vn -0.0000 -0.0430 0.9991
vn 0.0351 -0.0663 0.9972
vn 0.3203 -0.7130 0.6237
vn -0.0000 0.0627 0.9980
vn -0.0026 0.7070 0.7072
vn -0.0023 0.7058 0.7084
vn 0.4615 -0.0627 0.8849
vn 0.0352 0.0624 0.9974
vn 0.3258 0.7074 0.6272
vn 0.7426 -0.0615 0.6669
vn 0.5284 -0.7092 0.4667
vn 0.4616 0.0590 0.8851
vn 0.7427 0.0586 0.6670
vn 0.5287 0.7088 0.4669
vn 0.8616 -0.0642 0.5035
vn 0.6128 -0.7047 0.3576
vn 0.6809 -0.7021 0.2086
vn 0.8618 0.0611 0.5036
vn 0.6080 0.7107 0.3539
vn 0.6744 0.7100 0.2027
vn 0.9543 -0.0639 0.2919
vn 0.9543 0.0639 0.2919
vn 0.9972 -0.0663 0.0352
vn 0.7067 -0.7070 0.0273
vn 0.9973 0.0628 0.0391
vn 0.7041 0.7095 0.0279
vn 0.7087 -0.7053 -0.0206
vn 0.7084 0.7055 -0.0208
vn 0.9950 -0.0938 -0.0351
vn 0.7155 -0.6464 -0.2649
vn 0.7128 -0.4909 -0.5009
vn 0.9958 0.0858 -0.0312
vn 0.7164 0.6458 -0.2640
vn 0.9933 -0.0816 -0.0817
vn 0.7127 -0.2659 -0.6491
vn 0.9923 0.0897 -0.0857
vn 0.7176 0.5007 -0.4841
vn 0.9854 -0.0618 -0.1584
vn 0.7104 -0.0248 -0.7033
vn 0.9792 0.0767 -0.1880
vn 0.7099 0.2648 -0.6527
vn 0.8279 -0.0131 -0.5607
vn 0.7104 0.0247 -0.7033
vn 0.8138 0.0159 -0.5809
vn 0.5287 0.7089 0.4669
vn 0.6174 -0.7008 0.3574
vn 0.6806 -0.7021 0.2094
vn 0.8618 0.0611 0.5035
vn 0.6107 0.7094 0.3518
vn 0.6675 0.7158 0.2050
vn 0.7075 -0.7062 0.0267
vn 0.7040 0.7097 0.0275
vn 0.9975 -0.0706 -0.0001
vn 0.7087 -0.7052 -0.0204
vn 0.7081 0.7059 -0.0205
vn 0.9950 -0.0938 -0.0352
vn 0.7107 -0.6512 -0.2660
vn 0.7144 -0.4898 -0.4997
vn 0.7121 0.6516 -0.2614
vn 0.9933 -0.0816 -0.0816
vn 0.7204 -0.2650 -0.6410
vn 0.9923 0.0896 -0.0858
vn 0.7183 0.4985 -0.4853
vn 0.7168 0.2755 -0.6406
vn 0.7107 -0.0256 -0.7030
vn 0.7110 0.0254 -0.7027
vn 0.3244 -0.7111 0.6238
vn 0.3269 0.7056 0.6287
vn 0.5288 0.7088 0.4669
vn 0.8616 -0.0643 0.5035
vn 0.6080 -0.7087 0.3579
vn 0.6854 -0.6964 0.2126
vn 0.6088 0.7110 0.3518
vn 0.6696 0.7132 0.2076
vn 0.9972 -0.0662 0.0352
vn 0.7076 -0.7062 0.0266
vn 0.7028 0.7108 0.0275
vn 0.7088 -0.7051 -0.0207
vn 0.7098 -0.6505 -0.2703
vn 0.7129 -0.4933 -0.4985
vn 0.7178 0.6449 -0.2627
vn 0.7145 -0.2631 -0.6483
vn 0.9923 0.0896 -0.0857
vn 0.7155 0.5016 -0.4863
vn 0.7101 -0.0249 -0.7037
vn 0.7177 0.2649 -0.6440
vn 0.8138 0.0160 -0.5809
vn -0.0025 -0.7100 0.7042
vn -0.0023 -0.7086 0.7056
vn 0.0002 -0.0430 0.9991
vn 0.3276 -0.7066 0.6272
vn -0.0022 0.7057 0.7085
vn 0.3244 0.7111 0.6238
vn 0.5286 -0.7088 0.4671
vn 0.5285 0.7091 0.4667
vn 0.6060 -0.7111 0.3564
vn 0.6677 -0.7143 0.2094
vn 0.6067 0.7110 0.3555
vn 0.6708 0.7109 0.2113
vn 0.7060 -0.7077 0.0266
vn 0.9973 0.0628 0.0392
vn 0.7041 0.7096 0.0283
vn 0.7085 -0.7054 -0.0206
vn 0.7082 0.7057 -0.0205
vn 0.7133 -0.6482 -0.2666
vn 0.7145 -0.4895 -0.4999
vn 0.7160 0.6460 -0.2647
vn 0.7175 0.5007 -0.4842
vn 0.7204 -0.2668 -0.6403
vn 0.7141 0.2681 -0.6466
vn 0.7108 -0.0256 -0.7029
vn 0.7102 0.0248 -0.7036
vn 0.3289 -0.7068 0.6263
vn 0.3254 0.7108 0.6236
vn 0.5287 -0.7089 0.4669
vn 0.5284 0.7092 0.4667
vn 0.6030 -0.7112 0.3612
vn 0.6721 -0.7078 0.2173
vn 0.6111 0.7065 0.3568
vn 0.6754 0.7068 0.2103
vn 0.9543 -0.0639 0.2920
vn 0.9972 -0.0663 0.0351
vn 0.7067 -0.7069 0.0274
vn 0.7048 0.7089 0.0269
vn 0.7084 -0.7055 -0.0207
vn 0.7087 0.7053 -0.0204
vn 0.9950 -0.0937 -0.0352
vn 0.7104 -0.6509 -0.2676
vn 0.7150 -0.4892 -0.4995
vn 0.7177 0.6434 -0.2663
vn 0.7149 0.5015 -0.4872
vn 0.7110 -0.0254 -0.7027
vn 0.7177 0.2632 -0.6447
vn 0.7110 0.0256 -0.7027
vn -0.0033 -0.7085 0.7057
vn -0.0392 -0.0667 0.9970
vn -0.3285 -0.7065 0.6269
vn -0.0033 0.7059 0.7084
vn -0.0392 0.0627 0.9973
vn -0.3244 0.7156 0.6186
vn -0.4643 -0.0625 0.8835
vn -0.4643 0.0592 0.8837
vn -0.7426 -0.0615 0.6669
vn -0.5290 -0.7066 0.4700
vn -0.7427 0.0586 0.6670
vn -0.5274 0.7093 0.4677
vn -0.8616 -0.0642 0.5034
vn -0.6102 -0.7069 0.3576
vn -0.8618 0.0611 0.5036
vn -0.6100 0.7089 0.3541
vn -0.6758 -0.7092 0.2011
vn -0.6744 0.7100 0.2027
vn -0.9543 -0.0639 0.2919
vn -0.9543 0.0639 0.2919
vn -0.9972 -0.0663 0.0352
vn -0.7067 -0.7070 0.0273
vn -0.9973 0.0628 0.0391
vn -0.7053 0.7083 0.0299
vn -0.9975 -0.0706 -0.0000
vn -0.7087 -0.7052 -0.0204
vn -0.9975 0.0706 -0.0001
vn -0.7084 0.7055 -0.0208
vn -0.9950 -0.0938 -0.0351
vn -0.7134 -0.6492 -0.2638
vn -0.7130 -0.4910 -0.5005
vn -0.9958 0.0858 -0.0312
vn -0.7164 0.6458 -0.2640
vn -0.9933 -0.0816 -0.0817
vn -0.7127 -0.2659 -0.6491
vn -0.9923 0.0896 -0.0857
vn -0.7165 0.5016 -0.4849
vn -0.9854 -0.0618 -0.1584
vn -0.7104 -0.0248 -0.7033
vn -0.9792 0.0767 -0.1880
vn -0.7208 0.2637 -0.6411
vn -0.8279 -0.0131 -0.5607
vn -0.7112 0.0250 -0.7025
vn -0.8138 0.0160 -0.5809
vn -0.5292 -0.7069 0.4694
vn -0.6102 -0.7069 0.3577
vn -0.6745 -0.7085 0.2074
vn -0.6730 0.7107 0.2052
vn -0.7075 -0.7062 0.0267
vn -0.7036 0.7101 0.0285
vn -0.7084 -0.7055 -0.0207
vn -0.7080 0.7059 -0.0205
vn -0.9950 -0.0938 -0.0352
vn -0.7135 -0.6469 -0.2692
vn -0.7144 -0.4898 -0.4997
vn -0.7121 0.6516 -0.2614
vn -0.9933 -0.0816 -0.0816
vn -0.7204 -0.2650 -0.6410
vn -0.7183 0.4985 -0.4853
vn -0.7168 0.2755 -0.6406
vn -0.7110 -0.0256 -0.7027
vn -0.7110 0.0255 -0.7027
vn -0.8279 -0.0131 -0.5608
vn -0.8138 0.0159 -0.5809
vn -0.0034 -0.7085 0.7057
vn -0.3307 -0.6975 0.6358
vn -0.0033 0.7059 0.7083
vn -0.0392 0.0628 0.9973
vn -0.3228 0.7146 0.6206
vn -0.5288 -0.7067 0.4700
vn -0.5263 0.7099 0.4680
vn -0.6102 -0.7072 0.3572
vn -0.6088 0.7110 0.3518
vn -0.6757 -0.7092 0.2011
vn -0.6695 0.7113 0.2142
vn -0.7073 -0.7064 0.0264
vn -0.7033 0.7103 0.0288
vn -0.7088 -0.7052 -0.0204
vn -0.7133 -0.6482 -0.2666
vn -0.7145 -0.4895 -0.4999
vn -0.7178 0.6449 -0.2627
vn -0.7155 0.5016 -0.4863
vn -0.7177 0.2649 -0.6440
vn -0.7110 0.0254 -0.7027
vn -0.0033 -0.7086 0.7056
vn -0.3180 -0.7169 0.6205
vn 0.0001 0.0627 0.9980
vn -0.0033 0.7058 0.7084
vn -0.3307 0.6975 0.6358
vn -0.4644 0.0592 0.8837
vn -0.5280 -0.7097 0.4665
vn -0.7427 0.0586 0.6671
vn -0.5285 0.7074 0.4694
vn -0.8616 -0.0642 0.5035
vn -0.6095 -0.7076 0.3575
vn -0.8618 0.0611 0.5035
vn -0.6093 0.7090 0.3551
vn -0.6792 -0.7048 0.2051
vn -0.6708 0.7109 0.2113
vn -0.7060 -0.7077 0.0265
vn -0.7052 0.7083 0.0305
vn -0.7082 -0.7057 -0.0207
vn -0.7082 0.7057 -0.0205
vn -0.7135 -0.6477 -0.2671
vn -0.7160 0.6460 -0.2647
vn -0.7175 0.5007 -0.4842
vn -0.7204 -0.2668 -0.6403
vn -0.9923 0.0896 -0.0858
vn -0.7141 0.2681 -0.6466
vn -0.7102 0.0248 -0.7036
vn -0.3172 -0.7142 0.6240
vn -0.3249 0.6970 0.6392
vn -0.5276 -0.7089 0.4680
vn -0.5292 0.7070 0.4692
vn -0.6097 -0.7073 0.3579
vn -0.6122 0.7060 0.3561
vn -0.6779 -0.7063 0.2041
vn -0.6771 0.7036 0.2158
vn -0.9543 0.0639 0.2920
vn -0.7067 -0.7069 0.0274
vn -0.7055 0.7080 0.0308
vn -0.7087 0.7052 -0.0204
vn -0.7104 -0.6509 -0.2676
vn -0.7150 -0.4891 -0.4995
vn -0.7177 0.6434 -0.2663
vn -0.7149 0.5015 -0.4872
vn -0.7110 -0.0254 -0.7027
vn -0.7177 0.2632 -0.6447
vn -0.7107 0.0256 -0.7030
vn 0.3185 0.9479 0.0069
vn 0.1597 0.9872 -0.0000
vn 0.1588 0.9873 0.0099
vn 0.3169 0.9484 0.0136
vn 0.6057 0.7957 -0.0000
vn 0.1594 0.9826 0.0956
vn 0.6014 0.7988 0.0164
vn 0.8182 0.5748 0.0090
vn 0.3159 0.9436 0.0987
vn 0.1469 0.9702 0.1928
vn 0.8184 0.5746 0.0100
vn 0.9540 0.3000 0.0024
vn 0.5999 0.7932 0.1050
vn 0.3150 0.9262 0.2072
vn 0.1327 0.9611 0.2423
vn 0.9541 0.2993 0.0086
vn 1.0000 0.0004 -0.0054
vn 0.8138 0.5733 0.0956
vn 0.5889 0.7828 0.2012
vn 0.3186 0.9129 0.2550
vn 0.1522 0.9473 0.2818
vn 1.0000 -0.0000 -0.0042
vn 0.9531 -0.3025 0.0071
vn 0.3120 0.9145 0.2577
vn 0.1226 0.7571 0.6417
vn 0.5814 0.7707 0.2608
vn 0.8044 0.5623 0.1918
vn 0.9512 0.2931 0.0963
vn 0.2476 0.7211 0.6470
vn 0.0711 0.4356 0.8973
vn 0.5851 0.7692 0.2570
vn 0.7854 0.5690 0.2438
vn 0.1435 0.4035 0.9037
vn 0.9365 0.2910 0.1956
vn 0.0690 -0.0000 0.9976
vn 0.4613 0.6085 0.6457
vn 0.7907 0.5427 0.2833
vn 0.2610 0.3405 0.9033
vn 0.6299 0.4392 0.6405
vn 0.9242 0.2866 0.2524
vn 0.3529 0.2381 0.9048
vn 0.9166 0.2586 0.3050
vn 0.7449 0.2529 0.6174
vn 0.4182 0.1244 0.8998
vn 0.9645 -0.0000 0.2642
vn 0.7584 -0.0000 0.6518
vn 0.9624 -0.0000 0.2717
vn 0.4273 -0.0000 0.9041
vn 0.4175 -0.1271 0.8998
vn 0.7335 -0.2254 0.6413
vn 0.9247 -0.2865 0.2505
vn 0.9799 -0.0054 0.1996
vn 0.3573 -0.2443 0.9015
vn 0.6312 -0.4412 0.6379
vn 0.2570 -0.3413 0.9041
vn 0.1420 -0.4045 0.9034
vn 0.0692 -0.4402 0.8952
vn 0.4655 -0.6064 0.6447
vn 0.2452 -0.7237 0.6451
vn 0.1199 -0.7589 0.6401
vn 0.7949 -0.5518 0.2524
vn 0.5850 -0.7692 0.2571
vn 0.3120 -0.9145 0.2577
vn 0.1535 -0.9548 0.2545
vn 0.9237 -0.2884 0.2520
vn 0.3177 -0.9134 0.2544
vn 0.1539 -0.9557 0.2508
vn 0.7963 -0.5508 0.2500
vn 0.5809 -0.7703 0.2628
vn 0.9340 -0.2933 0.2039
vn 0.8044 -0.5626 0.1907
vn 0.5886 -0.7828 0.2019
vn 0.3145 -0.9263 0.2074
vn 0.1644 -0.9674 0.1924
vn 0.9946 -0.0131 0.1031
vn 0.9486 -0.3012 0.0973
vn 0.9531 -0.3027 0.0076
vn 0.8168 -0.5767 0.0159
vn 0.8125 -0.5741 0.1015
vn 0.8170 -0.5766 0.0059
vn 0.6006 -0.7995 -0.0000
vn 0.6017 -0.7921 0.1030
vn 0.6242 -0.7811 0.0186
vn 0.3162 -0.9487 0.0048
vn 0.3141 -0.9441 0.1006
vn 0.1579 -0.9824 0.1002
vn 0.1589 -0.9872 0.0100
vn 0.3161 -0.9486 0.0139
vn 0.1597 -0.9872 -0.0000
vn 0.0541 0.1624 -0.9852
vn 0.1116 0.6898 -0.7153
vn 0.2244 0.6621 -0.7150
vn 0.0542 0.1624 -0.9852
vn 0.4251 0.5684 -0.7045
vn 0.0236 -0.0000 -0.9997
vn 0.1043 0.1352 -0.9853
vn 0.5827 0.4096 -0.7019
vn 0.1431 0.0966 -0.9850
vn 0.6762 0.2087 -0.7065
vn 0.1660 0.0502 -0.9849
vn 0.7123 -0.0151 -0.7017
vn 0.1700 -0.0039 -0.9854
vn 0.1662 -0.0541 -0.9846
vn 0.6754 -0.2076 -0.7077
vn 0.1431 -0.1005 -0.9846
vn 0.5841 -0.4134 -0.6985
vn 0.1043 -0.1391 -0.9848
vn 0.4237 -0.5613 -0.7109
vn 0.0541 -0.1662 -0.9846
vn 0.2229 -0.6691 -0.7090
vn 0.1136 -0.7025 -0.7025
vn -0.1620 0.9867 0.0101
vn -0.1574 0.9875 -0.0000
vn -0.3212 0.9470 -0.0000
vn -0.3198 0.9474 0.0154
vn -0.1627 0.9820 0.0961
vn -0.6035 0.7974 0.0049
vn -0.3148 0.9440 0.0987
vn -0.1544 0.9679 0.1983
vn -0.6018 0.7985 0.0114
vn -0.8182 0.5748 0.0090
vn -0.3200 0.9245 0.2068
vn -0.1404 0.9588 0.2469
vn -0.6013 0.7927 0.1004
vn -0.8184 0.5746 0.0100
vn -0.9540 0.2999 0.0025
vn -0.3173 0.9128 0.2572
vn -0.1559 0.9466 0.2821
vn -0.5925 0.7819 0.1938
vn -0.8140 0.5728 0.0966
vn -0.9541 0.2993 0.0086
vn -0.3152 0.9134 0.2578
vn -0.1269 0.7560 0.6422
vn -0.9531 -0.3025 0.0071
vn -0.9510 0.2936 0.0971
vn -0.8037 0.5633 0.1918
vn -0.5817 0.7706 0.2604
vn -0.9361 0.2913 0.1971
vn -0.7854 0.5689 0.2438
vn -0.5870 0.7678 0.2567
vn -0.2486 0.7245 0.6429
vn -0.0741 0.4355 0.8971
vn -0.7907 0.5427 0.2833
vn -0.1454 0.4008 0.9045
vn -0.4688 0.6053 0.6434
vn -0.0718 -0.0036 0.9974
vn -0.2646 0.3400 0.9024
vn -0.6275 0.4443 0.6395
vn -0.9242 0.2866 0.2524
vn -0.3611 0.2406 0.9010
vn -0.9166 0.2586 0.3050
vn -0.7449 0.2529 0.6174
vn -0.4184 0.1229 0.8999
vn -0.9645 -0.0000 0.2642
vn -0.7584 -0.0000 0.6518
vn -0.9624 -0.0000 0.2717
vn -0.4181 -0.0095 0.9083
vn -0.4169 -0.1269 0.9000
vn -0.7335 -0.2254 0.6413
vn -0.9248 -0.2865 0.2505
vn -0.9799 -0.0054 0.1996
vn -0.3599 -0.2431 0.9008
vn -0.6312 -0.4412 0.6379
vn -0.2630 -0.3401 0.9029
vn -0.1463 -0.4046 0.9027
vn -0.0739 -0.4411 0.8944
vn -0.4669 -0.6068 0.6433
vn -0.2509 -0.7207 0.6463
vn -0.1216 -0.7584 0.6403
vn -0.7949 -0.5517 0.2524
vn -0.5869 -0.7678 0.2568
vn -0.3152 -0.9134 0.2577
vn -0.1572 -0.9541 0.2548
vn -0.9237 -0.2884 0.2520
vn -0.7964 -0.5506 0.2501
vn -0.5813 -0.7702 0.2624
vn -0.3171 -0.9129 0.2571
vn -0.1533 -0.9542 0.2567
vn -0.9354 -0.2903 0.2021
vn -0.3197 -0.9246 0.2073
vn -0.1615 -0.9679 0.1925
vn -0.5868 -0.7864 0.1930
vn -0.8038 -0.5635 0.1907
vn -0.3152 -0.9440 0.0979
vn -0.1661 -0.9814 0.0965
vn -0.1621 -0.9867 0.0102
vn -0.6013 -0.7928 0.1000
vn -0.8122 -0.5746 0.1007
vn -0.9486 -0.3015 0.0965
vn -0.9946 -0.0131 0.1031
vn -0.9531 -0.3027 0.0076
vn -0.8168 -0.5767 0.0159
vn -0.8169 -0.5767 0.0059
vn -0.6025 -0.7981 -0.0000
vn -0.6251 -0.7803 0.0189
vn -0.3151 -0.9490 -0.0000
vn -0.3186 -0.9478 0.0153
vn -0.1574 -0.9875 -0.0000
vn -0.2279 0.6651 -0.7111
vn -0.1100 0.6899 -0.7155
vn -0.0580 0.1623 -0.9850
vn -0.0579 0.1623 -0.9850
vn -0.4251 0.5684 -0.7045
vn -0.0351 -0.0114 -0.9993
vn -0.1082 0.1353 -0.9849
vn -0.5829 0.4151 -0.6985
vn -0.1467 0.0965 -0.9845
vn -0.6883 0.2086 -0.6948
vn -0.1698 0.0502 -0.9842
vn -0.7123 -0.0151 -0.7017
vn -0.1739 -0.0039 -0.9848
vn -0.1697 -0.0540 -0.9840
vn -0.6863 -0.2128 -0.6955
vn -0.1466 -0.1003 -0.9841
vn -0.5838 -0.4076 -0.7022
vn -0.1080 -0.1388 -0.9844
vn -0.4283 -0.5587 -0.7102
vn -0.0309 -0.1812 -0.9830
vn -0.2296 -0.6668 -0.7090
vn -0.1148 -0.6997 -0.7051
vn -0.9821 -0.1342 0.1324
vn -0.9824 -0.1334 0.1311
vn -0.9742 -0.1232 0.1892
vn -0.8726 0.2764 -0.4026
vn -0.8689 0.2796 -0.4084
vn -0.9171 0.0744 -0.3918
vn -0.9990 -0.0078 0.0430
vn -0.9541 -0.0662 0.2921
vn -0.9958 0.0857 -0.0318
vn -0.9707 0.2093 -0.1180
vn -0.8963 0.1473 -0.4183
vn -0.9990 0.0196 -0.0392
vn 0.9824 -0.1334 0.1311
vn 0.9821 -0.1343 0.1324
vn 0.9742 -0.1232 0.1892
vn 0.8699 0.2779 -0.4074
vn 0.8704 0.2771 -0.4070
vn 0.9170 0.0745 -0.3918
vn 0.9994 0.0274 -0.0233
vn 0.8963 0.1473 -0.4183
vn 0.9958 0.0857 -0.0318
vn 0.9707 0.2093 -0.1180
vn 0.9541 -0.0662 0.2921
vn 0.9990 -0.0078 0.0430
vn 0.7840 0.5282 0.3261
vn 0.7673 0.6108 0.1956
vn 0.3015 0.8091 0.5045
vn -0.0323 0.8501 0.5256
vn -0.0559 0.8452 0.5315
vn 0.2582 0.8552 0.4494
vn 0.3860 0.8888 -0.2471
vn -0.0288 0.8505 0.5253
vn 0.1354 0.9600 0.2450
vn -0.0000 0.8992 -0.4375
vn -0.0000 0.9727 0.2322
vn -0.0000 0.8364 0.5481
vn -0.7673 0.6108 0.1956
vn -0.7840 0.5282 0.3261
vn -0.3046 0.8082 0.5040
vn 0.0559 0.8452 0.5315
vn 0.0241 0.8499 0.5263
vn -0.2614 0.8544 0.4490
vn -0.3956 0.8847 -0.2466
vn -0.0001 0.8365 0.5479
vn -0.1393 0.9596 0.2443
vn -0.6919 0.0001 -0.7220
vn -0.9472 -0.3196 -0.0257
vn -0.9975 -0.0707 -0.0001
vn -0.7384 -0.4009 0.5422
vn -0.9972 -0.0664 0.0350
vn 0.9472 -0.3196 -0.0256
vn 0.6903 0.0022 -0.7235
vn 0.7384 -0.4009 0.5422
vn 1.0000 -0.0035 -0.0040
vn 0.9972 -0.0664 0.0351
vn 0.8273 -0.0137 -0.5617
vn 0.9895 -0.0156 -0.1437
vn 0.5545 -0.4905 -0.6723
vn 0.8309 -0.0000 -0.5565
vn 0.6932 -0.5464 -0.4700
vn 0.9971 -0.0000 -0.0757
vn 0.9747 -0.0304 0.2216
vn 0.7451 -0.1286 0.6544
vn 0.9644 -0.0000 0.2645
vn 0.5836 -0.0000 0.8121
vn 0.7084 0.7056 -0.0165
vn 0.7083 0.7057 -0.0187
vn 0.7156 0.6436 0.2713
vn 0.9975 -0.0706 0.0001
vn 0.7094 -0.7046 -0.0182
vn 0.7135 0.4954 0.4955
vn 0.7085 -0.7055 -0.0188
vn 0.9913 0.0933 0.0933
vn 0.7129 -0.6508 0.2612
vn 0.7100 0.2639 0.6528
vn 0.9920 -0.0893 0.0892
vn 0.7086 -0.5040 0.4938
vn 0.9854 0.0618 0.1584
vn 0.7042 0.0192 0.7097
vn 0.9781 -0.0805 0.1918
vn 0.7129 -0.2692 0.6475
vn 0.7049 -0.0246 0.7089
vn 0.8246 -0.0032 0.5657
vn 0.8246 -0.0033 0.5657
vn 0.7085 0.7055 -0.0165
vn 0.9975 0.0706 0.0001
vn 0.7084 0.7056 -0.0188
vn 0.9973 0.0627 0.0392
vn 0.7106 0.6503 0.2684
vn 0.7136 0.4953 0.4955
vn 0.7105 -0.6534 0.2613
vn 0.7136 -0.4999 0.4908
vn 0.7128 -0.2679 0.6481
vn 0.9846 -0.0656 0.1622
vn 0.7095 0.6493 0.2738
vn 0.7085 -0.7054 -0.0188
vn 0.7137 0.4953 0.4953
vn 0.7111 -0.6520 0.2629
vn 0.7160 0.2628 0.6468
vn 0.9920 -0.0892 0.0893
vn 0.7139 -0.5000 0.4903
vn 0.7161 -0.2675 0.6447
vn 0.9846 -0.0656 0.1621
vn 0.7058 -0.0250 0.7079
vn 0.7042 0.0192 0.7098
vn 0.7094 0.7046 -0.0182
vn 0.7085 0.7054 -0.0188
vn 0.7117 0.6475 0.2726
vn 0.7085 -0.7055 -0.0165
vn 0.7084 -0.7056 -0.0188
vn 0.7105 -0.6532 0.2616
vn 0.7169 0.2627 0.6458
vn 0.9920 -0.0893 0.0893
vn 0.7145 -0.4995 0.4898
vn 0.9781 -0.0806 0.1918
vn 0.7177 -0.2649 0.6440
vn 0.7058 -0.0248 0.7080
vn 0.7094 0.7046 -0.0178
vn 0.9975 0.0705 -0.0000
vn 0.5315 0.8470 0.0137
vn 0.9975 -0.0707 -0.0000
vn 0.9904 0.1283 0.0505
vn 0.5358 0.7827 0.3167
vn 0.9975 -0.0705 -0.0000
vn 0.7428 -0.6696 0.0001
vn 0.6255 -0.7800 0.0186
vn 0.5611 -0.7466 0.3574
vn 0.9842 0.1273 0.1235
vn 0.5374 0.6057 0.5868
vn 0.9899 -0.1321 0.0505
vn 0.9821 -0.1350 0.1311
vn 0.5375 -0.5985 0.5941
vn 0.9507 0.1158 0.2875
vn 0.5298 0.3204 0.7853
vn 0.5313 0.0268 0.8468
vn 0.9617 -0.1057 0.2529
vn 0.5298 -0.3225 0.7844
vn 0.5313 -0.0268 0.8468
vn 0.7042 0.0195 0.7097
vn 0.6550 -0.0207 0.7553
vn -0.9895 -0.0156 -0.1436
vn -0.8273 -0.0137 -0.5617
vn -0.5492 -0.4961 -0.6725
vn -0.8309 -0.0000 -0.5565
vn -0.6932 -0.5464 -0.4699
vn -0.9971 -0.0000 -0.0757
vn -0.9746 -0.0304 0.2217
vn -0.7452 -0.1286 0.6544
vn -0.9644 -0.0000 0.2645
vn -0.5797 -0.0000 0.8148
vn -1.0000 -0.0038 -0.0039
vn -0.7071 0.7070 0.0146
vn -0.7045 0.7091 0.0286
vn -0.9973 0.0628 0.0392
vn -0.7156 0.6436 0.2713
vn -0.7083 -0.7056 0.0234
vn -0.7135 0.4954 0.4955
vn -0.7069 -0.7068 0.0266
vn -0.9913 0.0933 0.0933
vn -0.9972 -0.0663 0.0351
vn -0.7135 -0.6502 0.2610
vn -0.7100 0.2639 0.6528
vn -0.9920 -0.0892 0.0893
vn -0.7086 -0.5040 0.4938
vn -0.9854 0.0618 0.1584
vn -0.9781 -0.0805 0.1918
vn -0.7129 -0.2692 0.6475
vn -0.7053 0.0205 0.7086
vn -0.7068 -0.0225 0.7070
vn -0.8246 -0.0032 0.5657
vn -0.8246 -0.0033 0.5657
vn -0.7072 0.7068 0.0147
vn -0.7056 0.7081 0.0286
vn -0.7155 0.6446 0.2694
vn -0.7082 -0.7056 0.0234
vn -0.7074 -0.7064 0.0263
vn -0.7118 -0.6523 0.2604
vn -0.9920 -0.0893 0.0893
vn -0.7107 -0.4948 0.5001
vn -0.7126 -0.2691 0.6479
vn -0.9846 -0.0656 0.1621
vn -0.7059 0.7077 0.0292
vn -0.9973 0.0627 0.0392
vn -0.7095 0.6493 0.2738
vn -0.7075 -0.7062 0.0263
vn -0.7111 -0.6520 0.2629
vn -0.7137 0.4953 0.4953
vn -0.7139 -0.5000 0.4903
vn -0.7067 0.2647 0.6561
vn -0.7161 -0.2675 0.6447
vn -0.9846 -0.0656 0.1622
vn -0.7070 -0.0226 0.7069
vn -0.7053 0.0206 0.7086
vn -0.7086 0.7053 0.0217
vn -0.7069 0.7067 0.0278
vn -0.7117 0.6475 0.2726
vn -0.9975 -0.0706 0.0001
vn -0.7073 -0.7066 0.0210
vn -0.7070 -0.7067 0.0268
vn -0.7105 -0.6532 0.2616
vn -0.7169 0.2627 0.6458
vn -0.7145 -0.4995 0.4898
vn -0.7057 0.0207 0.7082
vn -0.7177 -0.2649 0.6440
vn -0.7070 -0.0225 0.7069
vn -0.9975 0.0705 -0.0000
vn -0.7088 0.7051 0.0209
vn -0.5337 0.8456 0.0125
vn -0.9975 -0.0707 -0.0000
vn -0.9905 0.1282 0.0505
vn -0.5392 0.7822 0.3120
vn -0.9975 -0.0705 0.0001
vn -0.7428 -0.6696 0.0001
vn -0.6264 -0.7793 0.0189
vn -0.5711 -0.7434 0.3481
vn -0.9842 0.1273 0.1234
vn -0.5492 0.6002 0.5815
vn -0.9899 -0.1321 0.0505
vn -0.9821 -0.1349 0.1311
vn -0.5375 -0.5985 0.5941
vn -0.9507 0.1158 0.2876
vn -0.5416 0.3176 0.7784
vn -0.5337 0.0276 0.8452
vn -0.9617 -0.1057 0.2529
vn -0.5445 -0.3234 0.7739
vn -0.5336 -0.0276 0.8453
vn -0.7058 0.0195 0.7081
vn -0.6568 -0.0208 0.7538
vt 0.051419 0.655332
vt 0.055680 0.655332
vt 0.055680 0.658143
vt 0.051419 0.658143
vt 0.509078 0.770540
vt 0.509078 0.761339
vt 0.576016 0.761339
vt 0.576062 0.770540
vt 0.636048 0.204799
vt 0.647240 0.204799
vt 0.647240 0.218770
vt 0.636048 0.218770
vt 0.610322 0.164738
vt 0.610253 0.175930
vt 0.601195 0.175930
vt 0.601110 0.164738
vt 0.576016 0.761339
vt 0.509078 0.761339
vt 0.509078 0.770540
vt 0.576062 0.770540
vt 0.647240 0.218770
vt 0.647240 0.204799
vt 0.636049 0.204799
vt 0.636049 0.218770
vt 0.610253 0.175930
vt 0.610321 0.164738
vt 0.601110 0.164738
vt 0.288027 0.109216
vt 0.276341 0.102637
vt 0.395283 0.102637
vt 0.403002 0.109216
vt 0.411103 0.108479
vt 0.411103 0.109722
vt 0.402690 0.101965
vt 0.403980 0.101800
vt 0.404176 0.099215
vt 0.404176 0.094234
vt 0.411300 0.094234
vt 0.411300 0.105894
vt 0.276340 0.102637
vt 0.288027 0.109216
vt 0.411103 0.108479
vt 0.403980 0.101800
vt 0.402690 0.101965
vt 0.411103 0.109722
vt 0.404176 0.099215
vt 0.411300 0.105894
vt 0.411300 0.094234
vt 0.404176 0.094234
vt 0.848952 0.809040
vt 0.848003 0.808387
vt 0.848041 0.960931
vt 0.848561 0.960357
vt 0.972670 0.144260
vt 0.972529 0.143165
vt 0.968997 0.148226
vt 0.969133 0.149448
vt 0.972593 0.141758
vt 0.972510 0.141721
vt 0.969646 0.145779
vt 0.969700 0.146019
vt 0.255130 0.682120
vt 0.255011 0.681156
vt 0.237169 0.681115
vt 0.235162 0.682144
vt 0.829792 0.752893
vt 0.829792 0.732791
vt 0.824876 0.732791
vt 0.824876 0.752893
vt 0.256501 0.734439
vt 0.256509 0.706878
vt 0.251307 0.707101
vt 0.251503 0.734415
vt 0.812904 0.491009
vt 0.812847 0.484867
vt 0.808006 0.484868
vt 0.807898 0.491011
vt 0.789004 0.480639
vt 0.797015 0.480640
vt 0.796921 0.475850
vt 0.788955 0.475850
vt 0.264135 0.677555
vt 0.267365 0.677555
vt 0.267365 0.663704
vt 0.264135 0.663610
vt 0.937039 0.270995
vt 0.937039 0.306308
vt 0.952586 0.306308
vt 0.952586 0.270995
vt 0.795330 0.470194
vt 0.795331 0.462508
vt 0.790244 0.462508
vt 0.790243 0.470363
vt 0.899765 0.706733
vt 0.899766 0.731015
vt 0.906288 0.731015
vt 0.906288 0.706733
vt 0.219583 0.641647
vt 0.219584 0.628167
vt 0.216577 0.630247
vt 0.216576 0.643724
vt 0.984692 0.512549
vt 0.984692 0.526589
vt 0.991274 0.526589
vt 0.991274 0.512549
vt 0.213582 0.625965
vt 0.220129 0.625965
vt 0.220152 0.579842
vt 0.213481 0.579842
vt 0.805064 0.277405
vt 0.805064 0.283807
vt 0.813858 0.283807
vt 0.813858 0.277405
vt 0.933187 0.748843
vt 0.939608 0.748843
vt 0.939608 0.708123
vt 0.933187 0.708123
vt 0.761525 0.269581
vt 0.723927 0.269581
vt 0.723927 0.275379
vt 0.761525 0.275379
vt 0.787487 0.472151
vt 0.787776 0.461892
vt 0.779342 0.461892
vt 0.779342 0.472152
vt 0.895941 0.371563
vt 0.918056 0.371670
vt 0.918056 0.359673
vt 0.895941 0.359673
vt 0.758134 0.370071
vt 0.758134 0.339470
vt 0.746067 0.339470
vt 0.746067 0.370071
vt 0.775530 0.472212
vt 0.775530 0.461335
vt 0.771605 0.461394
vt 0.771605 0.472212
vt 0.903018 0.421305
vt 0.914215 0.421306
vt 0.914108 0.404413
vt 0.903020 0.404412
vt 0.881905 0.384819
vt 0.881928 0.394050
vt 0.895496 0.394015
vt 0.895535 0.384784
vt 0.991274 0.526589
vt 0.984692 0.526589
vt 0.984692 0.512549
vt 0.991274 0.512549
vt 0.078628 0.306283
vt 0.078669 0.315472
vt 0.071746 0.315472
vt 0.071746 0.306283
vt 0.271151 0.397549
vt 0.276505 0.395333
vt 0.276505 0.402215
vt 0.271151 0.402215
vt 0.233780 0.409632
vt 0.240634 0.409632
vt 0.238240 0.417316
vt 0.233780 0.417316
vt 0.290289 0.390442
vt 0.290289 0.396256
vt 0.287510 0.396256
vt 0.285882 0.390442
vt 0.277238 0.404908
vt 0.277683 0.411012
vt 0.273018 0.411012
vt 0.273018 0.404908
vt 0.274216 0.385116
vt 0.276942 0.385116
vt 0.272876 0.391151
vt 0.271547 0.391151
vt 0.234975 0.400079
vt 0.241898 0.400079
vt 0.241754 0.407836
vt 0.234975 0.407836
vt 0.038172 0.308746
vt 0.040414 0.308725
vt 0.040414 0.312097
vt 0.038172 0.312097
vt 0.640642 0.983254
vt 0.640643 0.991447
vt 0.638919 0.991447
vt 0.638919 0.983254
vt 0.632159 0.991447
vt 0.632159 0.983254
vt 0.578289 0.973786
vt 0.578289 0.966561
vt 0.580929 0.966561
vt 0.580929 0.973786
vt 0.584879 0.966561
vt 0.584879 0.973786
vt 0.589038 0.966561
vt 0.589038 0.973786
vt 0.654912 0.973786
vt 0.654912 0.966561
vt 0.657162 0.966561
vt 0.657162 0.973786
vt 0.658962 0.966561
vt 0.658962 0.973786
vt 0.660100 0.966561
vt 0.660100 0.973786
vt 0.628858 0.983251
vt 0.628858 0.991444
vt 0.603435 0.991444
vt 0.603435 0.983251
vt 0.599276 0.991444
vt 0.599276 0.983251
vt 0.648253 0.956301
vt 0.648253 0.964452
vt 0.645798 0.964452
vt 0.645798 0.955411
vt 0.578289 0.964452
vt 0.578289 0.955411
vt 0.881058 0.032839
vt 0.881730 0.031649
vt 0.881730 0.055013
vt 0.881059 0.055017
vt 0.881730 0.056451
vt 0.881058 0.056451
vt 0.881058 0.057819
vt 0.881730 0.057819
vt 0.881058 0.059181
vt 0.881730 0.059181
vt 0.881059 0.060546
vt 0.881730 0.060545
vt 0.881059 0.067375
vt 0.881730 0.067375
vt 0.881730 0.068743
vt 0.881059 0.068743
vt 0.881730 0.070112
vt 0.881059 0.070112
vt 0.881730 0.071477
vt 0.881059 0.071476
vt 0.881730 0.072840
vt 0.881059 0.072836
vt 0.881059 0.093535
vt 0.881730 0.094746
vt 0.643739 0.982565
vt 0.654805 0.982565
vt 0.654805 0.989136
vt 0.643739 0.989136
vt 0.654258 0.991435
vt 0.643739 0.991435
vt 0.907159 0.168608
vt 0.907151 0.108473
vt 0.916886 0.168607
vt 0.916882 0.108472
vt 0.917781 0.168606
vt 0.917777 0.108472
vt 0.918384 0.168606
vt 0.918372 0.108472
vt 0.919665 0.168606
vt 0.919676 0.108472
vt 0.920503 0.168606
vt 0.920507 0.108472
vt 0.921405 0.168606
vt 0.921410 0.108472
vt 0.926356 0.108472
vt 0.951388 0.164486
vt 0.959826 0.151497
vt 0.927366 0.108271
vt 0.928221 0.107699
vt 0.928792 0.106844
vt 0.959834 0.108472
vt 0.937182 0.108472
vt 0.936174 0.108271
vt 0.935318 0.107699
vt 0.934746 0.106844
vt 0.934546 0.105835
vt 0.928993 0.105835
vt 0.934546 0.100689
vt 0.928993 0.100689
vt 0.928792 0.099680
vt 0.934746 0.099680
vt 0.928221 0.098824
vt 0.935318 0.098824
vt 0.936174 0.093112
vt 0.936174 0.098253
vt 0.937182 0.098052
vt 0.935318 0.092541
vt 0.937182 0.093313
vt 0.959835 0.098052
vt 0.959835 0.093313
vt 0.934746 0.091686
vt 0.927366 0.098253
vt 0.927366 0.093112
vt 0.928221 0.092541
vt 0.926356 0.093313
vt 0.928792 0.091686
vt 0.926356 0.098052
vt 0.934546 0.090676
vt 0.921410 0.093313
vt 0.928993 0.090676
vt 0.921410 0.098052
vt 0.934546 0.085530
vt 0.920509 0.098052
vt 0.928993 0.085530
vt 0.920509 0.093313
vt 0.934746 0.084521
vt 0.919678 0.098052
vt 0.928792 0.084521
vt 0.919678 0.093313
vt 0.935318 0.083666
vt 0.918370 0.098052
vt 0.918369 0.093313
vt 0.917776 0.098052
vt 0.917776 0.093313
vt 0.916881 0.098052
vt 0.916881 0.093313
vt 0.907149 0.098053
vt 0.907149 0.093315
vt 0.928221 0.083666
vt 0.936174 0.077954
vt 0.936174 0.083094
vt 0.937182 0.082893
vt 0.935318 0.077382
vt 0.937182 0.078155
vt 0.959837 0.082893
vt 0.959837 0.078155
vt 0.934746 0.076527
vt 0.927366 0.083094
vt 0.927366 0.077954
vt 0.928221 0.077382
vt 0.926356 0.078155
vt 0.928792 0.076527
vt 0.926356 0.082893
vt 0.934546 0.075518
vt 0.921411 0.078155
vt 0.928993 0.075518
vt 0.921411 0.082893
vt 0.934546 0.070372
vt 0.920509 0.082893
vt 0.928993 0.070372
vt 0.920510 0.078155
vt 0.934746 0.069363
vt 0.919680 0.082893
vt 0.928792 0.069363
vt 0.919681 0.078155
vt 0.935318 0.068507
vt 0.918367 0.082893
vt 0.918366 0.078155
vt 0.917776 0.082893
vt 0.917775 0.078155
vt 0.916880 0.082894
vt 0.916879 0.078155
vt 0.907147 0.082895
vt 0.907146 0.078156
vt 0.928221 0.068507
vt 0.936173 0.062796
vt 0.936174 0.067936
vt 0.937182 0.067735
vt 0.935318 0.062224
vt 0.937183 0.062996
vt 0.934746 0.061369
vt 0.959840 0.063357
vt 0.959839 0.062996
vt 0.959839 0.067735
vt 0.927366 0.067936
vt 0.927366 0.062796
vt 0.928221 0.062224
vt 0.926356 0.062996
vt 0.928792 0.061369
vt 0.926356 0.067735
vt 0.934546 0.060360
vt 0.921413 0.062996
vt 0.928993 0.060360
vt 0.921412 0.067735
vt 0.934546 0.055213
vt 0.920511 0.067735
vt 0.928993 0.055213
vt 0.920511 0.062996
vt 0.928792 0.054204
vt 0.919683 0.067735
vt 0.934746 0.054204
vt 0.919684 0.062996
vt 0.928221 0.053349
vt 0.918364 0.067735
vt 0.918363 0.062996
vt 0.917774 0.067735
vt 0.917774 0.062996
vt 0.916879 0.067735
vt 0.916878 0.062996
vt 0.907145 0.067736
vt 0.907145 0.062997
vt 0.935318 0.053349
vt 0.936173 0.047637
vt 0.936173 0.052777
vt 0.937183 0.052576
vt 0.935318 0.047065
vt 0.937183 0.047838
vt 0.959841 0.052576
vt 0.959841 0.047838
vt 0.934746 0.046210
vt 0.927365 0.052777
vt 0.928221 0.047065
vt 0.928792 0.046210
vt 0.927365 0.047637
vt 0.928993 0.045201
vt 0.926356 0.047838
vt 0.934546 0.045201
vt 0.926356 0.052576
vt 0.934546 0.040055
vt 0.921414 0.047838
vt 0.928993 0.040055
vt 0.921414 0.052576
vt 0.928792 0.039046
vt 0.920512 0.052576
vt 0.934746 0.039046
vt 0.920512 0.047838
vt 0.935318 0.038190
vt 0.919686 0.052576
vt 0.936173 0.037619
vt 0.919687 0.047838
vt 0.937183 0.037238
vt 0.918361 0.052576
vt 0.918360 0.047838
vt 0.917773 0.052576
vt 0.917772 0.047838
vt 0.916878 0.052577
vt 0.916877 0.047838
vt 0.907144 0.052578
vt 0.907142 0.047839
vt 0.959844 0.034505
vt 0.959843 0.037238
vt 0.954633 0.031296
vt 0.928221 0.038190
vt 0.927366 0.037619
vt 0.926356 0.037418
vt 0.921421 0.031297
vt 0.921414 0.037418
vt 0.920513 0.037418
vt 0.920514 0.031297
vt 0.919689 0.037418
vt 0.919686 0.031297
vt 0.918357 0.037418
vt 0.918360 0.031297
vt 0.917772 0.037418
vt 0.917772 0.031297
vt 0.916876 0.037418
vt 0.916873 0.031297
vt 0.907141 0.037417
vt 0.907141 0.031296
vt 0.893674 0.031241
vt 0.894545 0.031241
vt 0.893674 0.040720
vt 0.894545 0.040754
vt 0.893674 0.041756
vt 0.894545 0.041763
vt 0.894545 0.042816
vt 0.893674 0.042771
vt 0.894545 0.044366
vt 0.893674 0.044392
vt 0.893674 0.045363
vt 0.894545 0.045359
vt 0.894545 0.046337
vt 0.893674 0.046341
vt 0.894545 0.051174
vt 0.893674 0.051173
vt 0.894545 0.052175
vt 0.893674 0.052175
vt 0.893674 0.053176
vt 0.894545 0.053176
vt 0.893674 0.054177
vt 0.894545 0.054177
vt 0.894545 0.055178
vt 0.893674 0.055178
vt 0.894545 0.060191
vt 0.893674 0.060191
vt 0.894545 0.061193
vt 0.893674 0.061193
vt 0.894545 0.062196
vt 0.893674 0.062196
vt 0.894545 0.063198
vt 0.893674 0.063198
vt 0.893674 0.064201
vt 0.894545 0.064201
vt 0.893674 0.069032
vt 0.894545 0.069038
vt 0.893674 0.070011
vt 0.894545 0.070012
vt 0.894545 0.071003
vt 0.893674 0.070983
vt 0.893674 0.072611
vt 0.894545 0.072563
vt 0.893674 0.073627
vt 0.894545 0.073618
vt 0.894545 0.074627
vt 0.893674 0.074662
vt 0.894545 0.084143
vt 0.893674 0.084143
vt 0.896054 0.031217
vt 0.896924 0.031217
vt 0.896924 0.040699
vt 0.896054 0.040734
vt 0.896924 0.041735
vt 0.896054 0.041743
vt 0.896054 0.042797
vt 0.896924 0.042750
vt 0.896054 0.044368
vt 0.896924 0.044390
vt 0.896924 0.045362
vt 0.896054 0.045360
vt 0.896054 0.046337
vt 0.896924 0.046342
vt 0.896054 0.051172
vt 0.896924 0.051172
vt 0.896054 0.052175
vt 0.896924 0.052175
vt 0.896924 0.053178
vt 0.896054 0.053177
vt 0.896924 0.054180
vt 0.896054 0.054180
vt 0.896924 0.055182
vt 0.896054 0.055182
vt 0.896924 0.060194
vt 0.896054 0.060194
vt 0.896924 0.061196
vt 0.896054 0.061195
vt 0.896924 0.062197
vt 0.896054 0.062197
vt 0.896924 0.063198
vt 0.896054 0.063198
vt 0.896054 0.064200
vt 0.896924 0.064200
vt 0.896924 0.069031
vt 0.896054 0.069036
vt 0.896924 0.070010
vt 0.896054 0.070014
vt 0.896054 0.071007
vt 0.896924 0.070982
vt 0.896924 0.072614
vt 0.896054 0.072569
vt 0.896924 0.073630
vt 0.896054 0.073621
vt 0.896054 0.074630
vt 0.896924 0.074665
vt 0.896054 0.084143
vt 0.896924 0.084143
vt 0.898760 0.031192
vt 0.899630 0.031192
vt 0.898760 0.040672
vt 0.899630 0.040707
vt 0.898760 0.041707
vt 0.899630 0.041715
vt 0.899630 0.042766
vt 0.898760 0.042722
vt 0.899630 0.044339
vt 0.898760 0.044366
vt 0.898760 0.045338
vt 0.899630 0.045333
vt 0.899630 0.046313
vt 0.898760 0.046318
vt 0.899630 0.051149
vt 0.898760 0.051148
vt 0.899630 0.052149
vt 0.898760 0.052149
vt 0.898760 0.053150
vt 0.899630 0.053150
vt 0.898760 0.054152
vt 0.899630 0.054152
vt 0.898760 0.055153
vt 0.899630 0.055153
vt 0.899630 0.060165
vt 0.898760 0.060165
vt 0.898760 0.061167
vt 0.899630 0.061167
vt 0.899630 0.062170
vt 0.898760 0.062170
vt 0.899630 0.063173
vt 0.898760 0.063173
vt 0.899630 0.064175
vt 0.898760 0.064175
vt 0.898760 0.069005
vt 0.899630 0.069010
vt 0.898760 0.069986
vt 0.899630 0.069988
vt 0.899630 0.070980
vt 0.898760 0.070959
vt 0.898760 0.072610
vt 0.899630 0.072563
vt 0.898760 0.073625
vt 0.899630 0.073616
vt 0.899630 0.074625
vt 0.898760 0.074659
vt 0.899630 0.084143
vt 0.898760 0.084142
vt 0.901792 0.084143
vt 0.900922 0.084143
vt 0.901792 0.074663
vt 0.900922 0.074628
vt 0.901792 0.073628
vt 0.900922 0.073620
vt 0.900922 0.072570
vt 0.901792 0.072614
vt 0.900922 0.070985
vt 0.901792 0.070959
vt 0.901792 0.069985
vt 0.900922 0.069989
vt 0.900922 0.069008
vt 0.901792 0.069003
vt 0.900922 0.064174
vt 0.901792 0.064175
vt 0.901792 0.063173
vt 0.900922 0.063173
vt 0.900922 0.062172
vt 0.901792 0.062172
vt 0.900922 0.061171
vt 0.901792 0.061171
vt 0.901792 0.060169
vt 0.900922 0.060169
vt 0.901792 0.055157
vt 0.900922 0.055157
vt 0.900922 0.054155
vt 0.901792 0.054155
vt 0.900922 0.053152
vt 0.901792 0.053153
vt 0.901793 0.052150
vt 0.900922 0.052149
vt 0.900922 0.051147
vt 0.901793 0.051147
vt 0.901793 0.046319
vt 0.900922 0.046314
vt 0.901793 0.045337
vt 0.900922 0.045335
vt 0.900922 0.044340
vt 0.901793 0.044362
vt 0.901793 0.042699
vt 0.900922 0.042746
vt 0.901793 0.041685
vt 0.900922 0.041694
vt 0.900922 0.040685
vt 0.901793 0.040651
vt 0.900922 0.031167
vt 0.901793 0.031167
vt 0.904063 0.084143
vt 0.903192 0.084143
vt 0.904063 0.074662
vt 0.903192 0.074628
vt 0.904063 0.073628
vt 0.903192 0.073620
vt 0.903192 0.072571
vt 0.904063 0.072614
vt 0.903192 0.070974
vt 0.904063 0.070947
vt 0.904063 0.069972
vt 0.903192 0.069978
vt 0.903192 0.068995
vt 0.904063 0.068990
vt 0.903192 0.064162
vt 0.904063 0.064162
vt 0.903192 0.063161
vt 0.904063 0.063161
vt 0.903192 0.062160
vt 0.904063 0.062159
vt 0.904063 0.061159
vt 0.903192 0.061158
vt 0.904063 0.060157
vt 0.903192 0.060157
vt 0.904063 0.055144
vt 0.903192 0.055145
vt 0.903192 0.054142
vt 0.904063 0.054143
vt 0.903192 0.053140
vt 0.904063 0.053140
vt 0.903192 0.052136
vt 0.904063 0.052137
vt 0.904063 0.051134
vt 0.903192 0.051134
vt 0.904063 0.046307
vt 0.903192 0.046302
vt 0.904063 0.045324
vt 0.903192 0.045321
vt 0.903192 0.044326
vt 0.904063 0.044349
vt 0.904063 0.042675
vt 0.903192 0.042721
vt 0.904063 0.041661
vt 0.903192 0.041669
vt 0.903192 0.040662
vt 0.904063 0.040627
vt 0.903192 0.031142
vt 0.904063 0.031142
vt 0.602633 0.802151
vt 0.709049 0.802213
vt 0.602916 0.805687
vt 0.711016 0.805751
vt 0.601236 0.806866
vt 0.712958 0.806932
vt 0.578289 0.966561
vt 0.599276 0.983251
vt 0.599276 0.991444
vt 0.960977 0.108472
vt 0.960970 0.151497
vt 0.962389 0.108472
vt 0.964107 0.151497
vt 0.963350 0.107819
vt 0.964107 0.095682
vt 0.963350 0.098704
vt 0.971802 0.140905
vt 0.963350 0.092660
vt 0.962389 0.098052
vt 0.964107 0.082893
vt 0.962389 0.093313
vt 0.960979 0.098052
vt 0.960979 0.093313
vt 0.963350 0.083546
vt 0.971816 0.037565
vt 0.963350 0.077502
vt 0.962389 0.082893
vt 0.962389 0.078155
vt 0.960981 0.082893
vt 0.960981 0.078155
vt 0.963350 0.068388
vt 0.963351 0.062343
vt 0.962390 0.067735
vt 0.960983 0.067735
vt 0.960984 0.063357
vt 0.960984 0.062996
vt 0.962390 0.062996
vt 0.964107 0.032820
vt 0.963351 0.053229
vt 0.963351 0.047185
vt 0.962391 0.052576
vt 0.962303 0.047838
vt 0.960985 0.052576
vt 0.960985 0.047838
vt 0.963352 0.038071
vt 0.962196 0.037238
vt 0.960988 0.034505
vt 0.960987 0.037238
vt 0.955778 0.029292
vt 0.955778 0.025676
vt 0.921870 0.029310
vt 0.955778 0.020334
vt 0.921870 0.025487
vt 0.921050 0.029310
vt 0.921870 0.020630
vt 0.921050 0.025487
vt 0.920193 0.029310
vt 0.921050 0.020630
vt 0.920193 0.025487
vt 0.917638 0.029310
vt 0.920193 0.020630
vt 0.921050 0.018940
vt 0.921870 0.018940
vt 0.920193 0.018940
vt 0.955778 0.018752
vt 0.917638 0.018940
vt 0.987926 0.040632
vt 0.917638 0.020630
vt 0.988004 0.042058
vt 0.993989 0.044323
vt 0.988004 0.047560
vt 0.994957 0.046261
vt 0.994957 0.051803
vt 0.916738 0.018940
vt 0.917638 0.025487
vt 0.916738 0.029310
vt 0.916738 0.025487
vt 0.916738 0.020630
vt 0.915728 0.025487
vt 0.915728 0.029310
vt 0.915728 0.020630
vt 0.915728 0.018940
vt 0.906421 0.025487
vt 0.906421 0.029310
vt 0.906421 0.020630
vt 0.906421 0.018940
vt 0.891452 0.094746
vt 0.892393 0.093318
vt 0.891452 0.070405
vt 0.892393 0.070405
vt 0.891452 0.069321
vt 0.892393 0.069321
vt 0.891452 0.068238
vt 0.892393 0.068237
vt 0.892393 0.067153
vt 0.891452 0.067153
vt 0.892393 0.066069
vt 0.891452 0.066070
vt 0.892393 0.060651
vt 0.891452 0.060652
vt 0.892393 0.059568
vt 0.891452 0.059568
vt 0.892393 0.058485
vt 0.891452 0.058485
vt 0.891452 0.057402
vt 0.892393 0.057402
vt 0.891452 0.056319
vt 0.892393 0.056318
vt 0.892393 0.033407
vt 0.891452 0.031978
vt 0.884091 0.031978
vt 0.883150 0.033404
vt 0.884091 0.056319
vt 0.883150 0.056320
vt 0.884091 0.057404
vt 0.883150 0.057402
vt 0.884091 0.058488
vt 0.883150 0.058488
vt 0.883150 0.059572
vt 0.884091 0.059571
vt 0.883150 0.060655
vt 0.884091 0.060655
vt 0.884091 0.066074
vt 0.883150 0.066074
vt 0.883150 0.067157
vt 0.884091 0.067156
vt 0.884091 0.068240
vt 0.883150 0.068240
vt 0.884091 0.069323
vt 0.883150 0.069323
vt 0.884091 0.070405
vt 0.883150 0.070406
vt 0.883150 0.093319
vt 0.884091 0.094746
vt 0.881730 0.031649
vt 0.881730 0.055013
vt 0.881730 0.056451
vt 0.881730 0.057819
vt 0.881730 0.059181
vt 0.881730 0.060545
vt 0.900922 0.052149
vt 0.900922 0.051147
vt 0.900922 0.046314
vt 0.904063 0.068990
vt 0.904063 0.064162
vt 0.904063 0.063161
vt 0.903192 0.052136
vt 0.903192 0.051134
vt 0.903192 0.046302
vt 0.959835 0.098052
vt 0.928221 0.098824
vt 0.934546 0.100689
vt 0.934546 0.105835
vt 0.928792 0.106844
vt 0.928221 0.107699
vt 0.926356 0.108472
vt 0.916882 0.108472
vt 0.928221 0.092541
vt 0.928792 0.091686
vt 0.934546 0.090676
vt 0.920509 0.098052
vt 0.934546 0.085530
vt 0.928792 0.084521
vt 0.918369 0.093313
vt 0.916881 0.098052
vt 0.916881 0.093313
vt 0.907149 0.098053
vt 0.928221 0.083666
vt 0.959837 0.082893
vt 0.959837 0.078155
vt 0.928221 0.077382
vt 0.921412 0.078155
vt 0.934546 0.075518
vt 0.934546 0.070372
vt 0.920510 0.078155
vt 0.919681 0.082893
vt 0.928792 0.069363
vt 0.916880 0.082894
vt 0.907147 0.082895
vt 0.928221 0.068507
vt 0.937182 0.062996
vt 0.959840 0.063357
vt 0.959839 0.062996
vt 0.928221 0.062224
vt 0.928792 0.061369
vt 0.934546 0.060360
vt 0.934546 0.055213
vt 0.919684 0.062996
vt 0.928221 0.053349
vt 0.918363 0.062996
vt 0.937182 0.052576
vt 0.937182 0.047838
vt 0.959841 0.047838
vt 0.928221 0.047065
vt 0.934546 0.045201
vt 0.934546 0.040055
vt 0.928792 0.039046
vt 0.920512 0.052576
vt 0.920512 0.047838
vt 0.919686 0.052576
vt 0.937182 0.037238
vt 0.918361 0.052576
vt 0.917773 0.052576
vt 0.959843 0.037238
vt 0.959844 0.034505
vt 0.928221 0.038190
vt 0.919689 0.037418
vt 0.918357 0.037418
vt 0.917772 0.031297
vt 0.709049 0.802213
vt 0.602916 0.805687
vt 0.601236 0.806866
vt 0.161873 0.603985
vt 0.163802 0.603985
vt 0.163802 0.615472
vt 0.157953 0.607990
vt 0.157953 0.615438
vt 0.128892 0.551271
vt 0.128892 0.540842
vt 0.126705 0.540842
vt 0.126705 0.551271
vt 0.122262 0.540842
vt 0.122262 0.551271
vt 0.278270 0.089696
vt 0.395069 0.089696
vt 0.395069 0.090194
vt 0.278269 0.090194
vt 0.395283 0.091264
vt 0.276341 0.091264
vt 0.276341 0.101652
vt 0.395283 0.101652
vt 0.549371 0.124237
vt 0.548316 0.124237
vt 0.548316 0.123561
vt 0.549371 0.123561
vt 0.548303 0.122108
vt 0.549371 0.122108
vt 0.548303 0.110109
vt 0.549371 0.109207
vt 0.533804 0.002994
vt 0.540417 0.014593
vt 0.527696 0.014593
vt 0.523363 0.002994
vt 0.523418 0.014593
vt 0.522288 0.004933
vt 0.522279 0.014593
vt 0.521788 0.014593
vt 0.521788 0.004933
vt 0.556484 0.123735
vt 0.552986 0.123735
vt 0.552986 0.123059
vt 0.556484 0.123059
vt 0.552986 0.121606
vt 0.557324 0.121606
vt 0.557324 0.109607
vt 0.552986 0.109607
vt 0.785657 0.073013
vt 0.785657 0.072482
vt 0.773125 0.072482
vt 0.773125 0.073013
vt 0.741817 0.072482
vt 0.741251 0.073013
vt 0.961744 0.154997
vt 0.961702 0.153081
vt 0.946303 0.175714
vt 0.946752 0.176628
vt 0.937672 0.188281
vt 0.938432 0.188796
vt 0.933140 0.196702
vt 0.932151 0.196425
vt 0.933355 0.214539
vt 0.932212 0.216283
vt 0.911376 0.246985
vt 0.913006 0.246957
vt 0.962101 0.175816
vt 0.949337 0.191330
vt 0.951304 0.184976
vt 0.962033 0.170101
vt 0.949141 0.179987
vt 0.951291 0.176743
vt 0.730918 0.073051
vt 0.731368 0.072731
vt 0.691951 0.070220
vt 0.692032 0.070740
vt 0.671063 0.073471
vt 0.671029 0.073835
vt 0.660614 0.072770
vt 0.660517 0.073230
vt 0.644410 0.071860
vt 0.644222 0.072372
vt 0.615315 0.070239
vt 0.615107 0.070755
vt 0.259550 0.652516
vt 0.261360 0.650271
vt 0.261361 0.631502
vt 0.258795 0.648333
vt 0.258740 0.634951
vt 0.779110 0.336127
vt 0.779110 0.320512
vt 0.774513 0.320655
vt 0.774513 0.336127
vt 0.772437 0.322276
vt 0.772437 0.336127
vt 0.620701 0.194507
vt 0.620701 0.201704
vt 0.626112 0.201704
vt 0.626112 0.194507
vt 0.641954 0.201704
vt 0.641954 0.194507
vt 0.644074 0.201704
vt 0.644115 0.194545
vt 0.645482 0.201704
vt 0.645482 0.200077
vt 0.647329 0.201704
vt 0.645482 0.194507
vt 0.647329 0.200077
vt 0.647329 0.194507
vt 0.368442 0.555135
vt 0.374036 0.555135
vt 0.374036 0.551472
vt 0.368442 0.551472
vt 0.374036 0.528922
vt 0.368442 0.528922
vt 0.374036 0.519975
vt 0.368442 0.519975
vt 0.374036 0.504509
vt 0.368442 0.504509
vt 0.374036 0.498080
vt 0.368442 0.498080
vt 0.368442 0.478456
vt 0.374036 0.478456
vt 0.706121 0.074409
vt 0.706326 0.073777
vt 0.742195 0.075907
vt 0.743029 0.075259
vt 0.762396 0.076815
vt 0.762390 0.076180
vt 0.774879 0.076837
vt 0.775424 0.077582
vt 0.798934 0.073764
vt 0.799648 0.074120
vt 0.569912 0.100655
vt 0.569904 0.078515
vt 0.571727 0.078855
vt 0.571732 0.100664
vt 0.572210 0.078989
vt 0.572166 0.100657
vt 0.904412 0.092399
vt 0.900042 0.097839
vt 0.900042 0.096953
vt 0.904412 0.091754
vt 0.900042 0.092034
vt 0.904412 0.086918
vt 0.899796 0.091286
vt 0.903358 0.086604
vt 0.254887 0.688698
vt 0.255795 0.687816
vt 0.258297 0.691617
vt 0.256099 0.692487
vt 0.256934 0.701828
vt 0.254888 0.701554
vt 0.812728 0.161664
vt 0.811946 0.159582
vt 0.818638 0.156194
vt 0.815850 0.154182
vt 0.819044 0.138928
vt 0.816210 0.138862
vt 0.084862 0.654768
vt 0.085429 0.643424
vt 0.134146 0.654396
vt 0.134146 0.643480
vt 0.141894 0.650583
vt 0.141894 0.643496
vt 0.142904 0.643496
vt 0.142904 0.650583
vt 0.864932 0.494424
vt 0.854985 0.494423
vt 0.864811 0.441306
vt 0.854824 0.431322
vt 0.865021 0.431171
vt 0.838446 0.088011
vt 0.838446 0.094644
vt 0.837450 0.095443
vt 0.837450 0.085801
vt 0.835942 0.095794
vt 0.835942 0.085141
vt 0.824893 0.095794
vt 0.834793 0.098345
vt 0.824893 0.074827
vt 0.835942 0.081076
vt 0.823139 0.098345
vt 0.838446 0.080748
vt 0.837178 0.081394
vt 0.823115 0.076685
vt 0.835942 0.073412
vt 0.838446 0.072060
vt 0.804853 0.074827
vt 0.804853 0.076685
vt 0.804853 0.066171
vt 0.828459 0.066171
vt 0.829747 0.062829
vt 0.804853 0.062829
vt 0.824977 0.100842
vt 0.838697 0.100842
vt 0.823163 0.208877
vt 0.838697 0.205782
vt 0.824976 0.208877
vt 0.836091 0.208877
vt 0.918800 0.243748
vt 0.990090 0.137815
vt 0.989858 0.139944
vt 0.920428 0.242993
vt 0.989898 0.146843
vt 0.924300 0.243106
vt 0.926363 0.243173
vt 0.991238 0.148263
vt 0.924926 0.244024
vt 0.925179 0.244334
vt 0.857315 0.234627
vt 0.857315 0.241721
vt 0.841937 0.234627
vt 0.841937 0.241721
vt 0.825713 0.234627
vt 0.825713 0.241721
vt 0.755114 0.241721
vt 0.755114 0.234627
vt 0.748525 0.234627
vt 0.748525 0.241721
vt 0.725226 0.256758
vt 0.725226 0.250047
vt 0.731085 0.250047
vt 0.731085 0.256758
vt 0.750760 0.250047
vt 0.750760 0.256758
vt 0.756528 0.256758
vt 0.756528 0.250047
vt 0.795999 0.268027
vt 0.795998 0.278648
vt 0.791393 0.268026
vt 0.791391 0.283108
vt 0.784628 0.277563
vt 0.784627 0.283245
vt 0.779433 0.283237
vt 0.779433 0.277521
vt 0.996517 0.545398
vt 0.996517 0.556216
vt 0.991800 0.556216
vt 0.991800 0.540883
vt 0.981644 0.556216
vt 0.981644 0.540732
vt 0.242864 0.639280
vt 0.243721 0.639347
vt 0.242279 0.650389
vt 0.244340 0.650514
vt 0.241885 0.653582
vt 0.244408 0.655173
vt 0.244388 0.657771
vt 0.237867 0.654567
vt 0.236631 0.657705
vt 0.233581 0.654509
vt 0.236679 0.666894
vt 0.233581 0.671677
vt 0.236679 0.668895
vt 0.242033 0.666886
vt 0.236598 0.675417
vt 0.244363 0.668781
vt 0.233241 0.672881
vt 0.244676 0.662967
vt 0.236090 0.676346
vt 0.242517 0.660782
vt 0.234942 0.676570
vt 0.250892 0.665695
vt 0.250711 0.666053
vt 0.232554 0.673443
vt 0.227381 0.676701
vt 0.227351 0.673659
vt 0.222884 0.679369
vt 0.222957 0.682293
vt 0.225113 0.409749
vt 0.231606 0.409749
vt 0.225113 0.410678
vt 0.231659 0.410678
vt 0.225113 0.417201
vt 0.231967 0.417201
vt 0.093237 0.305967
vt 0.098840 0.305967
vt 0.093237 0.310390
vt 0.099306 0.310390
vt 0.093237 0.317952
vt 0.099691 0.317952
vt 0.093237 0.319100
vt 0.099730 0.319100
vt 0.105557 0.305639
vt 0.106846 0.305639
vt 0.105557 0.316747
vt 0.108351 0.316747
vt 0.105557 0.319940
vt 0.112368 0.319940
vt 0.083721 0.305948
vt 0.090485 0.305948
vt 0.090432 0.306635
vt 0.083721 0.306635
vt 0.089733 0.311839
vt 0.083721 0.311839
vt 0.089453 0.316305
vt 0.083721 0.316305
vt 0.916177 0.008995
vt 0.916177 0.015361
vt 0.912330 0.015361
vt 0.912330 0.008451
vt 0.916283 0.008320
vt 0.912681 0.006690
vt 0.916584 0.007781
vt 0.913844 0.004949
vt 0.915683 0.004043
vt 0.917205 0.007395
vt 0.917982 0.003786
vt 0.918177 0.007282
vt 0.984935 0.007282
vt 0.985314 0.003786
vt 0.988065 0.007904
vt 0.989565 0.004281
vt 0.993603 0.006979
vt 0.990830 0.009752
vt 0.996302 0.011017
vt 0.992678 0.012518
vt 0.997147 0.015268
vt 0.993300 0.015647
vt 0.993300 0.038879
vt 0.997147 0.041253
vt 0.964107 0.151497
vt 0.964107 0.095682
vt 0.964107 0.082893
vt 0.971816 0.037565
vt 0.960980 0.093313
vt 0.962390 0.067735
vt 0.960984 0.063357
vt 0.960984 0.062996
vt 0.962390 0.062996
vt 0.964107 0.032820
vt 0.962391 0.052576
vt 0.962303 0.047838
vt 0.917638 0.029310
vt 0.917638 0.018940
vt 0.987925 0.040632
vt 0.917638 0.020630
vt 0.917638 0.025487
vt 0.906421 0.025487
vt 0.906421 0.029310
vt 0.906421 0.020630
vt 0.906421 0.018940
vt 0.891452 0.060652
vt 0.883150 0.033404
vt 0.883150 0.056320
vt 0.883150 0.057402
vt 0.883150 0.058488
vt 0.883150 0.059572
vt 0.883150 0.060655
vt 0.883150 0.066074
vt 0.883150 0.067157
vt 0.883150 0.068240
vt 0.883150 0.069323
vt 0.883150 0.070406
vt 0.883150 0.093319
vt 0.916177 0.015361
vt 0.912330 0.015361
vt 0.912330 0.008451
vt 0.916283 0.008320
vt 0.912681 0.006690
vt 0.916584 0.007781
vt 0.915683 0.004043
vt 0.917205 0.007395
vt 0.917982 0.003786
vt 0.918177 0.007282
vt 0.984936 0.007282
vt 0.989565 0.004281
vt 0.996302 0.011017
vt 0.992678 0.012518
vt 0.997147 0.015268
vt 0.993300 0.038879
vt 0.997147 0.041253
vt 0.896924 0.074665
vt 0.896924 0.073630
vt 0.896924 0.072614
vt 0.896924 0.070982
vt 0.896924 0.070010
vt 0.896924 0.069031
vt 0.896924 0.064200
vt 0.896924 0.063198
vt 0.896054 0.053177
vt 0.896924 0.053178
vt 0.896054 0.052175
vt 0.896924 0.052175
vt 0.896924 0.051172
vt 0.896054 0.051172
vt 0.896924 0.046342
vt 0.896054 0.046337
vt 0.896924 0.045362
vt 0.896054 0.045360
vt 0.896054 0.044368
vt 0.896924 0.044390
vt 0.896924 0.042750
vt 0.896054 0.042797
vt 0.896924 0.041735
vt 0.896054 0.041743
vt 0.896054 0.040734
vt 0.896924 0.040699
vt 0.896054 0.031217
vt 0.896924 0.031217
vt 0.181391 0.524798
vt 0.195897 0.524798
vt 0.184310 0.526836
vt 0.198101 0.526836
vt 0.203724 0.518158
vt 0.206835 0.520493
vt 0.212331 0.518158
vt 0.215328 0.520493
vt 0.224919 0.524117
vt 0.220397 0.524117
vt 0.214616 0.516706
vt 0.200413 0.506116
vt 0.199867 0.508994
vt 0.170990 0.508994
vt 0.167150 0.506116
vt 0.045891 0.654324
vt 0.040873 0.654324
vt 0.045891 0.651513
vt 0.040873 0.651513
vt 0.035247 0.654324
vt 0.035247 0.651513
vt 0.025822 0.651513
vt 0.025822 0.654324
vt 0.016130 0.651513
vt 0.016130 0.654324
vt 0.000826 0.654324
vt 0.000826 0.651513
vt 0.064385 0.640564
vt 0.027473 0.640564
vt 0.064385 0.637752
vt 0.027473 0.637752
vt 0.011711 0.640564
vt 0.011711 0.637752
vt 0.000278 0.637752
vt 0.000278 0.640564
vt 0.122263 0.540842
vt 0.122263 0.551271
vt 0.278269 0.090194
vt 0.276340 0.091264
vt 0.548303 0.122108
vt 0.548303 0.110109
vt 0.552986 0.123059
vt 0.552986 0.123735
vt 0.556484 0.123735
vt 0.556484 0.123059
vt 0.552986 0.121606
vt 0.557324 0.121606
vt 0.557324 0.109607
vt 0.552986 0.109607
vt 0.968373 0.150833
vt 0.964313 0.155120
vt 0.964313 0.155850
vt 0.968373 0.150157
vt 0.964313 0.152456
vt 0.968373 0.147054
vt 0.964313 0.151729
vt 0.968373 0.146720
vt 0.925303 0.492449
vt 0.916101 0.490511
vt 0.916092 0.492559
vt 0.925302 0.490418
vt 0.916112 0.489064
vt 0.925307 0.489076
vt 0.925307 0.478605
vt 0.915590 0.487816
vt 0.915808 0.478671
vt 0.894065 0.437953
vt 0.894297 0.433609
vt 0.885212 0.438180
vt 0.885161 0.432783
vt 0.893921 0.432423
vt 0.885135 0.422217
vt 0.899155 0.422182
vt 0.885082 0.401205
vt 0.899149 0.401169
vt 0.898648 0.400597
vt 0.885080 0.400632
vt 0.899354 0.396263
vt 0.898864 0.396240
vt 0.845067 0.039727
vt 0.845322 0.038310
vt 0.843307 0.038221
vt 0.846781 0.039846
vt 0.848358 0.038444
vt 0.849365 0.040025
vt 0.868662 0.041364
vt 0.871039 0.039446
vt 0.873894 0.045222
vt 0.880199 0.046200
vt 0.875216 0.052361
vt 0.871229 0.049431
vt 0.871163 0.064867
vt 0.871057 0.070007
vt 0.860656 0.077689
vt 0.870527 0.105313
vt 0.863342 0.078642
vt 0.873993 0.115615
vt 0.860322 0.101846
vt 0.862904 0.105181
vt 0.859067 0.105105
vt 0.870907 0.108311
vt 0.870312 0.113140
vt 0.864579 0.126732
vt 0.858725 0.108212
vt 0.862163 0.124491
vt 0.864411 0.140531
vt 0.861575 0.144254
vt 0.855844 0.108030
vt 0.855347 0.101368
vt 0.852463 0.103344
vt 0.852810 0.085705
vt 0.855957 0.121926
vt 0.855639 0.083388
vt 0.849395 0.082604
vt 0.852247 0.079242
vt 0.843441 0.079103
vt 0.843389 0.082507
vt 0.855962 0.125732
vt 0.850324 0.127662
vt 0.857765 0.148188
vt 0.852340 0.128562
vt 0.855629 0.146780
vt 0.849867 0.147931
vt 0.852118 0.148023
vt 0.857716 0.169896
vt 0.859187 0.148852
vt 0.840187 0.180199
vt 0.847188 0.149844
vt 0.858909 0.170360
vt 0.843292 0.150606
vt 0.840596 0.153391
vt 0.843785 0.119989
vt 0.847319 0.117241
vt 0.839847 0.117115
vt 0.839797 0.119915
vt 0.851469 0.179918
vt 0.840165 0.181580
vt 0.852129 0.181201
vt 0.840146 0.182858
vt 0.860956 0.149773
vt 0.859849 0.170846
vt 0.853068 0.182614
vt 0.843764 0.202264
vt 0.839850 0.202235
vt 0.864522 0.170655
vt 0.844068 0.202887
vt 0.865378 0.171015
vt 0.866211 0.150259
vt 0.865517 0.150067
vt 0.865478 0.142025
vt 0.871355 0.141455
vt 0.872018 0.141735
vt 0.897582 0.095719
vt 0.896759 0.094703
vt 0.880448 0.128178
vt 0.897508 0.103825
vt 0.881133 0.128634
vt 0.897558 0.105336
vt 0.647329 0.200077
vt 0.849365 0.040025
vt 0.002077 0.090224
vt 0.002077 0.079056
vt 0.003358 0.090224
vt 0.004880 0.079056
vt 0.002077 0.074397
vt 0.008921 0.074397
vt 0.008855 0.071800
vt 0.002077 0.071800
vt 0.886107 0.031981
vt 0.887048 0.033411
vt 0.886107 0.056322
vt 0.887048 0.056320
vt 0.887048 0.057404
vt 0.886107 0.057404
vt 0.887048 0.058487
vt 0.886107 0.058487
vt 0.886107 0.059569
vt 0.887048 0.059569
vt 0.886107 0.060653
vt 0.887048 0.060653
vt 0.886107 0.066071
vt 0.887048 0.066071
vt 0.887048 0.067155
vt 0.886107 0.067155
vt 0.887048 0.068239
vt 0.886107 0.068239
vt 0.887048 0.069323
vt 0.886107 0.069323
vt 0.886107 0.070406
vt 0.887048 0.070408
vt 0.887048 0.093318
vt 0.886107 0.094746
vt 0.888722 0.031982
vt 0.889664 0.033408
vt 0.888722 0.056322
vt 0.889664 0.056322
vt 0.889664 0.057405
vt 0.888722 0.057405
vt 0.889664 0.058487
vt 0.888722 0.058487
vt 0.888722 0.059570
vt 0.889664 0.059570
vt 0.889664 0.060652
vt 0.888722 0.060653
vt 0.889664 0.066072
vt 0.888722 0.066072
vt 0.889664 0.067155
vt 0.888722 0.067156
vt 0.889664 0.068239
vt 0.888722 0.068239
vt 0.888722 0.069323
vt 0.889664 0.069323
vt 0.888722 0.070407
vt 0.889664 0.070407
vt 0.889664 0.093324
vt 0.888722 0.094746
vt 0.587586 0.983364
vt 0.587586 0.991557
vt 0.583197 0.991557
vt 0.583197 0.981037
vt 0.590389 0.975003
vt 0.591349 0.981154
vt 0.628510 0.974993
vt 0.628616 0.981153
vt 0.666803 0.981153
vt 0.668994 0.974993
vt 0.670093 0.975191
vt 0.671096 0.975691
vt 0.670566 0.983364
vt 0.673762 0.977666
vt 0.674458 0.978528
vt 0.674744 0.979583
vt 0.674705 0.991557
vt 0.670566 0.991557
vt 0.886107 0.057404
vt 0.886107 0.058487
vt 0.886107 0.059569
vt 0.886107 0.060653
vt 0.889664 0.066072
vt 0.889664 0.067155
vt 0.889664 0.068239
vt 0.889664 0.069323
vt 0.889664 0.070407
vt 0.889664 0.093324
vt 0.587586 0.983364
vt 0.590389 0.975003
vt 0.674744 0.979583
vt 0.674705 0.991557
vt 0.000826 0.650590
vt 0.000826 0.647778
vt 0.010377 0.647778
vt 0.010377 0.650590
vt 0.019063 0.650590
vt 0.019063 0.647778
vt 0.035161 0.647778
vt 0.035161 0.650590
vt 0.046703 0.657898
vt 0.032872 0.657898
vt 0.046703 0.655086
vt 0.032872 0.655086
vt 0.000826 0.655086
vt 0.000826 0.657898
vt 0.567542 0.062078
vt 0.563717 0.062078
vt 0.563717 0.061303
vt 0.567542 0.061303
vt 0.568423 0.059635
vt 0.563717 0.059635
vt 0.563717 0.044823
vt 0.568423 0.043443
vt 0.555368 0.033190
vt 0.555368 0.044716
vt 0.235569 0.134580
vt 0.229520 0.134950
vt 0.230103 0.134580
vt 0.229520 0.140355
vt 0.313616 0.140355
vt 0.313616 0.131105
vt 0.563717 0.061303
vt 0.563717 0.062078
vt 0.567543 0.062078
vt 0.567543 0.061303
vt 0.568423 0.059635
vt 0.563717 0.059635
vt 0.563717 0.044823
vt 0.568423 0.043443
vt 0.555368 0.033190
vt 0.555368 0.044716
vt 0.313616 0.140355
vt 0.976663 0.504421
vt 0.990839 0.500314
vt 0.976663 0.500315
vt 0.990911 0.504421
vt 0.987768 0.508741
vt 0.976663 0.508741
vt 0.734234 0.260698
vt 0.755880 0.266881
vt 0.755880 0.260698
vt 0.734234 0.266881
vt 0.729122 0.266881
vt 0.729122 0.260698
vt 0.884973 0.442698
vt 0.891360 0.448108
vt 0.891363 0.442701
vt 0.884282 0.448105
vt 0.884385 0.463643
vt 0.891352 0.463646
vt 0.884616 0.485613
vt 0.891341 0.485616
vt 0.890973 0.491366
vt 0.884545 0.491363
vt 0.376573 0.478457
vt 0.383860 0.482582
vt 0.383860 0.478457
vt 0.376573 0.482582
vt 0.376573 0.499377
vt 0.383860 0.499377
vt 0.376573 0.517656
vt 0.383860 0.517656
vt 0.376573 0.544296
vt 0.383860 0.544296
vt 0.383860 0.548146
vt 0.376573 0.548146
vt 0.935129 0.334986
vt 0.942359 0.325320
vt 0.935129 0.325320
vt 0.942359 0.334986
vt 0.942359 0.353819
vt 0.935083 0.353830
vt 0.942359 0.356340
vt 0.935082 0.356278
vt 0.942359 0.358013
vt 0.940724 0.358013
vt 0.935129 0.358013
vt 0.945792 0.343943
vt 0.951971 0.314484
vt 0.945792 0.314484
vt 0.951971 0.343943
vt 0.951971 0.356780
vt 0.945792 0.356780
vt 0.009931 0.071800
vt 0.016735 0.071800
vt 0.009931 0.088968
vt 0.016766 0.088968
vt 0.016695 0.090172
vt 0.009931 0.090172
vt 0.272477 0.420022
vt 0.277389 0.415937
vt 0.277389 0.420754
vt 0.272477 0.420754
vt 0.272119 0.420754
vt 0.272119 0.419870
vt 0.243664 0.408574
vt 0.243664 0.404288
vt 0.250533 0.408574
vt 0.250533 0.404288
vt 0.250533 0.400270
vt 0.243664 0.400270
vt 0.907057 0.098833
vt 0.915261 0.098875
vt 0.907055 0.099608
vt 0.915270 0.099652
vt 0.916522 0.098864
vt 0.907053 0.107222
vt 0.907054 0.107996
vt 0.915257 0.107967
vt 0.916531 0.099664
vt 0.915267 0.107191
vt 0.916516 0.107983
vt 0.917800 0.099663
vt 0.917753 0.098864
vt 0.916529 0.107187
vt 0.917797 0.107196
vt 0.917747 0.107995
vt 0.919290 0.099661
vt 0.919301 0.098861
vt 0.920361 0.098864
vt 0.919280 0.107212
vt 0.919289 0.108015
vt 0.920350 0.108019
vt 0.920364 0.099663
vt 0.920352 0.107220
vt 0.921431 0.099661
vt 0.921430 0.098872
vt 0.921414 0.107232
vt 0.921406 0.108016
vt 0.925577 0.099678
vt 0.925657 0.098893
vt 0.925544 0.107265
vt 0.925613 0.108046
vt 0.926256 0.099822
vt 0.926578 0.099099
vt 0.927353 0.099625
vt 0.926222 0.107132
vt 0.926533 0.107859
vt 0.926783 0.100181
vt 0.927875 0.100401
vt 0.926753 0.106781
vt 0.927311 0.107339
vt 0.927136 0.100711
vt 0.928049 0.101323
vt 0.927109 0.106255
vt 0.927840 0.106573
vt 0.927270 0.101392
vt 0.928025 0.105655
vt 0.927249 0.105576
vt 0.907198 0.083477
vt 0.915572 0.083477
vt 0.907198 0.084262
vt 0.915572 0.084262
vt 0.916838 0.083477
vt 0.907198 0.092029
vt 0.907198 0.092815
vt 0.915572 0.092815
vt 0.916838 0.084262
vt 0.915572 0.092029
vt 0.916838 0.092815
vt 0.918093 0.084262
vt 0.918093 0.083477
vt 0.916838 0.092029
vt 0.918093 0.092029
vt 0.918093 0.092815
vt 0.919659 0.084262
vt 0.919659 0.083477
vt 0.920735 0.083477
vt 0.919659 0.092029
vt 0.919659 0.092815
vt 0.920735 0.092815
vt 0.920735 0.084262
vt 0.920735 0.092029
vt 0.921814 0.084262
vt 0.921814 0.083477
vt 0.921814 0.092029
vt 0.921814 0.092815
vt 0.926002 0.084144
vt 0.926080 0.083363
vt 0.926078 0.091897
vt 0.926175 0.092677
vt 0.926694 0.084284
vt 0.926998 0.083572
vt 0.927779 0.084083
vt 0.926766 0.091741
vt 0.927089 0.092453
vt 0.927237 0.084643
vt 0.928316 0.084851
vt 0.927302 0.091376
vt 0.927853 0.091916
vt 0.928376 0.091143
vt 0.927605 0.085176
vt 0.928531 0.085768
vt 0.927658 0.090835
vt 0.928579 0.090224
vt 0.927750 0.085866
vt 0.927791 0.090143
vt 0.907229 0.069263
vt 0.907229 0.068505
vt 0.915611 0.068505
vt 0.915610 0.069263
vt 0.907229 0.076825
vt 0.916873 0.068505
vt 0.915610 0.077586
vt 0.907229 0.077586
vt 0.915610 0.076825
vt 0.916873 0.077586
vt 0.916873 0.069263
vt 0.916873 0.076825
vt 0.918121 0.069263
vt 0.918121 0.068505
vt 0.918121 0.076825
vt 0.918121 0.077586
vt 0.919703 0.069263
vt 0.919703 0.068505
vt 0.920777 0.068505
vt 0.919703 0.076825
vt 0.919703 0.077586
vt 0.920777 0.077586
vt 0.920777 0.069263
vt 0.920777 0.076825
vt 0.921858 0.069263
vt 0.921858 0.068505
vt 0.921858 0.076825
vt 0.921858 0.077586
vt 0.926075 0.069209
vt 0.926159 0.068453
vt 0.926101 0.076721
vt 0.926196 0.077478
vt 0.926767 0.069349
vt 0.927074 0.068661
vt 0.927853 0.069161
vt 0.926790 0.076573
vt 0.927115 0.077265
vt 0.927308 0.069700
vt 0.928387 0.069909
vt 0.927328 0.076221
vt 0.927887 0.076748
vt 0.927671 0.070220
vt 0.928600 0.070799
vt 0.927688 0.075701
vt 0.928399 0.075995
vt 0.928606 0.075114
vt 0.927812 0.070889
vt 0.927824 0.075032
vt 0.907212 0.053279
vt 0.915457 0.053279
vt 0.907212 0.054050
vt 0.915457 0.054050
vt 0.916699 0.053279
vt 0.907212 0.061690
vt 0.915457 0.062461
vt 0.907212 0.062461
vt 0.915457 0.061690
vt 0.916699 0.062461
vt 0.916699 0.054050
vt 0.916699 0.061690
vt 0.917930 0.054050
vt 0.917930 0.053279
vt 0.917930 0.061690
vt 0.917930 0.062461
vt 0.919491 0.054050
vt 0.919491 0.053279
vt 0.920555 0.053279
vt 0.919490 0.061690
vt 0.919491 0.062461
vt 0.920555 0.062461
vt 0.920555 0.054050
vt 0.920555 0.061690
vt 0.921624 0.054050
vt 0.921624 0.053279
vt 0.921624 0.061690
vt 0.921624 0.062461
vt 0.925831 0.054050
vt 0.925831 0.053279
vt 0.925831 0.061690
vt 0.925831 0.062461
vt 0.926432 0.054130
vt 0.926730 0.053430
vt 0.927500 0.053934
vt 0.926497 0.061478
vt 0.926808 0.062174
vt 0.927569 0.061657
vt 0.926967 0.054485
vt 0.928028 0.054690
vt 0.927025 0.061115
vt 0.928084 0.060891
vt 0.927328 0.055010
vt 0.928238 0.055594
vt 0.927376 0.060583
vt 0.928284 0.059983
vt 0.927470 0.055689
vt 0.927507 0.059901
vt 0.906979 0.038780
vt 0.906979 0.037994
vt 0.915360 0.037994
vt 0.915360 0.038780
vt 0.906979 0.046613
vt 0.916615 0.037994
vt 0.906979 0.047400
vt 0.915360 0.047400
vt 0.916615 0.038780
vt 0.915360 0.046613
vt 0.916615 0.047400
vt 0.917853 0.038780
vt 0.917853 0.037994
vt 0.916615 0.046613
vt 0.917854 0.046613
vt 0.917854 0.047400
vt 0.919463 0.038780
vt 0.919463 0.037994
vt 0.920542 0.037994
vt 0.919463 0.046613
vt 0.919463 0.047400
vt 0.920542 0.047400
vt 0.920542 0.038780
vt 0.920542 0.046614
vt 0.921626 0.038780
vt 0.921626 0.037994
vt 0.921626 0.046614
vt 0.921626 0.047400
vt 0.925835 0.038812
vt 0.925914 0.038029
vt 0.925897 0.046582
vt 0.925993 0.047362
vt 0.926528 0.038953
vt 0.926834 0.038241
vt 0.927615 0.038754
vt 0.926587 0.046428
vt 0.926908 0.047135
vt 0.927072 0.039314
vt 0.928151 0.039525
vt 0.927688 0.046609
vt 0.927439 0.039849
vt 0.928365 0.040444
vt 0.927125 0.046056
vt 0.927483 0.045517
vt 0.928198 0.045821
vt 0.927583 0.040540
vt 0.928405 0.044905
vt 0.927616 0.044823
vt 0.907057 0.098833
vt 0.907054 0.099608
vt 0.916516 0.107983
vt 0.917798 0.107196
vt 0.917747 0.107995
vt 0.921431 0.099661
vt 0.928049 0.101323
vt 0.927270 0.101392
vt 0.927249 0.105576
vt 0.907198 0.083477
vt 0.907198 0.084262
vt 0.907198 0.092029
vt 0.907198 0.092815
vt 0.921813 0.084262
vt 0.921813 0.083477
vt 0.921813 0.092029
vt 0.921813 0.092815
vt 0.926175 0.092677
vt 0.927779 0.084083
vt 0.926765 0.091741
vt 0.927302 0.091376
vt 0.927854 0.091916
vt 0.928531 0.085768
vt 0.927750 0.085866
vt 0.927791 0.090143
vt 0.920777 0.068505
vt 0.920777 0.077586
vt 0.920777 0.069263
vt 0.920777 0.076825
vt 0.926159 0.068453
vt 0.928600 0.070799
vt 0.928606 0.075114
vt 0.927812 0.070889
vt 0.920556 0.053279
vt 0.920556 0.062461
vt 0.920556 0.054050
vt 0.920556 0.061690
vt 0.925831 0.054050
vt 0.925831 0.053279
vt 0.925831 0.061690
vt 0.925831 0.062461
vt 0.926432 0.054130
vt 0.926497 0.061478
vt 0.927376 0.060583
vt 0.928284 0.059983
vt 0.927470 0.055689
vt 0.927507 0.059901
vt 0.915360 0.037994
vt 0.906979 0.037994
vt 0.906979 0.038780
vt 0.915360 0.038780
vt 0.906979 0.046613
vt 0.906979 0.047400
vt 0.915360 0.047400
vt 0.915360 0.046613
vt 0.925897 0.046582
vt 0.927439 0.039849
vt 0.928197 0.045821
vt 0.927616 0.044823
vt 0.033182 0.264767
vt 0.035027 0.264767
vt 0.035027 0.290397
vt 0.033182 0.290397
vt 0.031323 0.264767
vt 0.034442 0.296269
vt 0.031323 0.290397
vt 0.029443 0.264767
vt 0.032720 0.296269
vt 0.032914 0.303110
vt 0.029443 0.290397
vt 0.027544 0.264767
vt 0.030979 0.296269
vt 0.031511 0.303110
vt 0.029081 0.312717
vt 0.027544 0.290397
vt 0.025632 0.264767
vt 0.029215 0.296269
vt 0.030078 0.303110
vt 0.028439 0.312717
vt 0.027027 0.317460
vt 0.025632 0.290397
vt 0.023720 0.264767
vt 0.026773 0.317314
vt 0.026664 0.317831
vt 0.027770 0.312717
vt 0.028618 0.303110
vt 0.027430 0.296269
vt 0.026502 0.317670
vt 0.026190 0.318096
vt 0.026508 0.317192
vt 0.027077 0.312717
vt 0.026128 0.317982
vt 0.027135 0.303110
vt 0.025651 0.318189
vt 0.026313 0.317546
vt 0.026231 0.317101
vt 0.026034 0.317891
vt 0.026103 0.317457
vt 0.026367 0.312717
vt 0.025918 0.317825
vt 0.025943 0.317046
vt 0.025880 0.317404
vt 0.025788 0.317786
vt 0.025650 0.317029
vt 0.025651 0.317387
vt 0.025647 0.312717
vt 0.025651 0.317772
vt 0.025514 0.317786
vt 0.025421 0.317405
vt 0.025358 0.317047
vt 0.025640 0.303110
vt 0.025384 0.317826
vt 0.025198 0.317458
vt 0.025268 0.317892
vt 0.025174 0.317983
vt 0.025112 0.318097
vt 0.024989 0.317547
vt 0.024799 0.317671
vt 0.024637 0.317832
vt 0.025070 0.317102
vt 0.024793 0.317193
vt 0.024528 0.317315
vt 0.024275 0.317462
vt 0.024928 0.312717
vt 0.022856 0.312717
vt 0.022215 0.312717
vt 0.024217 0.312717
vt 0.023525 0.312717
vt 0.024145 0.303110
vt 0.022662 0.303110
vt 0.021202 0.303110
vt 0.019770 0.303110
vt 0.018367 0.303110
vt 0.025633 0.296269
vt 0.023838 0.296269
vt 0.023720 0.290397
vt 0.021820 0.264767
vt 0.022052 0.296269
vt 0.021820 0.290397
vt 0.019940 0.264767
vt 0.020287 0.296269
vt 0.019940 0.290397
vt 0.018080 0.264767
vt 0.018545 0.296269
vt 0.016837 0.296269
vt 0.016232 0.290397
vt 0.018080 0.290397
vt 0.016232 0.264767
vt 0.004678 0.335832
vt 0.004678 0.334801
vt 0.006590 0.335201
vt 0.006234 0.336163
vt 0.008266 0.336125
vt 0.004678 0.341294
vt 0.007658 0.336949
vt 0.009611 0.337532
vt 0.008789 0.338137
vt 0.010483 0.339299
vt 0.009518 0.339622
vt 0.010798 0.341262
vt 0.009771 0.341267
vt 0.009535 0.342915
vt 0.010503 0.343228
vt 0.008820 0.344408
vt 0.009649 0.345004
vt 0.007702 0.345607
vt 0.008318 0.346425
vt 0.006286 0.346408
vt 0.004678 0.346755
vt 0.006651 0.347366
vt 0.004678 0.347784
vt 0.034442 0.296269
vt 0.032721 0.296269
vt 0.029443 0.264767
vt 0.031511 0.303110
vt 0.030979 0.296269
vt 0.029443 0.290397
vt 0.027544 0.264767
vt 0.028439 0.312717
vt 0.027027 0.317460
vt 0.030078 0.303110
vt 0.029214 0.296269
vt 0.027544 0.290397
vt 0.025632 0.264767
vt 0.026773 0.317314
vt 0.026664 0.317831
vt 0.025632 0.290397
vt 0.028618 0.303110
vt 0.027770 0.312717
vt 0.027135 0.303110
vt 0.026508 0.317192
vt 0.026503 0.317670
vt 0.026190 0.318096
vt 0.026128 0.317982
vt 0.026313 0.317546
vt 0.026103 0.317457
vt 0.025918 0.317825
vt 0.025788 0.317786
vt 0.025647 0.312717
vt 0.025514 0.317786
vt 0.025358 0.317047
vt 0.025384 0.317826
vt 0.025198 0.317458
vt 0.025174 0.317983
vt 0.025112 0.318097
vt 0.024989 0.317547
vt 0.024799 0.317671
vt 0.024637 0.317832
vt 0.025070 0.317102
vt 0.024275 0.317462
vt 0.024217 0.312717
vt 0.022214 0.312717
vt 0.018367 0.303110
vt 0.021202 0.303110
vt 0.018545 0.296269
vt 0.016232 0.290397
vt 0.020287 0.296269
vt 0.025633 0.296269
vt 0.019940 0.264767
vt 0.019940 0.290397
vt 0.018080 0.264767
vt 0.018080 0.290397
vt 0.016232 0.264767
vt 0.006590 0.335201
vt 0.009611 0.337532
vt 0.008789 0.338137
vt 0.010483 0.339299
vt 0.009518 0.339622
vt 0.009771 0.341267
vt 0.010503 0.343228
vt 0.006651 0.347366
vt 0.958849 0.160554
vt 0.958771 0.159563
vt 0.945879 0.178816
vt 0.946259 0.179472
vt 0.958834 0.163312
vt 0.938903 0.188955
vt 0.949437 0.177599
vt 0.959025 0.164372
vt 0.950064 0.177890
vt 0.947923 0.181026
vt 0.939494 0.189401
vt 0.947223 0.180921
vt 0.935137 0.195803
vt 0.934430 0.195536
vt 0.935275 0.208655
vt 0.934744 0.210714
vt 0.948023 0.191112
vt 0.947332 0.191135
vt 0.958586 0.511167
vt 0.964440 0.511167
vt 0.963820 0.502549
vt 0.958545 0.502549
vt 0.960021 0.500473
vt 0.973966 0.500473
vt 0.973966 0.502549
vt 0.601500 0.949564
vt 0.581883 0.949564
vt 0.601500 0.948348
vt 0.584035 0.944829
vt 0.601500 0.944829
vt 0.582062 0.948348
vt 0.571229 0.944095
vt 0.574657 0.940671
vt 0.572264 0.943209
vt 0.571229 0.934348
vt 0.572264 0.934061
vt 0.574657 0.933415
vt 0.581883 0.949564
vt 0.601500 0.948348
vt 0.955364 0.016229
vt 0.992417 0.016507
vt 0.992417 0.039105
vt 0.991812 0.013463
vt 0.990015 0.010773
vt 0.987324 0.008976
vt 0.984280 0.008370
vt 0.919342 0.008370
vt 0.918396 0.008480
vt 0.917792 0.008856
vt 0.917500 0.009380
vt 0.917396 0.010036
vt 0.917397 0.016229
vt 0.992417 0.039105
vt 0.991812 0.013463
vt 0.984281 0.008370
vt 0.919342 0.008370
vt 0.917792 0.008856
vt 0.917500 0.009380
vt 0.997086 0.244949
vt 0.997086 0.147639
vt 0.994760 0.153344
vt 0.928511 0.243721
vt 0.994760 0.245026
vt 0.930346 0.245243
vt 0.994484 0.055696
vt 0.987497 0.051439
vt 0.993559 0.053626
vt 0.994484 0.112627
vt 0.987497 0.049898
vt 0.987497 0.122109
vt 0.975173 0.043853
vt 0.974236 0.041556
vt 0.975173 0.138805
vt 0.974288 0.139988
vt 0.962458 0.107369
vt 0.961517 0.107958
vt 0.938017 0.107370
vt 0.937957 0.107958
vt 0.962458 0.099154
vt 0.937215 0.107223
vt 0.936969 0.107777
vt 0.938017 0.099154
vt 0.961518 0.098565
vt 0.936132 0.107262
vt 0.937956 0.098565
vt 0.936589 0.106838
vt 0.937215 0.099301
vt 0.936969 0.098746
vt 0.935572 0.106491
vt 0.936589 0.099686
vt 0.936132 0.099262
vt 0.936171 0.106262
vt 0.935375 0.105581
vt 0.936171 0.100263
vt 0.935572 0.100033
vt 0.935375 0.100942
vt 0.936011 0.105524
vt 0.936011 0.101000
vt 0.962344 0.092218
vt 0.961412 0.092796
vt 0.938110 0.092218
vt 0.938050 0.092797
vt 0.962345 0.084141
vt 0.937315 0.092074
vt 0.937070 0.092619
vt 0.938110 0.084141
vt 0.961412 0.083563
vt 0.936240 0.092112
vt 0.938050 0.083563
vt 0.936694 0.091695
vt 0.937315 0.084286
vt 0.937071 0.083741
vt 0.935685 0.091354
vt 0.936695 0.084664
vt 0.936240 0.084247
vt 0.935685 0.085005
vt 0.936280 0.091129
vt 0.936280 0.085231
vt 0.935491 0.085899
vt 0.935491 0.090460
vt 0.936122 0.085957
vt 0.936121 0.090403
vt 0.962630 0.077033
vt 0.961678 0.077618
vt 0.937882 0.077034
vt 0.937820 0.077619
vt 0.962631 0.068856
vt 0.937070 0.076887
vt 0.936820 0.077439
vt 0.937882 0.068857
vt 0.961678 0.068271
vt 0.937820 0.068271
vt 0.936436 0.076504
vt 0.935971 0.076926
vt 0.937071 0.069003
vt 0.936820 0.068451
vt 0.935405 0.076159
vt 0.936437 0.069386
vt 0.935971 0.068964
vt 0.935405 0.069731
vt 0.936013 0.075930
vt 0.936013 0.069960
vt 0.935206 0.070637
vt 0.935206 0.075253
vt 0.935851 0.070694
vt 0.935851 0.075196
vt 0.962577 0.061928
vt 0.961628 0.062521
vt 0.937927 0.061928
vt 0.937865 0.062521
vt 0.962577 0.053645
vt 0.937118 0.061780
vt 0.936868 0.062338
vt 0.937927 0.053645
vt 0.961628 0.053052
vt 0.937865 0.053052
vt 0.937119 0.053793
vt 0.936869 0.053234
vt 0.936487 0.061392
vt 0.936024 0.061819
vt 0.935459 0.061042
vt 0.936487 0.054182
vt 0.936024 0.053754
vt 0.936065 0.060811
vt 0.935261 0.060125
vt 0.936065 0.054763
vt 0.935459 0.054531
vt 0.935261 0.055448
vt 0.935905 0.060066
vt 0.935905 0.055507
vt 0.962574 0.046791
vt 0.961539 0.047388
vt 0.937931 0.046791
vt 0.937869 0.047388
vt 0.962574 0.038450
vt 0.937122 0.046642
vt 0.936872 0.047205
vt 0.937931 0.038450
vt 0.961433 0.037688
vt 0.937868 0.037688
vt 0.936872 0.038036
vt 0.936491 0.046251
vt 0.936028 0.046682
vt 0.937122 0.038599
vt 0.936492 0.038990
vt 0.936028 0.038559
vt 0.936069 0.045666
vt 0.935463 0.045899
vt 0.935265 0.044975
vt 0.936069 0.039575
vt 0.935463 0.039342
vt 0.935265 0.040266
vt 0.935909 0.044917
vt 0.935909 0.040325
vt 0.987497 0.051439
vt 0.993559 0.053626
vt 0.987497 0.049898
vt 0.987497 0.122109
vt 0.974288 0.139988
vt 0.937215 0.107223
vt 0.938017 0.099154
vt 0.936589 0.099686
vt 0.962344 0.092218
vt 0.937315 0.092074
vt 0.937070 0.092619
vt 0.936240 0.092112
vt 0.937315 0.084286
vt 0.936240 0.084247
vt 0.962630 0.077033
vt 0.962631 0.068856
vt 0.937070 0.076887
vt 0.936820 0.077439
vt 0.961678 0.068271
vt 0.936437 0.069386
vt 0.935852 0.070694
vt 0.937119 0.061780
vt 0.936868 0.062338
vt 0.937865 0.053052
vt 0.937119 0.053793
vt 0.936869 0.053234
vt 0.935460 0.061042
vt 0.936487 0.054182
vt 0.935261 0.060125
vt 0.935261 0.055448
vt 0.961539 0.047388
vt 0.962574 0.038450
vt 0.936491 0.046251
vt 0.936492 0.038990
vt 0.935266 0.044975
vt 0.935266 0.040266
s 1
usemtl volt_lgnd_v23_voidsinister_main
f 2/1/1 1/2/1 3/3/1
f 4/4/1 2/1/1 3/3/1
f 6/5/2 5/6/2 7/7/2
f 8/8/2 6/5/2 7/7/2
f 10/9/3 9/10/3 11/11/3
f 12/12/3 10/9/3 11/11/3
f 14/13/4 13/14/4 15/15/4
f 16/16/4 14/13/4 15/15/4
f 18/17/2 17/18/2 19/19/2
f 20/20/2 18/17/2 19/19/2
f 22/21/3 21/22/3 23/23/3
f 24/24/3 22/21/3 23/23/3
f 26/15/4 25/25/4 27/26/4
f 28/27/4 26/15/4 27/26/4
f 30/28/5 29/29/6 31/30/7
f 32/31/8 30/28/5 31/30/7
f 34/32/9 33/33/10 35/34/11
f 36/35/12 34/32/9 35/34/11
f 38/36/13 37/37/13 39/38/13
f 40/39/13 38/36/13 39/38/13
f 42/30/14 41/40/15 43/41/15
f 44/31/14 42/30/14 43/41/15
f 46/42/16 45/43/17 47/44/18
f 48/45/16 46/42/16 47/44/18
f 50/46/19 49/47/19 51/48/19
f 52/49/19 50/46/19 51/48/19
f 54/50/20 53/51/21 55/52/22
f 54/50/20 55/52/22 56/53/22
f 58/54/23 57/55/24 59/56/25
f 58/54/23 59/56/25 60/57/26
f 62/58/27 61/59/28 63/60/29
f 62/58/27 63/60/29 64/61/30
f 66/62/31 65/63/32 67/64/33
f 66/62/31 67/64/33 68/65/34
f 70/66/35 69/67/36 71/68/37
f 70/66/35 71/68/37 72/69/38
f 74/70/39 73/71/40 75/72/41
f 74/70/39 75/72/41 76/73/42
f 78/74/43 77/75/44 79/76/45
f 78/74/43 79/76/45 80/77/46
f 82/78/47 81/79/48 83/80/49
f 82/78/47 83/80/49 84/81/50
f 86/82/3 85/83/3 87/84/3
f 86/82/3 87/84/3 88/85/3
f 90/86/51 89/87/51 91/88/51
f 90/86/51 91/88/51 92/89/51
f 94/90/52 93/91/52 95/92/52
f 94/90/52 95/92/52 96/93/52
f 98/94/53 97/95/53 99/96/53
f 98/94/53 99/96/53 100/97/53
f 102/98/54 101/99/55 103/100/55
f 102/98/54 103/100/55 104/101/55
f 106/102/56 105/103/56 107/104/56
f 106/102/56 107/104/56 108/105/2
f 110/106/57 109/107/57 111/108/57
f 110/106/57 111/108/57 112/109/58
f 114/110/59 113/111/59 115/112/59
f 114/110/59 115/112/59 116/113/59
f 118/114/60 117/115/60 119/116/60
f 118/114/60 119/116/60 120/117/60
f 122/118/61 121/119/62 123/120/62
f 122/118/61 123/120/62 124/121/62
f 126/122/63 125/123/63 127/124/63
f 126/122/63 127/124/63 128/125/63
f 130/126/64 129/127/65 131/128/64
f 130/126/64 131/128/64 132/129/65
f 134/130/66 133/131/66 135/132/66
f 134/130/66 135/132/66 136/133/66
f 138/134/3 137/135/3 139/136/3
f 138/134/3 139/136/3 140/137/3
f 142/138/67 141/139/67 143/140/67
f 142/138/67 143/140/67 144/141/67
f 146/142/57 145/143/57 147/144/57
f 146/142/57 147/144/57 148/145/57
f 150/52/68 149/51/69 151/50/70
f 152/53/71 150/52/68 151/50/70
f 154/56/72 153/55/73 155/54/74
f 156/57/75 154/56/72 155/54/74
f 158/60/76 157/59/77 159/58/78
f 160/61/79 158/60/76 159/58/78
f 162/64/80 161/63/81 163/62/82
f 164/65/83 162/64/80 163/62/82
f 166/68/84 165/67/85 167/66/86
f 168/69/87 166/68/84 167/66/86
f 170/72/88 169/71/89 171/70/90
f 172/73/91 170/72/88 171/70/90
f 174/76/92 173/75/93 175/74/94
f 176/77/95 174/76/92 175/74/94
f 178/80/96 177/79/97 179/78/98
f 180/81/99 178/80/96 179/78/98
f 182/84/3 181/83/3 183/82/3
f 184/85/3 182/84/3 183/82/3
f 186/88/51 185/87/51 187/86/51
f 188/89/51 186/88/51 187/86/51
f 190/92/52 189/91/52 191/90/52
f 192/93/52 190/92/52 191/90/52
f 194/96/53 193/95/100 195/94/53
f 196/97/53 194/96/53 195/94/53
f 198/100/55 197/99/55 199/98/55
f 200/101/55 198/100/55 199/98/55
f 202/146/2 201/147/101 203/148/101
f 204/149/2 202/146/2 203/148/101
f 206/108/57 205/107/57 207/106/57
f 208/109/57 206/108/57 207/106/57
f 210/112/59 209/111/59 211/110/59
f 212/113/59 210/112/59 211/110/59
f 214/116/60 213/115/60 215/114/60
f 216/117/60 214/116/60 215/114/60
f 218/120/62 217/119/62 219/118/62
f 220/121/102 218/120/62 219/118/62
f 222/124/63 221/123/63 223/122/63
f 224/125/63 222/124/63 223/122/63
f 226/128/64 225/127/65 227/126/64
f 228/129/65 226/128/64 227/126/64
f 230/132/66 229/131/66 231/130/66
f 232/133/66 230/132/66 231/130/66
f 234/136/3 233/135/3 235/134/3
f 236/137/3 234/136/3 235/134/3
f 238/140/67 237/139/67 239/138/67
f 240/141/67 238/140/67 239/138/67
f 242/144/57 241/143/57 243/142/57
f 244/145/103 242/144/57 243/142/57
f 246/150/104 245/151/4 247/152/4
f 248/153/4 246/150/104 247/152/4
f 250/154/105 249/155/105 251/156/105
f 252/157/105 250/154/105 251/156/105
f 254/158/2 253/159/2 255/160/2
f 256/161/2 254/158/2 255/160/2
f 258/162/106 257/163/106 259/164/106
f 260/165/107 258/162/106 259/164/106
f 262/166/108 261/167/108 263/168/108
f 264/169/108 262/166/108 263/168/108
f 266/170/109 265/171/109 267/172/109
f 268/173/109 266/170/109 267/172/109
f 270/174/2 269/175/2 271/176/2
f 272/177/2 270/174/2 271/176/2
f 274/178/110 273/179/110 275/180/110
f 276/181/110 274/178/110 275/180/110
f 278/1/1 277/2/1 279/3/1
f 280/4/1 278/1/1 279/3/1
f 282/5/2 281/6/2 283/7/2
f 284/8/2 282/5/2 283/7/2
f 286/9/3 285/10/3 287/11/3
f 288/12/3 286/9/3 287/11/3
f 290/13/4 289/14/4 291/15/4
f 292/16/4 290/13/4 291/15/4
f 294/17/2 293/18/2 295/19/2
f 296/20/2 294/17/2 295/19/2
f 298/21/3 297/22/3 299/23/3
f 300/24/3 298/21/3 299/23/3
f 302/15/4 301/25/4 303/26/4
f 304/27/4 302/15/4 303/26/4
f 306/28/5 305/29/6 307/30/7
f 308/31/8 306/28/5 307/30/7
f 310/32/9 309/33/10 311/34/11
f 312/35/12 310/32/9 311/34/11
f 314/36/13 313/37/13 315/38/13
f 316/39/13 314/36/13 315/38/13
f 318/30/14 317/40/15 319/41/15
f 320/31/14 318/30/14 319/41/15
f 322/42/16 321/43/17 323/44/18
f 324/45/16 322/42/16 323/44/18
f 326/46/19 325/47/19 327/48/19
f 328/49/19 326/46/19 327/48/19
f 330/50/20 329/51/21 331/52/22
f 330/50/20 331/52/22 332/53/22
f 334/54/23 333/55/24 335/56/25
f 334/54/23 335/56/25 336/57/26
f 338/58/27 337/59/28 339/60/29
f 338/58/27 339/60/29 340/61/30
f 342/62/31 341/63/32 343/64/33
f 342/62/31 343/64/33 344/65/34
f 346/66/35 345/67/36 347/68/37
f 346/66/35 347/68/37 348/69/38
f 350/70/39 349/71/40 351/72/41
f 350/70/39 351/72/41 352/73/42
f 354/74/43 353/75/44 355/76/45
f 354/74/43 355/76/45 356/77/46
f 358/78/47 357/79/48 359/80/49
f 358/78/47 359/80/49 360/81/50
f 362/82/3 361/83/3 363/84/3
f 362/82/3 363/84/3 364/85/3
f 366/86/51 365/87/51 367/88/51
f 366/86/51 367/88/51 368/89/51
f 370/90/52 369/91/52 371/92/52
f 370/90/52 371/92/52 372/93/52
f 374/94/53 373/95/53 375/96/53
f 374/94/53 375/96/53 376/97/53
f 378/98/54 377/99/55 379/100/55
f 378/98/54 379/100/55 380/101/55
f 382/102/56 381/103/56 383/104/56
f 382/102/56 383/104/56 384/105/2
f 386/106/57 385/107/57 387/108/57
f 386/106/57 387/108/57 388/109/58
f 390/110/59 389/111/59 391/112/59
f 390/110/59 391/112/59 392/113/59
f 394/114/60 393/115/60 395/116/60
f 394/114/60 395/116/60 396/117/60
f 398/118/61 397/119/62 399/120/62
f 398/118/61 399/120/62 400/121/62
f 402/122/63 401/123/63 403/124/63
f 402/122/63 403/124/63 404/125/63
f 406/126/64 405/127/65 407/128/64
f 406/126/64 407/128/64 408/129/65
f 410/130/66 409/131/66 411/132/66
f 410/130/66 411/132/66 412/133/66
f 414/134/3 413/135/3 415/136/3
f 414/134/3 415/136/3 416/137/3
f 418/138/67 417/139/67 419/140/67
f 418/138/67 419/140/67 420/141/67
f 422/142/57 421/143/57 423/144/57
f 422/142/57 423/144/57 424/145/57
f 426/52/68 425/51/69 427/50/70
f 428/53/71 426/52/68 427/50/70
f 430/56/72 429/55/73 431/54/74
f 432/57/75 430/56/72 431/54/74
f 434/60/76 433/59/77 435/58/78
f 436/61/79 434/60/76 435/58/78
f 438/64/80 437/63/81 439/62/82
f 440/65/83 438/64/80 439/62/82
f 442/68/84 441/67/85 443/66/86
f 444/69/87 442/68/84 443/66/86
f 446/72/88 445/71/89 447/70/90
f 448/73/91 446/72/88 447/70/90
f 450/76/92 449/75/93 451/74/94
f 452/77/95 450/76/92 451/74/94
f 454/80/96 453/79/97 455/78/98
f 456/81/99 454/80/96 455/78/98
f 458/84/3 457/83/3 459/82/3
f 460/85/3 458/84/3 459/82/3
f 462/88/51 461/87/51 463/86/51
f 464/89/51 462/88/51 463/86/51
f 466/92/52 465/91/52 467/90/52
f 468/93/52 466/92/52 467/90/52
f 470/96/53 469/95/100 471/94/53
f 472/97/53 470/96/53 471/94/53
f 474/100/55 473/99/55 475/98/55
f 476/101/55 474/100/55 475/98/55
f 478/146/2 477/147/101 479/148/101
f 480/149/2 478/146/2 479/148/101
f 482/108/57 481/107/57 483/106/57
f 484/109/57 482/108/57 483/106/57
f 486/112/59 485/111/59 487/110/59
f 488/113/59 486/112/59 487/110/59
f 490/116/60 489/115/60 491/114/60
f 492/117/60 490/116/60 491/114/60
f 494/120/62 493/119/62 495/118/62
f 496/121/102 494/120/62 495/118/62
f 498/124/63 497/123/63 499/122/63
f 500/125/63 498/124/63 499/122/63
f 502/128/64 501/127/65 503/126/64
f 504/129/65 502/128/64 503/126/64
f 506/132/66 505/131/66 507/130/66
f 508/133/66 506/132/66 507/130/66
f 510/136/3 509/135/3 511/134/3
f 512/137/3 510/136/3 511/134/3
f 514/140/67 513/139/67 515/138/67
f 516/141/67 514/140/67 515/138/67
f 518/144/57 517/143/57 519/142/57
f 520/145/103 518/144/57 519/142/57
f 522/150/104 521/151/4 523/152/4
f 524/153/4 522/150/104 523/152/4
f 526/154/105 525/155/105 527/156/105
f 528/157/105 526/154/105 527/156/105
f 530/158/2 529/159/2 531/160/2
f 532/161/2 530/158/2 531/160/2
f 534/162/106 533/163/106 535/164/106
f 536/165/107 534/162/106 535/164/106
f 538/166/108 537/167/108 539/168/108
f 540/169/108 538/166/108 539/168/108
f 542/170/109 541/171/109 543/172/109
f 544/173/109 542/170/109 543/172/109
f 546/174/2 545/175/2 547/176/2
f 548/177/2 546/174/2 547/176/2
f 550/178/110 549/179/110 551/180/110
f 552/181/110 550/178/110 551/180/110
f 554/182/111 553/183/111 555/184/112
f 556/185/113 554/182/111 555/184/112
f 556/185/113 555/184/112 557/186/3
f 558/187/3 556/185/113 557/186/3
f 560/188/114 559/189/114 561/190/115
f 562/191/115 560/188/114 561/190/115
f 562/191/115 561/190/115 563/192/116
f 564/193/116 562/191/115 563/192/116
f 564/193/116 563/192/116 565/194/117
f 566/195/117 564/193/116 565/194/117
f 567/196/118 566/195/117 565/194/117
f 568/197/118 567/196/118 565/194/117
f 567/196/118 568/197/118 569/198/119
f 570/199/119 567/196/118 569/198/119
f 570/199/119 569/198/119 571/200/120
f 572/201/120 570/199/119 571/200/120
f 572/201/120 571/200/120 573/202/121
f 574/203/121 572/201/120 573/202/121
f 576/204/4 575/205/4 577/206/122
f 578/207/122 576/204/4 577/206/122
f 578/207/122 577/206/122 579/208/123
f 580/209/123 578/207/122 579/208/123
f 582/210/124 581/211/125 583/212/126
f 584/213/126 582/210/124 583/212/126
f 584/213/126 583/212/126 585/214/4
f 584/213/126 585/214/4 586/215/4
f 588/216/127 587/217/127 589/218/127
f 590/219/127 588/216/127 589/218/127
f 589/218/127 591/220/128 590/219/127
f 591/220/128 592/221/128 590/219/127
f 592/221/128 591/220/128 593/222/129
f 591/220/128 594/223/129 593/222/129
f 593/222/129 594/223/129 595/224/130
f 594/223/129 596/225/130 595/224/130
f 595/224/130 596/225/130 597/226/112
f 596/225/130 598/227/112 597/226/112
f 597/226/112 598/227/112 599/228/131
f 598/227/112 600/229/131 599/228/131
f 600/229/131 601/230/132 599/228/131
f 601/230/132 602/231/132 599/228/131
f 601/230/132 603/232/133 602/231/132
f 603/232/133 604/233/133 602/231/132
f 603/232/133 605/234/134 604/233/133
f 605/234/134 606/235/134 604/233/133
f 605/234/134 607/236/135 606/235/134
f 607/236/135 608/237/135 606/235/134
f 609/238/2 608/237/135 607/236/135
f 610/239/2 609/238/2 607/236/135
f 612/240/4 611/241/4 613/242/136
f 614/243/136 612/240/4 613/242/136
f 614/243/136 613/242/136 615/244/137
f 616/245/138 614/243/136 615/244/137
f 618/246/3 617/247/3 619/248/3
f 617/247/3 620/249/139 619/248/3
f 619/248/3 620/249/139 621/250/140
f 620/249/139 622/251/141 621/250/140
f 621/250/140 622/251/141 623/252/142
f 622/251/141 624/253/143 623/252/142
f 623/252/142 624/253/143 625/254/144
f 624/253/143 626/255/145 625/254/144
f 625/254/144 626/255/145 627/256/146
f 626/255/145 628/257/147 627/256/146
f 627/256/146 628/257/147 629/258/148
f 628/257/147 630/259/149 629/258/148
f 629/258/148 630/259/149 631/260/150
f 632/261/150 629/258/148 631/260/150
f 633/262/151 632/261/150 631/260/150
f 633/262/151 631/260/150 634/263/152
f 633/262/151 634/263/152 635/264/153
f 633/262/151 635/264/153 636/265/154
f 637/266/155 633/262/151 638/267/156
f 638/267/156 633/262/151 636/265/154
f 639/268/157 638/267/156 636/265/154
f 640/269/158 639/268/157 636/265/154
f 641/270/159 640/269/158 636/265/154
f 642/271/160 641/270/159 636/265/154
f 642/271/160 636/265/154 643/272/160
f 642/271/160 643/272/160 644/273/160
f 643/272/160 645/274/160 644/273/160
f 644/273/160 645/274/160 646/275/161
f 647/276/162 644/273/160 646/275/161
f 647/276/162 646/275/161 648/277/163
f 649/278/164 647/276/162 648/277/163
f 650/279/165 649/278/164 648/277/163
f 650/279/165 651/280/166 649/278/164
f 652/281/167 651/280/166 650/279/165
f 653/282/168 650/279/165 648/277/163
f 654/283/155 652/281/167 650/279/165
f 654/283/155 655/284/155 652/281/167
f 654/283/155 656/285/155 655/284/155
f 657/286/169 653/282/168 648/277/163
f 657/286/169 648/277/163 658/287/170
f 657/286/169 658/287/170 659/288/171
f 657/286/169 659/288/171 660/289/172
f 661/290/155 659/288/171 658/287/170
f 657/286/169 660/289/172 662/291/155
f 663/292/173 661/290/155 658/287/170
f 664/293/155 657/286/169 662/291/155
f 663/292/173 665/294/148 661/290/155
f 664/293/155 662/291/155 666/295/155
f 663/292/173 667/296/148 665/294/148
f 664/293/155 666/295/155 668/297/174
f 665/294/148 667/296/148 669/298/175
f 666/295/155 670/299/176 668/297/174
f 671/300/177 665/294/148 669/298/175
f 672/301/178 668/297/174 670/299/176
f 671/300/177 669/298/175 673/302/179
f 672/301/178 670/299/176 674/303/161
f 675/304/179 671/300/177 673/302/179
f 676/305/180 672/301/178 674/303/161
f 675/304/179 673/302/179 677/306/181
f 678/307/181 675/304/179 677/306/181
f 678/307/181 677/306/181 679/308/182
f 680/309/182 678/307/181 679/308/182
f 680/309/182 679/308/182 681/310/3
f 682/311/3 680/309/182 681/310/3
f 681/310/3 683/312/3 682/311/3
f 683/312/3 684/313/3 682/311/3
f 676/305/180 674/303/161 685/314/183
f 686/315/170 676/305/180 685/314/183
f 686/315/170 687/316/155 676/305/180
f 688/317/155 687/316/155 686/315/170
f 689/318/184 686/315/170 685/314/183
f 690/319/155 688/317/155 686/315/170
f 690/319/155 691/320/155 688/317/155
f 690/319/155 692/321/155 691/320/155
f 693/322/150 689/318/184 685/314/183
f 693/322/150 685/314/183 694/323/170
f 693/322/150 694/323/170 695/324/185
f 693/322/150 695/324/185 696/325/186
f 697/326/187 695/324/185 694/323/170
f 693/322/150 696/325/186 698/327/188
f 699/328/189 697/326/187 694/323/170
f 700/329/160 693/322/150 698/327/188
f 699/328/189 701/330/148 697/326/187
f 700/329/160 698/327/188 702/331/160
f 699/328/189 703/332/149 701/330/148
f 700/329/160 702/331/160 704/333/160
f 701/330/148 703/332/149 705/334/177
f 702/331/160 706/335/160 704/333/160
f 707/336/177 701/330/148 705/334/177
f 708/337/188 704/333/160 706/335/160
f 707/336/177 705/334/177 709/338/179
f 708/337/188 706/335/160 710/339/161
f 711/340/179 707/336/177 709/338/179
f 712/341/180 708/337/188 710/339/161
f 711/340/179 709/338/179 713/342/181
f 714/343/181 711/340/179 713/342/181
f 714/343/181 713/342/181 715/344/182
f 716/345/182 714/343/181 715/344/182
f 716/345/182 715/344/182 717/346/3
f 718/347/3 716/345/182 717/346/3
f 717/346/3 719/348/3 718/347/3
f 719/348/3 720/349/3 718/347/3
f 712/341/180 710/339/161 721/350/183
f 722/351/170 712/341/180 721/350/183
f 722/351/170 723/352/155 712/341/180
f 724/353/155 723/352/155 722/351/170
f 725/354/184 722/351/170 721/350/183
f 726/355/155 724/353/155 722/351/170
f 727/356/150 725/354/184 721/350/183
f 726/355/155 728/357/155 724/353/155
f 726/355/155 729/358/155 728/357/155
f 728/357/155 730/359/155 724/353/155
f 727/356/150 721/350/183 731/360/170
f 727/356/150 731/360/170 732/361/185
f 727/356/150 732/361/185 733/362/186
f 734/363/155 732/361/185 731/360/170
f 727/356/150 733/362/186 735/364/190
f 736/365/155 734/363/155 731/360/170
f 737/366/176 727/356/150 735/364/190
f 736/365/155 738/367/148 734/363/155
f 737/366/176 735/364/190 739/368/174
f 736/365/155 740/369/148 738/367/148
f 737/366/176 739/368/174 741/370/155
f 738/367/148 740/369/148 742/371/191
f 739/368/174 743/372/155 741/370/155
f 744/373/192 738/367/148 742/371/191
f 741/370/155 743/372/155 745/374/155
f 744/373/192 742/371/191 746/375/193
f 747/376/155 741/370/155 745/374/155
f 748/377/193 744/373/192 746/375/193
f 747/376/155 745/374/155 749/378/155
f 748/377/193 746/375/193 750/379/194
f 751/380/194 748/377/193 750/379/194
f 751/380/194 750/379/194 752/381/182
f 753/382/182 751/380/194 752/381/182
f 753/382/182 752/381/182 754/383/3
f 755/384/3 753/382/182 754/383/3
f 754/383/3 756/385/3 755/384/3
f 756/385/3 757/386/3 755/384/3
f 758/387/155 747/376/155 749/378/155
f 759/388/155 758/387/155 749/378/155
f 759/388/155 760/389/155 758/387/155
f 761/390/155 760/389/155 759/388/155
f 762/391/155 759/388/155 749/378/155
f 763/392/155 761/390/155 759/388/155
f 763/392/155 764/393/155 761/390/155
f 763/392/155 765/394/155 764/393/155
f 766/395/155 762/391/155 749/378/155
f 766/395/155 749/378/155 767/396/155
f 768/397/155 766/395/155 767/396/155
f 768/397/155 769/398/155 766/395/155
f 767/396/155 770/399/155 768/397/155
f 769/398/155 771/400/155 766/395/155
f 772/401/155 770/399/155 767/396/155
f 771/400/155 773/402/155 766/395/155
f 774/403/173 772/401/155 767/396/155
f 775/404/155 773/402/155 771/400/155
f 774/403/173 776/405/149 772/401/155
f 777/406/155 775/404/155 771/400/155
f 774/403/173 778/407/148 776/405/149
f 777/406/155 779/408/155 775/404/155
f 776/405/149 778/407/148 780/409/195
f 779/408/155 781/410/155 775/404/155
f 782/411/196 776/405/149 780/409/195
f 779/408/155 783/412/155 781/410/155
f 782/411/196 780/409/195 784/413/197
f 779/408/155 785/414/155 783/412/155
f 786/415/198 782/411/196 784/413/197
f 779/408/155 787/416/155 785/414/155
f 786/415/198 784/413/197 788/417/199
f 789/418/200 786/415/198 788/417/199
f 789/418/200 788/417/199 790/419/201
f 791/420/201 789/418/200 790/419/201
f 791/420/201 790/419/201 792/421/3
f 793/422/3 791/420/201 792/421/3
f 792/421/3 794/423/3 793/422/3
f 794/423/3 795/424/3 793/422/3
f 797/425/155 796/426/155 787/416/155
f 798/427/155 797/425/155 787/416/155
f 779/408/155 798/427/155 787/416/155
f 779/408/155 799/428/155 798/427/155
f 799/428/155 800/429/155 798/427/155
f 800/429/155 801/430/155 798/427/155
f 801/430/155 802/431/148 798/427/155
f 801/430/155 803/432/148 802/431/148
f 802/431/148 803/432/148 804/433/192
f 805/434/192 802/431/148 804/433/192
f 805/434/192 804/433/192 806/435/193
f 807/436/193 805/434/192 806/435/193
f 807/436/193 806/435/193 808/437/202
f 809/438/202 807/436/193 808/437/202
f 809/438/202 808/437/202 810/439/201
f 811/440/201 809/438/202 810/439/201
f 811/440/201 810/439/201 812/441/3
f 813/442/139 811/440/201 812/441/3
f 812/441/3 814/443/3 813/442/139
f 814/443/3 815/444/3 813/442/139
f 817/445/2 816/446/2 818/447/2
f 816/446/2 819/448/2 818/447/2
f 820/449/2 818/447/2 819/448/2
f 821/450/2 820/449/2 819/448/2
f 820/449/2 821/450/2 822/451/2
f 823/452/2 820/449/2 822/451/2
f 823/452/2 822/451/2 824/453/2
f 825/454/2 823/452/2 824/453/2
f 825/454/2 824/453/2 826/455/2
f 824/453/2 827/456/2 826/455/2
f 826/455/2 827/456/2 828/457/2
f 829/458/2 826/455/2 828/457/2
f 828/457/2 830/459/56 829/458/2
f 830/459/56 831/460/2 829/458/2
f 831/460/2 830/459/56 832/461/203
f 833/462/204 831/460/2 832/461/203
f 833/462/204 832/461/203 834/463/205
f 832/461/203 835/464/205 834/463/205
f 834/463/205 835/464/205 836/465/206
f 835/464/205 837/466/206 836/465/206
f 836/465/206 837/466/206 838/467/207
f 839/468/207 836/465/206 838/467/207
f 838/467/207 840/469/122 839/468/207
f 840/469/122 841/470/122 839/468/207
f 841/470/122 840/469/122 842/471/208
f 843/472/209 841/470/122 842/471/208
f 843/472/209 842/471/208 844/473/210
f 845/474/210 843/472/209 844/473/210
f 845/474/210 844/473/210 846/475/211
f 847/476/211 845/474/210 846/475/211
f 848/477/212 847/476/211 846/475/211
f 849/478/213 848/477/212 846/475/211
f 850/479/127 848/477/212 849/478/213
f 851/480/127 850/479/127 849/478/213
f 852/481/127 850/479/127 851/480/127
f 853/482/127 852/481/127 851/480/127
f 852/481/127 853/482/127 854/483/127
f 855/484/127 852/481/127 854/483/127
f 855/484/127 854/483/127 856/485/127
f 854/483/127 857/486/127 856/485/127
f 856/485/127 857/486/127 858/487/127
f 857/486/127 859/488/127 858/487/127
f 859/488/127 860/489/127 858/487/127
f 860/489/127 861/490/127 858/487/127
f 861/490/127 860/489/127 862/491/127
f 863/492/127 861/490/127 862/491/127
f 865/493/127 864/494/127 866/495/127
f 867/496/127 865/493/127 866/495/127
f 867/496/127 866/495/127 868/497/127
f 869/498/127 867/496/127 868/497/127
f 870/499/127 869/498/127 868/497/127
f 871/500/127 870/499/127 868/497/127
f 872/501/127 870/499/127 871/500/127
f 873/502/127 872/501/127 871/500/127
f 873/502/127 874/503/127 872/501/127
f 874/503/127 875/504/127 872/501/127
f 875/504/127 874/503/127 876/505/127
f 874/503/127 877/506/127 876/505/127
f 876/505/127 877/506/127 878/507/213
f 877/506/127 879/508/212 878/507/213
f 878/507/213 879/508/212 880/509/214
f 879/508/212 881/510/214 880/509/214
f 881/510/214 882/511/215 880/509/214
f 882/511/215 883/512/216 880/509/214
f 882/511/215 884/513/217 883/512/216
f 884/513/217 885/514/217 883/512/216
f 884/513/217 886/515/122 885/514/217
f 886/515/122 887/516/122 885/514/217
f 887/516/122 886/515/122 888/517/207
f 889/518/207 887/516/122 888/517/207
f 888/517/207 890/519/206 889/518/207
f 890/519/206 891/520/218 889/518/207
f 890/519/206 892/521/219 891/520/218
f 892/521/219 893/522/220 891/520/218
f 892/521/219 894/523/221 893/522/220
f 894/523/221 895/524/204 893/522/220
f 896/525/56 895/524/204 894/523/221
f 897/526/2 896/525/56 894/523/221
f 896/525/56 897/526/2 898/527/2
f 899/528/2 896/525/56 898/527/2
f 898/527/2 900/529/2 899/528/2
f 900/529/2 901/530/2 899/528/2
f 902/531/2 901/530/2 900/529/2
f 903/532/2 902/531/2 900/529/2
f 903/532/2 904/533/2 902/531/2
f 904/533/2 905/534/2 902/531/2
f 904/533/2 906/535/2 905/534/2
f 906/535/2 907/536/2 905/534/2
f 907/536/2 906/535/2 908/537/2
f 906/535/2 909/538/2 908/537/2
f 908/537/2 909/538/2 910/539/2
f 909/538/2 911/540/2 910/539/2
f 913/541/2 912/542/2 914/543/2
f 912/542/2 915/544/2 914/543/2
f 916/545/2 914/543/2 915/544/2
f 917/546/2 916/545/2 915/544/2
f 916/545/2 917/546/2 918/547/2
f 919/548/2 916/545/2 918/547/2
f 919/548/2 918/547/2 920/549/2
f 921/550/2 919/548/2 920/549/2
f 921/550/2 920/549/2 922/551/2
f 920/549/2 923/552/2 922/551/2
f 923/552/2 924/553/2 922/551/2
f 924/553/2 925/554/2 922/551/2
f 924/553/2 926/555/56 925/554/2
f 926/555/56 927/556/2 925/554/2
f 927/556/2 926/555/56 928/557/203
f 929/558/204 927/556/2 928/557/203
f 929/558/204 928/557/203 930/559/205
f 928/557/203 931/560/205 930/559/205
f 930/559/205 931/560/205 932/561/206
f 931/560/205 933/562/206 932/561/206
f 932/561/206 933/562/206 934/563/207
f 933/562/206 935/564/207 934/563/207
f 935/564/207 936/565/122 934/563/207
f 936/565/122 937/566/122 934/563/207
f 938/567/217 937/566/122 936/565/122
f 939/568/222 938/567/217 936/565/122
f 938/567/217 939/568/222 940/569/223
f 941/570/223 938/567/217 940/569/223
f 941/570/223 940/569/223 942/571/224
f 943/572/224 941/570/223 942/571/224
f 943/572/224 942/571/224 944/573/225
f 945/574/225 943/572/224 944/573/225
f 945/574/225 944/573/225 946/575/127
f 944/573/225 947/576/127 946/575/127
f 946/575/127 947/576/127 948/577/127
f 947/576/127 949/578/127 948/577/127
f 948/577/127 949/578/127 950/579/127
f 951/580/127 948/577/127 950/579/127
f 951/580/127 950/579/127 952/581/127
f 950/579/127 953/582/127 952/581/127
f 952/581/127 953/582/127 954/583/127
f 953/582/127 955/584/127 954/583/127
f 955/584/127 956/585/127 954/583/127
f 956/585/127 957/586/127 954/583/127
f 957/586/127 956/585/127 958/587/127
f 959/588/127 957/586/127 958/587/127
f 961/589/2 960/590/2 962/591/2
f 960/590/2 963/592/2 962/591/2
f 964/593/2 962/591/2 963/592/2
f 965/594/2 964/593/2 963/592/2
f 964/593/2 965/594/2 966/595/2
f 967/596/2 964/593/2 966/595/2
f 967/596/2 966/595/2 968/597/2
f 969/598/2 967/596/2 968/597/2
f 969/598/2 968/597/2 970/599/2
f 968/597/2 971/600/2 970/599/2
f 970/599/2 971/600/2 972/601/2
f 973/602/2 970/599/2 972/601/2
f 972/601/2 974/603/56 973/602/2
f 974/603/56 975/604/2 973/602/2
f 975/604/2 974/603/56 976/605/203
f 974/603/56 977/606/204 976/605/203
f 976/605/203 977/606/204 978/607/205
f 979/608/205 976/605/203 978/607/205
f 979/608/205 978/607/205 980/609/226
f 981/610/227 979/608/205 980/609/226
f 981/610/227 980/609/226 982/611/207
f 980/609/226 983/612/228 982/611/207
f 982/611/207 983/612/228 984/613/122
f 983/612/228 985/614/122 984/613/122
f 984/613/122 985/614/122 986/615/229
f 987/616/229 984/613/122 986/615/229
f 987/616/229 986/615/229 988/617/223
f 989/618/223 987/616/229 988/617/223
f 990/619/230 989/618/223 988/617/223
f 991/620/224 990/619/230 988/617/223
f 990/619/230 991/620/224 992/621/231
f 993/622/225 990/619/230 992/621/231
f 993/622/225 992/621/231 994/623/127
f 992/621/231 995/624/127 994/623/127
f 994/623/127 995/624/127 996/625/127
f 995/624/127 997/626/127 996/625/127
f 996/625/127 997/626/127 998/627/127
f 999/628/127 996/625/127 998/627/127
f 999/628/127 998/627/127 1000/629/127
f 998/627/127 1001/630/127 1000/629/127
f 1000/629/127 1001/630/127 1002/631/127
f 1001/630/127 1003/632/127 1002/631/127
f 1002/631/127 1003/632/127 1004/633/127
f 1005/634/127 1002/631/127 1004/633/127
f 1005/634/127 1004/633/127 1006/635/127
f 1007/636/127 1005/634/127 1006/635/127
f 1009/637/2 1008/638/2 1010/639/2
f 1008/638/2 1011/640/2 1010/639/2
f 1012/641/2 1010/639/2 1011/640/2
f 1013/642/2 1012/641/2 1011/640/2
f 1012/641/2 1013/642/2 1014/643/2
f 1015/644/2 1012/641/2 1014/643/2
f 1015/644/2 1014/643/2 1016/645/2
f 1017/646/2 1015/644/2 1016/645/2
f 1017/646/2 1016/645/2 1018/647/2
f 1016/645/2 1019/648/2 1018/647/2
f 1019/648/2 1020/649/2 1018/647/2
f 1020/649/2 1021/650/2 1018/647/2
f 1020/649/2 1022/651/56 1021/650/2
f 1022/651/56 1023/652/56 1021/650/2
f 1023/652/56 1022/651/56 1024/653/232
f 1025/654/232 1023/652/56 1024/653/232
f 1025/654/232 1024/653/232 1026/655/233
f 1027/656/233 1025/654/232 1026/655/233
f 1027/656/233 1026/655/233 1028/657/226
f 1026/655/233 1029/658/226 1028/657/226
f 1028/657/226 1029/658/226 1030/659/207
f 1029/658/226 1031/660/207 1030/659/207
f 1030/659/207 1031/660/207 1032/661/122
f 1031/660/207 1033/662/122 1032/661/122
f 1032/661/122 1033/662/122 1034/663/229
f 1035/664/229 1032/661/122 1034/663/229
f 1035/664/229 1034/663/229 1036/665/223
f 1037/666/223 1035/664/229 1036/665/223
f 1036/665/223 1038/667/230 1037/666/223
f 1038/667/230 1039/668/224 1037/666/223
f 1040/669/225 1039/668/224 1038/667/230
f 1041/670/225 1040/669/225 1038/667/230
f 1042/671/127 1040/669/225 1041/670/225
f 1043/672/127 1042/671/127 1041/670/225
f 1042/671/127 1043/672/127 1044/673/127
f 1043/672/127 1045/674/127 1044/673/127
f 1044/673/127 1045/674/127 1046/675/127
f 1047/676/127 1044/673/127 1046/675/127
f 1047/676/127 1046/675/127 1048/677/127
f 1046/675/127 1049/678/127 1048/677/127
f 1048/677/127 1049/678/127 1050/679/127
f 1049/678/127 1051/680/127 1050/679/127
f 1050/679/127 1051/680/127 1052/681/127
f 1053/682/127 1050/679/127 1052/681/127
f 1052/681/127 1054/683/127 1053/682/127
f 1054/683/127 1055/684/127 1053/682/127
f 1057/685/234 1056/686/235 1058/687/236
f 1056/686/235 1059/688/237 1058/687/236
f 1058/687/236 1059/688/237 1060/689/238
f 1059/688/237 1061/690/239 1060/689/238
f 1063/187/3 1062/186/3 1064/185/113
f 1062/186/3 1065/184/113 1064/185/113
f 1064/185/113 1065/184/113 1066/182/111
f 1065/184/113 1067/183/240 1066/182/111
f 1069/203/121 1068/202/121 1070/201/120
f 1068/202/121 1071/200/120 1070/201/120
f 1070/201/120 1071/200/120 1072/199/119
f 1071/200/120 1073/198/119 1072/199/119
f 1072/199/119 1073/198/119 1074/196/118
f 1073/198/119 1075/197/118 1074/196/118
f 1075/197/118 1076/194/117 1074/196/118
f 1076/194/117 1077/195/117 1074/196/118
f 1077/195/117 1076/194/117 1078/193/116
f 1076/194/117 1079/192/116 1078/193/116
f 1078/193/116 1079/192/116 1080/191/115
f 1079/192/116 1081/190/115 1080/191/115
f 1080/191/115 1081/190/115 1082/188/114
f 1081/190/115 1083/691/114 1082/188/114
f 1085/692/123 1084/693/123 1086/207/122
f 1084/693/123 1087/206/122 1086/207/122
f 1086/207/122 1087/206/122 1088/204/4
f 1087/206/122 1089/205/4 1088/204/4
f 1091/215/4 1090/214/4 1092/213/126
f 1090/214/4 1093/212/241 1092/213/126
f 1092/213/126 1093/212/241 1094/210/124
f 1093/212/241 1095/211/125 1094/210/124
f 1097/694/242 1096/695/243 1098/696/244
f 1096/695/243 1099/697/245 1098/696/244
f 1098/696/244 1099/697/245 1100/698/246
f 1099/697/245 1101/699/247 1100/698/246
f 1101/699/247 1102/700/248 1100/698/246
f 1099/697/245 1103/701/249 1101/699/247
f 1104/702/248 1102/700/248 1101/699/247
f 1105/703/250 1102/700/248 1104/702/248
f 1101/699/247 1103/701/249 1106/704/249
f 1101/699/247 1106/704/249 1104/702/248
f 1107/705/251 1105/703/250 1104/702/248
f 1108/706/242 1105/703/250 1107/705/251
f 1109/707/242 1108/706/242 1107/705/251
f 1106/704/249 1110/708/252 1104/702/248
f 1103/701/249 1111/709/249 1106/704/249
f 1110/708/252 1106/704/249 1112/710/248
f 1113/711/250 1110/708/252 1112/710/248
f 1114/712/251 1113/711/250 1112/710/248
f 1115/713/242 1113/711/250 1114/712/251
f 1116/714/242 1115/713/242 1114/712/251
f 1112/710/248 1106/704/249 1117/715/248
f 1118/716/253 1117/715/248 1106/704/249
f 1119/717/250 1117/715/248 1118/716/253
f 1120/718/242 1119/717/250 1121/719/242
f 1119/717/250 1122/720/242 1121/719/242
f 1119/717/250 1123/721/250 1122/720/242
f 1123/721/250 1119/717/250 1118/716/253
f 1106/704/249 1124/722/254 1118/716/253
f 1106/704/249 1111/709/249 1124/722/254
f 1124/722/254 1125/723/248 1118/716/253
f 1126/724/255 1125/723/248 1124/722/254
f 1127/725/256 1125/723/248 1126/724/255
f 1128/726/257 1127/725/256 1126/724/255
f 1129/727/258 1127/725/256 1128/726/257
f 1130/728/259 1129/727/258 1128/726/257
f 1126/724/255 1124/722/254 1131/729/260
f 1131/729/260 1124/722/254 1132/730/261
f 1134/731/262 1133/732/263 1132/730/261
f 1124/722/254 1134/731/262 1132/730/261
f 1135/733/264 1134/731/262 1124/722/254
f 1136/734/265 1135/733/264 1124/722/254
f 1137/735/266 1135/733/264 1136/734/265
f 1138/736/267 1124/722/254 1111/709/249
f 1138/736/267 1136/734/265 1124/722/254
f 1139/737/265 1137/735/266 1136/734/265
f 1137/735/266 1139/737/265 1140/738/268
f 1138/736/267 1141/739/269 1136/734/265
f 1141/739/269 1139/737/265 1136/734/265
f 1139/737/265 1142/740/270 1140/738/268
f 1140/738/268 1142/740/270 1143/741/271
f 1139/737/265 1141/739/269 1144/742/272
f 1142/740/270 1139/737/265 1144/742/272
f 1142/740/270 1145/743/273 1143/741/271
f 1143/741/271 1145/743/273 1146/744/274
f 1144/742/272 1147/745/275 1142/740/270
f 1147/745/275 1145/743/273 1142/740/270
f 1144/742/272 1141/739/269 1148/746/276
f 1147/745/275 1144/742/272 1148/746/276
f 1141/739/269 1149/747/277 1148/746/276
f 1149/747/277 1141/739/269 1138/736/267
f 1150/748/278 1147/745/275 1148/746/276
f 1151/749/279 1149/747/277 1138/736/267
f 1147/745/275 1150/748/278 1152/750/280
f 1151/749/279 1138/736/267 1153/751/281
f 1154/752/282 1147/745/275 1152/750/280
f 1138/736/267 1155/753/283 1153/751/281
f 1155/753/283 1138/736/267 1111/709/249
f 1153/751/281 1155/753/283 1156/754/284
f 1155/753/283 1111/709/249 1157/755/285
f 1155/753/283 1158/756/286 1156/754/284
f 1155/753/283 1157/755/285 1158/756/286
f 1157/755/285 1159/757/287 1158/756/286
f 1154/752/282 1152/750/280 1160/758/288
f 1161/759/289 1145/743/273 1147/745/275
f 1145/743/273 1161/759/289 1146/744/274
f 1154/752/282 1161/759/289 1147/745/275
f 1162/760/290 1146/744/274 1161/759/289
f 1163/761/291 1161/759/289 1154/752/282
f 1163/761/291 1162/760/290 1161/759/289
f 1164/762/292 1154/752/282 1160/758/288
f 1164/762/292 1163/761/291 1154/752/282
f 1162/760/290 1163/761/291 1165/763/293
f 1165/763/293 1163/761/291 1164/762/292
f 1166/764/294 1162/760/290 1165/763/293
f 1167/765/295 1164/762/292 1160/758/288
f 1167/765/295 1165/763/293 1164/762/292
f 1168/766/296 1167/765/295 1160/758/288
f 1165/763/293 1169/767/297 1166/764/294
f 1165/763/293 1167/765/295 1169/767/297
f 1169/767/297 1170/768/298 1166/764/294
f 1167/765/295 1171/769/299 1169/767/297
f 1167/765/295 1168/766/296 1171/769/299
f 1168/766/296 1172/770/300 1171/769/299
f 1174/771/127 1173/772/127 1175/773/301
f 1173/772/127 1176/774/127 1175/773/301
f 1175/773/301 1176/774/127 1177/775/302
f 1176/774/127 1178/776/303 1177/775/302
f 1177/775/302 1178/776/303 1179/777/304
f 1178/776/303 1180/778/305 1179/777/304
f 1179/777/304 1180/778/305 1181/779/306
f 1182/780/306 1179/777/304 1181/779/306
f 1182/780/306 1181/779/306 1183/781/307
f 1184/782/307 1182/780/306 1183/781/307
f 1183/781/307 1185/783/131 1184/782/307
f 1185/783/131 1186/784/131 1184/782/307
f 1186/784/131 1185/783/131 1187/785/308
f 1188/786/308 1186/784/131 1187/785/308
f 1188/786/308 1187/785/308 1189/787/309
f 1190/788/309 1188/786/308 1189/787/309
f 1191/789/310 1190/788/309 1189/787/309
f 1192/790/311 1191/789/310 1189/787/309
f 1193/791/2 1191/789/310 1192/790/311
f 1194/792/135 1193/791/2 1192/790/311
f 1194/792/135 1195/793/2 1193/791/2
f 1195/793/2 1196/794/2 1193/791/2
f 1198/795/127 1197/796/127 1199/797/312
f 1197/796/127 1200/798/313 1199/797/312
f 1199/797/312 1200/798/313 1201/799/314
f 1200/798/313 1202/800/314 1201/799/314
f 1201/799/314 1202/800/314 1203/801/129
f 1202/800/314 1204/802/129 1203/801/129
f 1203/801/129 1204/802/129 1205/803/306
f 1206/804/306 1203/801/129 1205/803/306
f 1206/804/306 1205/803/306 1207/805/112
f 1208/806/307 1206/804/306 1207/805/112
f 1209/807/315 1208/806/307 1207/805/112
f 1210/808/131 1209/807/315 1207/805/112
f 1209/807/315 1210/808/131 1211/809/308
f 1212/810/316 1209/807/315 1211/809/308
f 1213/811/317 1212/810/316 1211/809/308
f 1214/812/309 1213/811/317 1211/809/308
f 1215/813/318 1213/811/317 1214/812/309
f 1216/814/318 1215/813/318 1214/812/309
f 1217/815/2 1215/813/318 1216/814/318
f 1218/816/2 1217/815/2 1216/814/318
f 1218/816/2 1219/817/2 1217/815/2
f 1219/817/2 1220/818/2 1217/815/2
f 1222/819/127 1221/216/127 1223/820/127
f 1221/216/127 1224/219/127 1223/820/127
f 1223/820/127 1224/219/127 1225/821/128
f 1224/219/127 1226/221/128 1225/821/128
f 1226/221/128 1227/222/129 1225/821/128
f 1227/222/129 1228/822/129 1225/821/128
f 1227/222/129 1229/224/130 1228/822/129
f 1229/224/130 1230/823/130 1228/822/129
f 1229/224/130 1231/226/112 1230/823/130
f 1231/226/112 1232/824/112 1230/823/130
f 1231/226/112 1233/228/131 1232/824/112
f 1233/228/131 1234/229/131 1232/824/112
f 1234/229/131 1233/228/131 1235/230/132
f 1233/228/131 1236/231/132 1235/230/132
f 1235/230/132 1236/231/132 1237/232/133
f 1236/231/132 1238/233/133 1237/232/133
f 1237/232/133 1238/233/133 1239/234/134
f 1238/233/133 1240/235/134 1239/234/134
f 1239/234/134 1240/235/134 1241/236/135
f 1240/235/134 1242/237/135 1241/236/135
f 1241/236/135 1242/237/135 1243/238/2
f 1244/239/2 1241/236/135 1243/238/2
f 1246/245/137 1245/244/137 1247/243/136
f 1245/244/137 1248/242/136 1247/243/136
f 1247/243/136 1248/242/136 1249/240/4
f 1248/242/136 1250/241/4 1249/240/4
f 1252/446/2 1251/445/2 1253/447/2
f 1254/448/2 1252/446/2 1253/447/2
f 1253/447/2 1255/449/2 1254/448/2
f 1255/449/2 1256/450/2 1254/448/2
f 1257/451/2 1256/450/2 1255/449/2
f 1258/452/2 1257/451/2 1255/449/2
f 1259/453/2 1257/451/2 1258/452/2
f 1260/454/2 1259/453/2 1258/452/2
f 1259/453/2 1260/454/2 1261/455/2
f 1262/456/2 1259/453/2 1261/455/2
f 1263/457/2 1262/456/2 1261/455/2
f 1264/458/2 1263/457/2 1261/455/2
f 1265/459/56 1263/457/2 1264/458/2
f 1266/460/2 1265/459/56 1264/458/2
f 1267/461/203 1265/459/56 1266/460/2
f 1268/462/204 1267/461/203 1266/460/2
f 1268/462/204 1269/463/205 1267/461/203
f 1269/463/205 1270/464/205 1267/461/203
f 1269/463/205 1271/465/206 1270/464/205
f 1271/465/206 1272/466/206 1270/464/205
f 1273/467/207 1272/466/206 1271/465/206
f 1274/468/207 1273/467/207 1271/465/206
f 1273/467/207 1274/468/207 1275/469/122
f 1274/468/207 1276/470/122 1275/469/122
f 1277/471/208 1275/469/122 1276/470/122
f 1278/472/208 1277/471/208 1276/470/122
f 1279/473/210 1277/471/208 1278/472/208
f 1280/474/210 1279/473/210 1278/472/208
f 1281/475/211 1279/473/210 1280/474/210
f 1282/476/211 1281/475/211 1280/474/210
f 1281/475/211 1282/476/211 1283/477/319
f 1284/478/212 1281/475/211 1283/477/319
f 1283/477/319 1285/479/127 1284/478/212
f 1285/479/127 1286/480/127 1284/478/212
f 1286/480/127 1285/479/127 1287/481/127
f 1288/482/127 1286/480/127 1287/481/127
f 1289/483/127 1288/482/127 1287/481/127
f 1290/484/127 1289/483/127 1287/481/127
f 1289/483/127 1290/484/127 1291/485/127
f 1292/486/127 1289/483/127 1291/485/127
f 1292/486/127 1291/485/127 1293/487/127
f 1294/488/127 1292/486/127 1293/487/127
f 1295/489/127 1294/488/127 1293/487/127
f 1296/490/127 1295/489/127 1293/487/127
f 1297/491/127 1295/489/127 1296/490/127
f 1298/492/127 1297/491/127 1296/490/127
f 1300/542/2 1299/541/2 1301/543/2
f 1302/544/2 1300/542/2 1301/543/2
f 1301/543/2 1303/545/2 1302/544/2
f 1303/545/2 1304/546/2 1302/544/2
f 1305/547/2 1304/546/2 1303/545/2
f 1306/548/2 1305/547/2 1303/545/2
f 1307/549/2 1305/547/2 1306/548/2
f 1308/550/2 1307/549/2 1306/548/2
f 1307/549/2 1308/550/2 1309/551/2
f 1310/552/2 1307/549/2 1309/551/2
f 1311/553/2 1310/552/2 1309/551/2
f 1312/554/2 1311/553/2 1309/551/2
f 1313/555/56 1311/553/2 1312/554/2
f 1314/556/2 1313/555/56 1312/554/2
f 1315/557/203 1313/555/56 1314/556/2
f 1316/558/204 1315/557/203 1314/556/2
f 1316/558/204 1317/559/205 1315/557/203
f 1317/559/205 1318/560/205 1315/557/203
f 1317/559/205 1319/561/206 1318/560/205
f 1319/561/206 1320/562/206 1318/560/205
f 1319/561/206 1321/563/207 1320/562/206
f 1321/563/207 1322/564/207 1320/562/206
f 1322/564/207 1321/563/207 1323/565/122
f 1321/563/207 1324/566/122 1323/565/122
f 1323/565/122 1324/566/122 1325/567/217
f 1326/568/222 1323/565/122 1325/567/217
f 1327/569/223 1326/568/222 1325/567/217
f 1328/570/223 1327/569/223 1325/567/217
f 1329/571/224 1327/569/223 1328/570/223
f 1330/572/224 1329/571/224 1328/570/223
f 1331/573/225 1329/571/224 1330/572/224
f 1332/574/225 1331/573/225 1330/572/224
f 1332/574/225 1333/575/127 1331/573/225
f 1333/575/127 1334/576/127 1331/573/225
f 1334/576/127 1333/575/127 1335/577/127
f 1336/578/127 1334/576/127 1335/577/127
f 1337/579/127 1336/578/127 1335/577/127
f 1338/580/127 1337/579/127 1335/577/127
f 1337/579/127 1338/580/127 1339/581/127
f 1340/582/127 1337/579/127 1339/581/127
f 1340/582/127 1339/581/127 1341/583/127
f 1342/584/127 1340/582/127 1341/583/127
f 1343/585/127 1342/584/127 1341/583/127
f 1344/586/127 1343/585/127 1341/583/127
f 1345/587/127 1343/585/127 1344/586/127
f 1346/588/127 1345/587/127 1344/586/127
f 1348/590/2 1347/589/2 1349/591/2
f 1350/592/2 1348/590/2 1349/591/2
f 1350/592/2 1349/591/2 1351/593/2
f 1352/594/2 1350/592/2 1351/593/2
f 1352/594/2 1351/593/2 1353/595/2
f 1351/593/2 1354/596/2 1353/595/2
f 1355/597/2 1353/595/2 1354/596/2
f 1356/598/2 1355/597/2 1354/596/2
f 1355/597/2 1356/598/2 1357/599/2
f 1358/600/2 1355/597/2 1357/599/2
f 1359/601/2 1358/600/2 1357/599/2
f 1360/602/2 1359/601/2 1357/599/2
f 1361/603/56 1359/601/2 1360/602/2
f 1362/604/2 1361/603/56 1360/602/2
f 1362/604/2 1363/605/203 1361/603/56
f 1363/605/203 1364/606/204 1361/603/56
f 1365/607/205 1364/606/204 1363/605/203
f 1366/608/205 1365/607/205 1363/605/203
f 1367/609/226 1365/607/205 1366/608/205
f 1368/610/226 1367/609/226 1366/608/205
f 1368/610/226 1369/611/320 1367/609/226
f 1369/611/320 1370/612/207 1367/609/226
f 1369/611/320 1371/613/122 1370/612/207
f 1371/613/122 1372/614/321 1370/612/207
f 1373/615/229 1372/614/321 1371/613/122
f 1374/616/229 1373/615/229 1371/613/122
f 1375/617/223 1373/615/229 1374/616/229
f 1376/618/223 1375/617/223 1374/616/229
f 1375/617/223 1376/618/223 1377/619/230
f 1378/825/214 1375/617/223 1377/619/230
f 1379/826/225 1378/825/214 1377/619/230
f 1380/622/322 1379/826/225 1377/619/230
f 1380/622/322 1381/623/127 1379/826/225
f 1381/623/127 1382/827/127 1379/826/225
f 1382/827/127 1381/623/127 1383/625/127
f 1384/626/127 1382/827/127 1383/625/127
f 1385/627/127 1384/626/127 1383/625/127
f 1386/628/127 1385/627/127 1383/625/127
f 1385/627/127 1386/628/127 1387/629/127
f 1388/630/127 1385/627/127 1387/629/127
f 1388/630/127 1387/629/127 1389/631/127
f 1390/632/127 1388/630/127 1389/631/127
f 1391/633/127 1390/632/127 1389/631/127
f 1392/634/127 1391/633/127 1389/631/127
f 1393/635/127 1391/633/127 1392/634/127
f 1394/636/127 1393/635/127 1392/634/127
f 1396/638/2 1395/637/2 1397/639/2
f 1398/640/2 1396/638/2 1397/639/2
f 1398/640/2 1397/639/2 1399/641/2
f 1400/642/2 1398/640/2 1399/641/2
f 1400/642/2 1399/641/2 1401/643/2
f 1399/641/2 1402/644/2 1401/643/2
f 1403/645/2 1401/643/2 1402/644/2
f 1404/646/2 1403/645/2 1402/644/2
f 1403/645/2 1404/646/2 1405/647/2
f 1406/648/2 1403/645/2 1405/647/2
f 1406/648/2 1405/647/2 1407/649/2
f 1405/647/2 1408/828/2 1407/649/2
f 1409/651/56 1407/649/2 1408/828/2
f 1410/829/56 1409/651/56 1408/828/2
f 1411/653/232 1409/651/56 1410/829/56
f 1412/830/232 1411/653/232 1410/829/56
f 1413/655/233 1411/653/232 1412/830/232
f 1414/656/233 1413/655/233 1412/830/232
f 1414/656/233 1415/657/226 1413/655/233
f 1415/657/226 1416/658/226 1413/655/233
f 1415/657/226 1417/659/207 1416/658/226
f 1417/659/207 1418/660/207 1416/658/226
f 1417/659/207 1419/661/122 1418/660/207
f 1419/661/122 1420/662/122 1418/660/207
f 1421/663/229 1420/662/122 1419/661/122
f 1422/664/229 1421/663/229 1419/661/122
f 1423/665/223 1421/663/229 1422/664/229
f 1424/666/223 1423/665/223 1422/664/229
f 1423/665/223 1424/666/223 1425/831/230
f 1424/666/223 1426/668/224 1425/831/230
f 1425/831/230 1426/668/224 1427/669/225
f 1428/832/225 1425/831/230 1427/669/225
f 1428/832/225 1427/669/225 1429/671/127
f 1430/833/127 1428/832/225 1429/671/127
f 1430/833/127 1429/671/127 1431/673/127
f 1432/674/127 1430/833/127 1431/673/127
f 1433/675/127 1432/674/127 1431/673/127
f 1434/676/127 1433/675/127 1431/673/127
f 1433/675/127 1434/676/127 1435/677/127
f 1436/678/127 1433/675/127 1435/677/127
f 1436/678/127 1435/677/127 1437/679/127
f 1438/680/127 1436/678/127 1437/679/127
f 1439/681/127 1438/680/127 1437/679/127
f 1440/682/127 1439/681/127 1437/679/127
f 1439/681/127 1440/682/127 1441/683/127
f 1440/682/127 1442/684/127 1441/683/127
f 1444/834/249 1443/285/249 1445/283/249
f 1446/281/249 1444/834/249 1445/283/249
f 1445/283/249 1447/279/249 1446/281/249
f 1447/279/249 1448/280/323 1446/281/249
f 1449/278/247 1448/280/323 1447/279/249
f 1450/835/249 1449/278/247 1447/279/249
f 1450/835/249 1447/279/249 1451/282/249
f 1449/278/247 1450/835/249 1452/276/249
f 1450/835/249 1451/282/249 1453/286/249
f 1450/835/249 1454/275/249 1452/276/249
f 1452/276/249 1454/275/249 1455/836/249
f 1454/275/249 1456/274/249 1455/836/249
f 1455/836/249 1456/274/249 1457/272/249
f 1458/837/249 1455/836/249 1457/272/249
f 1459/287/249 1450/835/249 1453/286/249
f 1457/272/249 1460/838/249 1458/837/249
f 1460/838/249 1461/270/249 1458/837/249
f 1460/838/249 1462/269/249 1461/270/249
f 1460/838/249 1463/268/247 1462/269/249
f 1460/838/249 1464/267/249 1463/268/247
f 1460/838/249 1465/262/249 1464/267/249
f 1464/267/249 1465/262/249 1466/266/249
f 1460/838/249 1467/839/249 1465/262/249
f 1467/839/249 1468/263/249 1465/262/249
f 1468/263/249 1469/840/249 1465/262/249
f 1469/840/249 1470/261/249 1465/262/249
f 1469/840/249 1471/258/249 1470/261/249
f 1469/840/249 1472/259/247 1471/258/249
f 1471/258/249 1472/259/247 1473/257/324
f 1474/256/325 1471/258/249 1473/257/324
f 1474/256/325 1473/257/324 1475/255/326
f 1476/254/327 1474/256/325 1475/255/326
f 1476/254/327 1475/255/326 1477/253/328
f 1478/252/329 1476/254/327 1477/253/328
f 1478/252/329 1477/253/328 1479/251/330
f 1480/250/331 1478/252/329 1479/251/330
f 1480/250/331 1479/251/330 1481/841/332
f 1482/248/3 1480/250/331 1481/841/332
f 1482/248/3 1481/841/332 1483/247/3
f 1484/246/3 1482/248/3 1483/247/3
f 1485/288/249 1459/287/249 1453/286/249
f 1459/287/249 1485/288/249 1486/290/249
f 1487/842/249 1485/288/249 1453/286/249
f 1488/292/249 1459/287/249 1486/290/249
f 1489/843/249 1487/842/249 1453/286/249
f 1486/290/249 1490/294/249 1488/292/249
f 1489/843/249 1453/286/249 1491/844/249
f 1490/294/249 1492/296/249 1488/292/249
f 1493/295/249 1489/843/249 1491/844/249
f 1494/845/333 1492/296/249 1490/294/249
f 1491/844/249 1495/846/249 1493/295/249
f 1496/300/333 1494/845/333 1490/294/249
f 1495/846/249 1497/299/249 1493/295/249
f 1498/302/334 1494/845/333 1496/300/333
f 1497/299/249 1495/846/249 1499/301/249
f 1500/304/334 1498/302/334 1496/300/333
f 1501/847/249 1497/299/249 1499/301/249
f 1502/306/335 1498/302/334 1500/304/334
f 1501/847/249 1499/301/249 1503/305/249
f 1504/848/335 1502/306/335 1500/304/334
f 1505/308/336 1502/306/335 1504/848/335
f 1506/309/336 1505/308/336 1504/848/335
f 1507/849/3 1505/308/336 1506/309/336
f 1508/850/3 1507/849/3 1506/309/336
f 1507/849/3 1508/850/3 1509/851/3
f 1508/850/3 1510/313/3 1509/851/3
f 1511/852/249 1501/847/249 1503/305/249
f 1511/852/249 1503/305/249 1512/315/249
f 1503/305/249 1513/316/249 1512/315/249
f 1512/315/249 1513/316/249 1514/317/249
f 1511/852/249 1512/315/249 1515/318/249
f 1516/319/249 1512/315/249 1514/317/249
f 1514/317/249 1517/853/249 1516/319/249
f 1517/853/249 1518/854/249 1516/319/249
f 1511/852/249 1515/318/249 1519/322/249
f 1520/323/249 1511/852/249 1519/322/249
f 1521/324/249 1520/323/249 1519/322/249
f 1520/323/249 1521/324/249 1522/326/249
f 1523/855/249 1521/324/249 1519/322/249
f 1524/328/249 1520/323/249 1522/326/249
f 1525/327/249 1523/855/249 1519/322/249
f 1522/326/249 1526/856/249 1524/328/249
f 1525/327/249 1519/322/249 1527/857/249
f 1526/856/249 1528/332/249 1524/328/249
f 1529/331/249 1525/327/249 1527/857/249
f 1530/334/337 1528/332/249 1526/856/249
f 1527/857/249 1531/858/249 1529/331/249
f 1532/859/337 1530/334/337 1526/856/249
f 1531/858/249 1533/335/249 1529/331/249
f 1534/860/334 1530/334/337 1532/859/337
f 1533/335/249 1531/858/249 1535/337/249
f 1536/340/334 1534/860/334 1532/859/337
f 1537/861/249 1533/335/249 1535/337/249
f 1538/342/335 1534/860/334 1536/340/334
f 1537/861/249 1535/337/249 1539/341/249
f 1540/343/335 1538/342/335 1536/340/334
f 1541/344/336 1538/342/335 1540/343/335
f 1542/345/336 1541/344/336 1540/343/335
f 1543/862/3 1541/344/336 1542/345/336
f 1544/347/3 1543/862/3 1542/345/336
f 1543/862/3 1544/347/3 1545/863/3
f 1544/347/3 1546/349/3 1545/863/3
f 1547/864/249 1537/861/249 1539/341/249
f 1547/864/249 1539/341/249 1548/351/249
f 1539/341/249 1549/352/249 1548/351/249
f 1548/351/249 1549/352/249 1550/353/249
f 1547/864/249 1548/351/249 1551/354/249
f 1552/865/249 1548/351/249 1550/353/249
f 1547/864/249 1551/354/249 1553/356/249
f 1550/353/249 1554/866/249 1552/865/249
f 1554/866/249 1555/867/249 1552/865/249
f 1550/353/249 1556/359/249 1554/866/249
f 1557/360/249 1547/864/249 1553/356/249
f 1558/361/249 1557/360/249 1553/356/249
f 1557/360/249 1558/361/249 1559/363/249
f 1560/868/249 1558/361/249 1553/356/249
f 1561/365/249 1557/360/249 1559/363/249
f 1562/869/249 1560/868/249 1553/356/249
f 1559/363/249 1563/367/249 1561/365/249
f 1562/869/249 1553/356/249 1564/870/249
f 1563/367/249 1565/369/249 1561/365/249
f 1566/368/249 1562/869/249 1564/870/249
f 1567/371/338 1565/369/249 1563/367/249
f 1564/870/249 1568/871/249 1566/368/249
f 1569/373/339 1567/371/338 1563/367/249
f 1568/871/249 1570/372/249 1566/368/249
f 1571/375/340 1567/371/338 1569/373/339
f 1572/374/249 1570/372/249 1568/871/249
f 1573/872/340 1571/375/340 1569/373/339
f 1574/376/249 1572/374/249 1568/871/249
f 1575/379/341 1571/375/340 1573/872/340
f 1576/873/249 1572/374/249 1574/376/249
f 1577/874/341 1575/379/341 1573/872/340
f 1578/381/336 1575/379/341 1577/874/341
f 1579/382/336 1578/381/336 1577/874/341
f 1580/383/3 1578/381/336 1579/382/336
f 1581/384/3 1580/383/3 1579/382/336
f 1580/383/3 1581/384/3 1582/385/3
f 1581/384/3 1583/386/3 1582/385/3
f 1584/387/249 1576/873/249 1574/376/249
f 1576/873/249 1584/387/249 1585/388/249
f 1584/387/249 1586/389/249 1585/388/249
f 1585/388/249 1586/389/249 1587/875/249
f 1576/873/249 1585/388/249 1588/391/249
f 1589/876/249 1585/388/249 1587/875/249
f 1587/875/249 1590/393/249 1589/876/249
f 1590/393/249 1591/877/249 1589/876/249
f 1576/873/249 1588/391/249 1592/395/249
f 1593/396/249 1576/873/249 1592/395/249
f 1593/396/249 1592/395/249 1594/878/249
f 1592/395/249 1595/398/249 1594/878/249
f 1594/878/249 1596/399/249 1593/396/249
f 1592/395/249 1597/400/249 1595/398/249
f 1593/396/249 1596/399/249 1598/401/249
f 1592/395/249 1599/879/249 1597/400/249
f 1600/403/249 1593/396/249 1598/401/249
f 1597/400/249 1599/879/249 1601/880/249
f 1598/401/249 1602/405/249 1600/403/249
f 1603/406/249 1597/400/249 1601/880/249
f 1602/405/249 1604/407/249 1600/403/249
f 1601/880/249 1605/881/249 1603/406/249
f 1606/882/342 1604/407/249 1602/405/249
f 1601/880/249 1607/410/249 1605/881/249
f 1608/883/343 1606/882/342 1602/405/249
f 1607/410/249 1609/412/249 1605/881/249
f 1610/884/344 1606/882/342 1608/883/343
f 1609/412/249 1611/414/249 1605/881/249
f 1612/415/345 1610/884/344 1608/883/343
f 1611/414/249 1613/885/249 1605/881/249
f 1614/886/341 1610/884/344 1612/415/345
f 1615/418/341 1614/886/341 1612/415/345
f 1616/887/336 1614/886/341 1615/418/341
f 1617/420/336 1616/887/336 1615/418/341
f 1618/421/3 1616/887/336 1617/420/336
f 1619/422/3 1618/421/3 1617/420/336
f 1618/421/3 1619/422/3 1620/423/3
f 1619/422/3 1621/424/3 1620/423/3
f 1613/885/249 1622/888/249 1623/889/249
f 1613/885/249 1623/889/249 1624/427/249
f 1613/885/249 1624/427/249 1605/881/249
f 1624/427/249 1625/890/249 1605/881/249
f 1624/427/249 1626/429/249 1625/890/249
f 1624/427/249 1627/430/249 1626/429/249
f 1624/427/249 1628/431/249 1627/430/249
f 1628/431/249 1629/432/249 1627/430/249
f 1630/433/346 1629/432/249 1628/431/249
f 1631/434/347 1630/433/346 1628/431/249
f 1632/891/348 1630/433/346 1631/434/347
f 1633/436/344 1632/891/348 1631/434/347
f 1634/892/349 1632/891/348 1633/436/344
f 1635/438/350 1634/892/349 1633/436/344
f 1636/439/351 1634/892/349 1635/438/350
f 1637/893/352 1636/439/351 1635/438/350
f 1638/441/3 1636/439/351 1637/893/352
f 1639/442/353 1638/441/3 1637/893/352
f 1638/441/3 1639/442/353 1640/443/3
f 1639/442/353 1641/444/3 1640/443/3
f 1643/894/354 1642/685/58 1644/895/355
f 1645/688/356 1643/894/354 1644/895/355
f 1645/688/356 1644/895/355 1646/896/357
f 1647/690/358 1645/688/356 1646/896/357
f 1649/897/155 1648/898/155 1650/899/155
f 1649/897/155 1650/899/155 1651/900/155
f 1651/900/155 1650/899/155 1652/901/155
f 1654/902/2 1653/903/2 1655/904/359
f 1656/905/359 1654/902/2 1655/904/359
f 1655/904/359 1657/906/360 1656/905/359
f 1657/906/360 1658/907/361 1656/905/359
f 1660/908/4 1659/909/4 1661/910/362
f 1662/911/363 1660/908/4 1661/910/362
f 1662/911/363 1661/910/362 1663/912/364
f 1664/913/365 1662/911/363 1663/912/364
f 1665/914/57 1664/913/365 1663/912/364
f 1666/915/57 1665/914/57 1663/912/364
f 1668/916/366 1667/917/366 1669/918/367
f 1670/919/368 1668/916/366 1669/918/367
f 1670/919/368 1669/918/367 1671/920/369
f 1672/921/370 1670/919/368 1671/920/369
f 1671/920/369 1673/922/371 1672/921/370
f 1673/922/371 1674/923/371 1672/921/370
f 1676/924/372 1675/925/373 1677/926/374
f 1676/924/372 1677/926/374 1678/927/375
f 1677/926/374 1679/928/376 1678/927/375
f 1680/929/377 1678/927/375 1679/928/376
f 1681/930/378 1680/929/377 1679/928/376
f 1681/930/378 1682/931/379 1680/929/377
f 1682/931/379 1683/932/379 1680/929/377
f 1685/933/3 1684/934/3 1686/935/3
f 1687/936/3 1685/933/3 1686/935/3
f 1687/936/3 1686/935/3 1688/937/3
f 1689/938/3 1687/936/3 1688/937/3
f 1690/939/3 1689/938/3 1688/937/3
f 1691/940/3 1690/939/3 1688/937/3
f 1693/941/380 1692/942/381 1694/943/382
f 1693/941/380 1694/943/382 1695/944/383
f 1695/944/383 1694/943/382 1696/945/384
f 1695/944/383 1696/945/384 1697/946/385
f 1699/947/386 1698/948/387 1700/949/388
f 1699/947/386 1700/949/388 1701/950/389
f 1701/950/389 1700/949/388 1702/951/390
f 1701/950/389 1702/951/390 1703/952/391
f 1702/951/390 1704/953/392 1703/952/391
f 1702/951/390 1705/954/393 1704/953/392
f 1706/955/394 1704/953/392 1705/954/393
f 1706/955/394 1705/954/393 1707/956/249
f 1709/957/249 1708/958/249 1707/956/249
f 1707/956/249 1708/958/249 1710/959/395
f 1706/955/394 1707/956/249 1710/959/395
f 1706/955/394 1710/959/395 1711/960/396
f 1712/961/249 1711/960/396 1710/959/395
f 1712/961/249 1710/959/395 1713/962/397
f 1714/963/398 1711/960/396 1712/961/249
f 1714/963/398 1712/961/249 1715/964/399
f 1717/965/400 1716/966/401 1718/967/402
f 1717/965/400 1718/967/402 1719/968/403
f 1720/969/404 1719/968/403 1718/967/402
f 1720/969/404 1721/970/405 1719/968/403
f 1721/970/405 1720/969/404 1722/971/406
f 1721/970/405 1722/971/406 1723/972/407
f 1724/973/408 1723/972/407 1722/971/406
f 1724/973/408 1725/974/409 1723/972/407
f 1726/975/410 1725/974/409 1724/973/408
f 1726/975/410 1727/976/411 1725/974/409
f 1729/977/412 1728/978/413 1730/979/414
f 1730/979/414 1731/980/415 1729/977/412
f 1730/979/414 1732/981/416 1731/980/415
f 1734/982/2 1733/983/2 1735/984/2
f 1734/982/2 1735/984/2 1736/985/2
f 1736/985/2 1735/984/2 1737/986/135
f 1736/985/2 1737/986/135 1738/987/2
f 1740/988/417 1739/989/418 1741/990/419
f 1740/988/417 1741/990/419 1742/991/420
f 1741/990/419 1743/992/2 1742/991/420
f 1742/991/420 1743/992/2 1744/993/2
f 1745/994/2 1744/993/2 1743/992/2
f 1746/995/2 1744/993/2 1745/994/2
f 1745/994/2 1747/996/421 1746/995/2
f 1746/995/2 1747/996/421 1748/997/422
f 1747/996/421 1749/998/423 1748/997/422
f 1746/995/2 1748/997/422 1750/999/424
f 1748/997/422 1749/998/423 1751/1000/425
f 1748/997/422 1751/1000/425 1750/999/424
f 1750/999/424 1751/1000/425 1752/1001/426
f 1754/1002/427 1753/1003/427 1755/1004/428
f 1754/1002/427 1755/1004/428 1756/1005/428
f 1756/1005/428 1755/1004/428 1757/1006/429
f 1756/1005/428 1757/1006/429 1758/1007/429
f 1758/1007/429 1757/1006/429 1759/1008/430
f 1758/1007/429 1759/1008/430 1760/1009/430
f 1760/1009/430 1759/1008/430 1761/1010/431
f 1760/1009/430 1761/1010/431 1762/1011/431
f 1762/1011/431 1761/1010/431 1763/1012/432
f 1762/1011/431 1763/1012/432 1764/1013/433
f 1765/1014/434 1764/1013/433 1763/1012/432
f 1765/1014/434 1763/1012/432 1766/1015/434
f 1768/946/435 1767/945/436 1769/944/437
f 1767/945/436 1770/943/438 1769/944/437
f 1769/944/437 1770/943/438 1771/941/439
f 1770/943/438 1772/942/440 1771/941/439
f 1774/1016/441 1773/1017/442 1775/1018/443
f 1773/1017/442 1776/1019/444 1775/1018/443
f 1777/1020/445 1775/1018/443 1776/1019/444
f 1778/1021/445 1777/1020/445 1776/1019/444
f 1777/1020/445 1778/1021/445 1779/1022/446
f 1780/1023/447 1777/1020/445 1779/1022/446
f 1780/1023/447 1779/1022/446 1781/1024/448
f 1782/1025/449 1780/1023/447 1781/1024/448
f 1784/1026/450 1783/1027/451 1785/1028/452
f 1786/1029/453 1784/1026/450 1785/1028/452
f 1786/1029/453 1785/1028/452 1787/1030/454
f 1788/1031/455 1786/1029/453 1787/1030/454
f 1790/1032/456 1789/1033/457 1791/1034/458
f 1792/1035/459 1790/1032/456 1791/1034/458
f 1791/1034/458 1793/1036/460 1792/1035/459
f 1793/1036/460 1794/1037/461 1792/1035/459
f 1793/1036/460 1795/1038/462 1794/1037/461
f 1795/1038/462 1796/1039/463 1794/1037/461
f 1798/1040/464 1797/1041/465 1799/1042/466
f 1800/1043/467 1798/1040/464 1799/1042/466
f 1799/1042/466 1801/1044/468 1800/1043/467
f 1801/1044/468 1802/1045/468 1800/1043/467
f 1804/1046/469 1803/1047/470 1805/1048/471
f 1803/1047/470 1806/1049/472 1805/1048/471
f 1807/1050/473 1805/1048/471 1806/1049/472
f 1808/1051/473 1807/1050/473 1806/1049/472
f 1810/1052/474 1809/1053/475 1811/1054/476
f 1809/1053/475 1812/1055/477 1811/1054/476
f 1811/1054/476 1812/1055/477 1813/1056/478
f 1812/1055/477 1814/1057/479 1813/1056/478
f 1813/1056/478 1814/1057/479 1815/1058/480
f 1816/1059/481 1813/1056/478 1815/1058/480
f 1818/1060/249 1817/1061/249 1819/1062/482
f 1817/1061/249 1820/1063/483 1819/1062/482
f 1821/1064/484 1819/1062/482 1820/1063/483
f 1823/1065/485 1822/1066/486 1824/1067/487
f 1825/1068/488 1823/1065/485 1824/1067/487
f 1825/1068/488 1824/1067/487 1826/1069/489
f 1827/1070/490 1825/1068/488 1826/1069/489
f 1827/1070/490 1826/1069/489 1828/1071/491
f 1826/1069/489 1829/1072/492 1828/1071/491
f 1827/1070/490 1828/1071/491 1830/1073/493
f 1831/1074/494 1827/1070/490 1830/1073/493
f 1829/1072/492 1832/1075/495 1828/1071/491
f 1834/1076/496 1833/1077/497 1831/1074/494
f 1828/1071/491 1832/1075/495 1835/1078/498
f 1830/1073/493 1828/1071/491 1835/1078/498
f 1831/1074/494 1836/1079/499 1834/1076/496
f 1830/1073/493 1836/1079/499 1831/1074/494
f 1836/1079/499 1837/1080/500 1834/1076/496
f 1830/1073/493 1835/1078/498 1838/1081/501
f 1835/1078/498 1839/1082/502 1838/1081/501
f 1830/1073/493 1838/1081/501 1840/1083/503
f 1836/1079/499 1841/1084/504 1837/1080/500
f 1836/1079/499 1830/1073/493 1841/1084/504
f 1841/1084/504 1830/1073/493 1840/1083/503
f 1841/1084/504 1842/1085/505 1837/1080/500
f 1841/1084/504 1840/1083/503 1843/1086/506
f 1842/1085/505 1841/1084/504 1843/1086/506
f 1832/1075/495 1829/1072/492 1844/1087/507
f 1829/1072/492 1845/1088/508 1844/1087/507
f 1832/1075/495 1844/1087/507 1846/1089/509
f 1845/1088/508 1847/1090/2 1844/1087/507
f 1844/1087/507 1848/1091/510 1846/1089/509
f 1847/1090/2 1848/1091/510 1844/1087/507
f 1849/1092/511 1848/1091/510 1847/1090/2
f 1851/1093/512 1850/1094/513 1852/1095/514
f 1853/1096/515 1851/1093/512 1852/1095/514
f 1852/1095/514 1854/1097/516 1853/1096/515
f 1854/1097/516 1855/1098/517 1853/1096/515
f 1855/1098/517 1854/1097/516 1856/1099/518
f 1854/1097/516 1857/1100/519 1856/1099/518
f 1858/1101/520 1855/1098/517 1856/1099/518
f 1858/1101/520 1856/1099/518 1859/1102/521
f 1861/980/522 1860/981/523 1862/979/524
f 1863/977/525 1861/980/522 1862/979/524
f 1862/979/524 1864/978/526 1863/977/525
f 1866/987/2 1865/986/2 1867/985/2
f 1865/986/2 1868/984/2 1867/985/2
f 1867/985/2 1868/984/2 1869/982/2
f 1868/984/2 1870/983/2 1869/982/2
f 1872/1103/4 1871/1104/4 1873/1105/527
f 1871/1104/4 1874/1106/527 1873/1105/527
f 1873/1105/527 1874/1106/527 1875/1107/528
f 1874/1106/527 1876/1108/529 1875/1107/528
f 1876/1108/529 1877/1109/530 1875/1107/528
f 1877/1109/530 1878/1110/530 1875/1107/528
f 1878/1110/530 1877/1109/530 1879/1111/531
f 1877/1109/530 1880/1112/531 1879/1111/531
f 1882/1113/532 1881/1114/532 1883/1115/533
f 1884/1116/534 1882/1113/532 1883/1115/533
f 1884/1116/534 1883/1115/533 1885/1117/535
f 1886/1118/535 1884/1116/534 1885/1117/535
f 1887/1119/536 1886/1118/535 1885/1117/535
f 1888/1120/536 1887/1119/536 1885/1117/535
f 1890/1121/2 1889/1122/2 1891/1123/2
f 1889/1122/2 1892/1124/2 1891/1123/2
f 1891/1123/2 1892/1124/2 1893/1125/537
f 1892/1124/2 1894/1126/538 1893/1125/537
f 1894/1126/538 1895/1127/539 1893/1125/537
f 1895/1127/539 1896/1128/539 1893/1125/537
f 1898/1129/127 1897/1130/127 1899/1131/127
f 1900/1132/127 1898/1129/127 1899/1131/127
f 1900/1132/127 1899/1131/127 1901/1133/127
f 1902/1134/127 1900/1132/127 1901/1133/127
f 1904/1135/540 1903/1136/541 1905/1137/542
f 1903/1136/541 1906/1138/543 1905/1137/542
f 1905/1137/542 1906/1138/543 1907/1139/544
f 1906/1138/543 1908/1140/545 1907/1139/544
f 1907/1139/544 1908/1140/545 1909/1141/546
f 1909/1141/546 1910/1142/547 1907/1139/544
f 1909/1141/546 1911/1143/548 1910/1142/547
f 1911/1143/548 1912/1144/548 1910/1142/547
f 1912/1144/548 1911/1143/548 1913/1145/149
f 1914/1146/549 1912/1144/548 1913/1145/149
f 1914/1146/549 1913/1145/149 1915/1147/550
f 1915/1147/550 1913/1145/149 1916/1148/551
f 1917/1149/552 1914/1146/549 1915/1147/550
f 1918/1150/553 1915/1147/550 1916/1148/551
f 1914/1146/549 1917/1149/552 1919/1151/554
f 1920/1152/555 1918/1150/553 1916/1148/551
f 1917/1149/552 1921/1153/556 1919/1151/554
f 1922/1154/557 1920/1152/555 1916/1148/551
f 1921/1153/556 1923/1155/558 1919/1151/554
f 1922/1154/557 1924/1156/559 1920/1152/555
f 1924/1156/559 1925/1157/560 1920/1152/555
f 1923/1155/558 1926/1158/561 1919/1151/554
f 1923/1155/558 1927/1159/562 1926/1158/561
f 1927/1159/562 1928/1160/563 1926/1158/561
f 1929/1161/564 1928/1160/563 1927/1159/562
f 1930/1162/565 1929/1161/564 1927/1159/562
f 1932/1163/566 1931/1164/567 1933/1165/568
f 1931/1164/567 1934/1166/568 1933/1165/568
f 1933/1165/568 1934/1166/568 1935/1167/63
f 1934/1166/568 1936/1168/63 1935/1167/63
f 1938/1169/569 1937/1170/569 1939/1171/570
f 1937/1170/569 1940/1172/571 1939/1171/570
f 1939/1171/570 1940/1172/571 1941/1173/572
f 1940/1172/571 1942/1174/572 1941/1173/572
f 1941/1173/572 1942/1174/572 1943/1175/573
f 1942/1174/572 1944/1176/573 1943/1175/573
f 1946/1177/574 1945/1178/574 1947/1179/575
f 1945/1178/574 1948/1180/576 1947/1179/575
f 1947/1179/575 1948/1180/576 1949/1181/577
f 1948/1180/576 1950/1182/577 1949/1181/577
f 1952/1183/578 1951/1184/578 1953/1185/579
f 1954/1186/580 1952/1183/578 1953/1185/579
f 1954/1186/580 1953/1185/579 1955/1187/581
f 1956/1188/582 1954/1186/580 1955/1187/581
f 1956/1188/582 1955/1187/581 1957/1189/583
f 1958/1190/583 1956/1188/582 1957/1189/583
f 1960/182/111 1959/183/111 1961/184/112
f 1962/185/113 1960/182/111 1961/184/112
f 1962/185/113 1961/184/112 1963/186/3
f 1964/187/3 1962/185/113 1963/186/3
f 1966/188/114 1965/189/114 1967/190/115
f 1968/191/115 1966/188/114 1967/190/115
f 1968/191/115 1967/190/115 1969/192/116
f 1970/193/116 1968/191/115 1969/192/116
f 1970/193/116 1969/192/116 1971/194/117
f 1972/195/117 1970/193/116 1971/194/117
f 1973/196/118 1972/195/117 1971/194/117
f 1974/197/118 1973/196/118 1971/194/117
f 1973/196/118 1974/197/118 1975/198/119
f 1976/199/119 1973/196/118 1975/198/119
f 1976/199/119 1975/198/119 1977/200/120
f 1978/201/120 1976/199/119 1977/200/120
f 1978/201/120 1977/200/120 1979/202/121
f 1980/203/121 1978/201/120 1979/202/121
f 1982/204/4 1981/205/4 1983/206/122
f 1984/207/122 1982/204/4 1983/206/122
f 1984/207/122 1983/206/122 1985/208/123
f 1986/209/123 1984/207/122 1985/208/123
f 1988/210/124 1987/211/125 1989/212/126
f 1990/213/126 1988/210/124 1989/212/126
f 1990/213/126 1989/212/126 1991/214/4
f 1990/213/126 1991/214/4 1992/215/4
f 1994/216/127 1993/217/127 1995/218/127
f 1996/219/127 1994/216/127 1995/218/127
f 1995/218/127 1997/220/128 1996/219/127
f 1997/220/128 1998/221/128 1996/219/127
f 1998/221/128 1997/220/128 1999/222/129
f 1997/220/128 2000/223/129 1999/222/129
f 1999/222/129 2000/223/129 2001/224/130
f 2000/223/129 2002/225/130 2001/224/130
f 2001/224/130 2002/225/130 2003/226/112
f 2002/225/130 2004/227/112 2003/226/112
f 2003/226/112 2004/227/112 2005/228/131
f 2004/227/112 2006/229/131 2005/228/131
f 2006/229/131 2007/230/132 2005/228/131
f 2007/230/132 2008/231/132 2005/228/131
f 2007/230/132 2009/232/133 2008/231/132
f 2009/232/133 2010/233/133 2008/231/132
f 2009/232/133 2011/234/134 2010/233/133
f 2011/234/134 2012/235/134 2010/233/133
f 2011/234/134 2013/236/135 2012/235/134
f 2013/236/135 2014/237/135 2012/235/134
f 2015/238/2 2014/237/135 2013/236/135
f 2016/239/2 2015/238/2 2013/236/135
f 2018/240/4 2017/241/4 2019/242/136
f 2020/243/136 2018/240/4 2019/242/136
f 2020/243/136 2019/242/136 2021/244/137
f 2022/245/138 2020/243/136 2021/244/137
f 2024/246/3 2023/247/3 2025/248/3
f 2023/247/3 2026/249/139 2025/248/3
f 2025/248/3 2026/249/139 2027/250/140
f 2026/249/139 2028/251/141 2027/250/140
f 2027/250/140 2028/251/141 2029/252/142
f 2028/251/141 2030/253/143 2029/252/142
f 2029/252/142 2030/253/143 2031/254/144
f 2030/253/143 2032/255/145 2031/254/144
f 2031/254/144 2032/255/145 2033/256/146
f 2032/255/145 2034/257/147 2033/256/146
f 2033/256/146 2034/257/147 2035/258/148
f 2034/257/147 2036/259/149 2035/258/148
f 2035/258/148 2036/259/149 2037/260/150
f 2038/261/150 2035/258/148 2037/260/150
f 2039/262/151 2038/261/150 2037/260/150
f 2039/262/151 2037/260/150 2040/263/152
f 2039/262/151 2040/263/152 2041/264/153
f 2039/262/151 2041/264/153 2042/265/154
f 2043/266/155 2039/262/151 2044/267/156
f 2044/267/156 2039/262/151 2042/265/154
f 2045/268/157 2044/267/156 2042/265/154
f 2046/269/158 2045/268/157 2042/265/154
f 2047/270/159 2046/269/158 2042/265/154
f 2048/271/160 2047/270/159 2042/265/154
f 2048/271/160 2042/265/154 2049/272/160
f 2048/271/160 2049/272/160 2050/273/160
f 2049/272/160 2051/274/160 2050/273/160
f 2050/273/160 2051/274/160 2052/275/161
f 2053/276/162 2050/273/160 2052/275/161
f 2053/276/162 2052/275/161 2054/277/163
f 2055/278/164 2053/276/162 2054/277/163
f 2056/279/165 2055/278/164 2054/277/163
f 2056/279/165 2057/280/166 2055/278/164
f 2058/281/167 2057/280/166 2056/279/165
f 2059/282/168 2056/279/165 2054/277/163
f 2060/283/155 2058/281/167 2056/279/165
f 2060/283/155 2061/284/155 2058/281/167
f 2060/283/155 2062/285/155 2061/284/155
f 2063/286/169 2059/282/168 2054/277/163
f 2063/286/169 2054/277/163 2064/287/170
f 2063/286/169 2064/287/170 2065/288/171
f 2063/286/169 2065/288/171 2066/289/172
f 2067/290/155 2065/288/171 2064/287/170
f 2063/286/169 2066/289/172 2068/291/155
f 2069/292/173 2067/290/155 2064/287/170
f 2070/293/155 2063/286/169 2068/291/155
f 2069/292/173 2071/294/148 2067/290/155
f 2070/293/155 2068/291/155 2072/295/155
f 2069/292/173 2073/296/148 2071/294/148
f 2070/293/155 2072/295/155 2074/297/174
f 2071/294/148 2073/296/148 2075/298/175
f 2072/295/155 2076/299/176 2074/297/174
f 2077/300/177 2071/294/148 2075/298/175
f 2078/301/178 2074/297/174 2076/299/176
f 2077/300/177 2075/298/175 2079/302/179
f 2078/301/178 2076/299/176 2080/303/161
f 2081/304/179 2077/300/177 2079/302/179
f 2082/305/180 2078/301/178 2080/303/161
f 2081/304/179 2079/302/179 2083/306/181
f 2084/307/181 2081/304/179 2083/306/181
f 2084/307/181 2083/306/181 2085/308/182
f 2086/309/182 2084/307/181 2085/308/182
f 2086/309/182 2085/308/182 2087/310/3
f 2088/311/3 2086/309/182 2087/310/3
f 2087/310/3 2089/312/3 2088/311/3
f 2089/312/3 2090/313/3 2088/311/3
f 2082/305/180 2080/303/161 2091/314/183
f 2092/315/170 2082/305/180 2091/314/183
f 2092/315/170 2093/316/155 2082/305/180
f 2094/317/155 2093/316/155 2092/315/170
f 2095/318/184 2092/315/170 2091/314/183
f 2096/319/155 2094/317/155 2092/315/170
f 2096/319/155 2097/320/155 2094/317/155
f 2096/319/155 2098/321/155 2097/320/155
f 2099/322/150 2095/318/184 2091/314/183
f 2099/322/150 2091/314/183 2100/323/170
f 2099/322/150 2100/323/170 2101/324/185
f 2099/322/150 2101/324/185 2102/325/186
f 2103/326/187 2101/324/185 2100/323/170
f 2099/322/150 2102/325/186 2104/327/188
f 2105/328/189 2103/326/187 2100/323/170
f 2106/329/160 2099/322/150 2104/327/188
f 2105/328/189 2107/330/148 2103/326/187
f 2106/329/160 2104/327/188 2108/331/160
f 2105/328/189 2109/332/149 2107/330/148
f 2106/329/160 2108/331/160 2110/333/160
f 2107/330/148 2109/332/149 2111/334/177
f 2108/331/160 2112/335/160 2110/333/160
f 2113/336/177 2107/330/148 2111/334/177
f 2114/337/188 2110/333/160 2112/335/160
f 2113/336/177 2111/334/177 2115/338/179
f 2114/337/188 2112/335/160 2116/339/161
f 2117/340/179 2113/336/177 2115/338/179
f 2118/341/180 2114/337/188 2116/339/161
f 2117/340/179 2115/338/179 2119/342/181
f 2120/343/181 2117/340/179 2119/342/181
f 2120/343/181 2119/342/181 2121/344/182
f 2122/345/182 2120/343/181 2121/344/182
f 2122/345/182 2121/344/182 2123/346/3
f 2124/347/3 2122/345/182 2123/346/3
f 2123/346/3 2125/348/3 2124/347/3
f 2125/348/3 2126/349/3 2124/347/3
f 2118/341/180 2116/339/161 2127/350/183
f 2128/351/170 2118/341/180 2127/350/183
f 2128/351/170 2129/352/155 2118/341/180
f 2130/353/155 2129/352/155 2128/351/170
f 2131/354/184 2128/351/170 2127/350/183
f 2132/355/155 2130/353/155 2128/351/170
f 2133/356/150 2131/354/184 2127/350/183
f 2132/355/155 2134/357/155 2130/353/155
f 2132/355/155 2135/358/155 2134/357/155
f 2134/357/155 2136/359/155 2130/353/155
f 2133/356/150 2127/350/183 2137/360/170
f 2133/356/150 2137/360/170 2138/361/185
f 2133/356/150 2138/361/185 2139/362/186
f 2140/363/155 2138/361/185 2137/360/170
f 2133/356/150 2139/362/186 2141/364/190
f 2142/365/155 2140/363/155 2137/360/170
f 2143/366/176 2133/356/150 2141/364/190
f 2142/365/155 2144/367/148 2140/363/155
f 2143/366/176 2141/364/190 2145/368/174
f 2142/365/155 2146/369/148 2144/367/148
f 2143/366/176 2145/368/174 2147/370/155
f 2144/367/148 2146/369/148 2148/371/191
f 2145/368/174 2149/372/155 2147/370/155
f 2150/373/192 2144/367/148 2148/371/191
f 2147/370/155 2149/372/155 2151/374/155
f 2150/373/192 2148/371/191 2152/375/193
f 2153/376/155 2147/370/155 2151/374/155
f 2154/377/193 2150/373/192 2152/375/193
f 2153/376/155 2151/374/155 2155/378/155
f 2154/377/193 2152/375/193 2156/379/194
f 2157/380/194 2154/377/193 2156/379/194
f 2157/380/194 2156/379/194 2158/381/182
f 2159/382/182 2157/380/194 2158/381/182
f 2159/382/182 2158/381/182 2160/383/3
f 2161/384/3 2159/382/182 2160/383/3
f 2160/383/3 2162/385/3 2161/384/3
f 2162/385/3 2163/386/3 2161/384/3
f 2164/387/155 2153/376/155 2155/378/155
f 2165/388/155 2164/387/155 2155/378/155
f 2165/388/155 2166/389/155 2164/387/155
f 2167/390/155 2166/389/155 2165/388/155
f 2168/391/155 2165/388/155 2155/378/155
f 2169/392/155 2167/390/155 2165/388/155
f 2169/392/155 2170/393/155 2167/390/155
f 2169/392/155 2171/394/155 2170/393/155
f 2172/395/155 2168/391/155 2155/378/155
f 2172/395/155 2155/378/155 2173/396/155
f 2174/397/155 2172/395/155 2173/396/155
f 2174/397/155 2175/398/155 2172/395/155
f 2173/396/155 2176/399/155 2174/397/155
f 2175/398/155 2177/400/155 2172/395/155
f 2178/401/155 2176/399/155 2173/396/155
f 2177/400/155 2179/402/155 2172/395/155
f 2180/403/173 2178/401/155 2173/396/155
f 2181/404/155 2179/402/155 2177/400/155
f 2180/403/173 2182/405/149 2178/401/155
f 2183/406/155 2181/404/155 2177/400/155
f 2180/403/173 2184/407/148 2182/405/149
f 2183/406/155 2185/408/155 2181/404/155
f 2182/405/149 2184/407/148 2186/409/195
f 2185/408/155 2187/410/155 2181/404/155
f 2188/411/196 2182/405/149 2186/409/195
f 2185/408/155 2189/412/155 2187/410/155
f 2188/411/196 2186/409/195 2190/413/197
f 2185/408/155 2191/414/155 2189/412/155
f 2192/415/198 2188/411/196 2190/413/197
f 2185/408/155 2193/416/155 2191/414/155
f 2192/415/198 2190/413/197 2194/417/199
f 2195/418/200 2192/415/198 2194/417/199
f 2195/418/200 2194/417/199 2196/419/201
f 2197/420/201 2195/418/200 2196/419/201
f 2197/420/201 2196/419/201 2198/421/3
f 2199/422/3 2197/420/201 2198/421/3
f 2198/421/3 2200/423/3 2199/422/3
f 2200/423/3 2201/424/3 2199/422/3
f 2203/425/155 2202/426/155 2193/416/155
f 2204/427/155 2203/425/155 2193/416/155
f 2185/408/155 2204/427/155 2193/416/155
f 2185/408/155 2205/428/155 2204/427/155
f 2205/428/155 2206/429/155 2204/427/155
f 2206/429/155 2207/430/155 2204/427/155
f 2207/430/155 2208/431/148 2204/427/155
f 2207/430/155 2209/432/148 2208/431/148
f 2208/431/148 2209/432/148 2210/433/192
f 2211/434/192 2208/431/148 2210/433/192
f 2211/434/192 2210/433/192 2212/435/193
f 2213/436/193 2211/434/192 2212/435/193
f 2213/436/193 2212/435/193 2214/437/202
f 2215/438/202 2213/436/193 2214/437/202
f 2215/438/202 2214/437/202 2216/439/201
f 2217/440/201 2215/438/202 2216/439/201
f 2217/440/201 2216/439/201 2218/441/3
f 2219/442/139 2217/440/201 2218/441/3
f 2218/441/3 2220/443/3 2219/442/139
f 2220/443/3 2221/444/3 2219/442/139
f 2223/445/2 2222/446/2 2224/447/2
f 2222/446/2 2225/448/2 2224/447/2
f 2226/449/2 2224/447/2 2225/448/2
f 2227/450/2 2226/449/2 2225/448/2
f 2226/449/2 2227/450/2 2228/451/2
f 2229/452/2 2226/449/2 2228/451/2
f 2229/452/2 2228/451/2 2230/453/2
f 2231/454/2 2229/452/2 2230/453/2
f 2231/454/2 2230/453/2 2232/455/2
f 2230/453/2 2233/456/2 2232/455/2
f 2232/455/2 2233/456/2 2234/457/2
f 2235/458/2 2232/455/2 2234/457/2
f 2234/457/2 2236/459/56 2235/458/2
f 2236/459/56 2237/460/2 2235/458/2
f 2237/460/2 2236/459/56 2238/461/203
f 2239/462/204 2237/460/2 2238/461/203
f 2239/462/204 2238/461/203 2240/463/205
f 2238/461/203 2241/464/205 2240/463/205
f 2240/463/205 2241/464/205 2242/465/206
f 2241/464/205 2243/466/206 2242/465/206
f 2242/465/206 2243/466/206 2244/467/207
f 2245/468/207 2242/465/206 2244/467/207
f 2244/467/207 2246/469/122 2245/468/207
f 2246/469/122 2247/470/122 2245/468/207
f 2247/470/122 2246/469/122 2248/471/208
f 2249/472/209 2247/470/122 2248/471/208
f 2249/472/209 2248/471/208 2250/473/210
f 2251/474/210 2249/472/209 2250/473/210
f 2251/474/210 2250/473/210 2252/475/211
f 2253/476/211 2251/474/210 2252/475/211
f 2254/477/212 2253/476/211 2252/475/211
f 2255/478/213 2254/477/212 2252/475/211
f 2256/479/127 2254/477/212 2255/478/213
f 2257/480/127 2256/479/127 2255/478/213
f 2258/481/127 2256/479/127 2257/480/127
f 2259/482/127 2258/481/127 2257/480/127
f 2258/481/127 2259/482/127 2260/483/127
f 2261/484/127 2258/481/127 2260/483/127
f 2261/484/127 2260/483/127 2262/485/127
f 2260/483/127 2263/486/127 2262/485/127
f 2262/485/127 2263/486/127 2264/487/127
f 2263/486/127 2265/488/127 2264/487/127
f 2265/488/127 2266/489/127 2264/487/127
f 2266/489/127 2267/490/127 2264/487/127
f 2267/490/127 2266/489/127 2268/491/127
f 2269/492/127 2267/490/127 2268/491/127
f 2271/493/127 2270/494/127 2272/495/127
f 2273/496/127 2271/493/127 2272/495/127
f 2273/496/127 2272/495/127 2274/497/127
f 2275/498/127 2273/496/127 2274/497/127
f 2276/499/127 2275/498/127 2274/497/127
f 2277/500/127 2276/499/127 2274/497/127
f 2278/501/127 2276/499/127 2277/500/127
f 2279/502/127 2278/501/127 2277/500/127
f 2279/502/127 2280/503/127 2278/501/127
f 2280/503/127 2281/504/127 2278/501/127
f 2281/504/127 2280/503/127 2282/505/127
f 2280/503/127 2283/506/127 2282/505/127
f 2282/505/127 2283/506/127 2284/507/213
f 2283/506/127 2285/508/212 2284/507/213
f 2284/507/213 2285/508/212 2286/509/214
f 2285/508/212 2287/510/214 2286/509/214
f 2287/510/214 2288/511/215 2286/509/214
f 2288/511/215 2289/512/216 2286/509/214
f 2288/511/215 2290/513/217 2289/512/216
f 2290/513/217 2291/514/217 2289/512/216
f 2290/513/217 2292/515/122 2291/514/217
f 2292/515/122 2293/516/122 2291/514/217
f 2293/516/122 2292/515/122 2294/517/207
f 2295/518/207 2293/516/122 2294/517/207
f 2294/517/207 2296/519/206 2295/518/207
f 2296/519/206 2297/520/218 2295/518/207
f 2296/519/206 2298/521/219 2297/520/218
f 2298/521/219 2299/522/220 2297/520/218
f 2298/521/219 2300/523/221 2299/522/220
f 2300/523/221 2301/524/204 2299/522/220
f 2302/525/56 2301/524/204 2300/523/221
f 2303/526/2 2302/525/56 2300/523/221
f 2302/525/56 2303/526/2 2304/527/2
f 2305/528/2 2302/525/56 2304/527/2
f 2304/527/2 2306/529/2 2305/528/2
f 2306/529/2 2307/530/2 2305/528/2
f 2308/531/2 2307/530/2 2306/529/2
f 2309/532/2 2308/531/2 2306/529/2
f 2309/532/2 2310/533/2 2308/531/2
f 2310/533/2 2311/534/2 2308/531/2
f 2310/533/2 2312/535/2 2311/534/2
f 2312/535/2 2313/536/2 2311/534/2
f 2313/536/2 2312/535/2 2314/537/2
f 2312/535/2 2315/538/2 2314/537/2
f 2314/537/2 2315/538/2 2316/539/2
f 2315/538/2 2317/540/2 2316/539/2
f 2319/541/2 2318/542/2 2320/543/2
f 2318/542/2 2321/544/2 2320/543/2
f 2322/545/2 2320/543/2 2321/544/2
f 2323/546/2 2322/545/2 2321/544/2
f 2322/545/2 2323/546/2 2324/547/2
f 2325/548/2 2322/545/2 2324/547/2
f 2325/548/2 2324/547/2 2326/549/2
f 2327/550/2 2325/548/2 2326/549/2
f 2327/550/2 2326/549/2 2328/551/2
f 2326/549/2 2329/552/2 2328/551/2
f 2329/552/2 2330/553/2 2328/551/2
f 2330/553/2 2331/554/2 2328/551/2
f 2330/553/2 2332/555/56 2331/554/2
f 2332/555/56 2333/556/2 2331/554/2
f 2333/556/2 2332/555/56 2334/557/203
f 2335/558/204 2333/556/2 2334/557/203
f 2335/558/204 2334/557/203 2336/559/205
f 2334/557/203 2337/560/205 2336/559/205
f 2336/559/205 2337/560/205 2338/561/206
f 2337/560/205 2339/562/206 2338/561/206
f 2338/561/206 2339/562/206 2340/563/207
f 2339/562/206 2341/564/207 2340/563/207
f 2341/564/207 2342/565/122 2340/563/207
f 2342/565/122 2343/566/122 2340/563/207
f 2344/567/217 2343/566/122 2342/565/122
f 2345/568/222 2344/567/217 2342/565/122
f 2344/567/217 2345/568/222 2346/569/223
f 2347/570/223 2344/567/217 2346/569/223
f 2347/570/223 2346/569/223 2348/571/224
f 2349/572/224 2347/570/223 2348/571/224
f 2349/572/224 2348/571/224 2350/573/225
f 2351/574/225 2349/572/224 2350/573/225
f 2351/574/225 2350/573/225 2352/575/127
f 2350/573/225 2353/576/127 2352/575/127
f 2352/575/127 2353/576/127 2354/577/127
f 2353/576/127 2355/578/127 2354/577/127
f 2354/577/127 2355/578/127 2356/579/127
f 2357/580/127 2354/577/127 2356/579/127
f 2357/580/127 2356/579/127 2358/581/127
f 2356/579/127 2359/582/127 2358/581/127
f 2358/581/127 2359/582/127 2360/583/127
f 2359/582/127 2361/584/127 2360/583/127
f 2361/584/127 2362/585/127 2360/583/127
f 2362/585/127 2363/586/127 2360/583/127
f 2363/586/127 2362/585/127 2364/587/127
f 2365/588/127 2363/586/127 2364/587/127
f 2367/589/2 2366/590/2 2368/591/2
f 2366/590/2 2369/592/2 2368/591/2
f 2370/593/2 2368/591/2 2369/592/2
f 2371/594/2 2370/593/2 2369/592/2
f 2370/593/2 2371/594/2 2372/595/2
f 2373/596/2 2370/593/2 2372/595/2
f 2373/596/2 2372/595/2 2374/597/2
f 2375/598/2 2373/596/2 2374/597/2
f 2375/598/2 2374/597/2 2376/599/2
f 2374/597/2 2377/600/2 2376/599/2
f 2376/599/2 2377/600/2 2378/601/2
f 2379/602/2 2376/599/2 2378/601/2
f 2378/601/2 2380/603/56 2379/602/2
f 2380/603/56 2381/604/2 2379/602/2
f 2381/604/2 2380/603/56 2382/605/203
f 2380/603/56 2383/606/204 2382/605/203
f 2382/605/203 2383/606/204 2384/607/205
f 2385/608/205 2382/605/203 2384/607/205
f 2385/608/205 2384/607/205 2386/609/226
f 2387/610/227 2385/608/205 2386/609/226
f 2387/610/227 2386/609/226 2388/611/207
f 2386/609/226 2389/612/228 2388/611/207
f 2388/611/207 2389/612/228 2390/613/122
f 2389/612/228 2391/614/122 2390/613/122
f 2390/613/122 2391/614/122 2392/615/229
f 2393/616/229 2390/613/122 2392/615/229
f 2393/616/229 2392/615/229 2394/617/223
f 2395/618/223 2393/616/229 2394/617/223
f 2396/619/230 2395/618/223 2394/617/223
f 2397/620/224 2396/619/230 2394/617/223
f 2396/619/230 2397/620/224 2398/621/231
f 2399/622/225 2396/619/230 2398/621/231
f 2399/622/225 2398/621/231 2400/623/127
f 2398/621/231 2401/624/127 2400/623/127
f 2400/623/127 2401/624/127 2402/625/127
f 2401/624/127 2403/626/127 2402/625/127
f 2402/625/127 2403/626/127 2404/627/127
f 2405/628/127 2402/625/127 2404/627/127
f 2405/628/127 2404/627/127 2406/629/127
f 2404/627/127 2407/630/127 2406/629/127
f 2406/629/127 2407/630/127 2408/631/127
f 2407/630/127 2409/632/127 2408/631/127
f 2408/631/127 2409/632/127 2410/633/127
f 2411/634/127 2408/631/127 2410/633/127
f 2411/634/127 2410/633/127 2412/635/127
f 2413/636/127 2411/634/127 2412/635/127
f 2415/637/2 2414/638/2 2416/639/2
f 2414/638/2 2417/640/2 2416/639/2
f 2418/641/2 2416/639/2 2417/640/2
f 2419/642/2 2418/641/2 2417/640/2
f 2418/641/2 2419/642/2 2420/643/2
f 2421/644/2 2418/641/2 2420/643/2
f 2421/644/2 2420/643/2 2422/645/2
f 2423/646/2 2421/644/2 2422/645/2
f 2423/646/2 2422/645/2 2424/647/2
f 2422/645/2 2425/648/2 2424/647/2
f 2425/648/2 2426/649/2 2424/647/2
f 2426/649/2 2427/650/2 2424/647/2
f 2426/649/2 2428/651/56 2427/650/2
f 2428/651/56 2429/652/56 2427/650/2
f 2429/652/56 2428/651/56 2430/653/232
f 2431/654/232 2429/652/56 2430/653/232
f 2431/654/232 2430/653/232 2432/655/233
f 2433/656/233 2431/654/232 2432/655/233
f 2433/656/233 2432/655/233 2434/657/226
f 2432/655/233 2435/658/226 2434/657/226
f 2434/657/226 2435/658/226 2436/659/207
f 2435/658/226 2437/660/207 2436/659/207
f 2436/659/207 2437/660/207 2438/661/122
f 2437/660/207 2439/662/122 2438/661/122
f 2438/661/122 2439/662/122 2440/663/229
f 2441/664/229 2438/661/122 2440/663/229
f 2441/664/229 2440/663/229 2442/665/223
f 2443/666/223 2441/664/229 2442/665/223
f 2442/665/223 2444/667/230 2443/666/223
f 2444/667/230 2445/668/224 2443/666/223
f 2446/669/225 2445/668/224 2444/667/230
f 2447/670/225 2446/669/225 2444/667/230
f 2448/671/127 2446/669/225 2447/670/225
f 2449/672/127 2448/671/127 2447/670/225
f 2448/671/127 2449/672/127 2450/673/127
f 2449/672/127 2451/674/127 2450/673/127
f 2450/673/127 2451/674/127 2452/675/127
f 2453/676/127 2450/673/127 2452/675/127
f 2453/676/127 2452/675/127 2454/677/127
f 2452/675/127 2455/678/127 2454/677/127
f 2454/677/127 2455/678/127 2456/679/127
f 2455/678/127 2457/680/127 2456/679/127
f 2456/679/127 2457/680/127 2458/681/127
f 2459/682/127 2456/679/127 2458/681/127
f 2458/681/127 2460/683/127 2459/682/127
f 2460/683/127 2461/684/127 2459/682/127
f 2463/685/234 2462/686/235 2464/687/236
f 2462/686/235 2465/688/237 2464/687/236
f 2464/687/236 2465/688/237 2466/689/238
f 2465/688/237 2467/690/239 2466/689/238
f 2469/187/3 2468/186/3 2470/185/113
f 2468/186/3 2471/184/113 2470/185/113
f 2470/185/113 2471/184/113 2472/182/111
f 2471/184/113 2473/183/240 2472/182/111
f 2475/203/121 2474/202/121 2476/201/120
f 2474/202/121 2477/200/120 2476/201/120
f 2476/201/120 2477/200/120 2478/199/119
f 2477/200/120 2479/198/119 2478/199/119
f 2478/199/119 2479/198/119 2480/196/118
f 2479/198/119 2481/197/118 2480/196/118
f 2481/197/118 2482/194/117 2480/196/118
f 2482/194/117 2483/195/117 2480/196/118
f 2483/195/117 2482/194/117 2484/193/116
f 2482/194/117 2485/192/116 2484/193/116
f 2484/193/116 2485/192/116 2486/191/115
f 2485/192/116 2487/190/115 2486/191/115
f 2486/191/115 2487/190/115 2488/188/114
f 2487/190/115 2489/691/114 2488/188/114
f 2491/692/123 2490/693/123 2492/207/122
f 2490/693/123 2493/206/122 2492/207/122
f 2492/207/122 2493/206/122 2494/204/4
f 2493/206/122 2495/205/4 2494/204/4
f 2497/215/4 2496/214/4 2498/213/126
f 2496/214/4 2499/212/241 2498/213/126
f 2498/213/126 2499/212/241 2500/210/124
f 2499/212/241 2501/211/125 2500/210/124
f 2503/694/242 2502/695/243 2504/696/244
f 2502/695/243 2505/697/245 2504/696/244
f 2504/696/244 2505/697/245 2506/698/246
f 2505/697/245 2507/699/247 2506/698/246
f 2507/699/247 2508/700/248 2506/698/246
f 2505/697/245 2509/701/249 2507/699/247
f 2510/702/248 2508/700/248 2507/699/247
f 2511/703/250 2508/700/248 2510/702/248
f 2507/699/247 2509/701/249 2512/704/249
f 2507/699/247 2512/704/249 2510/702/248
f 2513/705/251 2511/703/250 2510/702/248
f 2514/706/242 2511/703/250 2513/705/251
f 2515/707/242 2514/706/242 2513/705/251
f 2512/704/249 2516/708/252 2510/702/248
f 2509/701/249 2517/709/249 2512/704/249
f 2516/708/252 2512/704/249 2518/710/248
f 2519/711/250 2516/708/252 2518/710/248
f 2520/712/251 2519/711/250 2518/710/248
f 2521/713/242 2519/711/250 2520/712/251
f 2522/714/242 2521/713/242 2520/712/251
f 2518/710/248 2512/704/249 2523/715/248
f 2524/716/253 2523/715/248 2512/704/249
f 2525/717/250 2523/715/248 2524/716/253
f 2526/718/242 2525/717/250 2527/719/242
f 2525/717/250 2528/720/242 2527/719/242
f 2525/717/250 2529/721/250 2528/720/242
f 2529/721/250 2525/717/250 2524/716/253
f 2512/704/249 2530/722/254 2524/716/253
f 2512/704/249 2517/709/249 2530/722/254
f 2530/722/254 2531/723/248 2524/716/253
f 2532/724/255 2531/723/248 2530/722/254
f 2533/725/256 2531/723/248 2532/724/255
f 2534/726/257 2533/725/256 2532/724/255
f 2535/727/258 2533/725/256 2534/726/257
f 2536/728/259 2535/727/258 2534/726/257
f 2532/724/255 2530/722/254 2537/729/260
f 2537/729/260 2530/722/254 2538/730/261
f 2540/731/262 2539/732/263 2538/730/261
f 2530/722/254 2540/731/262 2538/730/261
f 2541/733/264 2540/731/262 2530/722/254
f 2542/734/265 2541/733/264 2530/722/254
f 2543/735/266 2541/733/264 2542/734/265
f 2544/736/267 2530/722/254 2517/709/249
f 2544/736/267 2542/734/265 2530/722/254
f 2545/737/265 2543/735/266 2542/734/265
f 2543/735/266 2545/737/265 2546/738/268
f 2544/736/267 2547/739/269 2542/734/265
f 2547/739/269 2545/737/265 2542/734/265
f 2545/737/265 2548/740/270 2546/738/268
f 2546/738/268 2548/740/270 2549/741/271
f 2545/737/265 2547/739/269 2550/742/272
f 2548/740/270 2545/737/265 2550/742/272
f 2548/740/270 2551/743/273 2549/741/271
f 2549/741/271 2551/743/273 2552/744/274
f 2550/742/272 2553/745/275 2548/740/270
f 2553/745/275 2551/743/273 2548/740/270
f 2550/742/272 2547/739/269 2554/746/276
f 2553/745/275 2550/742/272 2554/746/276
f 2547/739/269 2555/747/277 2554/746/276
f 2555/747/277 2547/739/269 2544/736/267
f 2556/748/278 2553/745/275 2554/746/276
f 2557/749/279 2555/747/277 2544/736/267
f 2553/745/275 2556/748/278 2558/750/280
f 2557/749/279 2544/736/267 2559/751/281
f 2560/752/282 2553/745/275 2558/750/280
f 2544/736/267 2561/753/283 2559/751/281
f 2561/753/283 2544/736/267 2517/709/249
f 2559/751/281 2561/753/283 2562/754/284
f 2561/753/283 2517/709/249 2563/755/285
f 2561/753/283 2564/756/286 2562/754/284
f 2561/753/283 2563/755/285 2564/756/286
f 2563/755/285 2565/757/287 2564/756/286
f 2560/752/282 2558/750/280 2566/758/288
f 2567/759/289 2551/743/273 2553/745/275
f 2551/743/273 2567/759/289 2552/744/274
f 2560/752/282 2567/759/289 2553/745/275
f 2568/760/290 2552/744/274 2567/759/289
f 2569/761/291 2567/759/289 2560/752/282
f 2569/761/291 2568/760/290 2567/759/289
f 2570/762/292 2560/752/282 2566/758/288
f 2570/762/292 2569/761/291 2560/752/282
f 2568/760/290 2569/761/291 2571/763/293
f 2571/763/293 2569/761/291 2570/762/292
f 2572/764/294 2568/760/290 2571/763/293
f 2573/765/295 2570/762/292 2566/758/288
f 2573/765/295 2571/763/293 2570/762/292
f 2574/766/296 2573/765/295 2566/758/288
f 2571/763/293 2575/767/297 2572/764/294
f 2571/763/293 2573/765/295 2575/767/297
f 2575/767/297 2576/768/298 2572/764/294
f 2573/765/295 2577/769/299 2575/767/297
f 2573/765/295 2574/766/296 2577/769/299
f 2574/766/296 2578/770/300 2577/769/299
f 2580/771/127 2579/772/127 2581/773/301
f 2579/772/127 2582/774/127 2581/773/301
f 2581/773/301 2582/774/127 2583/775/302
f 2582/774/127 2584/776/303 2583/775/302
f 2583/775/302 2584/776/303 2585/777/304
f 2584/776/303 2586/778/305 2585/777/304
f 2585/777/304 2586/778/305 2587/779/306
f 2588/780/306 2585/777/304 2587/779/306
f 2588/780/306 2587/779/306 2589/781/307
f 2590/782/307 2588/780/306 2589/781/307
f 2589/781/307 2591/783/131 2590/782/307
f 2591/783/131 2592/784/131 2590/782/307
f 2592/784/131 2591/783/131 2593/785/308
f 2594/786/308 2592/784/131 2593/785/308
f 2594/786/308 2593/785/308 2595/787/309
f 2596/788/309 2594/786/308 2595/787/309
f 2597/789/310 2596/788/309 2595/787/309
f 2598/790/311 2597/789/310 2595/787/309
f 2599/791/2 2597/789/310 2598/790/311
f 2600/792/135 2599/791/2 2598/790/311
f 2600/792/135 2601/793/2 2599/791/2
f 2601/793/2 2602/794/2 2599/791/2
f 2604/795/127 2603/796/127 2605/797/312
f 2603/796/127 2606/798/313 2605/797/312
f 2605/797/312 2606/798/313 2607/799/314
f 2606/798/313 2608/800/314 2607/799/314
f 2607/799/314 2608/800/314 2609/801/129
f 2608/800/314 2610/802/129 2609/801/129
f 2609/801/129 2610/802/129 2611/803/306
f 2612/804/306 2609/801/129 2611/803/306
f 2612/804/306 2611/803/306 2613/805/112
f 2614/806/307 2612/804/306 2613/805/112
f 2615/807/315 2614/806/307 2613/805/112
f 2616/808/131 2615/807/315 2613/805/112
f 2615/807/315 2616/808/131 2617/809/308
f 2618/810/316 2615/807/315 2617/809/308
f 2619/811/317 2618/810/316 2617/809/308
f 2620/812/309 2619/811/317 2617/809/308
f 2621/813/318 2619/811/317 2620/812/309
f 2622/814/318 2621/813/318 2620/812/309
f 2623/815/2 2621/813/318 2622/814/318
f 2624/816/2 2623/815/2 2622/814/318
f 2624/816/2 2625/817/2 2623/815/2
f 2625/817/2 2626/818/2 2623/815/2
f 2628/819/127 2627/216/127 2629/820/127
f 2627/216/127 2630/219/127 2629/820/127
f 2629/820/127 2630/219/127 2631/821/128
f 2630/219/127 2632/221/128 2631/821/128
f 2632/221/128 2633/222/129 2631/821/128
f 2633/222/129 2634/822/129 2631/821/128
f 2633/222/129 2635/224/130 2634/822/129
f 2635/224/130 2636/823/130 2634/822/129
f 2635/224/130 2637/226/112 2636/823/130
f 2637/226/112 2638/824/112 2636/823/130
f 2637/226/112 2639/228/131 2638/824/112
f 2639/228/131 2640/229/131 2638/824/112
f 2640/229/131 2639/228/131 2641/230/132
f 2639/228/131 2642/231/132 2641/230/132
f 2641/230/132 2642/231/132 2643/232/133
f 2642/231/132 2644/233/133 2643/232/133
f 2643/232/133 2644/233/133 2645/234/134
f 2644/233/133 2646/235/134 2645/234/134
f 2645/234/134 2646/235/134 2647/236/135
f 2646/235/134 2648/237/135 2647/236/135
f 2647/236/135 2648/237/135 2649/238/2
f 2650/239/2 2647/236/135 2649/238/2
f 2652/245/137 2651/244/137 2653/243/136
f 2651/244/137 2654/242/136 2653/243/136
f 2653/243/136 2654/242/136 2655/240/4
f 2654/242/136 2656/241/4 2655/240/4
f 2658/446/2 2657/445/2 2659/447/2
f 2660/448/2 2658/446/2 2659/447/2
f 2659/447/2 2661/449/2 2660/448/2
f 2661/449/2 2662/450/2 2660/448/2
f 2663/451/2 2662/450/2 2661/449/2
f 2664/452/2 2663/451/2 2661/449/2
f 2665/453/2 2663/451/2 2664/452/2
f 2666/454/2 2665/453/2 2664/452/2
f 2665/453/2 2666/454/2 2667/455/2
f 2668/456/2 2665/453/2 2667/455/2
f 2669/457/2 2668/456/2 2667/455/2
f 2670/458/2 2669/457/2 2667/455/2
f 2671/459/56 2669/457/2 2670/458/2
f 2672/460/2 2671/459/56 2670/458/2
f 2673/461/203 2671/459/56 2672/460/2
f 2674/462/204 2673/461/203 2672/460/2
f 2674/462/204 2675/463/205 2673/461/203
f 2675/463/205 2676/464/205 2673/461/203
f 2675/463/205 2677/465/206 2676/464/205
f 2677/465/206 2678/466/206 2676/464/205
f 2679/467/207 2678/466/206 2677/465/206
f 2680/468/207 2679/467/207 2677/465/206
f 2679/467/207 2680/468/207 2681/469/122
f 2680/468/207 2682/470/122 2681/469/122
f 2683/471/208 2681/469/122 2682/470/122
f 2684/472/208 2683/471/208 2682/470/122
f 2685/473/210 2683/471/208 2684/472/208
f 2686/474/210 2685/473/210 2684/472/208
f 2687/475/211 2685/473/210 2686/474/210
f 2688/476/211 2687/475/211 2686/474/210
f 2687/475/211 2688/476/211 2689/477/319
f 2690/478/212 2687/475/211 2689/477/319
f 2689/477/319 2691/479/127 2690/478/212
f 2691/479/127 2692/480/127 2690/478/212
f 2692/480/127 2691/479/127 2693/481/127
f 2694/482/127 2692/480/127 2693/481/127
f 2695/483/127 2694/482/127 2693/481/127
f 2696/484/127 2695/483/127 2693/481/127
f 2695/483/127 2696/484/127 2697/485/127
f 2698/486/127 2695/483/127 2697/485/127
f 2698/486/127 2697/485/127 2699/487/127
f 2700/488/127 2698/486/127 2699/487/127
f 2701/489/127 2700/488/127 2699/487/127
f 2702/490/127 2701/489/127 2699/487/127
f 2703/491/127 2701/489/127 2702/490/127
f 2704/492/127 2703/491/127 2702/490/127
f 2706/542/2 2705/541/2 2707/543/2
f 2708/544/2 2706/542/2 2707/543/2
f 2707/543/2 2709/545/2 2708/544/2
f 2709/545/2 2710/546/2 2708/544/2
f 2711/547/2 2710/546/2 2709/545/2
f 2712/548/2 2711/547/2 2709/545/2
f 2713/549/2 2711/547/2 2712/548/2
f 2714/550/2 2713/549/2 2712/548/2
f 2713/549/2 2714/550/2 2715/551/2
f 2716/552/2 2713/549/2 2715/551/2
f 2717/553/2 2716/552/2 2715/551/2
f 2718/554/2 2717/553/2 2715/551/2
f 2719/555/56 2717/553/2 2718/554/2
f 2720/556/2 2719/555/56 2718/554/2
f 2721/557/203 2719/555/56 2720/556/2
f 2722/558/204 2721/557/203 2720/556/2
f 2722/558/204 2723/559/205 2721/557/203
f 2723/559/205 2724/560/205 2721/557/203
f 2723/559/205 2725/561/206 2724/560/205
f 2725/561/206 2726/562/206 2724/560/205
f 2725/561/206 2727/563/207 2726/562/206
f 2727/563/207 2728/564/207 2726/562/206
f 2728/564/207 2727/563/207 2729/565/122
f 2727/563/207 2730/566/122 2729/565/122
f 2729/565/122 2730/566/122 2731/567/217
f 2732/568/222 2729/565/122 2731/567/217
f 2733/569/223 2732/568/222 2731/567/217
f 2734/570/223 2733/569/223 2731/567/217
f 2735/571/224 2733/569/223 2734/570/223
f 2736/572/224 2735/571/224 2734/570/223
f 2737/573/225 2735/571/224 2736/572/224
f 2738/574/225 2737/573/225 2736/572/224
f 2738/574/225 2739/575/127 2737/573/225
f 2739/575/127 2740/576/127 2737/573/225
f 2740/576/127 2739/575/127 2741/577/127
f 2742/578/127 2740/576/127 2741/577/127
f 2743/579/127 2742/578/127 2741/577/127
f 2744/580/127 2743/579/127 2741/577/127
f 2743/579/127 2744/580/127 2745/581/127
f 2746/582/127 2743/579/127 2745/581/127
f 2746/582/127 2745/581/127 2747/583/127
f 2748/584/127 2746/582/127 2747/583/127
f 2749/585/127 2748/584/127 2747/583/127
f 2750/586/127 2749/585/127 2747/583/127
f 2751/587/127 2749/585/127 2750/586/127
f 2752/588/127 2751/587/127 2750/586/127
f 2754/590/2 2753/589/2 2755/591/2
f 2756/592/2 2754/590/2 2755/591/2
f 2756/592/2 2755/591/2 2757/593/2
f 2758/594/2 2756/592/2 2757/593/2
f 2758/594/2 2757/593/2 2759/595/2
f 2757/593/2 2760/596/2 2759/595/2
f 2761/597/2 2759/595/2 2760/596/2
f 2762/598/2 2761/597/2 2760/596/2
f 2761/597/2 2762/598/2 2763/599/2
f 2764/600/2 2761/597/2 2763/599/2
f 2765/601/2 2764/600/2 2763/599/2
f 2766/602/2 2765/601/2 2763/599/2
f 2767/603/56 2765/601/2 2766/602/2
f 2768/604/2 2767/603/56 2766/602/2
f 2768/604/2 2769/605/203 2767/603/56
f 2769/605/203 2770/606/204 2767/603/56
f 2771/607/205 2770/606/204 2769/605/203
f 2772/608/205 2771/607/205 2769/605/203
f 2773/609/226 2771/607/205 2772/608/205
f 2774/610/226 2773/609/226 2772/608/205
f 2774/610/226 2775/611/320 2773/609/226
f 2775/611/320 2776/612/207 2773/609/226
f 2775/611/320 2777/613/122 2776/612/207
f 2777/613/122 2778/614/321 2776/612/207
f 2779/615/229 2778/614/321 2777/613/122
f 2780/616/229 2779/615/229 2777/613/122
f 2781/617/223 2779/615/229 2780/616/229
f 2782/618/223 2781/617/223 2780/616/229
f 2781/617/223 2782/618/223 2783/619/230
f 2784/825/214 2781/617/223 2783/619/230
f 2785/826/225 2784/825/214 2783/619/230
f 2786/622/322 2785/826/225 2783/619/230
f 2786/622/322 2787/623/127 2785/826/225
f 2787/623/127 2788/827/127 2785/826/225
f 2788/827/127 2787/623/127 2789/625/127
f 2790/626/127 2788/827/127 2789/625/127
f 2791/627/127 2790/626/127 2789/625/127
f 2792/628/127 2791/627/127 2789/625/127
f 2791/627/127 2792/628/127 2793/629/127
f 2794/630/127 2791/627/127 2793/629/127
f 2794/630/127 2793/629/127 2795/631/127
f 2796/632/127 2794/630/127 2795/631/127
f 2797/633/127 2796/632/127 2795/631/127
f 2798/634/127 2797/633/127 2795/631/127
f 2799/635/127 2797/633/127 2798/634/127
f 2800/636/127 2799/635/127 2798/634/127
f 2802/638/2 2801/637/2 2803/639/2
f 2804/640/2 2802/638/2 2803/639/2
f 2804/640/2 2803/639/2 2805/641/2
f 2806/642/2 2804/640/2 2805/641/2
f 2806/642/2 2805/641/2 2807/643/2
f 2805/641/2 2808/644/2 2807/643/2
f 2809/645/2 2807/643/2 2808/644/2
f 2810/646/2 2809/645/2 2808/644/2
f 2809/645/2 2810/646/2 2811/647/2
f 2812/648/2 2809/645/2 2811/647/2
f 2812/648/2 2811/647/2 2813/649/2
f 2811/647/2 2814/828/2 2813/649/2
f 2815/651/56 2813/649/2 2814/828/2
f 2816/829/56 2815/651/56 2814/828/2
f 2817/653/232 2815/651/56 2816/829/56
f 2818/830/232 2817/653/232 2816/829/56
f 2819/655/233 2817/653/232 2818/830/232
f 2820/656/233 2819/655/233 2818/830/232
f 2820/656/233 2821/657/226 2819/655/233
f 2821/657/226 2822/658/226 2819/655/233
f 2821/657/226 2823/659/207 2822/658/226
f 2823/659/207 2824/660/207 2822/658/226
f 2823/659/207 2825/661/122 2824/660/207
f 2825/661/122 2826/662/122 2824/660/207
f 2827/663/229 2826/662/122 2825/661/122
f 2828/664/229 2827/663/229 2825/661/122
f 2829/665/223 2827/663/229 2828/664/229
f 2830/666/223 2829/665/223 2828/664/229
f 2829/665/223 2830/666/223 2831/831/230
f 2830/666/223 2832/668/224 2831/831/230
f 2831/831/230 2832/668/224 2833/669/225
f 2834/832/225 2831/831/230 2833/669/225
f 2834/832/225 2833/669/225 2835/671/127
f 2836/833/127 2834/832/225 2835/671/127
f 2836/833/127 2835/671/127 2837/673/127
f 2838/674/127 2836/833/127 2837/673/127
f 2839/675/127 2838/674/127 2837/673/127
f 2840/676/127 2839/675/127 2837/673/127
f 2839/675/127 2840/676/127 2841/677/127
f 2842/678/127 2839/675/127 2841/677/127
f 2842/678/127 2841/677/127 2843/679/127
f 2844/680/127 2842/678/127 2843/679/127
f 2845/681/127 2844/680/127 2843/679/127
f 2846/682/127 2845/681/127 2843/679/127
f 2845/681/127 2846/682/127 2847/683/127
f 2846/682/127 2848/684/127 2847/683/127
f 2850/834/249 2849/285/249 2851/283/249
f 2852/281/249 2850/834/249 2851/283/249
f 2851/283/249 2853/279/249 2852/281/249
f 2853/279/249 2854/280/323 2852/281/249
f 2855/278/247 2854/280/323 2853/279/249
f 2856/835/249 2855/278/247 2853/279/249
f 2856/835/249 2853/279/249 2857/282/249
f 2855/278/247 2856/835/249 2858/276/249
f 2856/835/249 2857/282/249 2859/286/249
f 2856/835/249 2860/275/249 2858/276/249
f 2858/276/249 2860/275/249 2861/836/249
f 2860/275/249 2862/274/249 2861/836/249
f 2861/836/249 2862/274/249 2863/272/249
f 2864/837/249 2861/836/249 2863/272/249
f 2865/287/249 2856/835/249 2859/286/249
f 2863/272/249 2866/838/249 2864/837/249
f 2866/838/249 2867/270/249 2864/837/249
f 2866/838/249 2868/269/249 2867/270/249
f 2866/838/249 2869/268/247 2868/269/249
f 2866/838/249 2870/267/249 2869/268/247
f 2866/838/249 2871/262/249 2870/267/249
f 2870/267/249 2871/262/249 2872/266/249
f 2866/838/249 2873/839/249 2871/262/249
f 2873/839/249 2874/263/249 2871/262/249
f 2874/263/249 2875/840/249 2871/262/249
f 2875/840/249 2876/261/249 2871/262/249
f 2875/840/249 2877/258/249 2876/261/249
f 2875/840/249 2878/259/247 2877/258/249
f 2877/258/249 2878/259/247 2879/257/324
f 2880/256/325 2877/258/249 2879/257/324
f 2880/256/325 2879/257/324 2881/255/326
f 2882/254/327 2880/256/325 2881/255/326
f 2882/254/327 2881/255/326 2883/253/328
f 2884/252/329 2882/254/327 2883/253/328
f 2884/252/329 2883/253/328 2885/251/330
f 2886/250/331 2884/252/329 2885/251/330
f 2886/250/331 2885/251/330 2887/841/332
f 2888/248/3 2886/250/331 2887/841/332
f 2888/248/3 2887/841/332 2889/247/3
f 2890/246/3 2888/248/3 2889/247/3
f 2891/288/249 2865/287/249 2859/286/249
f 2865/287/249 2891/288/249 2892/290/249
f 2893/842/249 2891/288/249 2859/286/249
f 2894/292/249 2865/287/249 2892/290/249
f 2895/843/249 2893/842/249 2859/286/249
f 2892/290/249 2896/294/249 2894/292/249
f 2895/843/249 2859/286/249 2897/844/249
f 2896/294/249 2898/296/249 2894/292/249
f 2899/295/249 2895/843/249 2897/844/249
f 2900/845/333 2898/296/249 2896/294/249
f 2897/844/249 2901/846/249 2899/295/249
f 2902/300/333 2900/845/333 2896/294/249
f 2901/846/249 2903/299/249 2899/295/249
f 2904/302/334 2900/845/333 2902/300/333
f 2903/299/249 2901/846/249 2905/301/249
f 2906/304/334 2904/302/334 2902/300/333
f 2907/847/249 2903/299/249 2905/301/249
f 2908/306/335 2904/302/334 2906/304/334
f 2907/847/249 2905/301/249 2909/305/249
f 2910/848/335 2908/306/335 2906/304/334
f 2911/308/336 2908/306/335 2910/848/335
f 2912/309/336 2911/308/336 2910/848/335
f 2913/849/3 2911/308/336 2912/309/336
f 2914/850/3 2913/849/3 2912/309/336
f 2913/849/3 2914/850/3 2915/851/3
f 2914/850/3 2916/313/3 2915/851/3
f 2917/852/249 2907/847/249 2909/305/249
f 2917/852/249 2909/305/249 2918/315/249
f 2909/305/249 2919/316/249 2918/315/249
f 2918/315/249 2919/316/249 2920/317/249
f 2917/852/249 2918/315/249 2921/318/249
f 2922/319/249 2918/315/249 2920/317/249
f 2920/317/249 2923/853/249 2922/319/249
f 2923/853/249 2924/854/249 2922/319/249
f 2917/852/249 2921/318/249 2925/322/249
f 2926/323/249 2917/852/249 2925/322/249
f 2927/324/249 2926/323/249 2925/322/249
f 2926/323/249 2927/324/249 2928/326/249
f 2929/855/249 2927/324/249 2925/322/249
f 2930/328/249 2926/323/249 2928/326/249
f 2931/327/249 2929/855/249 2925/322/249
f 2928/326/249 2932/856/249 2930/328/249
f 2931/327/249 2925/322/249 2933/857/249
f 2932/856/249 2934/332/249 2930/328/249
f 2935/331/249 2931/327/249 2933/857/249
f 2936/334/337 2934/332/249 2932/856/249
f 2933/857/249 2937/858/249 2935/331/249
f 2938/859/337 2936/334/337 2932/856/249
f 2937/858/249 2939/335/249 2935/331/249
f 2940/860/334 2936/334/337 2938/859/337
f 2939/335/249 2937/858/249 2941/337/249
f 2942/340/334 2940/860/334 2938/859/337
f 2943/861/249 2939/335/249 2941/337/249
f 2944/342/335 2940/860/334 2942/340/334
f 2943/861/249 2941/337/249 2945/341/249
f 2946/343/335 2944/342/335 2942/340/334
f 2947/344/336 2944/342/335 2946/343/335
f 2948/345/336 2947/344/336 2946/343/335
f 2949/862/3 2947/344/336 2948/345/336
f 2950/347/3 2949/862/3 2948/345/336
f 2949/862/3 2950/347/3 2951/863/3
f 2950/347/3 2952/349/3 2951/863/3
f 2953/864/249 2943/861/249 2945/341/249
f 2953/864/249 2945/341/249 2954/351/249
f 2945/341/249 2955/352/249 2954/351/249
f 2954/351/249 2955/352/249 2956/353/249
f 2953/864/249 2954/351/249 2957/354/249
f 2958/865/249 2954/351/249 2956/353/249
f 2953/864/249 2957/354/249 2959/356/249
f 2956/353/249 2960/866/249 2958/865/249
f 2960/866/249 2961/867/249 2958/865/249
f 2956/353/249 2962/359/249 2960/866/249
f 2963/360/249 2953/864/249 2959/356/249
f 2964/361/249 2963/360/249 2959/356/249
f 2963/360/249 2964/361/249 2965/363/249
f 2966/868/249 2964/361/249 2959/356/249
f 2967/365/249 2963/360/249 2965/363/249
f 2968/869/249 2966/868/249 2959/356/249
f 2965/363/249 2969/367/249 2967/365/249
f 2968/869/249 2959/356/249 2970/870/249
f 2969/367/249 2971/369/249 2967/365/249
f 2972/368/249 2968/869/249 2970/870/249
f 2973/371/338 2971/369/249 2969/367/249
f 2970/870/249 2974/871/249 2972/368/249
f 2975/373/339 2973/371/338 2969/367/249
f 2974/871/249 2976/372/249 2972/368/249
f 2977/375/340 2973/371/338 2975/373/339
f 2978/374/249 2976/372/249 2974/871/249
f 2979/872/340 2977/375/340 2975/373/339
f 2980/376/249 2978/374/249 2974/871/249
f 2981/379/341 2977/375/340 2979/872/340
f 2982/873/249 2978/374/249 2980/376/249
f 2983/874/341 2981/379/341 2979/872/340
f 2984/381/336 2981/379/341 2983/874/341
f 2985/382/336 2984/381/336 2983/874/341
f 2986/383/3 2984/381/336 2985/382/336
f 2987/384/3 2986/383/3 2985/382/336
f 2986/383/3 2987/384/3 2988/385/3
f 2987/384/3 2989/386/3 2988/385/3
f 2990/387/249 2982/873/249 2980/376/249
f 2982/873/249 2990/387/249 2991/388/249
f 2990/387/249 2992/389/249 2991/388/249
f 2991/388/249 2992/389/249 2993/875/249
f 2982/873/249 2991/388/249 2994/391/249
f 2995/876/249 2991/388/249 2993/875/249
f 2993/875/249 2996/393/249 2995/876/249
f 2996/393/249 2997/877/249 2995/876/249
f 2982/873/249 2994/391/249 2998/395/249
f 2999/396/249 2982/873/249 2998/395/249
f 2999/396/249 2998/395/249 3000/878/249
f 2998/395/249 3001/398/249 3000/878/249
f 3000/878/249 3002/399/249 2999/396/249
f 2998/395/249 3003/400/249 3001/398/249
f 2999/396/249 3002/399/249 3004/401/249
f 2998/395/249 3005/879/249 3003/400/249
f 3006/403/249 2999/396/249 3004/401/249
f 3003/400/249 3005/879/249 3007/880/249
f 3004/401/249 3008/405/249 3006/403/249
f 3009/406/249 3003/400/249 3007/880/249
f 3008/405/249 3010/407/249 3006/403/249
f 3007/880/249 3011/881/249 3009/406/249
f 3012/882/342 3010/407/249 3008/405/249
f 3007/880/249 3013/410/249 3011/881/249
f 3014/883/343 3012/882/342 3008/405/249
f 3013/410/249 3015/412/249 3011/881/249
f 3016/884/344 3012/882/342 3014/883/343
f 3015/412/249 3017/414/249 3011/881/249
f 3018/415/345 3016/884/344 3014/883/343
f 3017/414/249 3019/885/249 3011/881/249
f 3020/886/341 3016/884/344 3018/415/345
f 3021/418/341 3020/886/341 3018/415/345
f 3022/887/336 3020/886/341 3021/418/341
f 3023/420/336 3022/887/336 3021/418/341
f 3024/421/3 3022/887/336 3023/420/336
f 3025/422/3 3024/421/3 3023/420/336
f 3024/421/3 3025/422/3 3026/423/3
f 3025/422/3 3027/424/3 3026/423/3
f 3019/885/249 3028/888/249 3029/889/249
f 3019/885/249 3029/889/249 3030/427/249
f 3019/885/249 3030/427/249 3011/881/249
f 3030/427/249 3031/890/249 3011/881/249
f 3030/427/249 3032/429/249 3031/890/249
f 3030/427/249 3033/430/249 3032/429/249
f 3030/427/249 3034/431/249 3033/430/249
f 3034/431/249 3035/432/249 3033/430/249
f 3036/433/346 3035/432/249 3034/431/249
f 3037/434/347 3036/433/346 3034/431/249
f 3038/891/348 3036/433/346 3037/434/347
f 3039/436/344 3038/891/348 3037/434/347
f 3040/892/349 3038/891/348 3039/436/344
f 3041/438/350 3040/892/349 3039/436/344
f 3042/439/351 3040/892/349 3041/438/350
f 3043/893/352 3042/439/351 3041/438/350
f 3044/441/3 3042/439/351 3043/893/352
f 3045/442/353 3044/441/3 3043/893/352
f 3044/441/3 3045/442/353 3046/443/3
f 3045/442/353 3047/444/3 3046/443/3
f 3049/894/354 3048/685/58 3050/895/355
f 3051/688/356 3049/894/354 3050/895/355
f 3051/688/356 3050/895/355 3052/896/357
f 3053/690/358 3051/688/356 3052/896/357
f 3055/897/155 3054/898/155 3056/899/155
f 3055/897/155 3056/899/155 3057/900/155
f 3057/900/155 3056/899/155 3058/901/155
f 3060/902/2 3059/903/2 3061/904/359
f 3062/905/359 3060/902/2 3061/904/359
f 3061/904/359 3063/906/360 3062/905/359
f 3063/906/360 3064/907/361 3062/905/359
f 3066/908/4 3065/909/4 3067/910/362
f 3068/911/363 3066/908/4 3067/910/362
f 3068/911/363 3067/910/362 3069/912/364
f 3070/913/365 3068/911/363 3069/912/364
f 3071/914/57 3070/913/365 3069/912/364
f 3072/915/57 3071/914/57 3069/912/364
f 3074/916/366 3073/917/366 3075/918/367
f 3076/919/368 3074/916/366 3075/918/367
f 3076/919/368 3075/918/367 3077/920/369
f 3078/921/370 3076/919/368 3077/920/369
f 3077/920/369 3079/922/371 3078/921/370
f 3079/922/371 3080/923/371 3078/921/370
f 3082/924/372 3081/925/373 3083/926/374
f 3082/924/372 3083/926/374 3084/927/375
f 3083/926/374 3085/928/376 3084/927/375
f 3086/929/377 3084/927/375 3085/928/376
f 3087/930/378 3086/929/377 3085/928/376
f 3087/930/378 3088/931/379 3086/929/377
f 3088/931/379 3089/932/379 3086/929/377
f 3091/933/3 3090/934/3 3092/935/3
f 3093/936/3 3091/933/3 3092/935/3
f 3093/936/3 3092/935/3 3094/937/3
f 3095/938/3 3093/936/3 3094/937/3
f 3096/939/3 3095/938/3 3094/937/3
f 3097/940/3 3096/939/3 3094/937/3
f 3099/941/380 3098/942/381 3100/943/382
f 3099/941/380 3100/943/382 3101/944/383
f 3101/944/383 3100/943/382 3102/945/384
f 3101/944/383 3102/945/384 3103/946/385
f 3105/947/386 3104/948/387 3106/949/388
f 3105/947/386 3106/949/388 3107/950/389
f 3107/950/389 3106/949/388 3108/951/390
f 3107/950/389 3108/951/390 3109/952/391
f 3108/951/390 3110/953/392 3109/952/391
f 3108/951/390 3111/954/393 3110/953/392
f 3112/955/394 3110/953/392 3111/954/393
f 3112/955/394 3111/954/393 3113/956/249
f 3115/957/249 3114/958/249 3113/956/249
f 3113/956/249 3114/958/249 3116/959/395
f 3112/955/394 3113/956/249 3116/959/395
f 3112/955/394 3116/959/395 3117/960/396
f 3118/961/249 3117/960/396 3116/959/395
f 3118/961/249 3116/959/395 3119/962/397
f 3120/963/398 3117/960/396 3118/961/249
f 3120/963/398 3118/961/249 3121/964/399
f 3123/965/400 3122/966/401 3124/967/402
f 3123/965/400 3124/967/402 3125/968/403
f 3126/969/404 3125/968/403 3124/967/402
f 3126/969/404 3127/970/405 3125/968/403
f 3127/970/405 3126/969/404 3128/971/406
f 3127/970/405 3128/971/406 3129/972/407
f 3130/973/408 3129/972/407 3128/971/406
f 3130/973/408 3131/974/409 3129/972/407
f 3132/975/410 3131/974/409 3130/973/408
f 3132/975/410 3133/976/411 3131/974/409
f 3135/977/412 3134/978/413 3136/979/414
f 3136/979/414 3137/980/415 3135/977/412
f 3136/979/414 3138/981/416 3137/980/415
f 3140/982/2 3139/983/2 3141/984/2
f 3140/982/2 3141/984/2 3142/985/2
f 3142/985/2 3141/984/2 3143/986/135
f 3142/985/2 3143/986/135 3144/987/2
f 3146/988/417 3145/989/418 3147/990/419
f 3146/988/417 3147/990/419 3148/991/420
f 3147/990/419 3149/992/2 3148/991/420
f 3148/991/420 3149/992/2 3150/993/2
f 3151/994/2 3150/993/2 3149/992/2
f 3152/995/2 3150/993/2 3151/994/2
f 3151/994/2 3153/996/421 3152/995/2
f 3152/995/2 3153/996/421 3154/997/422
f 3153/996/421 3155/998/423 3154/997/422
f 3152/995/2 3154/997/422 3156/999/424
f 3154/997/422 3155/998/423 3157/1000/425
f 3154/997/422 3157/1000/425 3156/999/424
f 3156/999/424 3157/1000/425 3158/1001/426
f 3160/1002/427 3159/1003/427 3161/1004/428
f 3160/1002/427 3161/1004/428 3162/1005/428
f 3162/1005/428 3161/1004/428 3163/1006/429
f 3162/1005/428 3163/1006/429 3164/1007/429
f 3164/1007/429 3163/1006/429 3165/1008/430
f 3164/1007/429 3165/1008/430 3166/1009/430
f 3166/1009/430 3165/1008/430 3167/1010/431
f 3166/1009/430 3167/1010/431 3168/1011/431
f 3168/1011/431 3167/1010/431 3169/1012/432
f 3168/1011/431 3169/1012/432 3170/1013/433
f 3171/1014/434 3170/1013/433 3169/1012/432
f 3171/1014/434 3169/1012/432 3172/1015/434
f 3174/946/435 3173/945/436 3175/944/437
f 3173/945/436 3176/943/438 3175/944/437
f 3175/944/437 3176/943/438 3177/941/439
f 3176/943/438 3178/942/440 3177/941/439
f 3180/1016/441 3179/1017/442 3181/1018/443
f 3179/1017/442 3182/1019/444 3181/1018/443
f 3183/1020/445 3181/1018/443 3182/1019/444
f 3184/1021/445 3183/1020/445 3182/1019/444
f 3183/1020/445 3184/1021/445 3185/1022/446
f 3186/1023/447 3183/1020/445 3185/1022/446
f 3186/1023/447 3185/1022/446 3187/1024/448
f 3188/1025/449 3186/1023/447 3187/1024/448
f 3190/1026/450 3189/1027/451 3191/1028/452
f 3192/1029/453 3190/1026/450 3191/1028/452
f 3192/1029/453 3191/1028/452 3193/1030/454
f 3194/1031/455 3192/1029/453 3193/1030/454
f 3196/1032/456 3195/1033/457 3197/1034/458
f 3198/1035/459 3196/1032/456 3197/1034/458
f 3197/1034/458 3199/1036/460 3198/1035/459
f 3199/1036/460 3200/1037/461 3198/1035/459
f 3199/1036/460 3201/1038/462 3200/1037/461
f 3201/1038/462 3202/1039/463 3200/1037/461
f 3204/1040/464 3203/1041/465 3205/1042/466
f 3206/1043/467 3204/1040/464 3205/1042/466
f 3205/1042/466 3207/1044/468 3206/1043/467
f 3207/1044/468 3208/1045/468 3206/1043/467
f 3210/1046/469 3209/1047/470 3211/1048/471
f 3209/1047/470 3212/1049/472 3211/1048/471
f 3213/1050/473 3211/1048/471 3212/1049/472
f 3214/1051/473 3213/1050/473 3212/1049/472
f 3216/1052/474 3215/1053/475 3217/1054/476
f 3215/1053/475 3218/1055/477 3217/1054/476
f 3217/1054/476 3218/1055/477 3219/1056/478
f 3218/1055/477 3220/1057/479 3219/1056/478
f 3219/1056/478 3220/1057/479 3221/1058/480
f 3222/1059/481 3219/1056/478 3221/1058/480
f 3224/1060/249 3223/1061/249 3225/1062/482
f 3223/1061/249 3226/1063/483 3225/1062/482
f 3227/1064/484 3225/1062/482 3226/1063/483
f 3229/1065/485 3228/1066/486 3230/1067/487
f 3231/1068/488 3229/1065/485 3230/1067/487
f 3231/1068/488 3230/1067/487 3232/1069/489
f 3233/1070/490 3231/1068/488 3232/1069/489
f 3233/1070/490 3232/1069/489 3234/1071/491
f 3232/1069/489 3235/1072/492 3234/1071/491
f 3233/1070/490 3234/1071/491 3236/1073/493
f 3237/1074/494 3233/1070/490 3236/1073/493
f 3235/1072/492 3238/1075/495 3234/1071/491
f 3240/1076/496 3239/1077/497 3237/1074/494
f 3234/1071/491 3238/1075/495 3241/1078/498
f 3236/1073/493 3234/1071/491 3241/1078/498
f 3237/1074/494 3242/1079/499 3240/1076/496
f 3236/1073/493 3242/1079/499 3237/1074/494
f 3242/1079/499 3243/1080/500 3240/1076/496
f 3236/1073/493 3241/1078/498 3244/1081/501
f 3241/1078/498 3245/1082/502 3244/1081/501
f 3236/1073/493 3244/1081/501 3246/1083/503
f 3242/1079/499 3247/1084/504 3243/1080/500
f 3242/1079/499 3236/1073/493 3247/1084/504
f 3247/1084/504 3236/1073/493 3246/1083/503
f 3247/1084/504 3248/1085/505 3243/1080/500
f 3247/1084/504 3246/1083/503 3249/1086/506
f 3248/1085/505 3247/1084/504 3249/1086/506
f 3238/1075/495 3235/1072/492 3250/1087/507
f 3235/1072/492 3251/1088/508 3250/1087/507
f 3238/1075/495 3250/1087/507 3252/1089/509
f 3251/1088/508 3253/1090/2 3250/1087/507
f 3250/1087/507 3254/1091/510 3252/1089/509
f 3253/1090/2 3254/1091/510 3250/1087/507
f 3255/1092/511 3254/1091/510 3253/1090/2
f 3257/1093/512 3256/1094/513 3258/1095/514
f 3259/1096/515 3257/1093/512 3258/1095/514
f 3258/1095/514 3260/1097/516 3259/1096/515
f 3260/1097/516 3261/1098/517 3259/1096/515
f 3261/1098/517 3260/1097/516 3262/1099/518
f 3260/1097/516 3263/1100/519 3262/1099/518
f 3264/1101/520 3261/1098/517 3262/1099/518
f 3264/1101/520 3262/1099/518 3265/1102/521
f 3267/980/522 3266/981/523 3268/979/524
f 3269/977/525 3267/980/522 3268/979/524
f 3268/979/524 3270/978/526 3269/977/525
f 3272/987/2 3271/986/2 3273/985/2
f 3271/986/2 3274/984/2 3273/985/2
f 3273/985/2 3274/984/2 3275/982/2
f 3274/984/2 3276/983/2 3275/982/2
f 3278/1103/4 3277/1104/4 3279/1105/527
f 3277/1104/4 3280/1106/527 3279/1105/527
f 3279/1105/527 3280/1106/527 3281/1107/528
f 3280/1106/527 3282/1108/529 3281/1107/528
f 3282/1108/529 3283/1109/530 3281/1107/528
f 3283/1109/530 3284/1110/530 3281/1107/528
f 3284/1110/530 3283/1109/530 3285/1111/531
f 3283/1109/530 3286/1112/531 3285/1111/531
f 3288/1113/532 3287/1114/532 3289/1115/533
f 3290/1116/534 3288/1113/532 3289/1115/533
f 3290/1116/534 3289/1115/533 3291/1117/535
f 3292/1118/535 3290/1116/534 3291/1117/535
f 3293/1119/536 3292/1118/535 3291/1117/535
f 3294/1120/536 3293/1119/536 3291/1117/535
f 3296/1121/2 3295/1122/2 3297/1123/2
f 3295/1122/2 3298/1124/2 3297/1123/2
f 3297/1123/2 3298/1124/2 3299/1125/537
f 3298/1124/2 3300/1126/538 3299/1125/537
f 3300/1126/538 3301/1127/539 3299/1125/537
f 3301/1127/539 3302/1128/539 3299/1125/537
f 3304/1129/127 3303/1130/127 3305/1131/127
f 3306/1132/127 3304/1129/127 3305/1131/127
f 3306/1132/127 3305/1131/127 3307/1133/127
f 3308/1134/127 3306/1132/127 3307/1133/127
f 3310/1135/540 3309/1136/541 3311/1137/542
f 3309/1136/541 3312/1138/543 3311/1137/542
f 3311/1137/542 3312/1138/543 3313/1139/544
f 3312/1138/543 3314/1140/545 3313/1139/544
f 3313/1139/544 3314/1140/545 3315/1141/546
f 3315/1141/546 3316/1142/547 3313/1139/544
f 3315/1141/546 3317/1143/548 3316/1142/547
f 3317/1143/548 3318/1144/548 3316/1142/547
f 3318/1144/548 3317/1143/548 3319/1145/149
f 3320/1146/549 3318/1144/548 3319/1145/149
f 3320/1146/549 3319/1145/149 3321/1147/550
f 3321/1147/550 3319/1145/149 3322/1148/551
f 3323/1149/552 3320/1146/549 3321/1147/550
f 3324/1150/553 3321/1147/550 3322/1148/551
f 3320/1146/549 3323/1149/552 3325/1151/554
f 3326/1152/555 3324/1150/553 3322/1148/551
f 3323/1149/552 3327/1153/556 3325/1151/554
f 3328/1154/557 3326/1152/555 3322/1148/551
f 3327/1153/556 3329/1155/558 3325/1151/554
f 3328/1154/557 3330/1156/559 3326/1152/555
f 3330/1156/559 3331/1157/560 3326/1152/555
f 3329/1155/558 3332/1158/561 3325/1151/554
f 3329/1155/558 3333/1159/562 3332/1158/561
f 3333/1159/562 3334/1160/563 3332/1158/561
f 3335/1161/564 3334/1160/563 3333/1159/562
f 3336/1162/565 3335/1161/564 3333/1159/562
f 3338/1163/566 3337/1164/567 3339/1165/568
f 3337/1164/567 3340/1166/568 3339/1165/568
f 3339/1165/568 3340/1166/568 3341/1167/63
f 3340/1166/568 3342/1168/63 3341/1167/63
f 3344/1169/569 3343/1170/569 3345/1171/570
f 3343/1170/569 3346/1172/571 3345/1171/570
f 3345/1171/570 3346/1172/571 3347/1173/572
f 3346/1172/571 3348/1174/572 3347/1173/572
f 3347/1173/572 3348/1174/572 3349/1175/573
f 3348/1174/572 3350/1176/573 3349/1175/573
f 3352/1177/574 3351/1178/574 3353/1179/575
f 3351/1178/574 3354/1180/576 3353/1179/575
f 3353/1179/575 3354/1180/576 3355/1181/577
f 3354/1180/576 3356/1182/577 3355/1181/577
f 3358/1183/578 3357/1184/578 3359/1185/579
f 3360/1186/580 3358/1183/578 3359/1185/579
f 3360/1186/580 3359/1185/579 3361/1187/581
f 3362/1188/582 3360/1186/580 3361/1187/581
f 3362/1188/582 3361/1187/581 3363/1189/583
f 3364/1190/583 3362/1188/582 3363/1189/583
f 3366/1191/584 3365/1192/585 3367/1193/585
f 3368/1194/586 3366/1191/584 3367/1193/585
f 3369/1195/587 3366/1191/584 3368/1194/586
f 3370/1196/588 3369/1195/587 3368/1194/586
f 3371/1197/589 3369/1195/587 3370/1196/588
f 3372/1198/590 3371/1197/589 3370/1196/588
f 3372/1198/590 3373/1199/591 3371/1197/589
f 3373/1199/591 3374/1200/592 3371/1197/589
f 3373/1199/591 3375/1201/593 3374/1200/592
f 3375/1201/593 3376/1202/594 3374/1200/592
f 3376/1202/594 3375/1201/593 3377/1203/595
f 3375/1201/593 3378/1204/596 3377/1203/595
f 3379/1205/597 3377/1203/595 3378/1204/596
f 3380/1206/598 3379/1205/597 3378/1204/596
f 3380/1206/598 3381/1207/599 3379/1205/597
f 3381/1207/599 3382/1208/600 3379/1205/597
f 3381/1207/599 3383/1209/601 3382/1208/600
f 3383/1209/601 3384/1210/602 3382/1208/600
f 3383/1209/601 3385/1211/603 3384/1210/602
f 3385/1211/603 3386/1212/603 3384/1210/602
f 3387/1213/604 3386/1212/603 3385/1211/603
f 3388/1214/604 3387/1213/604 3385/1211/603
f 3390/694/605 3389/696/606 3391/695/607
f 3389/696/606 3392/1215/608 3391/695/607
f 3393/698/609 3392/1215/608 3389/696/606
f 3394/1216/149 3392/1215/608 3393/698/609
f 3394/1216/149 3395/701/155 3392/1215/608
f 3396/700/610 3394/1216/149 3393/698/609
f 3397/1217/149 3395/701/155 3394/1216/149
f 3394/1216/149 3396/700/610 3398/702/611
f 3397/1217/149 3394/1216/149 3398/702/611
f 3398/702/611 3396/700/610 3399/703/612
f 3397/1217/149 3400/1218/155 3395/701/155
f 3401/705/613 3398/702/611 3399/703/612
f 3401/705/613 3399/703/612 3402/706/605
f 3403/1219/605 3401/705/613 3402/706/605
f 3404/708/610 3397/1217/149 3398/702/611
f 3405/710/611 3397/1217/149 3404/708/610
f 3405/710/611 3404/708/610 3406/711/612
f 3407/712/613 3405/710/611 3406/711/612
f 3407/712/613 3406/711/612 3408/713/605
f 3409/714/605 3407/712/613 3408/713/605
f 3410/715/611 3397/1217/149 3405/710/611
f 3397/1217/149 3410/715/611 3411/716/611
f 3411/716/611 3410/715/611 3412/1220/612
f 3413/1221/605 3412/1220/612 3414/718/605
f 3413/1221/605 3415/1222/605 3412/1220/612
f 3415/1222/605 3416/1223/612 3412/1220/612
f 3416/1223/612 3411/716/611 3412/1220/612
f 3417/1224/614 3397/1217/149 3411/716/611
f 3417/1224/614 3400/1218/155 3397/1217/149
f 3418/723/611 3417/1224/614 3411/716/611
f 3417/1224/614 3418/723/611 3419/724/615
f 3419/724/615 3418/723/611 3420/1225/616
f 3421/1226/617 3419/724/615 3420/1225/616
f 3421/1226/617 3420/1225/616 3422/727/618
f 3423/728/619 3421/1226/617 3422/727/618
f 3424/729/620 3417/1224/614 3419/724/615
f 3425/730/621 3417/1224/614 3424/729/620
f 3427/732/88 3426/731/622 3425/730/621
f 3426/731/622 3417/1224/614 3425/730/621
f 3426/731/622 3428/733/623 3417/1224/614
f 3428/733/623 3429/734/624 3417/1224/614
f 3428/733/623 3430/735/625 3429/734/624
f 3400/1218/155 3417/1224/614 3431/736/626
f 3417/1224/614 3429/734/624 3431/736/626
f 3430/735/625 3432/737/624 3429/734/624
f 3432/737/624 3430/735/625 3433/738/627
f 3431/736/626 3429/734/624 3434/739/628
f 3429/734/624 3432/737/624 3434/739/628
f 3435/740/629 3432/737/624 3433/738/627
f 3435/740/629 3433/738/627 3436/741/630
f 3437/742/631 3434/739/628 3432/737/624
f 3435/740/629 3437/742/631 3432/737/624
f 3438/743/632 3435/740/629 3436/741/630
f 3438/743/632 3436/741/630 3439/1227/633
f 3437/742/631 3435/740/629 3440/745/634
f 3435/740/629 3438/743/632 3440/745/634
f 3437/742/631 3441/746/635 3434/739/628
f 3441/746/635 3437/742/631 3440/745/634
f 3441/746/635 3442/747/636 3434/739/628
f 3431/736/626 3434/739/628 3442/747/636
f 3443/748/637 3441/746/635 3440/745/634
f 3444/749/638 3431/736/626 3442/747/636
f 3443/748/637 3440/745/634 3445/1228/639
f 3444/749/638 3446/1229/640 3431/736/626
f 3440/745/634 3447/1230/641 3445/1228/639
f 3446/1229/640 3448/753/642 3431/736/626
f 3448/753/642 3400/1218/155 3431/736/626
f 3446/1229/640 3449/754/643 3448/753/642
f 3450/755/644 3400/1218/155 3448/753/642
f 3449/754/643 3451/756/645 3448/753/642
f 3450/755/644 3448/753/642 3451/756/645
f 3452/757/646 3450/755/644 3451/756/645
f 3445/1228/639 3447/1230/641 3453/758/647
f 3438/743/632 3454/1231/648 3440/745/634
f 3454/1231/648 3447/1230/641 3440/745/634
f 3454/1231/648 3438/743/632 3439/1227/633
f 3439/1227/633 3455/760/649 3454/1231/648
f 3447/1230/641 3454/1231/648 3456/761/650
f 3455/760/649 3456/761/650 3454/1231/648
f 3447/1230/641 3457/762/651 3453/758/647
f 3457/762/651 3447/1230/641 3456/761/650
f 3456/761/650 3455/760/649 3458/763/652
f 3457/762/651 3456/761/650 3458/763/652
f 3455/760/649 3459/764/653 3458/763/652
f 3453/758/647 3457/762/651 3460/765/654
f 3460/765/654 3457/762/651 3458/763/652
f 3461/766/655 3453/758/647 3460/765/654
f 3462/1232/656 3458/763/652 3459/764/653
f 3458/763/652 3462/1232/656 3460/765/654
f 3463/1233/298 3462/1232/656 3459/764/653
f 3462/1232/656 3464/1234/657 3460/765/654
f 3460/765/654 3464/1234/657 3461/766/655
f 3464/1234/657 3465/1235/658 3461/766/655
f 3467/771/127 3466/773/313 3468/772/127
f 3466/773/313 3469/774/127 3468/772/127
f 3466/773/313 3470/775/659 3469/774/127
f 3470/775/659 3471/776/660 3469/774/127
f 3470/775/659 3472/777/304 3471/776/660
f 3472/777/304 3473/778/661 3471/776/660
f 3474/779/662 3473/778/661 3472/777/304
f 3475/780/663 3474/779/662 3472/777/304
f 3476/781/307 3474/779/662 3475/780/663
f 3477/782/307 3476/781/307 3475/780/663
f 3476/781/307 3477/782/307 3478/783/131
f 3477/782/307 3479/1236/131 3478/783/131
f 3480/785/308 3478/783/131 3479/1236/131
f 3481/786/308 3480/785/308 3479/1236/131
f 3482/787/664 3480/785/308 3481/786/308
f 3483/788/317 3482/787/664 3481/786/308
f 3482/787/664 3483/788/317 3484/789/310
f 3485/790/665 3482/787/664 3484/789/310
f 3485/790/665 3484/789/310 3486/791/135
f 3487/792/2 3485/790/665 3486/791/135
f 3487/792/2 3486/791/135 3488/793/2
f 3486/791/135 3489/794/2 3488/793/2
f 3491/795/127 3490/797/313 3492/1237/127
f 3490/797/313 3493/1238/313 3492/1237/127
f 3490/797/313 3494/799/314 3493/1238/313
f 3494/799/314 3495/1239/314 3493/1238/313
f 3494/799/314 3496/801/129 3495/1239/314
f 3496/801/129 3497/1240/129 3495/1239/314
f 3498/1241/306 3497/1240/129 3496/801/129
f 3499/804/306 3498/1241/306 3496/801/129
f 3500/1242/112 3498/1241/306 3499/804/306
f 3501/806/307 3500/1242/112 3499/804/306
f 3500/1242/112 3501/806/307 3502/807/131
f 3503/1243/131 3500/1242/112 3502/807/131
f 3504/1244/308 3503/1243/131 3502/807/131
f 3505/810/308 3504/1244/308 3502/807/131
f 3504/1244/308 3505/810/308 3506/811/309
f 3507/1245/309 3504/1244/308 3506/811/309
f 3507/1245/309 3506/811/309 3508/813/318
f 3509/1246/318 3507/1245/309 3508/813/318
f 3509/1246/318 3508/813/318 3510/815/135
f 3511/1247/2 3509/1246/318 3510/815/135
f 3511/1247/2 3510/815/135 3512/1248/2
f 3510/815/135 3513/818/2 3512/1248/2
f 3515/1249/666 3514/1191/667 3516/1250/666
f 3514/1191/667 3517/1251/668 3516/1250/666
f 3514/1191/667 3518/1252/669 3517/1251/668
f 3518/1252/669 3519/1253/670 3517/1251/668
f 3518/1252/669 3520/1254/671 3519/1253/670
f 3520/1254/671 3521/1198/672 3519/1253/670
f 3521/1198/672 3520/1254/671 3522/1255/673
f 3520/1254/671 3523/1256/674 3522/1255/673
f 3522/1255/673 3523/1256/674 3524/1257/675
f 3523/1256/674 3525/1258/676 3524/1257/675
f 3524/1257/675 3525/1258/676 3526/1259/677
f 3527/1204/678 3524/1257/675 3526/1259/677
f 3526/1259/677 3528/1205/679 3527/1204/678
f 3528/1205/679 3529/1260/680 3527/1204/678
f 3529/1260/680 3528/1205/679 3530/1207/681
f 3528/1205/679 3531/1208/682 3530/1207/681
f 3530/1207/681 3531/1208/682 3532/1261/683
f 3531/1208/682 3533/1262/684 3532/1261/683
f 3532/1261/683 3533/1262/684 3534/1263/685
f 3533/1262/684 3535/1212/686 3534/1263/685
f 3535/1212/686 3536/1264/687 3534/1263/685
f 3536/1264/687 3537/1265/687 3534/1263/685
f 3539/540/2 3538/1266/2 3540/539/2
f 3538/1266/2 3541/537/2 3540/539/2
f 3541/537/2 3538/1266/2 3542/1267/2
f 3543/536/2 3541/537/2 3542/1267/2
f 3544/534/2 3543/536/2 3542/1267/2
f 3545/1268/2 3544/534/2 3542/1267/2
f 3546/531/2 3544/534/2 3545/1268/2
f 3547/1269/2 3546/531/2 3545/1268/2
f 3546/531/2 3547/1269/2 3548/1270/2
f 3549/530/2 3546/531/2 3548/1270/2
f 3550/528/2 3549/530/2 3548/1270/2
f 3551/1271/2 3550/528/2 3548/1270/2
f 3552/525/56 3550/528/2 3551/1271/2
f 3553/1272/2 3552/525/56 3551/1271/2
f 3553/1272/2 3554/1273/203 3552/525/56
f 3554/1273/203 3555/524/204 3552/525/56
f 3556/522/220 3555/524/204 3554/1273/203
f 3557/521/219 3556/522/220 3554/1273/203
f 3558/520/218 3556/522/220 3557/521/219
f 3559/519/688 3558/520/218 3557/521/219
f 3560/518/207 3558/520/218 3559/519/688
f 3561/517/207 3560/518/207 3559/519/688
f 3560/518/207 3561/517/207 3562/516/122
f 3561/517/207 3563/515/122 3562/516/122
f 3564/514/217 3562/516/122 3563/515/122
f 3565/513/217 3564/514/217 3563/515/122
f 3566/1274/216 3564/514/217 3565/513/217
f 3567/1275/215 3566/1274/216 3565/513/217
f 3568/1276/689 3566/1274/216 3567/1275/215
f 3569/1277/214 3568/1276/689 3567/1275/215
f 3568/1276/689 3569/1277/214 3570/1278/319
f 3571/1279/212 3568/1276/689 3570/1278/319
f 3570/1278/319 3572/1280/127 3571/1279/212
f 3572/1280/127 3573/1281/127 3571/1279/212
f 3572/1280/127 3574/1282/127 3573/1281/127
f 3574/1282/127 3575/1283/127 3573/1281/127
f 3576/1284/127 3575/1283/127 3574/1282/127
f 3577/1285/127 3576/1284/127 3574/1282/127
f 3576/1284/127 3577/1285/127 3578/1286/127
f 3579/1287/127 3576/1284/127 3578/1286/127
f 3579/1287/127 3578/1286/127 3580/1288/127
f 3581/1289/127 3579/1287/127 3580/1288/127
f 3581/1289/127 3580/1288/127 3582/1290/127
f 3580/1288/127 3583/1291/127 3582/1290/127
f 3582/1290/127 3583/1291/127 3584/1292/127
f 3583/1291/127 3585/1293/127 3584/1292/127
f 3587/1294/690 3586/1295/691 3588/1296/692
f 3586/1295/691 3589/1297/693 3588/1296/692
f 3586/1295/691 3590/1298/694 3589/1297/693
f 3590/1298/694 3591/1299/695 3589/1297/693
f 3591/1299/695 3590/1298/694 3592/1300/696
f 3593/1301/697 3591/1299/695 3592/1300/696
f 3593/1301/697 3594/1302/698 3595/1303/699
f 3594/1302/698 3593/1301/697 3596/1304/700
f 3593/1301/697 3592/1300/696 3596/1304/700
f 3596/1304/700 3592/1300/696 3597/1305/701
f 3592/1300/696 3598/1306/702 3597/1305/701
f 3598/1306/702 3599/1307/703 3597/1305/701
f 3599/1307/703 3600/1308/704 3597/1305/701
f 3602/1309/3 3601/1310/705 3603/1311/3
f 3601/1310/705 3604/1312/705 3603/1311/3
f 3601/1310/705 3605/1313/706 3604/1312/705
f 3605/1313/706 3606/1314/707 3604/1312/705
f 3607/1315/708 3606/1314/707 3605/1313/706
f 3608/1316/709 3607/1315/708 3605/1313/706
f 3609/1317/710 3607/1315/708 3608/1316/709
f 3610/1318/711 3609/1317/710 3608/1316/709
f 3610/1318/711 3611/1319/3 3609/1317/710
f 3611/1319/3 3612/1320/3 3609/1317/710
f 3614/1321/4 3613/1322/712 3615/1323/4
f 3613/1322/712 3616/1324/713 3615/1323/4
f 3613/1322/712 3617/1325/714 3616/1324/713
f 3617/1325/714 3618/1326/714 3616/1324/713
f 3619/1327/715 3618/1326/714 3617/1325/714
f 3620/1328/715 3619/1327/715 3617/1325/714
f 3622/904/716 3621/903/2 3623/902/2
f 3624/905/359 3622/904/716 3623/902/2
f 3622/904/716 3624/905/359 3625/1329/717
f 3624/905/359 3626/1330/718 3625/1329/717
f 3628/899/249 3627/898/249 3629/897/249
f 3628/899/249 3629/897/249 3630/900/249
f 3631/901/249 3628/899/249 3630/900/249
f 3633/910/719 3632/909/4 3634/908/4
f 3635/1331/720 3633/910/719 3634/908/4
f 3633/910/719 3635/1331/720 3636/912/721
f 3635/1331/720 3637/1332/722 3636/912/721
f 3636/912/721 3637/1332/722 3638/914/57
f 3639/915/57 3636/912/721 3638/914/57
f 3641/918/723 3640/917/366 3642/916/366
f 3643/919/724 3641/918/723 3642/916/366
f 3641/918/723 3643/919/724 3644/1333/725
f 3643/919/724 3645/921/725 3644/1333/725
f 3644/1333/725 3645/921/725 3646/1334/371
f 3645/921/725 3647/923/371 3646/1334/371
f 3649/926/726 3648/925/727 3650/924/728
f 3649/926/726 3650/924/728 3651/927/729
f 3652/928/730 3649/926/726 3651/927/729
f 3651/927/729 3653/929/731 3652/928/730
f 3653/929/731 3654/930/732 3652/928/730
f 3654/930/732 3653/929/731 3655/931/379
f 3653/929/731 3656/932/379 3655/931/379
f 3658/1335/3 3657/1336/3 3659/1337/3
f 3660/1338/3 3658/1335/3 3659/1337/3
f 3658/1335/3 3660/1338/3 3661/1339/3
f 3660/1338/3 3662/1340/3 3661/1339/3
f 3661/1339/3 3662/1340/3 3663/1341/3
f 3664/1342/3 3661/1339/3 3663/1341/3
f 3666/1024/733 3665/1023/734 3667/1025/735
f 3666/1024/733 3668/1022/736 3665/1023/734
f 3668/1022/736 3669/1020/737 3665/1023/734
f 3668/1022/736 3670/1021/737 3669/1020/737
f 3671/1019/738 3669/1020/737 3670/1021/737
f 3671/1019/738 3672/1018/739 3669/1020/737
f 3672/1018/739 3671/1019/738 3673/1017/740
f 3672/1018/739 3673/1017/740 3674/1016/741
f 3676/1343/742 3675/1344/743 3677/1345/744
f 3676/1343/742 3678/1346/745 3675/1344/743
f 3679/1347/746 3675/1344/743 3678/1346/745
f 3679/1347/746 3678/1346/745 3680/1348/747
f 3681/1349/748 3679/1347/746 3680/1348/747
f 3681/1349/748 3680/1348/747 3682/1350/749
f 3684/1028/750 3683/1027/751 3685/1026/752
f 3684/1028/750 3685/1026/752 3686/1029/753
f 3687/1030/754 3684/1028/750 3686/1029/753
f 3687/1030/754 3686/1029/753 3688/1031/755
f 3690/1351/234 3689/1352/756 3691/1353/757
f 3690/1351/234 3692/1354/758 3689/1352/756
f 3692/1354/758 3693/1355/759 3689/1352/756
f 3692/1354/758 3694/1356/530 3693/1355/759
f 3694/1356/530 3695/1357/760 3693/1355/759
f 3695/1357/760 3696/1358/761 3693/1355/759
f 3696/1358/761 3695/1357/760 3697/1359/762
f 3699/1360/763 3698/1361/764 3700/1362/765
f 3698/1361/764 3701/1363/766 3700/1362/765
f 3698/1361/764 3702/1364/767 3701/1363/766
f 3703/1365/768 3701/1363/766 3702/1364/767
f 3703/1365/768 3702/1364/767 3704/1366/769
f 3705/1367/770 3703/1365/768 3704/1366/769
f 3705/1367/770 3704/1366/769 3706/1368/771
f 3705/1367/770 3706/1368/771 3707/1369/772
f 3705/1367/770 3707/1369/772 3708/1370/773
f 3709/1371/774 3707/1369/772 3706/1368/771
f 3709/1371/774 3710/1372/775 3707/1369/772
f 3712/1034/776 3711/1033/777 3713/1032/778
f 3712/1034/776 3713/1032/778 3714/1035/779
f 3714/1035/779 3715/1036/780 3712/1034/776
f 3714/1035/779 3716/1037/781 3715/1036/780
f 3716/1037/781 3717/1038/782 3715/1036/780
f 3716/1037/781 3718/1039/783 3717/1038/782
f 3720/1042/784 3719/1041/785 3721/1040/786
f 3720/1042/784 3721/1040/786 3722/1043/787
f 3722/1043/787 3723/1044/468 3720/1042/784
f 3722/1043/787 3724/1045/468 3723/1044/468
f 3726/1048/788 3725/1047/789 3727/1046/790
f 3726/1048/788 3728/1049/791 3725/1047/789
f 3728/1049/791 3726/1048/788 3729/1050/473
f 3728/1049/791 3729/1050/473 3730/1051/473
f 3732/1054/792 3731/1053/793 3733/1052/794
f 3732/1054/792 3734/1055/795 3731/1053/793
f 3735/1056/478 3734/1055/795 3732/1054/792
f 3735/1056/478 3736/1057/796 3734/1055/795
f 3737/1058/797 3736/1057/796 3735/1056/478
f 3737/1058/797 3735/1056/478 3738/1059/798
f 3740/1063/799 3739/1062/800 3741/1064/801
f 3739/1062/800 3740/1063/799 3742/1061/174
f 3739/1062/800 3742/1061/174 3743/1060/802
f 3745/1067/803 3744/1066/804 3746/1065/805
f 3745/1067/803 3746/1065/805 3747/1068/806
f 3748/1069/807 3745/1067/803 3747/1068/806
f 3748/1069/807 3747/1068/806 3749/1070/808
f 3750/1071/809 3748/1069/807 3749/1070/808
f 3750/1071/809 3751/1072/810 3748/1069/807
f 3752/1073/811 3750/1071/809 3749/1070/808
f 3752/1073/811 3749/1070/808 3753/1074/812
f 3750/1071/809 3754/1075/813 3751/1072/810
f 3753/1074/812 3755/1077/814 3756/1076/815
f 3757/1078/816 3754/1075/813 3750/1071/809
f 3757/1078/816 3750/1071/809 3752/1073/811
f 3756/1076/815 3758/1079/817 3753/1074/812
f 3753/1074/812 3758/1079/817 3752/1073/811
f 3756/1076/815 3759/1080/818 3758/1079/817
f 3761/1081/819 3760/1082/820 3757/1078/816
f 3761/1081/819 3757/1078/816 3752/1073/811
f 3762/1083/821 3761/1081/819 3752/1073/811
f 3759/1080/818 3763/1084/822 3758/1079/817
f 3763/1084/822 3752/1073/811 3758/1079/817
f 3762/1083/821 3752/1073/811 3763/1084/822
f 3759/1080/818 3764/1085/823 3763/1084/822
f 3765/1086/824 3762/1083/821 3763/1084/822
f 3765/1086/824 3763/1084/822 3764/1085/823
f 3766/1087/825 3751/1072/810 3754/1075/813
f 3766/1087/825 3767/1088/826 3751/1072/810
f 3768/1089/827 3766/1087/825 3754/1075/813
f 3766/1087/825 3769/1090/2 3767/1088/826
f 3768/1089/827 3770/1091/828 3766/1087/825
f 3766/1087/825 3770/1091/828 3769/1090/2
f 3769/1090/2 3770/1091/828 3771/1092/829
f 3773/1095/830 3772/1094/831 3774/1093/832
f 3773/1095/830 3774/1093/832 3775/1096/833
f 3775/1096/833 3776/1097/834 3773/1095/830
f 3775/1096/833 3777/1098/835 3776/1097/834
f 3778/1099/836 3776/1097/834 3777/1098/835
f 3778/1099/836 3779/1100/837 3776/1097/834
f 3778/1099/836 3777/1098/835 3780/1101/838
f 3781/1102/839 3778/1099/836 3780/1101/838
f 3783/1105/527 3782/1104/4 3784/1103/4
f 3783/1105/527 3785/1106/527 3782/1104/4
f 3786/1107/840 3785/1106/527 3783/1105/527
f 3786/1107/840 3787/1108/529 3785/1106/527
f 3786/1107/840 3788/1109/530 3787/1108/529
f 3786/1107/840 3789/1110/530 3788/1109/530
f 3790/1111/531 3788/1109/530 3789/1110/530
f 3790/1111/531 3791/1112/531 3788/1109/530
f 3793/1115/534 3792/1114/532 3794/1113/532
f 3793/1115/534 3794/1113/532 3795/1116/841
f 3796/1117/535 3793/1115/534 3795/1116/841
f 3796/1117/535 3795/1116/841 3797/1118/535
f 3796/1117/535 3797/1118/535 3798/1119/536
f 3796/1117/535 3798/1119/536 3799/1120/536
f 3801/1123/2 3800/1122/2 3802/1121/2
f 3801/1123/2 3803/1124/2 3800/1122/2
f 3804/1125/842 3803/1124/2 3801/1123/2
f 3804/1125/842 3805/1126/538 3803/1124/2
f 3804/1125/842 3806/1127/539 3805/1126/538
f 3804/1125/842 3807/1128/539 3806/1127/539
f 3809/1131/127 3808/1130/127 3810/1129/127
f 3809/1131/127 3810/1129/127 3811/1132/127
f 3812/1133/127 3809/1131/127 3811/1132/127
f 3812/1133/127 3811/1132/127 3813/1134/127
f 3815/1373/843 3814/1374/844 3816/1375/845
f 3817/1376/846 3814/1374/844 3815/1373/843
f 3817/1376/846 3818/1377/847 3814/1374/844
f 3819/1378/847 3818/1377/847 3817/1376/846
f 3819/1378/847 3820/1379/848 3818/1377/847
f 3818/1377/847 3820/1379/848 3821/1380/849
f 3821/1380/849 3820/1379/848 3822/1381/850
f 3821/1380/849 3822/1381/850 3823/1382/851
f 3824/1383/249 3823/1382/851 3822/1381/850
f 3824/1383/249 3822/1381/850 3825/1384/852
f 3825/1384/852 3826/1385/249 3824/1383/249
f 3827/1386/853 3824/1383/249 3826/1385/249
f 3827/1386/853 3826/1385/249 3828/1387/854
f 3829/1388/855 3824/1383/249 3827/1386/853
f 3827/1386/853 3828/1387/854 3830/1389/856
f 3831/1390/249 3824/1383/249 3829/1388/855
f 3832/1391/249 3830/1389/856 3828/1387/854
f 3832/1391/249 3833/1392/857 3830/1389/856
f 3834/1393/249 3833/1392/857 3832/1391/249
f 3835/1394/858 3831/1390/249 3829/1388/855
f 3835/1394/858 3829/1388/855 3833/1392/857
f 3831/1390/249 3835/1394/858 3836/1395/249
f 3837/1396/249 3831/1390/249 3836/1395/249
f 3835/1394/858 3833/1392/857 3838/1397/249
f 3837/1396/249 3836/1395/249 3839/1398/249
f 3838/1397/249 3833/1392/857 3834/1393/249
f 3839/1398/249 3840/1399/859 3837/1396/249
f 3839/1398/249 3841/1400/860 3840/1399/859
f 3838/1397/249 3834/1393/249 3842/1401/249
f 3843/1402/861 3842/1401/249 3834/1393/249
f 3843/1402/861 3844/1403/862 3842/1401/249
f 3843/1402/861 3845/1404/249 3844/1403/862
f 3846/1405/249 3838/1397/249 3842/1401/249
f 3843/1402/861 3847/1406/249 3845/1404/249
f 3848/1407/249 3845/1404/249 3847/1406/249
f 3848/1407/249 3847/1406/249 3849/1408/249
f 3850/1409/863 3848/1407/249 3849/1408/249
f 3850/1409/863 3851/1410/864 3848/1407/249
f 3838/1397/249 3846/1405/249 3852/1411/249
f 3853/1412/249 3852/1411/249 3846/1405/249
f 3854/1413/865 3838/1397/249 3852/1411/249
f 3853/1412/249 3855/1414/249 3852/1411/249
f 3854/1413/865 3852/1411/249 3856/1415/249
f 3855/1414/249 3853/1412/249 3857/1416/249
f 3855/1414/249 3857/1416/249 3858/1417/249
f 3856/1415/249 3859/1418/853 3854/1413/865
f 3856/1415/249 3858/1417/249 3859/1418/853
f 3859/1418/853 3860/1419/866 3854/1413/865
f 3858/1417/249 3857/1416/249 3861/1420/867
f 3859/1418/853 3858/1417/249 3861/1420/867
f 3857/1416/249 3862/1421/249 3861/1420/867
f 3859/1418/853 3863/1422/868 3860/1419/866
f 3862/1421/249 3864/1423/249 3861/1420/867
f 3865/1424/853 3861/1420/867 3864/1423/249
f 3862/1421/249 3866/1425/869 3864/1423/249
f 3862/1421/249 3867/1426/870 3866/1425/869
f 3868/1427/871 3866/1425/869 3867/1426/870
f 3868/1427/871 3869/1428/249 3866/1425/869
f 3870/1429/872 3859/1418/853 3861/1420/867
f 3863/1422/868 3859/1418/853 3870/1429/872
f 3870/1429/872 3861/1420/867 3871/1430/249
f 3870/1429/872 3871/1430/249 3872/1431/873
f 3863/1422/868 3870/1429/872 3872/1431/873
f 3873/1432/874 3872/1431/873 3871/1430/249
f 3874/1433/875 3860/1419/866 3863/1422/868
f 3874/1433/875 3841/1400/860 3860/1419/866
f 3875/1434/876 3863/1422/868 3872/1431/873
f 3874/1433/875 3863/1422/868 3875/1434/876
f 3873/1432/874 3876/1435/877 3872/1431/873
f 3875/1434/876 3872/1431/873 3876/1435/877
f 3877/1436/878 3873/1432/874 3878/1437/249
f 3877/1436/878 3876/1435/877 3873/1432/874
f 3876/1435/877 3879/1438/879 3875/1434/876
f 3876/1435/877 3877/1436/878 3879/1438/879
f 3874/1433/875 3875/1434/876 3879/1438/879
f 3877/1436/878 3880/1439/880 3881/1440/881
f 3877/1436/878 3881/1440/881 3879/1438/879
f 3882/1441/882 3879/1438/879 3881/1440/881
f 3874/1433/875 3879/1438/879 3883/1442/883
f 3882/1441/882 3883/1442/883 3879/1438/879
f 3841/1400/860 3874/1433/875 3884/1443/884
f 3883/1442/883 3884/1443/884 3874/1433/875
f 3841/1400/860 3884/1443/884 3840/1399/859
f 3885/1444/885 3883/1442/883 3882/1441/882
f 3883/1442/883 3885/1444/885 3884/1443/884
f 3885/1444/885 3882/1441/882 3886/1445/886
f 3887/1446/887 3840/1399/859 3884/1443/884
f 3887/1446/887 3888/1447/888 3840/1399/859
f 3889/1448/853 3884/1443/884 3885/1444/885
f 3889/1448/853 3887/1446/887 3884/1443/884
f 3889/1448/853 3885/1444/885 3886/1445/886
f 3887/1446/887 3889/1448/853 3890/1449/249
f 3889/1448/853 3886/1445/886 3891/1450/889
f 3892/1451/890 3890/1449/249 3889/1448/853
f 3892/1451/890 3889/1448/853 3891/1450/889
f 3894/949/514 3893/948/891 3895/947/892
f 3896/950/893 3894/949/514 3895/947/892
f 3897/951/894 3894/949/514 3896/950/893
f 3898/952/895 3897/951/894 3896/950/893
f 3898/952/895 3899/953/896 3897/951/894
f 3899/953/896 3900/954/897 3897/951/894
f 3900/954/897 3899/953/896 3901/955/898
f 3902/956/899 3900/954/897 3901/955/898
f 3902/956/899 3903/958/900 3904/957/900
f 3905/959/901 3903/958/900 3902/956/899
f 3905/959/901 3902/956/899 3901/955/898
f 3906/960/902 3905/959/901 3901/955/898
f 3905/959/901 3906/960/902 3907/961/903
f 3908/962/904 3905/959/901 3907/961/903
f 3907/961/903 3906/960/902 3909/963/905
f 3910/964/906 3907/961/903 3909/963/905
f 3912/1345/907 3911/1344/908 3913/1343/909
f 3911/1344/908 3914/1346/910 3913/1343/909
f 3914/1346/910 3911/1344/908 3915/1347/911
f 3916/1348/912 3914/1346/910 3915/1347/911
f 3916/1348/912 3915/1347/911 3917/1349/913
f 3918/1350/914 3916/1348/912 3917/1349/913
f 3920/1353/915 3919/1352/916 3921/1351/58
f 3919/1352/916 3922/1354/916 3921/1351/58
f 3919/1352/916 3923/1355/759 3922/1354/916
f 3923/1355/759 3924/1356/530 3922/1354/916
f 3923/1355/759 3925/1357/917 3924/1356/530
f 3923/1355/759 3926/1358/918 3925/1357/917
f 3927/1359/919 3925/1357/917 3926/1358/918
f 3929/1362/920 3928/1361/921 3930/1360/922
f 3929/1362/920 3931/1363/923 3928/1361/921
f 3931/1363/923 3932/1364/767 3928/1361/921
f 3932/1364/767 3931/1363/923 3933/1365/924
f 3934/1366/769 3932/1364/767 3933/1365/924
f 3934/1366/769 3933/1365/924 3935/1367/925
f 3936/1368/926 3934/1366/769 3935/1367/925
f 3937/1369/927 3936/1368/926 3935/1367/925
f 3938/1370/773 3937/1369/927 3935/1367/925
f 3936/1368/926 3937/1369/927 3939/1371/928
f 3937/1369/927 3940/1372/929 3939/1371/928
f 3942/967/930 3941/966/931 3943/965/932
f 3944/968/933 3942/967/930 3943/965/932
f 3942/967/930 3944/968/933 3945/969/934
f 3944/968/933 3946/970/935 3945/969/934
f 3947/971/936 3945/969/934 3946/970/935
f 3948/972/937 3947/971/936 3946/970/935
f 3947/971/936 3948/972/937 3949/973/938
f 3948/972/937 3950/974/938 3949/973/938
f 3949/973/938 3950/974/938 3951/975/939
f 3950/974/938 3952/976/939 3951/975/939
f 3954/990/940 3953/989/941 3955/988/942
f 3956/991/940 3954/990/940 3955/988/942
f 3956/991/940 3957/992/2 3954/990/940
f 3958/993/2 3957/992/2 3956/991/940
f 3958/993/2 3959/994/2 3957/992/2
f 3960/995/2 3959/994/2 3958/993/2
f 3960/995/2 3961/996/943 3959/994/2
f 3962/997/944 3961/996/943 3960/995/2
f 3962/997/944 3963/998/945 3961/996/943
f 3964/999/946 3962/997/944 3960/995/2
f 3965/1452/947 3963/998/945 3962/997/944
f 3964/999/946 3965/1452/947 3962/997/944
f 3966/1001/948 3965/1452/947 3964/999/946
f 3968/1004/428 3967/1003/427 3969/1002/427
f 3970/1005/949 3968/1004/428 3969/1002/427
f 3971/1006/429 3968/1004/428 3970/1005/949
f 3972/1007/429 3971/1006/429 3970/1005/949
f 3973/1008/430 3971/1006/429 3972/1007/429
f 3974/1009/430 3973/1008/430 3972/1007/429
f 3975/1010/950 3973/1008/430 3974/1009/430
f 3976/1011/951 3975/1010/950 3974/1009/430
f 3977/1012/952 3975/1010/950 3976/1011/951
f 3978/1013/953 3977/1012/952 3976/1011/951
f 3977/1012/952 3978/1013/953 3979/1014/434
f 3980/1015/434 3977/1012/952 3979/1014/434
f 3982/1375/954 3981/1374/955 3983/1373/956
f 3983/1373/956 3981/1374/955 3984/1376/957
f 3981/1374/955 3985/1377/958 3984/1376/957
f 3984/1376/957 3985/1377/958 3986/1453/959
f 3985/1377/958 3987/1379/960 3986/1453/959
f 3988/1380/961 3987/1379/960 3985/1377/958
f 3989/1381/962 3987/1379/960 3988/1380/961
f 3990/1382/963 3989/1381/962 3988/1380/961
f 3989/1381/962 3990/1382/963 3991/1383/964
f 3992/1384/965 3989/1381/962 3991/1383/964
f 3991/1383/964 3993/1385/966 3992/1384/965
f 3993/1385/966 3991/1383/964 3994/1386/967
f 3995/1387/968 3993/1385/966 3994/1386/967
f 3994/1386/967 3991/1383/964 3996/1388/704
f 3997/1389/969 3995/1387/968 3994/1386/967
f 3996/1388/704 3991/1383/964 3998/1390/155
f 3995/1387/968 3997/1389/969 3999/1391/970
f 3997/1389/969 4000/1392/971 3999/1391/970
f 3999/1391/970 4000/1392/971 4001/1393/174
f 3996/1388/704 3998/1390/155 4002/1394/972
f 4000/1392/971 3996/1388/704 4002/1394/972
f 4003/1395/155 4002/1394/972 3998/1390/155
f 4003/1395/155 3998/1390/155 4004/1396/155
f 4005/1397/973 4000/1392/971 4002/1394/972
f 4006/1398/155 4003/1395/155 4004/1396/155
f 4001/1393/174 4000/1392/971 4005/1397/973
f 4004/1396/155 4007/1399/974 4006/1398/155
f 4007/1399/974 4008/1400/975 4006/1398/155
f 4009/1401/976 4001/1393/174 4005/1397/973
f 4001/1393/174 4009/1401/976 4010/1402/977
f 4009/1401/976 4011/1403/978 4010/1402/977
f 4011/1403/978 4012/1404/979 4010/1402/977
f 4009/1401/976 4005/1397/973 4013/1405/155
f 4012/1404/979 4014/1406/980 4010/1402/977
f 4014/1406/980 4012/1404/979 4015/1407/981
f 4016/1408/982 4014/1406/980 4015/1407/981
f 4016/1408/982 4015/1407/981 4017/1409/983
f 4015/1407/981 4018/1410/984 4017/1409/983
f 4019/1411/979 4013/1405/155 4005/1397/973
f 4013/1405/155 4019/1411/979 4020/1412/985
f 4019/1411/979 4005/1397/973 4021/1413/986
f 4019/1411/979 4022/1414/987 4020/1412/985
f 4023/1415/985 4019/1411/979 4021/1413/986
f 4024/1416/988 4020/1412/985 4022/1414/987
f 4025/1417/988 4024/1416/988 4022/1414/987
f 4021/1413/986 4026/1418/148 4023/1415/985
f 4026/1418/148 4025/1417/988 4023/1415/985
f 4021/1413/986 4027/1419/989 4026/1418/148
f 4028/1420/990 4024/1416/988 4025/1417/988
f 4028/1420/990 4025/1417/988 4026/1418/148
f 4028/1420/990 4029/1421/991 4024/1416/988
f 4027/1419/989 4030/1422/992 4026/1418/148
f 4028/1420/990 4031/1423/993 4029/1421/991
f 4031/1423/993 4028/1420/990 4032/1424/994
f 4031/1423/993 4033/1425/995 4029/1421/991
f 4033/1425/995 4034/1426/996 4029/1421/991
f 4034/1426/996 4033/1425/995 4035/1427/997
f 4033/1425/995 4036/1428/998 4035/1427/997
f 4028/1420/990 4026/1418/148 4037/1429/999
f 4037/1429/999 4026/1418/148 4030/1422/992
f 4038/1430/1000 4028/1420/990 4037/1429/999
f 4039/1431/1001 4038/1430/1000 4037/1429/999
f 4039/1431/1001 4037/1429/999 4030/1422/992
f 4038/1430/1000 4039/1431/1001 4040/1432/1002
f 4030/1422/992 4027/1419/989 4041/1433/1003
f 4027/1419/989 4008/1400/975 4041/1433/1003
f 4039/1431/1001 4030/1422/992 4042/1434/1004
f 4042/1434/1004 4030/1422/992 4041/1433/1003
f 4039/1431/1001 4043/1435/1005 4040/1432/1002
f 4043/1435/1005 4039/1431/1001 4042/1434/1004
f 4044/1437/1006 4040/1432/1002 4045/1436/1007
f 4040/1432/1002 4043/1435/1005 4045/1436/1007
f 4042/1434/1004 4046/1438/1008 4043/1435/1005
f 4046/1438/1008 4045/1436/1007 4043/1435/1005
f 4046/1438/1008 4042/1434/1004 4041/1433/1003
f 4048/1440/1009 4047/1439/1010 4045/1436/1007
f 4046/1438/1008 4048/1440/1009 4045/1436/1007
f 4048/1440/1009 4046/1438/1008 4049/1441/1011
f 4050/1442/1012 4046/1438/1008 4041/1433/1003
f 4046/1438/1008 4050/1442/1012 4049/1441/1011
f 4051/1443/1013 4041/1433/1003 4008/1400/975
f 4041/1433/1003 4051/1443/1013 4050/1442/1012
f 4007/1399/974 4051/1443/1013 4008/1400/975
f 4049/1441/1011 4050/1442/1012 4052/1444/1014
f 4051/1443/1013 4052/1444/1014 4050/1442/1012
f 4053/1445/1015 4049/1441/1011 4052/1444/1014
f 4051/1443/1013 4007/1399/974 4054/1446/1016
f 4007/1399/974 4055/1447/1017 4054/1446/1016
f 4052/1444/1014 4051/1443/1013 4056/1448/148
f 4051/1443/1013 4054/1446/1016 4056/1448/148
f 4053/1445/1015 4052/1444/1014 4056/1448/148
f 4057/1449/1018 4056/1448/148 4054/1446/1016
f 4058/1450/1019 4053/1445/1015 4056/1448/148
f 4056/1448/148 4057/1449/1018 4059/1451/1020
f 4058/1450/1019 4056/1448/148 4059/1451/1020
f 4061/1454/1021 4060/1455/1022 4062/1456/1021
f 4060/1455/1022 4063/1457/1023 4062/1456/1021
f 4060/1455/1022 4064/1458/4 4063/1457/1023
f 4064/1458/4 4065/1459/4 4063/1457/1023
f 4066/1460/1024 4065/1459/4 4064/1458/4
f 4067/1461/1024 4066/1460/1024 4064/1458/4
f 4069/1191/584 4068/1192/585 4070/1193/585
f 4071/1194/586 4069/1191/584 4070/1193/585
f 4072/1195/587 4069/1191/584 4071/1194/586
f 4073/1196/588 4072/1195/587 4071/1194/586
f 4074/1197/589 4072/1195/587 4073/1196/588
f 4075/1198/590 4074/1197/589 4073/1196/588
f 4075/1198/590 4076/1199/591 4074/1197/589
f 4076/1199/591 4077/1200/592 4074/1197/589
f 4076/1199/591 4078/1201/593 4077/1200/592
f 4078/1201/593 4079/1202/594 4077/1200/592
f 4079/1202/594 4078/1201/593 4080/1203/595
f 4078/1201/593 4081/1204/596 4080/1203/595
f 4082/1205/597 4080/1203/595 4081/1204/596
f 4083/1206/598 4082/1205/597 4081/1204/596
f 4083/1206/598 4084/1207/599 4082/1205/597
f 4084/1207/599 4085/1208/600 4082/1205/597
f 4084/1207/599 4086/1209/601 4085/1208/600
f 4086/1209/601 4087/1210/602 4085/1208/600
f 4086/1209/601 4088/1211/603 4087/1210/602
f 4088/1211/603 4089/1212/603 4087/1210/602
f 4090/1213/604 4089/1212/603 4088/1211/603
f 4091/1214/604 4090/1213/604 4088/1211/603
f 4093/694/605 4092/696/606 4094/695/607
f 4092/696/606 4095/1215/608 4094/695/607
f 4096/698/609 4095/1215/608 4092/696/606
f 4097/1216/149 4095/1215/608 4096/698/609
f 4097/1216/149 4098/701/155 4095/1215/608
f 4099/700/610 4097/1216/149 4096/698/609
f 4100/1217/149 4098/701/155 4097/1216/149
f 4097/1216/149 4099/700/610 4101/702/611
f 4100/1217/149 4097/1216/149 4101/702/611
f 4101/702/611 4099/700/610 4102/703/612
f 4100/1217/149 4103/1218/155 4098/701/155
f 4104/705/613 4101/702/611 4102/703/612
f 4104/705/613 4102/703/612 4105/706/605
f 4106/1219/605 4104/705/613 4105/706/605
f 4107/708/610 4100/1217/149 4101/702/611
f 4108/710/611 4100/1217/149 4107/708/610
f 4108/710/611 4107/708/610 4109/711/612
f 4110/712/613 4108/710/611 4109/711/612
f 4110/712/613 4109/711/612 4111/713/605
f 4112/714/605 4110/712/613 4111/713/605
f 4113/715/611 4100/1217/149 4108/710/611
f 4100/1217/149 4113/715/611 4114/716/611
f 4114/716/611 4113/715/611 4115/1220/612
f 4116/1221/605 4115/1220/612 4117/718/605
f 4116/1221/605 4118/1222/605 4115/1220/612
f 4118/1222/605 4119/1223/612 4115/1220/612
f 4119/1223/612 4114/716/611 4115/1220/612
f 4120/1224/614 4100/1217/149 4114/716/611
f 4120/1224/614 4103/1218/155 4100/1217/149
f 4121/723/611 4120/1224/614 4114/716/611
f 4120/1224/614 4121/723/611 4122/724/615
f 4122/724/615 4121/723/611 4123/1225/616
f 4124/1226/617 4122/724/615 4123/1225/616
f 4124/1226/617 4123/1225/616 4125/727/618
f 4126/728/619 4124/1226/617 4125/727/618
f 4127/729/620 4120/1224/614 4122/724/615
f 4128/730/621 4120/1224/614 4127/729/620
f 4130/732/88 4129/731/622 4128/730/621
f 4129/731/622 4120/1224/614 4128/730/621
f 4129/731/622 4131/733/623 4120/1224/614
f 4131/733/623 4132/734/624 4120/1224/614
f 4131/733/623 4133/735/625 4132/734/624
f 4103/1218/155 4120/1224/614 4134/736/626
f 4120/1224/614 4132/734/624 4134/736/626
f 4133/735/625 4135/737/624 4132/734/624
f 4135/737/624 4133/735/625 4136/738/627
f 4134/736/626 4132/734/624 4137/739/628
f 4132/734/624 4135/737/624 4137/739/628
f 4138/740/629 4135/737/624 4136/738/627
f 4138/740/629 4136/738/627 4139/741/630
f 4140/742/631 4137/739/628 4135/737/624
f 4138/740/629 4140/742/631 4135/737/624
f 4141/743/632 4138/740/629 4139/741/630
f 4141/743/632 4139/741/630 4142/1227/633
f 4140/742/631 4138/740/629 4143/745/634
f 4138/740/629 4141/743/632 4143/745/634
f 4140/742/631 4144/746/635 4137/739/628
f 4144/746/635 4140/742/631 4143/745/634
f 4144/746/635 4145/747/636 4137/739/628
f 4134/736/626 4137/739/628 4145/747/636
f 4146/748/637 4144/746/635 4143/745/634
f 4147/749/638 4134/736/626 4145/747/636
f 4146/748/637 4143/745/634 4148/1228/639
f 4147/749/638 4149/1229/640 4134/736/626
f 4143/745/634 4150/1230/641 4148/1228/639
f 4149/1229/640 4151/753/642 4134/736/626
f 4151/753/642 4103/1218/155 4134/736/626
f 4149/1229/640 4152/754/643 4151/753/642
f 4153/755/644 4103/1218/155 4151/753/642
f 4152/754/643 4154/756/645 4151/753/642
f 4153/755/644 4151/753/642 4154/756/645
f 4155/757/646 4153/755/644 4154/756/645
f 4148/1228/639 4150/1230/641 4156/758/647
f 4141/743/632 4157/1231/648 4143/745/634
f 4157/1231/648 4150/1230/641 4143/745/634
f 4157/1231/648 4141/743/632 4142/1227/633
f 4142/1227/633 4158/760/649 4157/1231/648
f 4150/1230/641 4157/1231/648 4159/761/650
f 4158/760/649 4159/761/650 4157/1231/648
f 4150/1230/641 4160/762/651 4156/758/647
f 4160/762/651 4150/1230/641 4159/761/650
f 4159/761/650 4158/760/649 4161/763/652
f 4160/762/651 4159/761/650 4161/763/652
f 4158/760/649 4162/764/653 4161/763/652
f 4156/758/647 4160/762/651 4163/765/654
f 4163/765/654 4160/762/651 4161/763/652
f 4164/766/655 4156/758/647 4163/765/654
f 4165/1232/656 4161/763/652 4162/764/653
f 4161/763/652 4165/1232/656 4163/765/654
f 4166/1233/298 4165/1232/656 4162/764/653
f 4165/1232/656 4167/1234/657 4163/765/654
f 4163/765/654 4167/1234/657 4164/766/655
f 4167/1234/657 4168/1235/658 4164/766/655
f 4170/771/127 4169/773/313 4171/772/127
f 4169/773/313 4172/774/127 4171/772/127
f 4169/773/313 4173/775/659 4172/774/127
f 4173/775/659 4174/776/660 4172/774/127
f 4173/775/659 4175/777/304 4174/776/660
f 4175/777/304 4176/778/661 4174/776/660
f 4177/779/662 4176/778/661 4175/777/304
f 4178/780/663 4177/779/662 4175/777/304
f 4179/781/307 4177/779/662 4178/780/663
f 4180/782/307 4179/781/307 4178/780/663
f 4179/781/307 4180/782/307 4181/783/131
f 4180/782/307 4182/1236/131 4181/783/131
f 4183/785/308 4181/783/131 4182/1236/131
f 4184/786/308 4183/785/308 4182/1236/131
f 4185/787/664 4183/785/308 4184/786/308
f 4186/788/317 4185/787/664 4184/786/308
f 4185/787/664 4186/788/317 4187/789/310
f 4188/790/665 4185/787/664 4187/789/310
f 4188/790/665 4187/789/310 4189/791/135
f 4190/792/2 4188/790/665 4189/791/135
f 4190/792/2 4189/791/135 4191/793/2
f 4189/791/135 4192/794/2 4191/793/2
f 4194/795/127 4193/797/313 4195/1237/127
f 4193/797/313 4196/1238/313 4195/1237/127
f 4193/797/313 4197/799/314 4196/1238/313
f 4197/799/314 4198/1239/314 4196/1238/313
f 4197/799/314 4199/801/129 4198/1239/314
f 4199/801/129 4200/1240/129 4198/1239/314
f 4201/1241/306 4200/1240/129 4199/801/129
f 4202/804/306 4201/1241/306 4199/801/129
f 4203/1242/112 4201/1241/306 4202/804/306
f 4204/806/307 4203/1242/112 4202/804/306
f 4203/1242/112 4204/806/307 4205/807/131
f 4206/1243/131 4203/1242/112 4205/807/131
f 4207/1244/308 4206/1243/131 4205/807/131
f 4208/810/308 4207/1244/308 4205/807/131
f 4207/1244/308 4208/810/308 4209/811/309
f 4210/1245/309 4207/1244/308 4209/811/309
f 4210/1245/309 4209/811/309 4211/813/318
f 4212/1246/318 4210/1245/309 4211/813/318
f 4212/1246/318 4211/813/318 4213/815/135
f 4214/1247/2 4212/1246/318 4213/815/135
f 4214/1247/2 4213/815/135 4215/1248/2
f 4213/815/135 4216/818/2 4215/1248/2
f 4218/1249/666 4217/1191/667 4219/1250/666
f 4217/1191/667 4220/1251/668 4219/1250/666
f 4217/1191/667 4221/1252/669 4220/1251/668
f 4221/1252/669 4222/1253/670 4220/1251/668
f 4221/1252/669 4223/1254/671 4222/1253/670
f 4223/1254/671 4224/1198/672 4222/1253/670
f 4224/1198/672 4223/1254/671 4225/1255/673
f 4223/1254/671 4226/1256/674 4225/1255/673
f 4225/1255/673 4226/1256/674 4227/1257/675
f 4226/1256/674 4228/1258/676 4227/1257/675
f 4227/1257/675 4228/1258/676 4229/1259/677
f 4230/1204/678 4227/1257/675 4229/1259/677
f 4229/1259/677 4231/1205/679 4230/1204/678
f 4231/1205/679 4232/1260/680 4230/1204/678
f 4232/1260/680 4231/1205/679 4233/1207/681
f 4231/1205/679 4234/1208/682 4233/1207/681
f 4233/1207/681 4234/1208/682 4235/1261/683
f 4234/1208/682 4236/1262/684 4235/1261/683
f 4235/1261/683 4236/1262/684 4237/1263/685
f 4236/1262/684 4238/1212/686 4237/1263/685
f 4238/1212/686 4239/1264/687 4237/1263/685
f 4239/1264/687 4240/1265/687 4237/1263/685
f 4242/540/2 4241/1266/2 4243/539/2
f 4241/1266/2 4244/537/2 4243/539/2
f 4244/537/2 4241/1266/2 4245/1267/2
f 4246/536/2 4244/537/2 4245/1267/2
f 4247/534/2 4246/536/2 4245/1267/2
f 4248/1268/2 4247/534/2 4245/1267/2
f 4249/531/2 4247/534/2 4248/1268/2
f 4250/1269/2 4249/531/2 4248/1268/2
f 4249/531/2 4250/1269/2 4251/1270/2
f 4252/530/2 4249/531/2 4251/1270/2
f 4253/528/2 4252/530/2 4251/1270/2
f 4254/1271/2 4253/528/2 4251/1270/2
f 4255/525/56 4253/528/2 4254/1271/2
f 4256/1272/2 4255/525/56 4254/1271/2
f 4256/1272/2 4257/1273/203 4255/525/56
f 4257/1273/203 4258/524/204 4255/525/56
f 4259/522/220 4258/524/204 4257/1273/203
f 4260/521/219 4259/522/220 4257/1273/203
f 4261/520/218 4259/522/220 4260/521/219
f 4262/519/688 4261/520/218 4260/521/219
f 4263/518/207 4261/520/218 4262/519/688
f 4264/517/207 4263/518/207 4262/519/688
f 4263/518/207 4264/517/207 4265/516/122
f 4264/517/207 4266/515/122 4265/516/122
f 4267/514/217 4265/516/122 4266/515/122
f 4268/513/217 4267/514/217 4266/515/122
f 4269/1274/216 4267/514/217 4268/513/217
f 4270/1275/215 4269/1274/216 4268/513/217
f 4271/1276/689 4269/1274/216 4270/1275/215
f 4272/1277/214 4271/1276/689 4270/1275/215
f 4271/1276/689 4272/1277/214 4273/1278/319
f 4274/1279/212 4271/1276/689 4273/1278/319
f 4273/1278/319 4275/1280/127 4274/1279/212
f 4275/1280/127 4276/1281/127 4274/1279/212
f 4275/1280/127 4277/1282/127 4276/1281/127
f 4277/1282/127 4278/1283/127 4276/1281/127
f 4279/1284/127 4278/1283/127 4277/1282/127
f 4280/1285/127 4279/1284/127 4277/1282/127
f 4279/1284/127 4280/1285/127 4281/1286/127
f 4282/1287/127 4279/1284/127 4281/1286/127
f 4282/1287/127 4281/1286/127 4283/1288/127
f 4284/1289/127 4282/1287/127 4283/1288/127
f 4284/1289/127 4283/1288/127 4285/1290/127
f 4283/1288/127 4286/1291/127 4285/1290/127
f 4285/1290/127 4286/1291/127 4287/1292/127
f 4286/1291/127 4288/1293/127 4287/1292/127
f 4290/1294/690 4289/1295/691 4291/1296/692
f 4289/1295/691 4292/1297/693 4291/1296/692
f 4289/1295/691 4293/1298/694 4292/1297/693
f 4293/1298/694 4294/1299/695 4292/1297/693
f 4294/1299/695 4293/1298/694 4295/1300/696
f 4296/1301/697 4294/1299/695 4295/1300/696
f 4296/1301/697 4297/1302/698 4298/1303/699
f 4297/1302/698 4296/1301/697 4299/1304/700
f 4296/1301/697 4295/1300/696 4299/1304/700
f 4299/1304/700 4295/1300/696 4300/1305/701
f 4295/1300/696 4301/1306/702 4300/1305/701
f 4301/1306/702 4302/1307/703 4300/1305/701
f 4302/1307/703 4303/1308/704 4300/1305/701
f 4305/1309/3 4304/1310/705 4306/1311/3
f 4304/1310/705 4307/1312/705 4306/1311/3
f 4304/1310/705 4308/1313/706 4307/1312/705
f 4308/1313/706 4309/1314/707 4307/1312/705
f 4310/1315/708 4309/1314/707 4308/1313/706
f 4311/1316/709 4310/1315/708 4308/1313/706
f 4312/1317/710 4310/1315/708 4311/1316/709
f 4313/1318/711 4312/1317/710 4311/1316/709
f 4313/1318/711 4314/1319/3 4312/1317/710
f 4314/1319/3 4315/1320/3 4312/1317/710
f 4317/1321/4 4316/1322/712 4318/1323/4
f 4316/1322/712 4319/1324/713 4318/1323/4
f 4316/1322/712 4320/1325/714 4319/1324/713
f 4320/1325/714 4321/1326/714 4319/1324/713
f 4322/1327/715 4321/1326/714 4320/1325/714
f 4323/1328/715 4322/1327/715 4320/1325/714
f 4325/904/716 4324/903/2 4326/902/2
f 4327/905/359 4325/904/716 4326/902/2
f 4325/904/716 4327/905/359 4328/1329/717
f 4327/905/359 4329/1330/718 4328/1329/717
f 4331/899/249 4330/898/249 4332/897/249
f 4331/899/249 4332/897/249 4333/900/249
f 4334/901/249 4331/899/249 4333/900/249
f 4336/910/719 4335/909/4 4337/908/4
f 4338/1331/720 4336/910/719 4337/908/4
f 4336/910/719 4338/1331/720 4339/912/721
f 4338/1331/720 4340/1332/722 4339/912/721
f 4339/912/721 4340/1332/722 4341/914/57
f 4342/915/57 4339/912/721 4341/914/57
f 4344/918/723 4343/917/366 4345/916/366
f 4346/919/724 4344/918/723 4345/916/366
f 4344/918/723 4346/919/724 4347/1333/725
f 4346/919/724 4348/921/725 4347/1333/725
f 4347/1333/725 4348/921/725 4349/1334/371
f 4348/921/725 4350/923/371 4349/1334/371
f 4352/926/726 4351/925/727 4353/924/728
f 4352/926/726 4353/924/728 4354/927/729
f 4355/928/730 4352/926/726 4354/927/729
f 4354/927/729 4356/929/731 4355/928/730
f 4356/929/731 4357/930/732 4355/928/730
f 4357/930/732 4356/929/731 4358/931/379
f 4356/929/731 4359/932/379 4358/931/379
f 4361/1335/3 4360/1336/3 4362/1337/3
f 4363/1338/3 4361/1335/3 4362/1337/3
f 4361/1335/3 4363/1338/3 4364/1339/3
f 4363/1338/3 4365/1340/3 4364/1339/3
f 4364/1339/3 4365/1340/3 4366/1341/3
f 4367/1342/3 4364/1339/3 4366/1341/3
f 4369/1024/733 4368/1023/734 4370/1025/735
f 4369/1024/733 4371/1022/736 4368/1023/734
f 4371/1022/736 4372/1020/737 4368/1023/734
f 4371/1022/736 4373/1021/737 4372/1020/737
f 4374/1019/738 4372/1020/737 4373/1021/737
f 4374/1019/738 4375/1018/739 4372/1020/737
f 4375/1018/739 4374/1019/738 4376/1017/740
f 4375/1018/739 4376/1017/740 4377/1016/741
f 4379/1343/742 4378/1344/743 4380/1345/744
f 4379/1343/742 4381/1346/745 4378/1344/743
f 4382/1347/746 4378/1344/743 4381/1346/745
f 4382/1347/746 4381/1346/745 4383/1348/747
f 4384/1349/748 4382/1347/746 4383/1348/747
f 4384/1349/748 4383/1348/747 4385/1350/749
f 4387/1028/750 4386/1027/751 4388/1026/752
f 4387/1028/750 4388/1026/752 4389/1029/753
f 4390/1030/754 4387/1028/750 4389/1029/753
f 4390/1030/754 4389/1029/753 4391/1031/755
f 4393/1351/234 4392/1352/756 4394/1353/757
f 4393/1351/234 4395/1354/758 4392/1352/756
f 4395/1354/758 4396/1355/759 4392/1352/756
f 4395/1354/758 4397/1356/530 4396/1355/759
f 4397/1356/530 4398/1357/760 4396/1355/759
f 4398/1357/760 4399/1358/761 4396/1355/759
f 4399/1358/761 4398/1357/760 4400/1359/762
f 4402/1360/763 4401/1361/764 4403/1362/765
f 4401/1361/764 4404/1363/766 4403/1362/765
f 4401/1361/764 4405/1364/767 4404/1363/766
f 4406/1365/768 4404/1363/766 4405/1364/767
f 4406/1365/768 4405/1364/767 4407/1366/769
f 4408/1367/770 4406/1365/768 4407/1366/769
f 4408/1367/770 4407/1366/769 4409/1368/771
f 4408/1367/770 4409/1368/771 4410/1369/772
f 4408/1367/770 4410/1369/772 4411/1370/773
f 4412/1371/774 4410/1369/772 4409/1368/771
f 4412/1371/774 4413/1372/775 4410/1369/772
f 4415/1034/776 4414/1033/777 4416/1032/778
f 4415/1034/776 4416/1032/778 4417/1035/779
f 4417/1035/779 4418/1036/780 4415/1034/776
f 4417/1035/779 4419/1037/781 4418/1036/780
f 4419/1037/781 4420/1038/782 4418/1036/780
f 4419/1037/781 4421/1039/783 4420/1038/782
f 4423/1042/784 4422/1041/785 4424/1040/786
f 4423/1042/784 4424/1040/786 4425/1043/787
f 4425/1043/787 4426/1044/468 4423/1042/784
f 4425/1043/787 4427/1045/468 4426/1044/468
f 4429/1048/788 4428/1047/789 4430/1046/790
f 4429/1048/788 4431/1049/791 4428/1047/789
f 4431/1049/791 4429/1048/788 4432/1050/473
f 4431/1049/791 4432/1050/473 4433/1051/473
f 4435/1054/792 4434/1053/793 4436/1052/794
f 4435/1054/792 4437/1055/795 4434/1053/793
f 4438/1056/478 4437/1055/795 4435/1054/792
f 4438/1056/478 4439/1057/796 4437/1055/795
f 4440/1058/797 4439/1057/796 4438/1056/478
f 4440/1058/797 4438/1056/478 4441/1059/798
f 4443/1063/799 4442/1062/800 4444/1064/801
f 4442/1062/800 4443/1063/799 4445/1061/174
f 4442/1062/800 4445/1061/174 4446/1060/802
f 4448/1067/803 4447/1066/804 4449/1065/805
f 4448/1067/803 4449/1065/805 4450/1068/806
f 4451/1069/807 4448/1067/803 4450/1068/806
f 4451/1069/807 4450/1068/806 4452/1070/808
f 4453/1071/809 4451/1069/807 4452/1070/808
f 4453/1071/809 4454/1072/810 4451/1069/807
f 4455/1073/811 4453/1071/809 4452/1070/808
f 4455/1073/811 4452/1070/808 4456/1074/812
f 4453/1071/809 4457/1075/813 4454/1072/810
f 4456/1074/812 4458/1077/814 4459/1076/815
f 4460/1078/816 4457/1075/813 4453/1071/809
f 4460/1078/816 4453/1071/809 4455/1073/811
f 4459/1076/815 4461/1079/817 4456/1074/812
f 4456/1074/812 4461/1079/817 4455/1073/811
f 4459/1076/815 4462/1080/818 4461/1079/817
f 4464/1081/819 4463/1082/820 4460/1078/816
f 4464/1081/819 4460/1078/816 4455/1073/811
f 4465/1083/821 4464/1081/819 4455/1073/811
f 4462/1080/818 4466/1084/822 4461/1079/817
f 4466/1084/822 4455/1073/811 4461/1079/817
f 4465/1083/821 4455/1073/811 4466/1084/822
f 4462/1080/818 4467/1085/823 4466/1084/822
f 4468/1086/824 4465/1083/821 4466/1084/822
f 4468/1086/824 4466/1084/822 4467/1085/823
f 4469/1087/825 4454/1072/810 4457/1075/813
f 4469/1087/825 4470/1088/826 4454/1072/810
f 4471/1089/827 4469/1087/825 4457/1075/813
f 4469/1087/825 4472/1090/2 4470/1088/826
f 4471/1089/827 4473/1091/828 4469/1087/825
f 4469/1087/825 4473/1091/828 4472/1090/2
f 4472/1090/2 4473/1091/828 4474/1092/829
f 4476/1095/830 4475/1094/831 4477/1093/832
f 4476/1095/830 4477/1093/832 4478/1096/833
f 4478/1096/833 4479/1097/834 4476/1095/830
f 4478/1096/833 4480/1098/835 4479/1097/834
f 4481/1099/836 4479/1097/834 4480/1098/835
f 4481/1099/836 4482/1100/837 4479/1097/834
f 4481/1099/836 4480/1098/835 4483/1101/838
f 4484/1102/839 4481/1099/836 4483/1101/838
f 4486/1105/527 4485/1104/4 4487/1103/4
f 4486/1105/527 4488/1106/527 4485/1104/4
f 4489/1107/840 4488/1106/527 4486/1105/527
f 4489/1107/840 4490/1108/529 4488/1106/527
f 4489/1107/840 4491/1109/530 4490/1108/529
f 4489/1107/840 4492/1110/530 4491/1109/530
f 4493/1111/531 4491/1109/530 4492/1110/530
f 4493/1111/531 4494/1112/531 4491/1109/530
f 4496/1115/534 4495/1114/532 4497/1113/532
f 4496/1115/534 4497/1113/532 4498/1116/841
f 4499/1117/535 4496/1115/534 4498/1116/841
f 4499/1117/535 4498/1116/841 4500/1118/535
f 4499/1117/535 4500/1118/535 4501/1119/536
f 4499/1117/535 4501/1119/536 4502/1120/536
f 4504/1123/2 4503/1122/2 4505/1121/2
f 4504/1123/2 4506/1124/2 4503/1122/2
f 4507/1125/842 4506/1124/2 4504/1123/2
f 4507/1125/842 4508/1126/538 4506/1124/2
f 4507/1125/842 4509/1127/539 4508/1126/538
f 4507/1125/842 4510/1128/539 4509/1127/539
f 4512/1131/127 4511/1130/127 4513/1129/127
f 4512/1131/127 4513/1129/127 4514/1132/127
f 4515/1133/127 4512/1131/127 4514/1132/127
f 4515/1133/127 4514/1132/127 4516/1134/127
f 4518/1373/843 4517/1374/844 4519/1375/845
f 4520/1376/846 4517/1374/844 4518/1373/843
f 4520/1376/846 4521/1377/847 4517/1374/844
f 4522/1378/847 4521/1377/847 4520/1376/846
f 4522/1378/847 4523/1379/848 4521/1377/847
f 4521/1377/847 4523/1379/848 4524/1380/849
f 4524/1380/849 4523/1379/848 4525/1381/850
f 4524/1380/849 4525/1381/850 4526/1382/851
f 4527/1383/249 4526/1382/851 4525/1381/850
f 4527/1383/249 4525/1381/850 4528/1384/852
f 4528/1384/852 4529/1385/249 4527/1383/249
f 4530/1386/853 4527/1383/249 4529/1385/249
f 4530/1386/853 4529/1385/249 4531/1387/854
f 4532/1388/855 4527/1383/249 4530/1386/853
f 4530/1386/853 4531/1387/854 4533/1389/856
f 4534/1390/249 4527/1383/249 4532/1388/855
f 4535/1391/249 4533/1389/856 4531/1387/854
f 4535/1391/249 4536/1392/857 4533/1389/856
f 4537/1393/249 4536/1392/857 4535/1391/249
f 4538/1394/858 4534/1390/249 4532/1388/855
f 4538/1394/858 4532/1388/855 4536/1392/857
f 4534/1390/249 4538/1394/858 4539/1395/249
f 4540/1396/249 4534/1390/249 4539/1395/249
f 4538/1394/858 4536/1392/857 4541/1397/249
f 4540/1396/249 4539/1395/249 4542/1398/249
f 4541/1397/249 4536/1392/857 4537/1393/249
f 4542/1398/249 4543/1399/859 4540/1396/249
f 4542/1398/249 4544/1400/860 4543/1399/859
f 4541/1397/249 4537/1393/249 4545/1401/249
f 4546/1402/861 4545/1401/249 4537/1393/249
f 4546/1402/861 4547/1403/862 4545/1401/249
f 4546/1402/861 4548/1404/249 4547/1403/862
f 4549/1405/249 4541/1397/249 4545/1401/249
f 4546/1402/861 4550/1406/249 4548/1404/249
f 4551/1407/249 4548/1404/249 4550/1406/249
f 4551/1407/249 4550/1406/249 4552/1408/249
f 4553/1409/863 4551/1407/249 4552/1408/249
f 4553/1409/863 4554/1410/864 4551/1407/249
f 4541/1397/249 4549/1405/249 4555/1411/249
f 4556/1412/249 4555/1411/249 4549/1405/249
f 4557/1413/865 4541/1397/249 4555/1411/249
f 4556/1412/249 4558/1414/249 4555/1411/249
f 4557/1413/865 4555/1411/249 4559/1415/249
f 4558/1414/249 4556/1412/249 4560/1416/249
f 4558/1414/249 4560/1416/249 4561/1417/249
f 4559/1415/249 4562/1418/853 4557/1413/865
f 4559/1415/249 4561/1417/249 4562/1418/853
f 4562/1418/853 4563/1419/866 4557/1413/865
f 4561/1417/249 4560/1416/249 4564/1420/867
f 4562/1418/853 4561/1417/249 4564/1420/867
f 4560/1416/249 4565/1421/249 4564/1420/867
f 4562/1418/853 4566/1422/868 4563/1419/866
f 4565/1421/249 4567/1423/249 4564/1420/867
f 4568/1424/853 4564/1420/867 4567/1423/249
f 4565/1421/249 4569/1425/869 4567/1423/249
f 4565/1421/249 4570/1426/870 4569/1425/869
f 4571/1427/871 4569/1425/869 4570/1426/870
f 4571/1427/871 4572/1428/249 4569/1425/869
f 4573/1429/872 4562/1418/853 4564/1420/867
f 4566/1422/868 4562/1418/853 4573/1429/872
f 4573/1429/872 4564/1420/867 4574/1430/249
f 4573/1429/872 4574/1430/249 4575/1431/873
f 4566/1422/868 4573/1429/872 4575/1431/873
f 4576/1432/874 4575/1431/873 4574/1430/249
f 4577/1433/875 4563/1419/866 4566/1422/868
f 4577/1433/875 4544/1400/860 4563/1419/866
f 4578/1434/876 4566/1422/868 4575/1431/873
f 4577/1433/875 4566/1422/868 4578/1434/876
f 4576/1432/874 4579/1435/877 4575/1431/873
f 4578/1434/876 4575/1431/873 4579/1435/877
f 4580/1436/878 4576/1432/874 4581/1437/249
f 4580/1436/878 4579/1435/877 4576/1432/874
f 4579/1435/877 4582/1438/879 4578/1434/876
f 4579/1435/877 4580/1436/878 4582/1438/879
f 4577/1433/875 4578/1434/876 4582/1438/879
f 4580/1436/878 4583/1439/880 4584/1440/881
f 4580/1436/878 4584/1440/881 4582/1438/879
f 4585/1441/882 4582/1438/879 4584/1440/881
f 4577/1433/875 4582/1438/879 4586/1442/883
f 4585/1441/882 4586/1442/883 4582/1438/879
f 4544/1400/860 4577/1433/875 4587/1443/884
f 4586/1442/883 4587/1443/884 4577/1433/875
f 4544/1400/860 4587/1443/884 4543/1399/859
f 4588/1444/885 4586/1442/883 4585/1441/882
f 4586/1442/883 4588/1444/885 4587/1443/884
f 4588/1444/885 4585/1441/882 4589/1445/886
f 4590/1446/887 4543/1399/859 4587/1443/884
f 4590/1446/887 4591/1447/888 4543/1399/859
f 4592/1448/853 4587/1443/884 4588/1444/885
f 4592/1448/853 4590/1446/887 4587/1443/884
f 4592/1448/853 4588/1444/885 4589/1445/886
f 4590/1446/887 4592/1448/853 4593/1449/249
f 4592/1448/853 4589/1445/886 4594/1450/889
f 4595/1451/890 4593/1449/249 4592/1448/853
f 4595/1451/890 4592/1448/853 4594/1450/889
f 4597/949/514 4596/948/891 4598/947/892
f 4599/950/893 4597/949/514 4598/947/892
f 4600/951/894 4597/949/514 4599/950/893
f 4601/952/895 4600/951/894 4599/950/893
f 4601/952/895 4602/953/896 4600/951/894
f 4602/953/896 4603/954/897 4600/951/894
f 4603/954/897 4602/953/896 4604/955/898
f 4605/956/899 4603/954/897 4604/955/898
f 4605/956/899 4606/958/900 4607/957/900
f 4608/959/901 4606/958/900 4605/956/899
f 4608/959/901 4605/956/899 4604/955/898
f 4609/960/902 4608/959/901 4604/955/898
f 4608/959/901 4609/960/902 4610/961/903
f 4611/962/904 4608/959/901 4610/961/903
f 4610/961/903 4609/960/902 4612/963/905
f 4613/964/906 4610/961/903 4612/963/905
f 4615/1345/907 4614/1344/908 4616/1343/909
f 4614/1344/908 4617/1346/910 4616/1343/909
f 4617/1346/910 4614/1344/908 4618/1347/911
f 4619/1348/912 4617/1346/910 4618/1347/911
f 4619/1348/912 4618/1347/911 4620/1349/913
f 4621/1350/914 4619/1348/912 4620/1349/913
f 4623/1353/915 4622/1352/916 4624/1351/58
f 4622/1352/916 4625/1354/916 4624/1351/58
f 4622/1352/916 4626/1355/759 4625/1354/916
f 4626/1355/759 4627/1356/530 4625/1354/916
f 4626/1355/759 4628/1357/917 4627/1356/530
f 4626/1355/759 4629/1358/918 4628/1357/917
f 4630/1359/919 4628/1357/917 4629/1358/918
f 4632/1362/920 4631/1361/921 4633/1360/922
f 4632/1362/920 4634/1363/923 4631/1361/921
f 4634/1363/923 4635/1364/767 4631/1361/921
f 4635/1364/767 4634/1363/923 4636/1365/924
f 4637/1366/769 4635/1364/767 4636/1365/924
f 4637/1366/769 4636/1365/924 4638/1367/925
f 4639/1368/926 4637/1366/769 4638/1367/925
f 4640/1369/927 4639/1368/926 4638/1367/925
f 4641/1370/773 4640/1369/927 4638/1367/925
f 4639/1368/926 4640/1369/927 4642/1371/928
f 4640/1369/927 4643/1372/929 4642/1371/928
f 4645/967/930 4644/966/931 4646/965/932
f 4647/968/933 4645/967/930 4646/965/932
f 4645/967/930 4647/968/933 4648/969/934
f 4647/968/933 4649/970/935 4648/969/934
f 4650/971/936 4648/969/934 4649/970/935
f 4651/972/937 4650/971/936 4649/970/935
f 4650/971/936 4651/972/937 4652/973/938
f 4651/972/937 4653/974/938 4652/973/938
f 4652/973/938 4653/974/938 4654/975/939
f 4653/974/938 4655/976/939 4654/975/939
f 4657/990/940 4656/989/941 4658/988/942
f 4659/991/940 4657/990/940 4658/988/942
f 4659/991/940 4660/992/2 4657/990/940
f 4661/993/2 4660/992/2 4659/991/940
f 4661/993/2 4662/994/2 4660/992/2
f 4663/995/2 4662/994/2 4661/993/2
f 4663/995/2 4664/996/943 4662/994/2
f 4665/997/944 4664/996/943 4663/995/2
f 4665/997/944 4666/998/945 4664/996/943
f 4667/999/946 4665/997/944 4663/995/2
f 4668/1452/947 4666/998/945 4665/997/944
f 4667/999/946 4668/1452/947 4665/997/944
f 4669/1001/948 4668/1452/947 4667/999/946
f 4671/1004/428 4670/1003/427 4672/1002/427
f 4673/1005/949 4671/1004/428 4672/1002/427
f 4674/1006/429 4671/1004/428 4673/1005/949
f 4675/1007/429 4674/1006/429 4673/1005/949
f 4676/1008/430 4674/1006/429 4675/1007/429
f 4677/1009/430 4676/1008/430 4675/1007/429
f 4678/1010/950 4676/1008/430 4677/1009/430
f 4679/1011/951 4678/1010/950 4677/1009/430
f 4680/1012/952 4678/1010/950 4679/1011/951
f 4681/1013/953 4680/1012/952 4679/1011/951
f 4680/1012/952 4681/1013/953 4682/1014/434
f 4683/1015/434 4680/1012/952 4682/1014/434
f 4685/1375/954 4684/1374/955 4686/1373/956
f 4686/1373/956 4684/1374/955 4687/1376/957
f 4684/1374/955 4688/1377/958 4687/1376/957
f 4687/1376/957 4688/1377/958 4689/1453/959
f 4688/1377/958 4690/1379/960 4689/1453/959
f 4691/1380/961 4690/1379/960 4688/1377/958
f 4692/1381/962 4690/1379/960 4691/1380/961
f 4693/1382/963 4692/1381/962 4691/1380/961
f 4692/1381/962 4693/1382/963 4694/1383/964
f 4695/1384/965 4692/1381/962 4694/1383/964
f 4694/1383/964 4696/1385/966 4695/1384/965
f 4696/1385/966 4694/1383/964 4697/1386/967
f 4698/1387/968 4696/1385/966 4697/1386/967
f 4697/1386/967 4694/1383/964 4699/1388/704
f 4700/1389/969 4698/1387/968 4697/1386/967
f 4699/1388/704 4694/1383/964 4701/1390/155
f 4698/1387/968 4700/1389/969 4702/1391/970
f 4700/1389/969 4703/1392/971 4702/1391/970
f 4702/1391/970 4703/1392/971 4704/1393/174
f 4699/1388/704 4701/1390/155 4705/1394/972
f 4703/1392/971 4699/1388/704 4705/1394/972
f 4706/1395/155 4705/1394/972 4701/1390/155
f 4706/1395/155 4701/1390/155 4707/1396/155
f 4708/1397/973 4703/1392/971 4705/1394/972
f 4709/1398/155 4706/1395/155 4707/1396/155
f 4704/1393/174 4703/1392/971 4708/1397/973
f 4707/1396/155 4710/1399/974 4709/1398/155
f 4710/1399/974 4711/1400/975 4709/1398/155
f 4712/1401/976 4704/1393/174 4708/1397/973
f 4704/1393/174 4712/1401/976 4713/1402/977
f 4712/1401/976 4714/1403/978 4713/1402/977
f 4714/1403/978 4715/1404/979 4713/1402/977
f 4712/1401/976 4708/1397/973 4716/1405/155
f 4715/1404/979 4717/1406/980 4713/1402/977
f 4717/1406/980 4715/1404/979 4718/1407/981
f 4719/1408/982 4717/1406/980 4718/1407/981
f 4719/1408/982 4718/1407/981 4720/1409/983
f 4718/1407/981 4721/1410/984 4720/1409/983
f 4722/1411/979 4716/1405/155 4708/1397/973
f 4716/1405/155 4722/1411/979 4723/1412/985
f 4722/1411/979 4708/1397/973 4724/1413/986
f 4722/1411/979 4725/1414/987 4723/1412/985
f 4726/1415/985 4722/1411/979 4724/1413/986
f 4727/1416/988 4723/1412/985 4725/1414/987
f 4728/1417/988 4727/1416/988 4725/1414/987
f 4724/1413/986 4729/1418/148 4726/1415/985
f 4729/1418/148 4728/1417/988 4726/1415/985
f 4724/1413/986 4730/1419/989 4729/1418/148
f 4731/1420/990 4727/1416/988 4728/1417/988
f 4731/1420/990 4728/1417/988 4729/1418/148
f 4731/1420/990 4732/1421/991 4727/1416/988
f 4730/1419/989 4733/1422/992 4729/1418/148
f 4731/1420/990 4734/1423/993 4732/1421/991
f 4734/1423/993 4731/1420/990 4735/1424/994
f 4734/1423/993 4736/1425/995 4732/1421/991
f 4736/1425/995 4737/1426/996 4732/1421/991
f 4737/1426/996 4736/1425/995 4738/1427/997
f 4736/1425/995 4739/1428/998 4738/1427/997
f 4731/1420/990 4729/1418/148 4740/1429/999
f 4740/1429/999 4729/1418/148 4733/1422/992
f 4741/1430/1000 4731/1420/990 4740/1429/999
f 4742/1431/1001 4741/1430/1000 4740/1429/999
f 4742/1431/1001 4740/1429/999 4733/1422/992
f 4741/1430/1000 4742/1431/1001 4743/1432/1002
f 4733/1422/992 4730/1419/989 4744/1433/1003
f 4730/1419/989 4711/1400/975 4744/1433/1003
f 4742/1431/1001 4733/1422/992 4745/1434/1004
f 4745/1434/1004 4733/1422/992 4744/1433/1003
f 4742/1431/1001 4746/1435/1005 4743/1432/1002
f 4746/1435/1005 4742/1431/1001 4745/1434/1004
f 4747/1437/1006 4743/1432/1002 4748/1436/1007
f 4743/1432/1002 4746/1435/1005 4748/1436/1007
f 4745/1434/1004 4749/1438/1008 4746/1435/1005
f 4749/1438/1008 4748/1436/1007 4746/1435/1005
f 4749/1438/1008 4745/1434/1004 4744/1433/1003
f 4751/1440/1009 4750/1439/1010 4748/1436/1007
f 4749/1438/1008 4751/1440/1009 4748/1436/1007
f 4751/1440/1009 4749/1438/1008 4752/1441/1011
f 4753/1442/1012 4749/1438/1008 4744/1433/1003
f 4749/1438/1008 4753/1442/1012 4752/1441/1011
f 4754/1443/1013 4744/1433/1003 4711/1400/975
f 4744/1433/1003 4754/1443/1013 4753/1442/1012
f 4710/1399/974 4754/1443/1013 4711/1400/975
f 4752/1441/1011 4753/1442/1012 4755/1444/1014
f 4754/1443/1013 4755/1444/1014 4753/1442/1012
f 4756/1445/1015 4752/1441/1011 4755/1444/1014
f 4754/1443/1013 4710/1399/974 4757/1446/1016
f 4710/1399/974 4758/1447/1017 4757/1446/1016
f 4755/1444/1014 4754/1443/1013 4759/1448/148
f 4754/1443/1013 4757/1446/1016 4759/1448/148
f 4756/1445/1015 4755/1444/1014 4759/1448/148
f 4760/1449/1018 4759/1448/148 4757/1446/1016
f 4761/1450/1019 4756/1445/1015 4759/1448/148
f 4759/1448/148 4760/1449/1018 4762/1451/1020
f 4761/1450/1019 4759/1448/148 4762/1451/1020
f 4764/1454/1021 4763/1455/1022 4765/1456/1021
f 4763/1455/1022 4766/1457/1023 4765/1456/1021
f 4763/1455/1022 4767/1458/4 4766/1457/1023
f 4767/1458/4 4768/1459/4 4766/1457/1023
f 4769/1460/1024 4768/1459/4 4767/1458/4
f 4770/1461/1024 4769/1460/1024 4767/1458/4
f 4772/1462/2 4771/1463/2 4773/1464/135
f 4771/1463/2 4774/1465/2 4773/1464/135
f 4774/1465/2 4775/1466/311 4773/1464/135
f 4775/1466/311 4776/1467/318 4773/1464/135
f 4775/1466/311 4777/1468/309 4776/1467/318
f 4777/1468/309 4778/1469/309 4776/1467/318
f 4778/1469/309 4777/1468/309 4779/1470/308
f 4777/1468/309 4780/1471/308 4779/1470/308
f 4779/1470/308 4780/1471/308 4781/1472/131
f 4780/1471/308 4782/1473/131 4781/1472/131
f 4783/1474/112 4781/1472/131 4782/1473/131
f 4784/1475/307 4783/1474/112 4782/1473/131
f 4784/1475/307 4785/1476/1025 4783/1474/112
f 4785/1476/1025 4786/1477/1025 4783/1474/112
f 4785/1476/1025 4787/1478/1026 4786/1477/1025
f 4787/1478/1026 4788/1479/1026 4786/1477/1025
f 4787/1478/1026 4789/1480/1027 4788/1479/1026
f 4789/1480/1027 4790/1481/1028 4788/1479/1026
f 4791/1482/127 4790/1481/1028 4789/1480/1027
f 4792/1483/127 4791/1482/127 4789/1480/1027
f 4791/1482/127 4792/1483/127 4793/1484/127
f 4794/1485/127 4791/1482/127 4793/1484/127
f 4796/1486/2 4795/1487/2 4797/1488/135
f 4795/1487/2 4798/1489/2 4797/1488/135
f 4798/1489/2 4799/1490/318 4797/1488/135
f 4799/1490/318 4800/1491/318 4797/1488/135
f 4799/1490/318 4801/1492/309 4800/1491/318
f 4801/1492/309 4802/1493/309 4800/1491/318
f 4802/1493/309 4801/1492/309 4803/1494/132
f 4801/1492/309 4804/1495/132 4803/1494/132
f 4804/1495/132 4805/1496/1029 4803/1494/132
f 4805/1496/1029 4806/1497/1029 4803/1494/132
f 4805/1496/1029 4807/1498/112 4806/1497/1029
f 4807/1498/112 4808/1499/112 4806/1497/1029
f 4808/1499/112 4807/1498/112 4809/1500/1030
f 4810/1501/1030 4808/1499/112 4809/1500/1030
f 4809/1500/1030 4811/1502/129 4810/1501/1030
f 4811/1502/129 4812/1503/129 4810/1501/1030
f 4812/1503/129 4811/1502/129 4813/1504/314
f 4811/1502/129 4814/1505/314 4813/1504/314
f 4813/1504/314 4814/1505/314 4815/1506/313
f 4814/1505/314 4816/1507/313 4815/1506/313
f 4815/1506/313 4816/1507/313 4817/1508/127
f 4818/1509/127 4815/1506/313 4817/1508/127
f 4820/1510/1031 4819/1511/1032 4821/1512/1032
f 4822/1513/1033 4820/1510/1031 4821/1512/1032
f 4820/1510/1031 4822/1513/1033 4823/1514/1034
f 4824/1515/1035 4820/1510/1031 4823/1514/1034
f 4823/1514/1034 4825/1516/1036 4824/1515/1035
f 4825/1516/1036 4826/1517/1037 4824/1515/1035
f 4827/1518/1038 4826/1517/1037 4825/1516/1036
f 4828/1519/1039 4827/1518/1038 4825/1516/1036
f 4829/1520/1040 4827/1518/1038 4828/1519/1039
f 4830/1521/1041 4827/1518/1038 4829/1520/1040
f 4831/1522/1042 4827/1518/1038 4830/1521/1041
f 4832/1523/1043 4831/1522/1042 4830/1521/1041
f 4831/1522/1042 4832/1523/1043 4833/1524/1044
f 4831/1522/1042 4833/1524/1044 4834/1525/1045
f 4831/1522/1042 4834/1525/1045 4835/1526/1046
f 4836/1527/1046 4831/1522/1042 4835/1526/1046
f 4838/1463/2 4837/1462/2 4839/1464/135
f 4840/1465/2 4838/1463/2 4839/1464/135
f 4840/1465/2 4839/1464/135 4841/1466/318
f 4839/1464/135 4842/1528/318 4841/1466/318
f 4841/1466/318 4842/1528/318 4843/1468/309
f 4842/1528/318 4844/1529/309 4843/1468/309
f 4844/1529/309 4845/1530/308 4843/1468/309
f 4845/1530/308 4846/1471/308 4843/1468/309
f 4845/1530/308 4847/1531/131 4846/1471/308
f 4847/1531/131 4848/1473/131 4846/1471/308
f 4848/1473/131 4847/1531/131 4849/1474/112
f 4850/1475/307 4848/1473/131 4849/1474/112
f 4850/1475/307 4849/1474/112 4851/1476/1025
f 4849/1474/112 4852/1477/1025 4851/1476/1025
f 4851/1476/1025 4852/1477/1025 4853/1478/1026
f 4852/1477/1025 4854/1479/1026 4853/1478/1026
f 4853/1478/1026 4854/1479/1026 4855/1480/1027
f 4854/1479/1026 4856/1481/1047 4855/1480/1027
f 4855/1480/1027 4856/1481/1047 4857/1482/1048
f 4858/1483/127 4855/1480/1027 4857/1482/1048
f 4859/1484/127 4858/1483/127 4857/1482/1048
f 4860/1485/127 4859/1484/127 4857/1482/1048
f 4862/1487/2 4861/1486/2 4863/1488/2
f 4864/1489/2 4862/1487/2 4863/1488/2
f 4864/1489/2 4863/1488/2 4865/1490/318
f 4863/1488/2 4866/1491/318 4865/1490/318
f 4865/1490/318 4866/1491/318 4867/1492/309
f 4866/1491/318 4868/1493/309 4867/1492/309
f 4868/1493/309 4869/1494/132 4867/1492/309
f 4869/1494/132 4870/1495/132 4867/1492/309
f 4870/1495/132 4869/1494/132 4871/1496/1029
f 4869/1494/132 4872/1497/1029 4871/1496/1029
f 4871/1496/1029 4872/1497/1029 4873/1532/112
f 4872/1497/1029 4874/1499/112 4873/1532/112
f 4875/1533/1030 4873/1532/112 4874/1499/112
f 4876/1501/1030 4875/1533/1030 4874/1499/112
f 4875/1533/1030 4876/1501/1030 4877/1534/129
f 4876/1501/1030 4878/1503/129 4877/1534/129
f 4878/1503/129 4879/1504/314 4877/1534/129
f 4879/1504/314 4880/1535/314 4877/1534/129
f 4879/1504/314 4881/1506/312 4880/1535/314
f 4881/1506/312 4882/1536/313 4880/1535/314
f 4883/1537/127 4882/1536/313 4881/1506/312
f 4884/1509/127 4883/1537/127 4881/1506/312
f 4886/1512/1032 4885/1511/1032 4887/1538/1049
f 4888/1513/1050 4886/1512/1032 4887/1538/1049
f 4888/1513/1050 4887/1538/1049 4889/1539/1051
f 4887/1538/1049 4890/1515/1052 4889/1539/1051
f 4889/1539/1051 4890/1515/1052 4891/1516/1053
f 4890/1515/1052 4892/1517/1054 4891/1516/1053
f 4892/1517/1054 4893/1518/1055 4891/1516/1053
f 4893/1518/1055 4894/1519/1056 4891/1516/1053
f 4894/1519/1056 4893/1518/1055 4895/1520/1057
f 4895/1520/1057 4893/1518/1055 4896/1521/1058
f 4896/1521/1058 4893/1518/1055 4897/1522/1059
f 4898/1523/1060 4896/1521/1058 4897/1522/1059
f 4899/1524/1061 4898/1523/1060 4897/1522/1059
f 4900/1540/1062 4899/1524/1061 4897/1522/1059
f 4900/1540/1062 4897/1522/1059 4901/1541/1046
f 4897/1522/1059 4902/1527/1046 4901/1541/1046
f 4904/1542/4 4903/1543/4 4905/1544/1063
f 4906/1545/1064 4904/1542/4 4905/1544/1063
f 4906/1545/1064 4905/1544/1063 4907/1546/1065
f 4905/1544/1063 4908/1547/1066 4907/1546/1065
f 4907/1546/1065 4908/1547/1066 4909/1548/4
f 4910/1549/4 4907/1546/1065 4909/1548/4
f 4912/1550/1067 4911/1551/1068 4913/1552/1067
f 4911/1551/1068 4914/1553/1068 4913/1552/1067
f 4915/1554/3 4914/1553/1068 4911/1551/1068
f 4916/1555/3 4915/1554/3 4911/1551/1068
f 4918/1556/1069 4917/1557/1069 4919/1558/1070
f 4920/1559/1070 4918/1556/1069 4919/1558/1070
f 4921/1560/1071 4920/1559/1070 4919/1558/1070
f 4922/1561/1071 4921/1560/1071 4919/1558/1070
f 4921/1560/1071 4922/1561/1071 4923/1562/1072
f 4924/1563/1073 4921/1560/1071 4923/1562/1072
f 4924/1563/1073 4923/1562/1072 4925/1564/1074
f 4923/1562/1072 4926/1565/1075 4925/1564/1074
f 4928/1566/1076 4927/1567/3 4929/1568/3
f 4930/1569/3 4927/1567/3 4928/1566/1076
f 4928/1566/1076 4931/1570/1077 4930/1569/3
f 4932/1571/1078 4931/1570/1077 4928/1566/1076
f 4934/1572/1079 4933/1573/1069 4935/1574/1069
f 4936/1575/1080 4934/1572/1079 4935/1574/1069
f 4934/1572/1079 4936/1575/1080 4937/1576/1081
f 4938/1577/1081 4934/1572/1079 4937/1576/1081
f 4939/1578/1082 4938/1577/1081 4937/1576/1081
f 4940/1579/1083 4939/1578/1082 4937/1576/1081
f 4941/1580/1084 4939/1578/1082 4940/1579/1083
f 4941/1580/1084 4942/1581/1075 4939/1578/1082
f 4944/1568/3 4943/1567/3 4945/1566/1085
f 4945/1566/1085 4943/1567/3 4946/1569/3
f 4946/1569/3 4947/1582/1086 4945/1566/1085
f 4945/1566/1085 4947/1582/1086 4948/1571/1087
f 4950/1583/1088 4949/1584/1089 4951/1585/1089
f 4950/1583/1088 4952/1586/1090 4949/1584/1089
f 4950/1583/1088 4953/1587/1091 4952/1586/1090
f 4950/1583/1088 4954/1588/1092 4953/1587/1091
f 4956/1589/1093 4955/1590/1094 4957/1591/1095
f 4956/1589/1093 4958/1592/1093 4955/1590/1094
f 4956/1589/1093 4959/1593/1096 4958/1592/1093
f 4956/1589/1093 4960/1594/1096 4959/1593/1096
f 4962/1595/1097 4961/1596/1098 4963/1597/1097
f 4962/1595/1097 4964/1598/1098 4961/1596/1098
f 4965/1599/1099 4961/1596/1098 4964/1598/1098
f 4965/1599/1099 4966/1600/1100 4961/1596/1098
f 4967/1601/1101 4966/1600/1100 4965/1599/1099
f 4967/1601/1101 4968/1602/1101 4966/1600/1100
f 4967/1601/1101 4969/1603/1102 4968/1602/1101
f 4967/1601/1101 4970/1604/1102 4969/1603/1102
f 4972/1605/1103 4971/1606/654 4973/1607/1104
f 4972/1605/1103 4974/1608/1105 4971/1606/654
f 4975/1609/1106 4971/1606/654 4974/1608/1105
f 4975/1609/1106 4976/1610/705 4971/1606/654
f 4977/1611/1107 4976/1610/705 4975/1609/1106
f 4977/1611/1107 4978/1612/1108 4976/1610/705
f 4979/1613/1109 4978/1612/1108 4977/1611/1107
f 4979/1613/1109 4980/1614/1109 4978/1612/1108
f 4979/1613/1109 4981/1615/1110 4980/1614/1109
f 4979/1613/1109 4982/1616/1110 4981/1615/1110
f 4984/1617/1111 4983/1618/1112 4985/1619/1112
f 4984/1617/1111 4986/1620/1111 4983/1618/1112
f 4986/1620/1111 4984/1617/1111 4987/1621/1113
f 4987/1621/1113 4984/1617/1111 4988/1622/1114
f 4988/1622/1114 4989/1623/1115 4987/1621/1113
f 4990/1624/1116 4989/1623/1115 4988/1622/1114
f 4990/1624/1116 4991/1625/1117 4989/1623/1115
f 4992/1626/1118 4991/1625/1117 4990/1624/1116
f 4992/1626/1118 4990/1624/1116 4993/1627/1119
f 4995/1628/1120 4994/1629/57 4996/1630/58
f 4995/1628/1120 4997/1631/1121 4994/1629/57
f 4995/1628/1120 4998/1632/1122 4997/1631/1121
f 4995/1628/1120 4999/1633/1122 4998/1632/1122
f 5001/1585/1089 5000/1584/1089 5002/1583/1088
f 5000/1584/1089 5003/1586/1123 5002/1583/1088
f 5003/1586/1123 5004/1587/1092 5002/1583/1088
f 5004/1587/1092 5005/1588/1092 5002/1583/1088
f 5007/1591/1094 5006/1590/1094 5008/1589/1093
f 5006/1590/1094 5009/1592/1093 5008/1589/1093
f 5009/1592/1093 5010/1593/1096 5008/1589/1093
f 5010/1593/1096 5011/1594/1096 5008/1589/1093
f 5013/1597/1097 5012/1596/1098 5014/1595/1097
f 5012/1596/1098 5015/1598/1098 5014/1595/1097
f 5015/1598/1098 5012/1596/1098 5016/1599/706
f 5012/1596/1098 5017/1600/1100 5016/1599/706
f 5016/1599/706 5017/1600/1100 5018/1601/1101
f 5017/1600/1100 5019/1602/1101 5018/1601/1101
f 5019/1602/1101 5020/1603/1102 5018/1601/1101
f 5020/1603/1102 5021/1604/1124 5018/1601/1101
f 5023/1607/1125 5022/1606/1126 5024/1605/1127
f 5022/1606/1126 5025/1608/1126 5024/1605/1127
f 5025/1608/1126 5022/1606/1126 5026/1609/1128
f 5022/1606/1126 5027/1610/1129 5026/1609/1128
f 5026/1609/1128 5027/1610/1129 5028/1611/1130
f 5027/1610/1129 5029/1612/1131 5028/1611/1130
f 5028/1611/1130 5029/1612/1131 5030/1613/1109
f 5029/1612/1131 5031/1614/1132 5030/1613/1109
f 5031/1614/1132 5032/1615/1110 5030/1613/1109
f 5032/1615/1110 5033/1616/1110 5030/1613/1109
f 5035/1619/1112 5034/1618/1112 5036/1617/1111
f 5034/1618/1112 5037/1620/1111 5036/1617/1111
f 5038/1621/1133 5036/1617/1111 5037/1620/1111
f 5039/1622/1134 5036/1617/1111 5038/1621/1133
f 5038/1621/1133 5040/1623/1135 5039/1622/1134
f 5039/1622/1134 5040/1623/1135 5041/1624/1136
f 5040/1623/1135 5042/1625/1137 5041/1624/1136
f 5041/1624/1136 5042/1625/1137 5043/1626/1138
f 5044/1627/1139 5041/1624/1136 5043/1626/1138
f 5046/1630/57 5045/1629/234 5047/1628/1120
f 5045/1629/234 5048/1631/1121 5047/1628/1120
f 5048/1631/1121 5049/1632/1122 5047/1628/1120
f 5049/1632/1122 5050/1633/1122 5047/1628/1120
f 5052/1634/3 5051/1635/3 5053/1636/1140
f 5051/1635/3 5054/1637/1140 5053/1636/1140
f 5053/1636/1140 5054/1637/1140 5055/1638/1141
f 5056/1639/1142 5053/1636/1140 5055/1638/1141
f 5058/1640/1143 5057/1641/1144 5059/1642/1144
f 5060/1643/1145 5058/1640/1143 5059/1642/1144
f 5060/1643/1145 5061/1644/1146 5058/1640/1143
f 5061/1644/1146 5062/1645/1146 5058/1640/1143
f 5064/1646/1147 5063/1647/1148 5065/1648/1147
f 5063/1647/1148 5066/1649/1148 5065/1648/1147
f 5067/1650/1149 5066/1649/1148 5063/1647/1148
f 5068/1651/1149 5067/1650/1149 5063/1647/1148
f 5070/1462/2 5069/1463/2 5071/1464/135
f 5069/1463/2 5072/1465/2 5071/1464/135
f 5072/1465/2 5073/1466/311 5071/1464/135
f 5073/1466/311 5074/1467/318 5071/1464/135
f 5073/1466/311 5075/1468/309 5074/1467/318
f 5075/1468/309 5076/1469/309 5074/1467/318
f 5076/1469/309 5075/1468/309 5077/1470/308
f 5075/1468/309 5078/1471/308 5077/1470/308
f 5077/1470/308 5078/1471/308 5079/1472/131
f 5078/1471/308 5080/1473/131 5079/1472/131
f 5081/1474/112 5079/1472/131 5080/1473/131
f 5082/1475/307 5081/1474/112 5080/1473/131
f 5082/1475/307 5083/1476/1025 5081/1474/112
f 5083/1476/1025 5084/1477/1025 5081/1474/112
f 5083/1476/1025 5085/1478/1026 5084/1477/1025
f 5085/1478/1026 5086/1479/1026 5084/1477/1025
f 5085/1478/1026 5087/1480/1027 5086/1479/1026
f 5087/1480/1027 5088/1481/1028 5086/1479/1026
f 5089/1482/127 5088/1481/1028 5087/1480/1027
f 5090/1483/127 5089/1482/127 5087/1480/1027
f 5089/1482/127 5090/1483/127 5091/1484/127
f 5092/1485/127 5089/1482/127 5091/1484/127
f 5094/1486/2 5093/1487/2 5095/1488/135
f 5093/1487/2 5096/1489/2 5095/1488/135
f 5096/1489/2 5097/1490/318 5095/1488/135
f 5097/1490/318 5098/1491/318 5095/1488/135
f 5097/1490/318 5099/1492/309 5098/1491/318
f 5099/1492/309 5100/1493/309 5098/1491/318
f 5100/1493/309 5099/1492/309 5101/1494/132
f 5099/1492/309 5102/1495/132 5101/1494/132
f 5102/1495/132 5103/1496/1029 5101/1494/132
f 5103/1496/1029 5104/1497/1029 5101/1494/132
f 5103/1496/1029 5105/1498/112 5104/1497/1029
f 5105/1498/112 5106/1499/112 5104/1497/1029
f 5106/1499/112 5105/1498/112 5107/1500/1030
f 5108/1501/1030 5106/1499/112 5107/1500/1030
f 5107/1500/1030 5109/1502/129 5108/1501/1030
f 5109/1502/129 5110/1503/129 5108/1501/1030
f 5110/1503/129 5109/1502/129 5111/1504/314
f 5109/1502/129 5112/1505/314 5111/1504/314
f 5111/1504/314 5112/1505/314 5113/1506/313
f 5112/1505/314 5114/1507/313 5113/1506/313
f 5113/1506/313 5114/1507/313 5115/1508/127
f 5116/1509/127 5113/1506/313 5115/1508/127
f 5118/1510/1031 5117/1511/1032 5119/1512/1032
f 5120/1513/1033 5118/1510/1031 5119/1512/1032
f 5118/1510/1031 5120/1513/1033 5121/1514/1034
f 5122/1515/1035 5118/1510/1031 5121/1514/1034
f 5121/1514/1034 5123/1516/1036 5122/1515/1035
f 5123/1516/1036 5124/1517/1037 5122/1515/1035
f 5125/1518/1038 5124/1517/1037 5123/1516/1036
f 5126/1519/1039 5125/1518/1038 5123/1516/1036
f 5127/1520/1040 5125/1518/1038 5126/1519/1039
f 5128/1521/1041 5125/1518/1038 5127/1520/1040
f 5129/1522/1042 5125/1518/1038 5128/1521/1041
f 5130/1523/1043 5129/1522/1042 5128/1521/1041
f 5129/1522/1042 5130/1523/1043 5131/1524/1044
f 5129/1522/1042 5131/1524/1044 5132/1525/1045
f 5129/1522/1042 5132/1525/1045 5133/1526/1046
f 5134/1527/1046 5129/1522/1042 5133/1526/1046
f 5136/1463/2 5135/1462/2 5137/1464/135
f 5138/1465/2 5136/1463/2 5137/1464/135
f 5138/1465/2 5137/1464/135 5139/1466/318
f 5137/1464/135 5140/1528/318 5139/1466/318
f 5139/1466/318 5140/1528/318 5141/1468/309
f 5140/1528/318 5142/1529/309 5141/1468/309
f 5142/1529/309 5143/1530/308 5141/1468/309
f 5143/1530/308 5144/1471/308 5141/1468/309
f 5143/1530/308 5145/1531/131 5144/1471/308
f 5145/1531/131 5146/1473/131 5144/1471/308
f 5146/1473/131 5145/1531/131 5147/1474/112
f 5148/1475/307 5146/1473/131 5147/1474/112
f 5148/1475/307 5147/1474/112 5149/1476/1025
f 5147/1474/112 5150/1477/1025 5149/1476/1025
f 5149/1476/1025 5150/1477/1025 5151/1478/1026
f 5150/1477/1025 5152/1479/1026 5151/1478/1026
f 5151/1478/1026 5152/1479/1026 5153/1480/1027
f 5152/1479/1026 5154/1481/1047 5153/1480/1027
f 5153/1480/1027 5154/1481/1047 5155/1482/1048
f 5156/1483/127 5153/1480/1027 5155/1482/1048
f 5157/1484/127 5156/1483/127 5155/1482/1048
f 5158/1485/127 5157/1484/127 5155/1482/1048
f 5160/1487/2 5159/1486/2 5161/1488/2
f 5162/1489/2 5160/1487/2 5161/1488/2
f 5162/1489/2 5161/1488/2 5163/1490/318
f 5161/1488/2 5164/1491/318 5163/1490/318
f 5163/1490/318 5164/1491/318 5165/1492/309
f 5164/1491/318 5166/1493/309 5165/1492/309
f 5166/1493/309 5167/1494/132 5165/1492/309
f 5167/1494/132 5168/1495/132 5165/1492/309
f 5168/1495/132 5167/1494/132 5169/1496/1029
f 5167/1494/132 5170/1497/1029 5169/1496/1029
f 5169/1496/1029 5170/1497/1029 5171/1532/112
f 5170/1497/1029 5172/1499/112 5171/1532/112
f 5173/1533/1030 5171/1532/112 5172/1499/112
f 5174/1501/1030 5173/1533/1030 5172/1499/112
f 5173/1533/1030 5174/1501/1030 5175/1534/129
f 5174/1501/1030 5176/1503/129 5175/1534/129
f 5176/1503/129 5177/1504/314 5175/1534/129
f 5177/1504/314 5178/1535/314 5175/1534/129
f 5177/1504/314 5179/1506/312 5178/1535/314
f 5179/1506/312 5180/1536/313 5178/1535/314
f 5181/1537/127 5180/1536/313 5179/1506/312
f 5182/1509/127 5181/1537/127 5179/1506/312
f 5184/1512/1032 5183/1511/1032 5185/1538/1049
f 5186/1513/1050 5184/1512/1032 5185/1538/1049
f 5186/1513/1050 5185/1538/1049 5187/1539/1051
f 5185/1538/1049 5188/1515/1052 5187/1539/1051
f 5187/1539/1051 5188/1515/1052 5189/1516/1053
f 5188/1515/1052 5190/1517/1054 5189/1516/1053
f 5190/1517/1054 5191/1518/1055 5189/1516/1053
f 5191/1518/1055 5192/1519/1056 5189/1516/1053
f 5192/1519/1056 5191/1518/1055 5193/1520/1057
f 5193/1520/1057 5191/1518/1055 5194/1521/1058
f 5194/1521/1058 5191/1518/1055 5195/1522/1059
f 5196/1523/1060 5194/1521/1058 5195/1522/1059
f 5197/1524/1061 5196/1523/1060 5195/1522/1059
f 5198/1540/1062 5197/1524/1061 5195/1522/1059
f 5198/1540/1062 5195/1522/1059 5199/1541/1046
f 5195/1522/1059 5200/1527/1046 5199/1541/1046
f 5202/1542/4 5201/1543/4 5203/1544/1063
f 5204/1545/1064 5202/1542/4 5203/1544/1063
f 5204/1545/1064 5203/1544/1063 5205/1546/1065
f 5203/1544/1063 5206/1547/1066 5205/1546/1065
f 5205/1546/1065 5206/1547/1066 5207/1548/4
f 5208/1549/4 5205/1546/1065 5207/1548/4
f 5210/1550/1067 5209/1551/1068 5211/1552/1067
f 5209/1551/1068 5212/1553/1068 5211/1552/1067
f 5213/1554/3 5212/1553/1068 5209/1551/1068
f 5214/1555/3 5213/1554/3 5209/1551/1068
f 5216/1556/1069 5215/1557/1069 5217/1558/1070
f 5218/1559/1070 5216/1556/1069 5217/1558/1070
f 5219/1560/1071 5218/1559/1070 5217/1558/1070
f 5220/1561/1071 5219/1560/1071 5217/1558/1070
f 5219/1560/1071 5220/1561/1071 5221/1562/1072
f 5222/1563/1073 5219/1560/1071 5221/1562/1072
f 5222/1563/1073 5221/1562/1072 5223/1564/1074
f 5221/1562/1072 5224/1565/1075 5223/1564/1074
f 5226/1566/1076 5225/1567/3 5227/1568/3
f 5228/1569/3 5225/1567/3 5226/1566/1076
f 5226/1566/1076 5229/1570/1077 5228/1569/3
f 5230/1571/1078 5229/1570/1077 5226/1566/1076
f 5232/1572/1079 5231/1573/1069 5233/1574/1069
f 5234/1575/1080 5232/1572/1079 5233/1574/1069
f 5232/1572/1079 5234/1575/1080 5235/1576/1081
f 5236/1577/1081 5232/1572/1079 5235/1576/1081
f 5237/1578/1082 5236/1577/1081 5235/1576/1081
f 5238/1579/1083 5237/1578/1082 5235/1576/1081
f 5239/1580/1084 5237/1578/1082 5238/1579/1083
f 5239/1580/1084 5240/1581/1075 5237/1578/1082
f 5242/1568/3 5241/1567/3 5243/1566/1085
f 5243/1566/1085 5241/1567/3 5244/1569/3
f 5244/1569/3 5245/1582/1086 5243/1566/1085
f 5243/1566/1085 5245/1582/1086 5246/1571/1087
f 5248/1583/1088 5247/1584/1089 5249/1585/1089
f 5248/1583/1088 5250/1586/1090 5247/1584/1089
f 5248/1583/1088 5251/1587/1091 5250/1586/1090
f 5248/1583/1088 5252/1588/1092 5251/1587/1091
f 5254/1589/1093 5253/1590/1094 5255/1591/1095
f 5254/1589/1093 5256/1592/1093 5253/1590/1094
f 5254/1589/1093 5257/1593/1096 5256/1592/1093
f 5254/1589/1093 5258/1594/1096 5257/1593/1096
f 5260/1595/1097 5259/1596/1098 5261/1597/1097
f 5260/1595/1097 5262/1598/1098 5259/1596/1098
f 5263/1599/1099 5259/1596/1098 5262/1598/1098
f 5263/1599/1099 5264/1600/1100 5259/1596/1098
f 5265/1601/1101 5264/1600/1100 5263/1599/1099
f 5265/1601/1101 5266/1602/1101 5264/1600/1100
f 5265/1601/1101 5267/1603/1102 5266/1602/1101
f 5265/1601/1101 5268/1604/1102 5267/1603/1102
f 5270/1605/1103 5269/1606/654 5271/1607/1104
f 5270/1605/1103 5272/1608/1105 5269/1606/654
f 5273/1609/1106 5269/1606/654 5272/1608/1105
f 5273/1609/1106 5274/1610/705 5269/1606/654
f 5275/1611/1107 5274/1610/705 5273/1609/1106
f 5275/1611/1107 5276/1612/1108 5274/1610/705
f 5277/1613/1109 5276/1612/1108 5275/1611/1107
f 5277/1613/1109 5278/1614/1109 5276/1612/1108
f 5277/1613/1109 5279/1615/1110 5278/1614/1109
f 5277/1613/1109 5280/1616/1110 5279/1615/1110
f 5282/1617/1111 5281/1618/1112 5283/1619/1112
f 5282/1617/1111 5284/1620/1111 5281/1618/1112
f 5284/1620/1111 5282/1617/1111 5285/1621/1113
f 5285/1621/1113 5282/1617/1111 5286/1622/1114
f 5286/1622/1114 5287/1623/1115 5285/1621/1113
f 5288/1624/1116 5287/1623/1115 5286/1622/1114
f 5288/1624/1116 5289/1625/1117 5287/1623/1115
f 5290/1626/1118 5289/1625/1117 5288/1624/1116
f 5290/1626/1118 5288/1624/1116 5291/1627/1119
f 5293/1628/1120 5292/1629/57 5294/1630/58
f 5293/1628/1120 5295/1631/1121 5292/1629/57
f 5293/1628/1120 5296/1632/1122 5295/1631/1121
f 5293/1628/1120 5297/1633/1122 5296/1632/1122
f 5299/1585/1089 5298/1584/1089 5300/1583/1088
f 5298/1584/1089 5301/1586/1123 5300/1583/1088
f 5301/1586/1123 5302/1587/1092 5300/1583/1088
f 5302/1587/1092 5303/1588/1092 5300/1583/1088
f 5305/1591/1094 5304/1590/1094 5306/1589/1093
f 5304/1590/1094 5307/1592/1093 5306/1589/1093
f 5307/1592/1093 5308/1593/1096 5306/1589/1093
f 5308/1593/1096 5309/1594/1096 5306/1589/1093
f 5311/1597/1097 5310/1596/1098 5312/1595/1097
f 5310/1596/1098 5313/1598/1098 5312/1595/1097
f 5313/1598/1098 5310/1596/1098 5314/1599/706
f 5310/1596/1098 5315/1600/1100 5314/1599/706
f 5314/1599/706 5315/1600/1100 5316/1601/1101
f 5315/1600/1100 5317/1602/1101 5316/1601/1101
f 5317/1602/1101 5318/1603/1102 5316/1601/1101
f 5318/1603/1102 5319/1604/1124 5316/1601/1101
f 5321/1607/1125 5320/1606/1126 5322/1605/1127
f 5320/1606/1126 5323/1608/1126 5322/1605/1127
f 5323/1608/1126 5320/1606/1126 5324/1609/1128
f 5320/1606/1126 5325/1610/1129 5324/1609/1128
f 5324/1609/1128 5325/1610/1129 5326/1611/1130
f 5325/1610/1129 5327/1612/1131 5326/1611/1130
f 5326/1611/1130 5327/1612/1131 5328/1613/1109
f 5327/1612/1131 5329/1614/1132 5328/1613/1109
f 5329/1614/1132 5330/1615/1110 5328/1613/1109
f 5330/1615/1110 5331/1616/1110 5328/1613/1109
f 5333/1619/1112 5332/1618/1112 5334/1617/1111
f 5332/1618/1112 5335/1620/1111 5334/1617/1111
f 5336/1621/1133 5334/1617/1111 5335/1620/1111
f 5337/1622/1134 5334/1617/1111 5336/1621/1133
f 5336/1621/1133 5338/1623/1135 5337/1622/1134
f 5337/1622/1134 5338/1623/1135 5339/1624/1136
f 5338/1623/1135 5340/1625/1137 5339/1624/1136
f 5339/1624/1136 5340/1625/1137 5341/1626/1138
f 5342/1627/1139 5339/1624/1136 5341/1626/1138
f 5344/1630/57 5343/1629/234 5345/1628/1120
f 5343/1629/234 5346/1631/1121 5345/1628/1120
f 5346/1631/1121 5347/1632/1122 5345/1628/1120
f 5347/1632/1122 5348/1633/1122 5345/1628/1120
f 5350/1634/3 5349/1635/3 5351/1636/1140
f 5349/1635/3 5352/1637/1140 5351/1636/1140
f 5351/1636/1140 5352/1637/1140 5353/1638/1141
f 5354/1639/1142 5351/1636/1140 5353/1638/1141
f 5356/1640/1143 5355/1641/1144 5357/1642/1144
f 5358/1643/1145 5356/1640/1143 5357/1642/1144
f 5358/1643/1145 5359/1644/1146 5356/1640/1143
f 5359/1644/1146 5360/1645/1146 5356/1640/1143
f 5362/1646/1147 5361/1647/1148 5363/1648/1147
f 5361/1647/1148 5364/1649/1148 5363/1648/1147
f 5365/1650/1149 5364/1649/1148 5361/1647/1148
f 5366/1651/1149 5365/1650/1149 5361/1647/1148
f 5368/1652/129 5367/1653/1150 5369/1654/1151
f 5367/1653/1150 5370/1655/1152 5369/1654/1151
f 5367/1653/1150 5371/1656/1153 5370/1655/1152
f 5369/1654/1151 5370/1655/1152 5372/1657/1154
f 5373/1658/1155 5372/1657/1154 5374/1659/1156
f 5371/1656/1153 5375/1660/1157 5370/1655/1152
f 5372/1657/1154 5376/1661/1158 5374/1659/1156
f 5370/1655/1152 5376/1661/1158 5372/1657/1154
f 5370/1655/1152 5375/1660/1157 5376/1661/1158
f 5377/1662/1159 5374/1659/1156 5376/1661/1158
f 5378/1663/1160 5375/1660/1157 5371/1656/1153
f 5379/1664/1161 5378/1663/1160 5371/1656/1153
f 5375/1660/1157 5380/1665/1162 5376/1661/1158
f 5380/1665/1162 5377/1662/1159 5376/1661/1158
f 5375/1660/1157 5378/1663/1160 5380/1665/1162
f 5377/1662/1159 5380/1665/1162 5381/1666/1163
f 5378/1663/1160 5381/1666/1163 5380/1665/1162
f 5382/1667/1164 5377/1662/1159 5381/1666/1163
f 5383/1668/1165 5378/1663/1160 5379/1664/1161
f 5378/1663/1160 5383/1668/1165 5381/1666/1163
f 5384/1669/1166 5383/1668/1165 5379/1664/1161
f 5384/1669/1166 5385/1670/1167 5383/1668/1165
f 5381/1666/1163 5386/1671/1168 5382/1667/1164
f 5383/1668/1165 5386/1671/1168 5381/1666/1163
f 5386/1671/1168 5387/1672/1169 5382/1667/1164
f 5387/1672/1169 5386/1671/1168 5388/1673/1170
f 5385/1670/1167 5389/1674/1171 5383/1668/1165
f 5383/1668/1165 5389/1674/1171 5386/1671/1168
f 5386/1671/1168 5390/1675/1172 5388/1673/1170
f 5389/1674/1171 5390/1675/1172 5386/1671/1168
f 5389/1674/1171 5385/1670/1167 5391/1676/1173
f 5389/1674/1171 5391/1676/1173 5390/1675/1172
f 5385/1670/1167 5392/1677/1174 5391/1676/1173
f 5388/1673/1170 5390/1675/1172 5393/1678/1175
f 5391/1676/1173 5393/1678/1175 5390/1675/1172
f 5394/1679/1176 5388/1673/1170 5393/1678/1175
f 5391/1676/1173 5392/1677/1174 5395/1680/1002
f 5391/1676/1173 5395/1680/1002 5393/1678/1175
f 5392/1677/1174 5396/1681/1177 5395/1680/1002
f 5393/1678/1175 5397/1682/990 5394/1679/1176
f 5395/1680/1002 5397/1682/990 5393/1678/1175
f 5397/1682/990 5398/1683/1178 5394/1679/1176
f 5395/1680/1002 5396/1681/1177 5399/1684/1179
f 5396/1681/1177 5400/1685/1180 5399/1684/1179
f 5400/1685/1180 5401/1686/1181 5399/1684/1179
f 5402/1687/1182 5397/1682/990 5395/1680/1002
f 5398/1683/1178 5397/1682/990 5402/1687/1182
f 5399/1684/1179 5402/1687/1182 5395/1680/1002
f 5403/1688/1183 5398/1683/1178 5402/1687/1182
f 5401/1686/1181 5404/1689/1184 5399/1684/1179
f 5402/1687/1182 5399/1684/1179 5404/1689/1184
f 5401/1686/1181 5405/1690/1185 5404/1689/1184
f 5403/1688/1183 5402/1687/1182 5406/1691/1186
f 5406/1691/1186 5402/1687/1182 5404/1689/1184
f 5407/1692/1187 5403/1688/1183 5406/1691/1186
f 5405/1690/1185 5408/1693/1188 5404/1689/1184
f 5406/1691/1186 5404/1689/1184 5408/1693/1188
f 5405/1690/1185 5409/1694/1189 5408/1693/1188
f 5407/1692/1187 5406/1691/1186 5410/1695/1190
f 5410/1695/1190 5406/1691/1186 5408/1693/1188
f 5411/1696/1191 5407/1692/1187 5410/1695/1190
f 5409/1694/1189 5412/1697/1192 5408/1693/1188
f 5410/1695/1190 5408/1693/1188 5412/1697/1192
f 5412/1697/1192 5409/1694/1189 5413/1698/1193
f 5411/1696/1191 5410/1695/1190 5413/1698/1193
f 5414/1699/1194 5410/1695/1190 5412/1697/1192
f 5410/1695/1190 5414/1699/1194 5413/1698/1193
f 5414/1699/1194 5412/1697/1192 5413/1698/1193
f 5416/1700/129 5415/1701/1150 5417/1702/1151
f 5415/1701/1150 5418/1703/1152 5417/1702/1151
f 5415/1701/1150 5419/1704/1153 5418/1703/1152
f 5417/1702/1151 5418/1703/1152 5420/1705/1154
f 5421/1706/1155 5420/1705/1154 5422/1707/1156
f 5419/1704/1153 5423/1708/1157 5418/1703/1152
f 5420/1705/1154 5424/1709/1158 5422/1707/1156
f 5418/1703/1152 5424/1709/1158 5420/1705/1154
f 5418/1703/1152 5423/1708/1157 5424/1709/1158
f 5425/1710/1159 5422/1707/1156 5424/1709/1158
f 5426/1711/1160 5423/1708/1157 5419/1704/1153
f 5427/1712/1161 5426/1711/1160 5419/1704/1153
f 5423/1708/1157 5428/1713/1162 5424/1709/1158
f 5428/1713/1162 5425/1710/1159 5424/1709/1158
f 5423/1708/1157 5426/1711/1160 5428/1713/1162
f 5425/1710/1159 5428/1713/1162 5429/1714/1163
f 5426/1711/1160 5429/1714/1163 5428/1713/1162
f 5430/1715/1195 5425/1710/1159 5429/1714/1163
f 5431/1716/1165 5426/1711/1160 5427/1712/1161
f 5426/1711/1160 5431/1716/1165 5429/1714/1163
f 5432/1717/1196 5431/1716/1165 5427/1712/1161
f 5432/1717/1196 5433/1718/1197 5431/1716/1165
f 5429/1714/1163 5434/1719/1198 5430/1715/1195
f 5431/1716/1165 5434/1719/1198 5429/1714/1163
f 5434/1719/1198 5435/1720/1199 5430/1715/1195
f 5435/1720/1199 5434/1719/1198 5436/1721/1200
f 5433/1718/1197 5437/1722/1171 5431/1716/1165
f 5431/1716/1165 5437/1722/1171 5434/1719/1198
f 5434/1719/1198 5438/1723/1172 5436/1721/1200
f 5437/1722/1171 5438/1723/1172 5434/1719/1198
f 5437/1722/1171 5433/1718/1197 5439/1724/1173
f 5437/1722/1171 5439/1724/1173 5438/1723/1172
f 5433/1718/1197 5440/1725/1201 5439/1724/1173
f 5436/1721/1200 5438/1723/1172 5441/1726/1175
f 5439/1724/1173 5441/1726/1175 5438/1723/1172
f 5442/1727/1202 5436/1721/1200 5441/1726/1175
f 5439/1724/1173 5440/1725/1201 5443/1728/1203
f 5439/1724/1173 5443/1728/1203 5441/1726/1175
f 5440/1725/1201 5444/1729/1204 5443/1728/1203
f 5441/1726/1175 5445/1730/990 5442/1727/1202
f 5443/1728/1203 5445/1730/990 5441/1726/1175
f 5445/1730/990 5446/1731/1205 5442/1727/1202
f 5443/1728/1203 5444/1729/1204 5447/1732/1206
f 5444/1729/1204 5448/1733/1207 5447/1732/1206
f 5448/1733/1207 5449/1734/1208 5447/1732/1206
f 5450/1735/1182 5445/1730/990 5443/1728/1203
f 5446/1731/1205 5445/1730/990 5450/1735/1182
f 5447/1732/1206 5450/1735/1182 5443/1728/1203
f 5451/1736/1209 5446/1731/1205 5450/1735/1182
f 5449/1734/1208 5452/1737/1210 5447/1732/1206
f 5450/1735/1182 5447/1732/1206 5452/1737/1210
f 5449/1734/1208 5453/1738/1211 5452/1737/1210
f 5451/1736/1209 5450/1735/1182 5454/1739/1212
f 5454/1739/1212 5450/1735/1182 5452/1737/1210
f 5455/1740/1213 5451/1736/1209 5454/1739/1212
f 5455/1740/1213 5454/1739/1212 5456/1741/1214
f 5453/1738/1211 5457/1742/1188 5452/1737/1210
f 5454/1739/1212 5452/1737/1210 5457/1742/1188
f 5453/1738/1211 5458/1743/1215 5457/1742/1188
f 5454/1739/1212 5459/1744/1190 5456/1741/1214
f 5459/1744/1190 5454/1739/1212 5457/1742/1188
f 5456/1741/1214 5459/1744/1190 5460/1745/1216
f 5458/1743/1215 5461/1746/1192 5457/1742/1188
f 5459/1744/1190 5457/1742/1188 5461/1746/1192
f 5461/1746/1192 5458/1743/1215 5460/1745/1216
f 5462/1747/1194 5459/1744/1190 5461/1746/1192
f 5459/1744/1190 5462/1747/1194 5460/1745/1216
f 5462/1747/1194 5461/1746/1192 5460/1745/1216
f 5464/1748/1151 5463/1749/129 5465/1750/1150
f 5466/1751/1152 5464/1748/1151 5465/1750/1150
f 5467/1752/1154 5464/1748/1151 5466/1751/1152
f 5466/1751/1152 5465/1750/1150 5468/1753/1217
f 5470/1754/1156 5469/1755/1155 5467/1752/1154
f 5471/1756/1158 5470/1754/1156 5467/1752/1154
f 5471/1756/1158 5467/1752/1154 5466/1751/1152
f 5472/1757/1218 5470/1754/1156 5471/1756/1158
f 5473/1758/1157 5466/1751/1152 5468/1753/1217
f 5466/1751/1152 5473/1758/1157 5471/1756/1158
f 5474/1759/1162 5472/1757/1218 5471/1756/1158
f 5473/1758/1157 5474/1759/1162 5471/1756/1158
f 5475/1760/1160 5473/1758/1157 5468/1753/1217
f 5473/1758/1157 5475/1760/1160 5474/1759/1162
f 5476/1761/1161 5475/1760/1160 5468/1753/1217
f 5472/1757/1218 5474/1759/1162 5477/1762/1163
f 5475/1760/1160 5477/1762/1163 5474/1759/1162
f 5478/1763/1219 5472/1757/1218 5477/1762/1163
f 5479/1764/1220 5475/1760/1160 5476/1761/1161
f 5475/1760/1160 5479/1764/1220 5477/1762/1163
f 5480/1765/1221 5479/1764/1220 5476/1761/1161
f 5480/1765/1221 5481/1766/1222 5479/1764/1220
f 5477/1762/1163 5482/1767/1198 5478/1763/1219
f 5479/1764/1220 5482/1767/1198 5477/1762/1163
f 5482/1767/1198 5483/1768/1223 5478/1763/1219
f 5483/1768/1223 5482/1767/1198 5484/1769/1224
f 5481/1766/1222 5485/1770/1171 5479/1764/1220
f 5479/1764/1220 5485/1770/1171 5482/1767/1198
f 5482/1767/1198 5486/1771/1172 5484/1769/1224
f 5485/1770/1171 5486/1771/1172 5482/1767/1198
f 5487/1772/1225 5485/1770/1171 5481/1766/1222
f 5485/1770/1171 5487/1772/1225 5486/1771/1172
f 5488/1773/1226 5487/1772/1225 5481/1766/1222
f 5484/1769/1224 5486/1771/1172 5489/1774/1175
f 5487/1772/1225 5489/1774/1175 5486/1771/1172
f 5490/1775/1227 5484/1769/1224 5489/1774/1175
f 5491/1776/1002 5487/1772/1225 5488/1773/1226
f 5487/1772/1225 5491/1776/1002 5489/1774/1175
f 5492/1777/1228 5491/1776/1002 5488/1773/1226
f 5489/1774/1175 5493/1778/990 5490/1775/1227
f 5491/1776/1002 5493/1778/990 5489/1774/1175
f 5493/1778/990 5494/1779/1178 5490/1775/1227
f 5491/1776/1002 5492/1777/1228 5495/1780/1206
f 5492/1777/1228 5496/1781/1229 5495/1780/1206
f 5496/1781/1229 5497/1782/1230 5495/1780/1206
f 5498/1783/1182 5493/1778/990 5491/1776/1002
f 5494/1779/1178 5493/1778/990 5498/1783/1182
f 5495/1780/1206 5498/1783/1182 5491/1776/1002
f 5499/1784/1231 5494/1779/1178 5498/1783/1182
f 5497/1782/1230 5500/1785/1184 5495/1780/1206
f 5498/1783/1182 5495/1780/1206 5500/1785/1184
f 5497/1782/1230 5501/1786/1232 5500/1785/1184
f 5499/1784/1231 5498/1783/1182 5502/1787/1233
f 5502/1787/1233 5498/1783/1182 5500/1785/1184
f 5503/1788/1234 5499/1784/1231 5502/1787/1233
f 5501/1786/1232 5504/1789/1188 5500/1785/1184
f 5502/1787/1233 5500/1785/1184 5504/1789/1188
f 5501/1786/1232 5505/1790/1235 5504/1789/1188
f 5503/1788/1234 5502/1787/1233 5506/1791/1190
f 5506/1791/1190 5502/1787/1233 5504/1789/1188
f 5507/1792/1236 5503/1788/1234 5506/1791/1190
f 5507/1792/1236 5506/1791/1190 5508/1793/1216
f 5505/1790/1235 5509/1794/1192 5504/1789/1188
f 5506/1791/1190 5504/1789/1188 5509/1794/1192
f 5505/1790/1235 5508/1793/1216 5510/1795/1237
f 5506/1791/1190 5510/1795/1237 5508/1793/1216
f 5509/1794/1192 5505/1790/1235 5510/1795/1237
f 5510/1795/1237 5506/1791/1190 5509/1794/1192
f 5512/1796/1238 5511/1797/1239 5513/1798/1240
f 5511/1797/1239 5514/1799/1152 5513/1798/1240
f 5514/1799/1152 5511/1797/1239 5515/1800/1241
f 5513/1798/1240 5514/1799/1152 5516/1801/1154
f 5518/1802/1242 5517/1803/309 5516/1801/1154
f 5519/1804/1158 5518/1802/1242 5516/1801/1154
f 5514/1799/1152 5519/1804/1158 5516/1801/1154
f 5520/1805/1243 5518/1802/1242 5519/1804/1158
f 5521/1806/1157 5514/1799/1152 5515/1800/1241
f 5514/1799/1152 5521/1806/1157 5519/1804/1158
f 5522/1807/1162 5520/1805/1243 5519/1804/1158
f 5521/1806/1157 5522/1807/1162 5519/1804/1158
f 5523/1808/1160 5521/1806/1157 5515/1800/1241
f 5521/1806/1157 5523/1808/1160 5522/1807/1162
f 5524/1809/1244 5523/1808/1160 5515/1800/1241
f 5520/1805/1243 5522/1807/1162 5525/1810/1163
f 5523/1808/1160 5525/1810/1163 5522/1807/1162
f 5526/1811/1245 5520/1805/1243 5525/1810/1163
f 5527/1812/1220 5523/1808/1160 5524/1809/1244
f 5523/1808/1160 5527/1812/1220 5525/1810/1163
f 5528/1813/1246 5527/1812/1220 5524/1809/1244
f 5528/1813/1246 5529/1814/1247 5527/1812/1220
f 5525/1810/1163 5530/1815/1168 5526/1811/1245
f 5527/1812/1220 5530/1815/1168 5525/1810/1163
f 5530/1815/1168 5531/1816/1248 5526/1811/1245
f 5531/1816/1248 5530/1815/1168 5532/1817/1249
f 5529/1814/1247 5533/1818/1171 5527/1812/1220
f 5527/1812/1220 5533/1818/1171 5530/1815/1168
f 5530/1815/1168 5534/1819/1172 5532/1817/1249
f 5533/1818/1171 5534/1819/1172 5530/1815/1168
f 5535/1820/1173 5533/1818/1171 5529/1814/1247
f 5533/1818/1171 5535/1820/1173 5534/1819/1172
f 5536/1821/1250 5535/1820/1173 5529/1814/1247
f 5532/1817/1249 5534/1819/1172 5537/1822/1251
f 5535/1820/1173 5537/1822/1251 5534/1819/1172
f 5538/1823/1252 5532/1817/1249 5537/1822/1251
f 5539/1824/1203 5535/1820/1173 5536/1821/1250
f 5535/1820/1173 5539/1824/1203 5537/1822/1251
f 5540/1825/1253 5539/1824/1203 5536/1821/1250
f 5537/1822/1251 5541/1826/990 5538/1823/1252
f 5539/1824/1203 5541/1826/990 5537/1822/1251
f 5541/1826/990 5542/1827/1254 5538/1823/1252
f 5543/1828/1206 5539/1824/1203 5540/1825/1253
f 5544/1829/1255 5543/1828/1206 5540/1825/1253
f 5544/1829/1255 5545/1830/1256 5543/1828/1206
f 5546/1831/1182 5541/1826/990 5539/1824/1203
f 5542/1827/1254 5541/1826/990 5546/1831/1182
f 5543/1828/1206 5546/1831/1182 5539/1824/1203
f 5547/1832/1257 5542/1827/1254 5546/1831/1182
f 5548/1833/1258 5547/1832/1257 5546/1831/1182
f 5545/1830/1256 5549/1834/1210 5543/1828/1206
f 5546/1831/1182 5543/1828/1206 5549/1834/1210
f 5545/1830/1256 5550/1835/1259 5549/1834/1210
f 5551/1836/1233 5548/1833/1258 5546/1831/1182
f 5551/1836/1233 5546/1831/1182 5549/1834/1210
f 5548/1833/1258 5551/1836/1233 5552/1837/1260
f 5550/1835/1259 5553/1838/1188 5549/1834/1210
f 5551/1836/1233 5549/1834/1210 5553/1838/1188
f 5550/1835/1259 5554/1839/1261 5553/1838/1188
f 5551/1836/1233 5555/1840/1190 5552/1837/1260
f 5555/1840/1190 5551/1836/1233 5553/1838/1188
f 5552/1837/1260 5555/1840/1190 5556/1841/1262
f 5554/1839/1261 5557/1842/1192 5553/1838/1188
f 5555/1840/1190 5553/1838/1188 5557/1842/1192
f 5554/1839/1261 5556/1841/1262 5557/1842/1192
f 5555/1840/1190 5558/1843/1237 5556/1841/1262
f 5558/1843/1237 5555/1840/1190 5557/1842/1192
f 5556/1841/1262 5558/1843/1237 5557/1842/1192
f 5560/1844/1240 5559/1845/1238 5561/1846/1239
f 5562/1847/1152 5560/1844/1240 5561/1846/1239
f 5560/1844/1240 5562/1847/1152 5563/1848/1154
f 5561/1846/1239 5564/1849/1263 5562/1847/1152
f 5565/1850/309 5563/1848/1154 5566/1851/1242
f 5564/1849/1263 5567/1852/1157 5562/1847/1152
f 5563/1848/1154 5568/1853/1158 5566/1851/1242
f 5562/1847/1152 5568/1853/1158 5563/1848/1154
f 5562/1847/1152 5567/1852/1157 5568/1853/1158
f 5569/1854/1264 5566/1851/1242 5568/1853/1158
f 5570/1855/1160 5567/1852/1157 5564/1849/1263
f 5571/1856/1265 5570/1855/1160 5564/1849/1263
f 5567/1852/1157 5572/1857/1162 5568/1853/1158
f 5572/1857/1162 5569/1854/1264 5568/1853/1158
f 5567/1852/1157 5570/1855/1160 5572/1857/1162
f 5569/1854/1264 5572/1857/1162 5573/1858/1163
f 5570/1855/1160 5573/1858/1163 5572/1857/1162
f 5574/1859/1266 5569/1854/1264 5573/1858/1163
f 5575/1860/1165 5570/1855/1160 5571/1856/1265
f 5570/1855/1160 5575/1860/1165 5573/1858/1163
f 5576/1861/1267 5575/1860/1165 5571/1856/1265
f 5576/1861/1267 5577/1862/1268 5575/1860/1165
f 5573/1858/1163 5578/1863/1168 5574/1859/1266
f 5575/1860/1165 5578/1863/1168 5573/1858/1163
f 5578/1863/1168 5579/1864/1269 5574/1859/1266
f 5579/1864/1269 5578/1863/1168 5580/1865/1270
f 5577/1862/1268 5581/1866/1271 5575/1860/1165
f 5575/1860/1165 5581/1866/1271 5578/1863/1168
f 5578/1863/1168 5582/1867/1172 5580/1865/1270
f 5581/1866/1271 5582/1867/1172 5578/1863/1168
f 5583/1868/1272 5581/1866/1271 5577/1862/1268
f 5581/1866/1271 5583/1868/1272 5582/1867/1172
f 5584/1869/1273 5583/1868/1272 5577/1862/1268
f 5580/1865/1270 5582/1867/1172 5585/1870/990
f 5583/1868/1272 5585/1870/990 5582/1867/1172
f 5586/1871/1274 5580/1865/1270 5585/1870/990
f 5587/1872/1002 5583/1868/1272 5584/1869/1273
f 5583/1868/1272 5587/1872/1002 5585/1870/990
f 5588/1873/1275 5587/1872/1002 5584/1869/1273
f 5585/1870/990 5589/1874/990 5586/1871/1274
f 5587/1872/1002 5589/1874/990 5585/1870/990
f 5589/1874/990 5590/1875/1276 5586/1871/1274
f 5587/1872/1002 5588/1873/1275 5591/1876/1277
f 5588/1873/1275 5592/1877/1278 5591/1876/1277
f 5592/1877/1278 5593/1878/1279 5591/1876/1277
f 5594/1879/1182 5589/1874/990 5587/1872/1002
f 5590/1875/1276 5589/1874/990 5594/1879/1182
f 5591/1876/1277 5594/1879/1182 5587/1872/1002
f 5595/1880/1280 5590/1875/1276 5594/1879/1182
f 5593/1878/1279 5596/1881/1210 5591/1876/1277
f 5594/1879/1182 5591/1876/1277 5596/1881/1210
f 5596/1881/1210 5593/1878/1279 5597/1882/1259
f 5595/1880/1280 5594/1879/1182 5598/1883/1281
f 5599/1884/1188 5596/1881/1210 5597/1882/1259
f 5597/1882/1259 5600/1885/1282 5599/1884/1188
f 5601/1886/1233 5594/1879/1182 5596/1881/1210
f 5594/1879/1182 5601/1886/1233 5598/1883/1281
f 5601/1886/1233 5596/1881/1210 5599/1884/1188
f 5598/1883/1281 5601/1886/1233 5602/1887/1190
f 5602/1887/1190 5601/1886/1233 5599/1884/1188
f 5603/1888/1283 5598/1883/1281 5602/1887/1190
f 5600/1885/1282 5604/1889/1192 5599/1884/1188
f 5602/1887/1190 5599/1884/1188 5604/1889/1192
f 5604/1889/1192 5600/1885/1282 5605/1890/1284
f 5603/1888/1283 5602/1887/1190 5605/1890/1284
f 5606/1891/1237 5602/1887/1190 5604/1889/1192
f 5602/1887/1190 5606/1891/1237 5605/1890/1284
f 5606/1891/1237 5604/1889/1192 5605/1890/1284
f 5608/1892/129 5607/1893/1151 5609/1653/1285
f 5607/1893/1151 5610/1655/1286 5609/1653/1285
f 5609/1653/1285 5610/1655/1286 5611/1656/1287
f 5607/1893/1151 5612/1657/1154 5610/1655/1286
f 5612/1657/1154 5613/1658/1155 5614/1659/1288
f 5615/1661/1289 5612/1657/1154 5614/1659/1288
f 5612/1657/1154 5615/1661/1289 5610/1655/1286
f 5615/1661/1289 5614/1659/1288 5616/1894/1290
f 5610/1655/1286 5617/1660/1291 5611/1656/1287
f 5610/1655/1286 5615/1661/1289 5617/1660/1291
f 5618/1665/1292 5615/1661/1289 5616/1894/1290
f 5615/1661/1289 5618/1665/1292 5617/1660/1291
f 5617/1660/1291 5619/1663/1293 5611/1656/1287
f 5617/1660/1291 5618/1665/1292 5619/1663/1293
f 5619/1663/1293 5620/1664/1294 5611/1656/1287
f 5618/1665/1292 5616/1894/1290 5621/1895/1295
f 5618/1665/1292 5621/1895/1295 5619/1663/1293
f 5616/1894/1290 5622/1896/1296 5621/1895/1295
f 5619/1663/1293 5623/1668/1297 5620/1664/1294
f 5619/1663/1293 5621/1895/1295 5623/1668/1297
f 5623/1668/1297 5624/1669/1298 5620/1664/1294
f 5625/1671/1299 5621/1895/1295 5622/1896/1296
f 5621/1895/1295 5625/1671/1299 5623/1668/1297
f 5626/1672/1300 5625/1671/1299 5622/1896/1296
f 5627/1670/1301 5624/1669/1298 5623/1668/1297
f 5626/1672/1300 5628/1673/1302 5625/1671/1299
f 5629/1674/1303 5627/1670/1301 5623/1668/1297
f 5623/1668/1297 5625/1671/1299 5629/1674/1303
f 5628/1673/1302 5630/1675/1304 5625/1671/1299
f 5625/1671/1299 5630/1675/1304 5629/1674/1303
f 5629/1674/1303 5631/1897/1305 5627/1670/1301
f 5629/1674/1303 5630/1675/1304 5631/1897/1305
f 5631/1897/1305 5632/1677/1306 5627/1670/1301
f 5633/1678/1307 5630/1675/1304 5628/1673/1302
f 5630/1675/1304 5633/1678/1307 5631/1897/1305
f 5634/1679/1308 5633/1678/1307 5628/1673/1302
f 5632/1677/1306 5631/1897/1305 5635/1680/1309
f 5631/1897/1305 5633/1678/1307 5635/1680/1309
f 5636/1681/1310 5632/1677/1306 5635/1680/1309
f 5637/1682/1311 5633/1678/1307 5634/1679/1308
f 5633/1678/1307 5637/1682/1311 5635/1680/1309
f 5638/1683/1312 5637/1682/1311 5634/1679/1308
f 5635/1680/1309 5639/1684/1313 5636/1681/1310
f 5639/1684/1313 5640/1685/1314 5636/1681/1310
f 5640/1685/1314 5639/1684/1313 5641/1686/1315
f 5635/1680/1309 5637/1682/1311 5642/1687/1316
f 5642/1687/1316 5637/1682/1311 5638/1683/1312
f 5639/1684/1313 5635/1680/1309 5642/1687/1316
f 5643/1688/1317 5642/1687/1316 5638/1683/1312
f 5639/1684/1313 5644/1689/1318 5641/1686/1315
f 5644/1689/1318 5639/1684/1313 5642/1687/1316
f 5641/1686/1315 5644/1689/1318 5645/1690/1319
f 5646/1691/1320 5642/1687/1316 5643/1688/1317
f 5646/1691/1320 5644/1689/1318 5642/1687/1316
f 5647/1692/1321 5646/1691/1320 5643/1688/1317
f 5644/1689/1318 5648/1693/1322 5645/1690/1319
f 5648/1693/1322 5644/1689/1318 5646/1691/1320
f 5645/1690/1319 5648/1693/1322 5649/1898/1323
f 5650/1695/1324 5646/1691/1320 5647/1692/1321
f 5650/1695/1324 5648/1693/1322 5646/1691/1320
f 5651/1696/1325 5650/1695/1324 5647/1692/1321
f 5648/1693/1322 5652/1899/1326 5649/1898/1323
f 5652/1899/1326 5648/1693/1322 5650/1695/1324
f 5653/1698/1327 5649/1898/1323 5652/1899/1326
f 5650/1695/1324 5651/1696/1325 5653/1698/1327
f 5654/1900/1328 5652/1899/1326 5650/1695/1324
f 5654/1900/1328 5653/1698/1327 5652/1899/1326
f 5654/1900/1328 5650/1695/1324 5653/1698/1327
f 5656/1901/129 5655/1902/1151 5657/1701/1285
f 5655/1902/1151 5658/1703/1286 5657/1701/1285
f 5657/1701/1285 5658/1703/1286 5659/1704/1287
f 5655/1902/1151 5660/1903/1154 5658/1703/1286
f 5660/1903/1154 5661/1904/1155 5662/1707/1288
f 5663/1709/1289 5660/1903/1154 5662/1707/1288
f 5660/1903/1154 5663/1709/1289 5658/1703/1286
f 5663/1709/1289 5662/1707/1288 5664/1710/1290
f 5658/1703/1286 5665/1708/1291 5659/1704/1287
f 5658/1703/1286 5663/1709/1289 5665/1708/1291
f 5666/1713/1292 5663/1709/1289 5664/1710/1290
f 5663/1709/1289 5666/1713/1292 5665/1708/1291
f 5665/1708/1291 5667/1711/1293 5659/1704/1287
f 5665/1708/1291 5666/1713/1292 5667/1711/1293
f 5667/1711/1293 5668/1712/1329 5659/1704/1287
f 5666/1713/1292 5664/1710/1290 5669/1714/1295
f 5666/1713/1292 5669/1714/1295 5667/1711/1293
f 5664/1710/1290 5670/1715/1296 5669/1714/1295
f 5667/1711/1293 5671/1716/1297 5668/1712/1329
f 5667/1711/1293 5669/1714/1295 5671/1716/1297
f 5671/1716/1297 5672/1717/1330 5668/1712/1329
f 5673/1719/1299 5669/1714/1295 5670/1715/1296
f 5669/1714/1295 5673/1719/1299 5671/1716/1297
f 5674/1720/1300 5673/1719/1299 5670/1715/1296
f 5675/1718/1331 5672/1717/1330 5671/1716/1297
f 5674/1720/1300 5676/1721/1332 5673/1719/1299
f 5677/1722/1303 5675/1718/1331 5671/1716/1297
f 5671/1716/1297 5673/1719/1299 5677/1722/1303
f 5676/1721/1332 5678/1723/1304 5673/1719/1299
f 5673/1719/1299 5678/1723/1304 5677/1722/1303
f 5677/1722/1303 5679/1905/1305 5675/1718/1331
f 5677/1722/1303 5678/1723/1304 5679/1905/1305
f 5679/1905/1305 5680/1906/1333 5675/1718/1331
f 5681/1907/1307 5678/1723/1304 5676/1721/1332
f 5678/1723/1304 5681/1907/1307 5679/1905/1305
f 5682/1908/1334 5681/1907/1307 5676/1721/1332
f 5680/1906/1333 5679/1905/1305 5683/1728/1309
f 5679/1905/1305 5681/1907/1307 5683/1728/1309
f 5684/1729/1335 5680/1906/1333 5683/1728/1309
f 5685/1730/1311 5681/1907/1307 5682/1908/1334
f 5681/1907/1307 5685/1730/1311 5683/1728/1309
f 5686/1909/1336 5685/1730/1311 5682/1908/1334
f 5683/1728/1309 5687/1732/1337 5684/1729/1335
f 5687/1732/1337 5688/1733/1338 5684/1729/1335
f 5688/1733/1338 5687/1732/1337 5689/1910/1339
f 5683/1728/1309 5685/1730/1311 5690/1911/1316
f 5690/1911/1316 5685/1730/1311 5686/1909/1336
f 5687/1732/1337 5683/1728/1309 5690/1911/1316
f 5691/1736/1340 5690/1911/1316 5686/1909/1336
f 5687/1732/1337 5692/1737/1341 5689/1910/1339
f 5692/1737/1341 5687/1732/1337 5690/1911/1316
f 5689/1910/1339 5692/1737/1341 5693/1738/1342
f 5694/1912/1320 5690/1911/1316 5691/1736/1340
f 5694/1912/1320 5692/1737/1341 5690/1911/1316
f 5695/1913/1343 5694/1912/1320 5691/1736/1340
f 5695/1913/1343 5696/1741/1344 5694/1912/1320
f 5692/1737/1341 5697/1742/1322 5693/1738/1342
f 5697/1742/1322 5692/1737/1341 5694/1912/1320
f 5693/1738/1342 5697/1742/1322 5698/1914/1345
f 5696/1741/1344 5699/1744/1324 5694/1912/1320
f 5699/1744/1324 5697/1742/1322 5694/1912/1320
f 5699/1744/1324 5696/1741/1344 5700/1745/1346
f 5697/1742/1322 5701/1915/1347 5698/1914/1345
f 5701/1915/1347 5697/1742/1322 5699/1744/1324
f 5700/1745/1346 5698/1914/1345 5701/1915/1347
f 5702/1916/1348 5699/1744/1324 5700/1745/1346
f 5702/1916/1348 5701/1915/1347 5699/1744/1324
f 5702/1916/1348 5700/1745/1346 5701/1915/1347
f 5704/1750/1349 5703/1749/129 5705/1748/1151
f 5706/1751/1286 5704/1750/1349 5705/1748/1151
f 5704/1750/1349 5706/1751/1286 5707/1753/1350
f 5706/1751/1286 5705/1748/1151 5708/1752/1154
f 5710/1755/1155 5709/1754/1351 5708/1752/1154
f 5709/1754/1351 5711/1756/1352 5708/1752/1154
f 5711/1756/1352 5706/1751/1286 5708/1752/1154
f 5711/1756/1352 5709/1754/1351 5712/1757/1353
f 5706/1751/1286 5713/1758/1291 5707/1753/1350
f 5706/1751/1286 5711/1756/1352 5713/1758/1291
f 5714/1759/1292 5711/1756/1352 5712/1757/1353
f 5711/1756/1352 5714/1759/1292 5713/1758/1291
f 5713/1758/1291 5715/1760/1293 5707/1753/1350
f 5713/1758/1291 5714/1759/1292 5715/1760/1293
f 5715/1760/1293 5716/1761/1354 5707/1753/1350
f 5714/1759/1292 5712/1757/1353 5717/1762/1295
f 5714/1759/1292 5717/1762/1295 5715/1760/1293
f 5712/1757/1353 5718/1763/1355 5717/1762/1295
f 5715/1760/1293 5719/1764/1297 5716/1761/1354
f 5715/1760/1293 5717/1762/1295 5719/1764/1297
f 5719/1764/1297 5720/1765/1356 5716/1761/1354
f 5721/1767/1299 5717/1762/1295 5718/1763/1355
f 5717/1762/1295 5721/1767/1299 5719/1764/1297
f 5722/1768/1357 5721/1767/1299 5718/1763/1355
f 5723/1917/1358 5720/1765/1356 5719/1764/1297
f 5722/1768/1357 5724/1918/1359 5721/1767/1299
f 5725/1919/1303 5723/1917/1358 5719/1764/1297
f 5719/1764/1297 5721/1767/1299 5725/1919/1303
f 5724/1918/1359 5726/1920/1304 5721/1767/1299
f 5721/1767/1299 5726/1920/1304 5725/1919/1303
f 5725/1919/1303 5727/1772/1305 5723/1917/1358
f 5725/1919/1303 5726/1920/1304 5727/1772/1305
f 5727/1772/1305 5728/1773/1360 5723/1917/1358
f 5729/1774/1307 5726/1920/1304 5724/1918/1359
f 5726/1920/1304 5729/1774/1307 5727/1772/1305
f 5730/1775/1361 5729/1774/1307 5724/1918/1359
f 5728/1773/1360 5727/1772/1305 5731/1776/1309
f 5727/1772/1305 5729/1774/1307 5731/1776/1309
f 5732/1921/1362 5728/1773/1360 5731/1776/1309
f 5733/1778/867 5729/1774/1307 5730/1775/1361
f 5729/1774/1307 5733/1778/867 5731/1776/1309
f 5734/1779/1312 5733/1778/867 5730/1775/1361
f 5731/1776/1309 5735/1780/1337 5732/1921/1362
f 5735/1780/1337 5736/1781/1363 5732/1921/1362
f 5736/1781/1363 5735/1780/1337 5737/1782/1364
f 5731/1776/1309 5733/1778/867 5738/1783/1316
f 5738/1783/1316 5733/1778/867 5734/1779/1312
f 5735/1780/1337 5731/1776/1309 5738/1783/1316
f 5739/1784/1365 5738/1783/1316 5734/1779/1312
f 5735/1780/1337 5740/1785/1341 5737/1782/1364
f 5740/1785/1341 5735/1780/1337 5738/1783/1316
f 5737/1782/1364 5740/1785/1341 5741/1786/1342
f 5742/1787/1320 5738/1783/1316 5739/1784/1365
f 5742/1787/1320 5740/1785/1341 5738/1783/1316
f 5743/1788/1366 5742/1787/1320 5739/1784/1365
f 5740/1785/1341 5744/1789/1322 5741/1786/1342
f 5744/1789/1322 5740/1785/1341 5742/1787/1320
f 5741/1786/1342 5744/1789/1322 5745/1922/1345
f 5746/1791/1324 5742/1787/1320 5743/1788/1366
f 5746/1791/1324 5744/1789/1322 5742/1787/1320
f 5747/1792/1367 5746/1791/1324 5743/1788/1366
f 5746/1791/1324 5747/1792/1367 5748/1923/1368
f 5744/1789/1322 5749/1924/1326 5745/1922/1345
f 5749/1924/1326 5744/1789/1322 5746/1791/1324
f 5750/1795/1348 5748/1923/1368 5745/1922/1345
f 5749/1924/1326 5750/1795/1348 5745/1922/1345
f 5750/1795/1348 5746/1791/1324 5748/1923/1368
f 5750/1795/1348 5749/1924/1326 5746/1791/1324
f 5752/1796/1238 5751/1798/1151 5753/1797/1369
f 5751/1798/1151 5754/1799/1286 5753/1797/1369
f 5753/1797/1369 5754/1799/1286 5755/1800/1370
f 5751/1798/1151 5756/1801/1371 5754/1799/1286
f 5758/1803/309 5757/1802/1372 5756/1801/1371
f 5757/1802/1372 5759/1804/1352 5756/1801/1371
f 5756/1801/1371 5759/1804/1352 5754/1799/1286
f 5757/1802/1372 5760/1805/1373 5759/1804/1352
f 5754/1799/1286 5761/1806/1291 5755/1800/1370
f 5754/1799/1286 5759/1804/1352 5761/1806/1291
f 5760/1805/1373 5762/1807/1374 5759/1804/1352
f 5759/1804/1352 5762/1807/1374 5761/1806/1291
f 5761/1806/1291 5763/1808/1293 5755/1800/1370
f 5761/1806/1291 5762/1807/1374 5763/1808/1293
f 5763/1808/1293 5764/1809/1375 5755/1800/1370
f 5762/1807/1374 5760/1805/1373 5765/1810/1376
f 5762/1807/1374 5765/1810/1376 5763/1808/1293
f 5760/1805/1373 5766/1811/1377 5765/1810/1376
f 5763/1808/1293 5767/1812/1378 5764/1809/1375
f 5763/1808/1293 5765/1810/1376 5767/1812/1378
f 5767/1812/1378 5768/1813/1379 5764/1809/1375
f 5769/1815/1380 5765/1810/1376 5766/1811/1377
f 5765/1810/1376 5769/1815/1380 5767/1812/1378
f 5770/1816/1381 5769/1815/1380 5766/1811/1377
f 5768/1813/1379 5767/1812/1378 5771/1925/1382
f 5770/1816/1381 5772/1926/1383 5769/1815/1380
f 5767/1812/1378 5773/1927/1303 5771/1925/1382
f 5767/1812/1378 5769/1815/1380 5773/1927/1303
f 5772/1926/1383 5774/1928/1304 5769/1815/1380
f 5769/1815/1380 5774/1928/1304 5773/1927/1303
f 5773/1927/1303 5775/1820/1305 5771/1925/1382
f 5773/1927/1303 5774/1928/1304 5775/1820/1305
f 5775/1820/1305 5776/1821/1384 5771/1925/1382
f 5777/1822/1307 5774/1928/1304 5772/1926/1383
f 5774/1928/1304 5777/1822/1307 5775/1820/1305
f 5778/1823/1385 5777/1822/1307 5772/1926/1383
f 5776/1821/1384 5775/1820/1305 5779/1929/1309
f 5775/1820/1305 5777/1822/1307 5779/1929/1309
f 5780/1930/1386 5776/1821/1384 5779/1929/1309
f 5781/1931/867 5777/1822/1307 5778/1823/1385
f 5777/1822/1307 5781/1931/867 5779/1929/1309
f 5782/1932/1387 5781/1931/867 5778/1823/1385
f 5779/1929/1309 5783/1933/1337 5780/1930/1386
f 5783/1933/1337 5784/1829/1388 5780/1930/1386
f 5784/1829/1388 5783/1933/1337 5785/1830/1364
f 5779/1929/1309 5781/1931/867 5786/1934/1316
f 5786/1934/1316 5781/1931/867 5782/1932/1387
f 5783/1933/1337 5779/1929/1309 5786/1934/1316
f 5787/1832/1389 5786/1934/1316 5782/1932/1387
f 5786/1934/1316 5787/1832/1389 5788/1833/1390
f 5783/1933/1337 5789/1834/1341 5785/1830/1364
f 5789/1834/1341 5783/1933/1337 5786/1934/1316
f 5785/1830/1364 5789/1834/1341 5790/1835/1391
f 5791/1836/1392 5786/1934/1316 5788/1833/1390
f 5791/1836/1392 5789/1834/1341 5786/1934/1316
f 5788/1833/1390 5792/1837/1393 5791/1836/1392
f 5789/1834/1341 5793/1838/1322 5790/1835/1391
f 5793/1838/1322 5789/1834/1341 5791/1836/1392
f 5790/1835/1391 5793/1838/1322 5794/1839/1345
f 5792/1837/1393 5795/1935/1324 5791/1836/1392
f 5795/1935/1324 5793/1838/1322 5791/1836/1392
f 5792/1837/1393 5796/1936/1394 5795/1935/1324
f 5793/1838/1322 5797/1937/1347 5794/1839/1345
f 5794/1839/1345 5797/1937/1347 5796/1936/1394
f 5797/1937/1347 5793/1838/1322 5795/1935/1324
f 5797/1937/1347 5798/1938/1328 5796/1936/1394
f 5796/1936/1394 5798/1938/1328 5795/1935/1324
f 5798/1938/1328 5797/1937/1347 5795/1935/1324
f 5800/1939/1369 5799/1940/1238 5801/1941/1151
f 5802/1942/1286 5800/1939/1369 5801/1941/1151
f 5800/1939/1369 5802/1942/1286 5803/1849/1395
f 5801/1941/1151 5804/1943/1371 5802/1942/1286
f 5804/1943/1371 5805/1944/309 5806/1945/1372
f 5807/1946/1352 5804/1943/1371 5806/1945/1372
f 5804/1943/1371 5807/1946/1352 5802/1942/1286
f 5806/1945/1372 5808/1854/1396 5807/1946/1352
f 5802/1942/1286 5809/1852/1291 5803/1849/1395
f 5802/1942/1286 5807/1946/1352 5809/1852/1291
f 5808/1854/1396 5810/1857/1292 5807/1946/1352
f 5807/1946/1352 5810/1857/1292 5809/1852/1291
f 5809/1852/1291 5811/1855/1293 5803/1849/1395
f 5809/1852/1291 5810/1857/1292 5811/1855/1293
f 5811/1855/1293 5812/1856/1397 5803/1849/1395
f 5810/1857/1292 5808/1854/1396 5813/1858/1295
f 5810/1857/1292 5813/1858/1295 5811/1855/1293
f 5808/1854/1396 5814/1859/1398 5813/1858/1295
f 5811/1855/1293 5815/1860/1297 5812/1856/1397
f 5811/1855/1293 5813/1858/1295 5815/1860/1297
f 5815/1860/1297 5816/1861/1399 5812/1856/1397
f 5817/1863/1299 5813/1858/1295 5814/1859/1398
f 5813/1858/1295 5817/1863/1299 5815/1860/1297
f 5818/1864/1400 5817/1863/1299 5814/1859/1398
f 5816/1861/1399 5815/1860/1297 5819/1862/1401
f 5818/1864/1400 5820/1865/1402 5817/1863/1299
f 5815/1860/1297 5821/1866/1303 5819/1862/1401
f 5815/1860/1297 5817/1863/1299 5821/1866/1303
f 5820/1865/1402 5822/1867/1403 5817/1863/1299
f 5817/1863/1299 5822/1867/1403 5821/1866/1303
f 5821/1866/1303 5823/1868/874 5819/1862/1401
f 5821/1866/1303 5822/1867/1403 5823/1868/874
f 5823/1868/874 5824/1869/1404 5819/1862/1401
f 5825/1870/1307 5822/1867/1403 5820/1865/1402
f 5822/1867/1403 5825/1870/1307 5823/1868/874
f 5826/1871/1405 5825/1870/1307 5820/1865/1402
f 5824/1869/1404 5823/1868/874 5827/1872/1309
f 5823/1868/874 5825/1870/1307 5827/1872/1309
f 5828/1873/1335 5824/1869/1404 5827/1872/1309
f 5829/1947/867 5825/1870/1307 5826/1871/1405
f 5825/1870/1307 5829/1947/867 5827/1872/1309
f 5830/1875/1406 5829/1947/867 5826/1871/1405
f 5827/1872/1309 5831/1876/1313 5828/1873/1335
f 5831/1876/1313 5832/1877/1407 5828/1873/1335
f 5832/1877/1407 5831/1876/1313 5833/1878/1408
f 5827/1872/1309 5829/1947/867 5834/1879/1316
f 5834/1879/1316 5829/1947/867 5830/1875/1406
f 5831/1876/1313 5827/1872/1309 5834/1879/1316
f 5835/1880/1409 5834/1879/1316 5830/1875/1406
f 5831/1876/1313 5836/1881/1341 5833/1878/1408
f 5836/1881/1341 5831/1876/1313 5834/1879/1316
f 5837/1882/1391 5833/1878/1408 5836/1881/1341
f 5835/1880/1409 5838/1883/1410 5834/1879/1316
f 5839/1948/1322 5837/1882/1391 5836/1881/1341
f 5837/1882/1391 5839/1948/1322 5840/1885/1411
f 5841/1886/1392 5836/1881/1341 5834/1879/1316
f 5838/1883/1410 5841/1886/1392 5834/1879/1316
f 5839/1948/1322 5836/1881/1341 5841/1886/1392
f 5842/1887/1324 5841/1886/1392 5838/1883/1410
f 5842/1887/1324 5839/1948/1322 5841/1886/1392
f 5843/1949/1412 5842/1887/1324 5838/1883/1410
f 5839/1948/1322 5844/1889/1326 5840/1885/1411
f 5844/1889/1326 5839/1948/1322 5842/1887/1324
f 5845/1890/1413 5840/1885/1411 5844/1889/1326
f 5843/1949/1412 5845/1890/1413 5842/1887/1324
f 5846/1950/1328 5845/1890/1413 5844/1889/1326
f 5845/1890/1413 5846/1950/1328 5842/1887/1324
f 5846/1950/1328 5844/1889/1326 5842/1887/1324
f 5848/1951/1414 5847/1952/1415 5849/1953/1416
f 5850/1954/1417 5848/1951/1414 5849/1953/1416
f 5851/1955/1418 5848/1951/1414 5850/1954/1417
f 5849/1953/1416 5852/1956/1419 5850/1954/1417
f 5853/1957/1420 5851/1955/1418 5850/1954/1417
f 5854/1958/1421 5851/1955/1418 5853/1957/1420
f 5852/1956/1419 5855/1959/1422 5850/1954/1417
f 5850/1954/1417 5855/1959/1422 5853/1957/1420
f 5852/1956/1419 5856/1960/1423 5855/1959/1422
f 5857/1961/1424 5854/1958/1421 5853/1957/1420
f 5858/1962/1425 5854/1958/1421 5857/1961/1424
f 5855/1959/1422 5859/1963/1426 5853/1957/1420
f 5853/1957/1420 5859/1963/1426 5857/1961/1424
f 5856/1960/1423 5860/1964/1427 5855/1959/1422
f 5855/1959/1422 5860/1964/1427 5859/1963/1426
f 5860/1964/1427 5856/1960/1423 5861/1965/1428
f 5862/1966/1429 5858/1962/1425 5857/1961/1424
f 5863/1967/1430 5858/1962/1425 5862/1966/1429
f 5859/1963/1426 5864/1968/1431 5857/1961/1424
f 5857/1961/1424 5864/1968/1431 5862/1966/1429
f 5860/1964/1427 5865/1969/1432 5859/1963/1426
f 5859/1963/1426 5865/1969/1432 5864/1968/1431
f 5866/1970/1433 5860/1964/1427 5861/1965/1428
f 5865/1969/1432 5860/1964/1427 5866/1970/1433
f 5866/1970/1433 5861/1965/1428 5867/1971/1434
f 5868/1972/1435 5863/1967/1430 5862/1966/1429
f 5869/1973/1436 5863/1967/1430 5868/1972/1435
f 5870/1974/1437 5866/1970/1433 5867/1971/1434
f 5867/1971/1434 5871/1975/1438 5870/1974/1437
f 5872/1976/1439 5865/1969/1432 5866/1970/1433
f 5872/1976/1439 5866/1970/1433 5870/1974/1437
f 5865/1969/1432 5873/1977/1440 5864/1968/1431
f 5873/1977/1440 5865/1969/1432 5872/1976/1439
f 5864/1968/1431 5874/1978/1441 5862/1966/1429
f 5864/1968/1431 5873/1977/1440 5874/1978/1441
f 5868/1972/1435 5862/1966/1429 5874/1978/1441
f 5871/1975/1438 5875/1979/1442 5870/1974/1437
f 5871/1975/1438 5876/1980/1443 5875/1979/1442
f 5877/1981/1444 5872/1976/1439 5870/1974/1437
f 5870/1974/1437 5875/1979/1442 5877/1981/1444
f 5878/1982/1445 5873/1977/1440 5872/1976/1439
f 5878/1982/1445 5872/1976/1439 5877/1981/1444
f 5876/1980/1443 5879/1983/1446 5875/1979/1442
f 5880/1984/1447 5873/1977/1440 5878/1982/1445
f 5873/1977/1440 5880/1984/1447 5874/1978/1441
f 5876/1980/1443 5881/1985/1448 5879/1983/1446
f 5875/1979/1442 5882/1986/1449 5877/1981/1444
f 5875/1979/1442 5879/1983/1446 5882/1986/1449
f 5883/1987/1450 5878/1982/1445 5877/1981/1444
f 5877/1981/1444 5882/1986/1449 5883/1987/1450
f 5879/1983/1446 5884/1988/1451 5882/1986/1449
f 5879/1983/1446 5881/1985/1448 5884/1988/1451
f 5882/1986/1449 5885/1989/1452 5883/1987/1450
f 5882/1986/1449 5884/1988/1451 5885/1989/1452
f 5886/1990/1453 5878/1982/1445 5883/1987/1450
f 5886/1990/1453 5880/1984/1447 5878/1982/1445
f 5884/1988/1451 5887/1991/1454 5885/1989/1452
f 5884/1988/1451 5881/1985/1448 5887/1991/1454
f 5883/1987/1450 5885/1989/1452 5888/1992/1455
f 5888/1992/1455 5886/1990/1453 5883/1987/1450
f 5889/1993/1456 5885/1989/1452 5887/1991/1454
f 5885/1989/1452 5889/1993/1456 5888/1992/1455
f 5890/1994/1457 5889/1993/1456 5887/1991/1454
f 5887/1991/1454 5881/1985/1448 5890/1994/1457
f 5891/1995/1458 5888/1992/1455 5889/1993/1456
f 5889/1993/1456 5890/1994/1457 5892/1996/1459
f 5892/1996/1459 5891/1995/1458 5889/1993/1456
f 5893/1997/1460 5886/1990/1453 5888/1992/1455
f 5891/1995/1458 5893/1997/1460 5888/1992/1455
f 5890/1994/1457 5894/1998/1461 5892/1996/1459
f 5890/1994/1457 5881/1985/1448 5894/1998/1461
f 5894/1998/1461 5895/1999/1462 5892/1996/1459
f 5894/1998/1461 5881/1985/1448 5895/1999/1462
f 5892/1996/1459 5896/2000/1463 5891/1995/1458
f 5895/1999/1462 5896/2000/1463 5892/1996/1459
f 5891/1995/1458 5897/2001/1464 5893/1997/1460
f 5896/2000/1463 5897/2001/1464 5891/1995/1458
f 5893/1997/1460 5898/2002/1465 5886/1990/1453
f 5898/2002/1465 5880/1984/1447 5886/1990/1453
f 5895/1999/1462 5899/2003/1466 5896/2000/1463
f 5895/1999/1462 5881/1985/1448 5899/2003/1466
f 5899/2003/1466 5900/2004/1467 5896/2000/1463
f 5896/2000/1463 5900/2004/1467 5897/2001/1464
f 5899/2003/1466 5881/1985/1448 5901/2005/1468
f 5899/2003/1466 5901/2005/1468 5900/2004/1467
f 5901/2005/1468 5881/1985/1448 5902/2006/1469
f 5902/2006/1469 5881/1985/1448 5903/2007/1470
f 5901/2005/1468 5904/2008/1471 5900/2004/1467
f 5901/2005/1468 5902/2006/1469 5904/2008/1471
f 5902/2006/1469 5903/2007/1470 5905/2009/1472
f 5902/2006/1469 5905/2009/1472 5904/2008/1471
f 5903/2007/1470 5906/2010/1473 5905/2009/1472
f 5900/2004/1467 5904/2008/1471 5907/2011/1474
f 5900/2004/1467 5907/2011/1474 5897/2001/1464
f 5904/2008/1471 5905/2009/1472 5908/2012/1475
f 5904/2008/1471 5908/2012/1475 5907/2011/1474
f 5905/2009/1472 5906/2010/1473 5909/2013/1476
f 5905/2009/1472 5909/2013/1476 5908/2012/1475
f 5906/2010/1473 5910/2014/1477 5909/2013/1476
f 5897/2001/1464 5907/2011/1474 5911/2015/1478
f 5897/2001/1464 5911/2015/1478 5893/1997/1460
f 5893/1997/1460 5911/2015/1478 5898/2002/1465
f 5909/2013/1476 5910/2014/1477 5912/2016/1479
f 5910/2014/1477 5913/2017/1480 5912/2016/1479
f 5907/2011/1474 5914/2018/1481 5911/2015/1478
f 5907/2011/1474 5908/2012/1475 5914/2018/1481
f 5908/2012/1475 5909/2013/1476 5915/2019/1482
f 5908/2012/1475 5915/2019/1482 5914/2018/1481
f 5909/2013/1476 5912/2016/1479 5915/2019/1482
f 5911/2015/1478 5914/2018/1481 5916/2020/1483
f 5911/2015/1478 5916/2020/1483 5898/2002/1465
f 5914/2018/1481 5915/2019/1482 5917/2021/1484
f 5914/2018/1481 5917/2021/1484 5916/2020/1483
f 5915/2019/1482 5912/2016/1479 5918/2022/1485
f 5915/2019/1482 5918/2022/1485 5917/2021/1484
f 5912/2016/1479 5913/2017/1480 5919/2023/1486
f 5912/2016/1479 5919/2023/1486 5918/2022/1485
f 5913/2017/1480 5920/2024/1487 5919/2023/1486
f 5898/2002/1465 5916/2020/1483 5921/2025/1488
f 5880/1984/1447 5898/2002/1465 5921/2025/1488
f 5874/1978/1441 5880/1984/1447 5921/2025/1488
f 5921/2025/1488 5868/1972/1435 5874/1978/1441
f 5916/2020/1483 5917/2021/1484 5922/2026/1489
f 5916/2020/1483 5922/2026/1489 5921/2025/1488
f 5868/1972/1435 5921/2025/1488 5923/2027/1490
f 5921/2025/1488 5922/2026/1489 5923/2027/1490
f 5923/2027/1490 5869/1973/1436 5868/1972/1435
f 5924/2028/1491 5869/1973/1436 5923/2027/1490
f 5917/2021/1484 5925/2029/1492 5922/2026/1489
f 5922/2026/1489 5925/2029/1492 5923/2027/1490
f 5917/2021/1484 5918/2022/1485 5925/2029/1492
f 5926/2030/1493 5924/2028/1491 5923/2027/1490
f 5925/2029/1492 5926/2030/1493 5923/2027/1490
f 5927/2031/1494 5924/2028/1491 5926/2030/1493
f 5918/2022/1485 5928/2032/1495 5925/2029/1492
f 5925/2029/1492 5928/2032/1495 5926/2030/1493
f 5918/2022/1485 5919/2023/1486 5928/2032/1495
f 5929/2033/1496 5927/2031/1494 5926/2030/1493
f 5928/2032/1495 5929/2033/1496 5926/2030/1493
f 5930/2034/1497 5927/2031/1494 5929/2033/1496
f 5919/2023/1486 5931/2035/1498 5928/2032/1495
f 5928/2032/1495 5931/2035/1498 5929/2033/1496
f 5919/2023/1486 5920/2024/1487 5931/2035/1498
f 5920/2024/1487 5932/2036/1499 5931/2035/1498
f 5931/2035/1498 5932/2036/1499 5933/2037/1500
f 5934/2038/1501 5930/2034/1497 5929/2033/1496
f 5931/2035/1498 5934/2038/1501 5929/2033/1496
f 5934/2038/1501 5931/2035/1498 5933/2037/1500
f 5935/2039/1502 5930/2034/1497 5934/2038/1501
f 5933/2037/1500 5935/2039/1502 5934/2038/1501
f 5937/2040/1503 5936/2041/1504 5938/2042/1505
f 5939/2043/1506 5937/2040/1503 5938/2042/1505
f 5939/2043/1506 5938/2042/1505 5940/2044/1507
f 5939/2043/1506 5941/2045/1508 5937/2040/1503
f 5942/2046/1509 5939/2043/1506 5940/2044/1507
f 5942/2046/1509 5941/2045/1508 5939/2043/1506
f 5942/2046/1509 5940/2044/1507 5943/2047/1510
f 5944/2048/1511 5942/2046/1509 5943/2047/1510
f 5944/2048/1511 5941/2045/1508 5942/2046/1509
f 5943/2047/1510 5945/2049/1512 5944/2048/1511
f 5945/2049/1512 5946/2050/1513 5944/2048/1511
f 5946/2050/1513 5941/2045/1508 5944/2048/1511
f 5945/2049/1512 5947/2051/1514 5946/2050/1513
f 5947/2051/1514 5948/2052/1515 5946/2050/1513
f 5946/2050/1513 5948/2052/1515 5941/2045/1508
f 5949/2053/1516 5948/2052/1515 5947/2051/1514
f 5949/2053/1516 5941/2045/1508 5948/2052/1515
f 5950/2054/1517 5949/2053/1516 5947/2051/1514
f 5949/2053/1516 5950/2054/1517 5951/2055/1518
f 5951/2055/1518 5941/2045/1508 5949/2053/1516
f 5950/2054/1517 5952/2056/1519 5951/2055/1518
f 5951/2055/1518 5952/2056/1519 5953/2057/1520
f 5953/2057/1520 5941/2045/1508 5951/2055/1518
f 5952/2056/1519 5954/2058/1521 5953/2057/1520
f 5955/2059/1522 5941/2045/1508 5953/2057/1520
f 5953/2057/1520 5954/2058/1521 5955/2059/1522
f 5956/2060/1522 5941/2045/1508 5955/2059/1522
f 5954/2058/1521 5957/2061/1523 5955/2059/1522
f 5955/2059/1522 5957/2061/1523 5956/2060/1522
f 5957/2061/1523 5958/2062/1524 5956/2060/1522
f 5960/1953/1525 5959/1952/1526 5961/1951/1527
f 5962/1954/1528 5960/1953/1525 5961/1951/1527
f 5960/1953/1525 5962/1954/1528 5963/2063/1529
f 5962/1954/1528 5961/1951/1527 5964/1955/1530
f 5962/1954/1528 5965/2064/1531 5963/2063/1529
f 5963/2063/1529 5965/2064/1531 5966/1960/1532
f 5967/1957/1533 5962/1954/1528 5964/1955/1530
f 5962/1954/1528 5967/1957/1533 5965/2064/1531
f 5967/1957/1533 5964/1955/1530 5968/2065/1534
f 5965/2064/1531 5969/2066/1535 5966/1960/1532
f 5966/1960/1532 5969/2066/1535 5970/1965/1536
f 5967/1957/1533 5971/2067/1537 5965/2064/1531
f 5965/2064/1531 5971/2067/1537 5969/2066/1535
f 5972/2068/1538 5967/1957/1533 5968/2065/1534
f 5967/1957/1533 5972/2068/1538 5971/2067/1537
f 5972/2068/1538 5968/2065/1534 5973/2069/1539
f 5969/2066/1535 5974/2070/1540 5970/1965/1536
f 5970/1965/1536 5974/2070/1540 5975/2071/1541
f 5971/2067/1537 5976/2072/1542 5969/2066/1535
f 5969/2066/1535 5976/2072/1542 5974/2070/1540
f 5972/2068/1538 5977/2073/1543 5971/2067/1537
f 5971/2067/1537 5977/2073/1543 5976/2072/1542
f 5978/2074/1544 5972/2068/1538 5973/2069/1539
f 5972/2068/1538 5978/2074/1544 5977/2073/1543
f 5978/2074/1544 5973/2069/1539 5979/2075/249
f 5974/2070/1540 5980/2076/1545 5975/2071/1541
f 5975/2071/1541 5980/2076/1545 5981/2077/1546
f 5982/2078/249 5978/2074/1544 5979/2075/249
f 5982/2078/249 5979/2075/249 5983/1973/1547
f 5978/2074/1544 5984/1978/1548 5977/2073/1543
f 5984/1978/1548 5978/2074/1544 5982/2078/249
f 5977/2073/1543 5985/2079/1549 5976/2072/1542
f 5985/2079/1549 5977/2073/1543 5984/1978/1548
f 5976/2072/1542 5986/2080/1550 5974/2070/1540
f 5976/2072/1542 5985/2079/1549 5986/2080/1550
f 5974/2070/1540 5986/2080/1550 5980/2076/1545
f 5987/2081/1551 5985/2079/1549 5984/1978/1548
f 5985/2079/1549 5988/1982/1552 5986/2080/1550
f 5985/2079/1549 5987/2081/1551 5988/1982/1552
f 5986/2080/1550 5989/2082/1553 5980/2076/1545
f 5986/2080/1550 5988/1982/1552 5989/2082/1553
f 5980/2076/1545 5990/2083/1554 5981/2077/1546
f 5980/2076/1545 5989/2082/1553 5990/2083/1554
f 5981/2077/1546 5990/2083/1554 5991/2084/1555
f 5988/1982/1552 5992/1987/1556 5989/2082/1553
f 5990/2083/1554 5993/2085/1557 5991/2084/1555
f 5989/2082/1553 5994/2086/1558 5990/2083/1554
f 5990/2083/1554 5994/2086/1558 5993/2085/1557
f 5989/2082/1553 5992/1987/1556 5994/2086/1558
f 5993/2085/1557 5995/1985/1559 5991/2084/1555
f 5994/2086/1558 5996/1988/1560 5993/2085/1557
f 5996/1988/1560 5995/1985/1559 5993/2085/1557
f 5992/1987/1556 5997/2087/1561 5994/2086/1558
f 5994/2086/1558 5997/2087/1561 5996/1988/1560
f 5988/1982/1552 5998/1990/1562 5992/1987/1556
f 5987/2081/1551 5998/1990/1562 5988/1982/1552
f 5997/2087/1561 5999/2088/1563 5996/1988/1560
f 5999/2088/1563 5995/1985/1559 5996/1988/1560
f 5992/1987/1556 6000/1992/1564 5997/2087/1561
f 5998/1990/1562 6000/1992/1564 5992/1987/1556
f 5997/2087/1561 6001/1993/1565 5999/2088/1563
f 6000/1992/1564 6001/1993/1565 5997/2087/1561
f 6001/1993/1565 6002/2089/1566 5999/2088/1563
f 6002/2089/1566 5995/1985/1559 5999/2088/1563
f 6001/1993/1565 6000/1992/1564 6003/1995/1567
f 6001/1993/1565 6004/1996/1568 6002/2089/1566
f 6004/1996/1568 6001/1993/1565 6003/1995/1567
f 5998/1990/1562 6005/2090/1569 6000/1992/1564
f 6005/2090/1569 6003/1995/1567 6000/1992/1564
f 6004/1996/1568 6006/1998/1570 6002/2089/1566
f 6006/1998/1570 5995/1985/1559 6002/2089/1566
f 6007/2091/1571 6006/1998/1570 6004/1996/1568
f 6007/2091/1571 5995/1985/1559 6006/1998/1570
f 6008/2000/1572 6004/1996/1568 6003/1995/1567
f 6008/2000/1572 6007/2091/1571 6004/1996/1568
f 6003/1995/1567 6005/2090/1569 6009/2092/1573
f 6009/2092/1573 6008/2000/1572 6003/1995/1567
f 6010/2002/1574 6005/2090/1569 5998/1990/1562
f 5987/2081/1551 6010/2002/1574 5998/1990/1562
f 6011/2093/1575 6007/2091/1571 6008/2000/1572
f 6011/2093/1575 5995/1985/1559 6007/2091/1571
f 6012/2094/1576 6011/2093/1575 6008/2000/1572
f 6012/2094/1576 6008/2000/1572 6009/2092/1573
f 6013/2005/1577 5995/1985/1559 6011/2093/1575
f 6013/2005/1577 6011/2093/1575 6012/2094/1576
f 6014/2095/1578 5995/1985/1559 6013/2005/1577
f 6015/2096/1579 5995/1985/1559 6014/2095/1578
f 6016/2097/1580 6013/2005/1577 6012/2094/1576
f 6014/2095/1578 6013/2005/1577 6016/2097/1580
f 6015/2096/1579 6014/2095/1578 6017/2098/1581
f 6017/2098/1581 6014/2095/1578 6016/2097/1580
f 6018/2099/1582 6015/2096/1579 6017/2098/1581
f 6016/2097/1580 6012/2094/1576 6019/2100/1583
f 6019/2100/1583 6012/2094/1576 6009/2092/1573
f 6017/2098/1581 6016/2097/1580 6020/2012/1584
f 6020/2012/1584 6016/2097/1580 6019/2100/1583
f 6018/2099/1582 6017/2098/1581 6021/2013/1585
f 6021/2013/1585 6017/2098/1581 6020/2012/1584
f 6022/2101/1586 6018/2099/1582 6021/2013/1585
f 6009/2092/1573 6023/2015/1587 6019/2100/1583
f 6005/2090/1569 6023/2015/1587 6009/2092/1573
f 6005/2090/1569 6010/2002/1574 6023/2015/1587
f 6019/2100/1583 6024/2102/1588 6020/2012/1584
f 6023/2015/1587 6024/2102/1588 6019/2100/1583
f 6020/2012/1584 6025/2019/1589 6021/2013/1585
f 6024/2102/1588 6025/2019/1589 6020/2012/1584
f 6021/2013/1585 6026/2016/1590 6022/2101/1586
f 6025/2019/1589 6026/2016/1590 6021/2013/1585
f 6026/2016/1590 6027/2103/1591 6022/2101/1586
f 6023/2015/1587 6028/2020/1592 6024/2102/1588
f 6010/2002/1574 6028/2020/1592 6023/2015/1587
f 6026/2016/1590 6029/2023/1593 6027/2103/1591
f 6029/2023/1593 6030/2104/1594 6027/2103/1591
f 6025/2019/1589 6031/2105/1595 6026/2016/1590
f 6031/2105/1595 6029/2023/1593 6026/2016/1590
f 6024/2102/1588 6032/2021/1596 6025/2019/1589
f 6032/2021/1596 6031/2105/1595 6025/2019/1589
f 6028/2020/1592 6032/2021/1596 6024/2102/1588
f 6030/2104/1594 6029/2023/1593 6033/2106/1597
f 6034/2036/1598 6030/2104/1594 6033/2106/1597
f 6035/2107/1599 6034/2036/1598 6033/2106/1597
f 6029/2023/1593 6031/2105/1595 6036/2108/1600
f 6033/2106/1597 6029/2023/1593 6036/2108/1600
f 6031/2105/1595 6032/2021/1596 6037/2029/1601
f 6036/2108/1600 6031/2105/1595 6037/2029/1601
f 6032/2021/1596 6028/2020/1592 6038/2026/1602
f 6037/2029/1601 6032/2021/1596 6038/2026/1602
f 6028/2020/1592 6010/2002/1574 6039/2109/1603
f 6038/2026/1602 6028/2020/1592 6039/2109/1603
f 6039/2109/1603 6010/2002/1574 5987/2081/1551
f 5984/1978/1548 6039/2109/1603 5987/2081/1551
f 6039/2109/1603 5984/1978/1548 5982/2078/249
f 6040/2027/1604 6038/2026/1602 6039/2109/1603
f 5982/2078/249 6040/2027/1604 6039/2109/1603
f 6037/2029/1601 6038/2026/1602 6040/2027/1604
f 6040/2027/1604 5982/2078/249 5983/1973/1547
f 6040/2027/1604 5983/1973/1547 6041/2028/1605
f 6042/2030/1606 6037/2029/1601 6040/2027/1604
f 6042/2030/1606 6040/2027/1604 6041/2028/1605
f 6036/2108/1600 6037/2029/1601 6042/2030/1606
f 6042/2030/1606 6041/2028/1605 6043/2110/1607
f 6044/2111/1608 6036/2108/1600 6042/2030/1606
f 6044/2111/1608 6042/2030/1606 6043/2110/1607
f 6033/2106/1597 6036/2108/1600 6044/2111/1608
f 6044/2111/1608 6043/2110/1607 6045/2112/1609
f 6046/2113/1610 6033/2106/1597 6044/2111/1608
f 6046/2113/1610 6044/2111/1608 6045/2112/1609
f 6046/2113/1610 6035/2107/1599 6033/2106/1597
f 6046/2113/1610 6045/2112/1609 6047/2114/1611
f 6035/2107/1599 6046/2113/1610 6047/2114/1611
f 6049/2115/1612 6048/2041/1613 6050/2040/1614
f 6051/2043/1615 6049/2115/1612 6050/2040/1614
f 6052/2044/1616 6049/2115/1612 6051/2043/1615
f 6050/2040/1614 6053/2045/1617 6051/2043/1615
f 6054/2046/1618 6052/2044/1616 6051/2043/1615
f 6051/2043/1615 6053/2045/1617 6054/2046/1618
f 6055/2116/1619 6052/2044/1616 6054/2046/1618
f 6056/2117/1620 6055/2116/1619 6054/2046/1618
f 6054/2046/1618 6053/2045/1617 6056/2117/1620
f 6055/2116/1619 6056/2117/1620 6057/2118/1621
f 6056/2117/1620 6058/2119/1622 6057/2118/1621
f 6056/2117/1620 6053/2045/1617 6058/2119/1622
f 6057/2118/1621 6058/2119/1622 6059/2051/1623
f 6058/2119/1622 6060/2120/1624 6059/2051/1623
f 6053/2045/1617 6060/2120/1624 6058/2119/1622
f 6060/2120/1624 6061/2053/1625 6059/2051/1623
f 6060/2120/1624 6053/2045/1617 6061/2053/1625
f 6061/2053/1625 6062/2121/1626 6059/2051/1623
f 6062/2121/1626 6061/2053/1625 6063/2055/1627
f 6061/2053/1625 6053/2045/1617 6063/2055/1627
f 6064/2056/1628 6062/2121/1626 6063/2055/1627
f 6064/2056/1628 6063/2055/1627 6065/2057/1629
f 6063/2055/1627 6053/2045/1617 6065/2057/1629
f 6066/2058/1630 6064/2056/1628 6065/2057/1629
f 6065/2057/1629 6053/2045/1617 6067/2059/1631
f 6066/2058/1630 6065/2057/1629 6067/2059/1631
f 6067/2059/1631 6053/2045/1617 6068/2060/535
f 6069/2122/1632 6066/2058/1630 6067/2059/1631
f 6069/2122/1632 6067/2059/1631 6068/2060/535
f 6070/2062/1633 6069/2122/1632 6068/2060/535
f 6072/2123/1634 6071/2124/830 6073/2125/1635
f 6072/2123/1634 6073/2125/1635 6074/2126/249
f 6074/2126/249 6075/2127/853 6072/2123/1634
f 6076/2128/1636 6074/2126/249 6073/2125/1635
f 6074/2126/249 6077/2129/1392 6075/2127/853
f 6077/2129/1392 6078/2130/1637 6075/2127/853
f 6077/2129/1392 6079/2131/1638 6078/2130/1637
f 6077/2129/1392 6080/2132/1639 6079/2131/1638
f 6076/2128/1636 6081/2133/249 6074/2126/249
f 6077/2129/1392 6082/2134/883 6080/2132/1639
f 6074/2126/249 6082/2134/883 6077/2129/1392
f 6083/2135/1640 6081/2133/249 6076/2128/1636
f 6083/2135/1640 6076/2128/1636 6084/2136/1641
f 6085/2137/1642 6074/2126/249 6081/2133/249
f 6083/2135/1640 6085/2137/1642 6081/2133/249
f 6084/2136/1641 6085/2137/1642 6083/2135/1640
f 6082/2134/883 6074/2126/249 6085/2137/1642
f 6084/2136/1641 6086/2138/1643 6085/2137/1642
f 6085/2137/1642 6086/2138/1643 6087/2139/1644
f 6088/2140/1645 6080/2132/1639 6082/2134/883
f 6082/2134/883 6085/2137/1642 6088/2140/1645
f 6088/2140/1645 6087/2139/1644 6080/2132/1639
f 6085/2137/1642 6087/2139/1644 6088/2140/1645
f 6090/2125/1646 6089/2124/514 6091/2123/1647
f 6092/2126/148 6090/2125/1646 6091/2123/1647
f 6091/2123/1647 6093/2127/149 6092/2126/148
f 6090/2125/1646 6092/2126/148 6094/2128/1648
f 6093/2127/149 6095/2129/1212 6092/2126/148
f 6093/2127/149 6096/2130/1649 6095/2129/1212
f 6096/2130/1649 6097/2131/1650 6095/2129/1212
f 6097/2131/1650 6098/2132/1651 6095/2129/1212
f 6095/2129/1212 6099/2134/1012 6092/2126/148
f 6098/2132/1651 6099/2134/1012 6095/2129/1212
f 6092/2126/148 6100/2133/148 6094/2128/1648
f 6099/2134/1012 6098/2132/1651 6101/2140/1652
f 6098/2132/1651 6102/2139/1653 6101/2140/1652
f 6103/2137/1654 6092/2126/148 6099/2134/1012
f 6101/2140/1652 6103/2137/1654 6099/2134/1012
f 6101/2140/1652 6102/2139/1653 6103/2137/1654
f 6100/2133/148 6092/2126/148 6103/2137/1654
f 6102/2139/1653 6104/2138/1655 6103/2137/1654
f 6103/2137/1654 6104/2138/1655 6105/2136/1656
f 6094/2128/1648 6100/2133/148 6106/2135/1657
f 6100/2133/148 6103/2137/1654 6106/2135/1657
f 6105/2136/1656 6094/2128/1648 6106/2135/1657
f 6106/2135/1657 6103/2137/1654 6105/2136/1656
f 6108/1652/129 6107/1653/1150 6109/1654/1151
f 6107/1653/1150 6110/1655/1152 6109/1654/1151
f 6107/1653/1150 6111/1656/1153 6110/1655/1152
f 6109/1654/1151 6110/1655/1152 6112/1657/1154
f 6113/1658/1155 6112/1657/1154 6114/1659/1156
f 6111/1656/1153 6115/1660/1157 6110/1655/1152
f 6112/1657/1154 6116/1661/1158 6114/1659/1156
f 6110/1655/1152 6116/1661/1158 6112/1657/1154
f 6110/1655/1152 6115/1660/1157 6116/1661/1158
f 6117/1662/1159 6114/1659/1156 6116/1661/1158
f 6118/1663/1160 6115/1660/1157 6111/1656/1153
f 6119/1664/1161 6118/1663/1160 6111/1656/1153
f 6115/1660/1157 6120/1665/1162 6116/1661/1158
f 6120/1665/1162 6117/1662/1159 6116/1661/1158
f 6115/1660/1157 6118/1663/1160 6120/1665/1162
f 6117/1662/1159 6120/1665/1162 6121/1666/1163
f 6118/1663/1160 6121/1666/1163 6120/1665/1162
f 6122/1667/1164 6117/1662/1159 6121/1666/1163
f 6123/1668/1165 6118/1663/1160 6119/1664/1161
f 6118/1663/1160 6123/1668/1165 6121/1666/1163
f 6124/1669/1166 6123/1668/1165 6119/1664/1161
f 6124/1669/1166 6125/1670/1167 6123/1668/1165
f 6121/1666/1163 6126/1671/1168 6122/1667/1164
f 6123/1668/1165 6126/1671/1168 6121/1666/1163
f 6126/1671/1168 6127/1672/1169 6122/1667/1164
f 6127/1672/1169 6126/1671/1168 6128/1673/1170
f 6125/1670/1167 6129/1674/1171 6123/1668/1165
f 6123/1668/1165 6129/1674/1171 6126/1671/1168
f 6126/1671/1168 6130/1675/1172 6128/1673/1170
f 6129/1674/1171 6130/1675/1172 6126/1671/1168
f 6129/1674/1171 6125/1670/1167 6131/1676/1173
f 6129/1674/1171 6131/1676/1173 6130/1675/1172
f 6125/1670/1167 6132/1677/1174 6131/1676/1173
f 6128/1673/1170 6130/1675/1172 6133/1678/1175
f 6131/1676/1173 6133/1678/1175 6130/1675/1172
f 6134/1679/1176 6128/1673/1170 6133/1678/1175
f 6131/1676/1173 6132/1677/1174 6135/1680/1002
f 6131/1676/1173 6135/1680/1002 6133/1678/1175
f 6132/1677/1174 6136/1681/1177 6135/1680/1002
f 6133/1678/1175 6137/1682/990 6134/1679/1176
f 6135/1680/1002 6137/1682/990 6133/1678/1175
f 6137/1682/990 6138/1683/1178 6134/1679/1176
f 6135/1680/1002 6136/1681/1177 6139/1684/1179
f 6136/1681/1177 6140/1685/1180 6139/1684/1179
f 6140/1685/1180 6141/1686/1181 6139/1684/1179
f 6142/1687/1182 6137/1682/990 6135/1680/1002
f 6138/1683/1178 6137/1682/990 6142/1687/1182
f 6139/1684/1179 6142/1687/1182 6135/1680/1002
f 6143/1688/1183 6138/1683/1178 6142/1687/1182
f 6141/1686/1181 6144/1689/1184 6139/1684/1179
f 6142/1687/1182 6139/1684/1179 6144/1689/1184
f 6141/1686/1181 6145/1690/1185 6144/1689/1184
f 6143/1688/1183 6142/1687/1182 6146/1691/1186
f 6146/1691/1186 6142/1687/1182 6144/1689/1184
f 6147/1692/1187 6143/1688/1183 6146/1691/1186
f 6145/1690/1185 6148/1693/1188 6144/1689/1184
f 6146/1691/1186 6144/1689/1184 6148/1693/1188
f 6145/1690/1185 6149/1694/1189 6148/1693/1188
f 6147/1692/1187 6146/1691/1186 6150/1695/1190
f 6150/1695/1190 6146/1691/1186 6148/1693/1188
f 6151/1696/1191 6147/1692/1187 6150/1695/1190
f 6149/1694/1189 6152/1697/1192 6148/1693/1188
f 6150/1695/1190 6148/1693/1188 6152/1697/1192
f 6152/1697/1192 6149/1694/1189 6153/1698/1193
f 6151/1696/1191 6150/1695/1190 6153/1698/1193
f 6154/1699/1194 6150/1695/1190 6152/1697/1192
f 6150/1695/1190 6154/1699/1194 6153/1698/1193
f 6154/1699/1194 6152/1697/1192 6153/1698/1193
f 6156/1700/129 6155/1701/1150 6157/1702/1151
f 6155/1701/1150 6158/1703/1152 6157/1702/1151
f 6155/1701/1150 6159/1704/1153 6158/1703/1152
f 6157/1702/1151 6158/1703/1152 6160/1705/1154
f 6161/1706/1155 6160/1705/1154 6162/1707/1156
f 6159/1704/1153 6163/1708/1157 6158/1703/1152
f 6160/1705/1154 6164/1709/1158 6162/1707/1156
f 6158/1703/1152 6164/1709/1158 6160/1705/1154
f 6158/1703/1152 6163/1708/1157 6164/1709/1158
f 6165/1710/1159 6162/1707/1156 6164/1709/1158
f 6166/1711/1160 6163/1708/1157 6159/1704/1153
f 6167/1712/1161 6166/1711/1160 6159/1704/1153
f 6163/1708/1157 6168/1713/1162 6164/1709/1158
f 6168/1713/1162 6165/1710/1159 6164/1709/1158
f 6163/1708/1157 6166/1711/1160 6168/1713/1162
f 6165/1710/1159 6168/1713/1162 6169/1714/1163
f 6166/1711/1160 6169/1714/1163 6168/1713/1162
f 6170/1715/1195 6165/1710/1159 6169/1714/1163
f 6171/1716/1165 6166/1711/1160 6167/1712/1161
f 6166/1711/1160 6171/1716/1165 6169/1714/1163
f 6172/1717/1196 6171/1716/1165 6167/1712/1161
f 6172/1717/1196 6173/1718/1197 6171/1716/1165
f 6169/1714/1163 6174/1719/1198 6170/1715/1195
f 6171/1716/1165 6174/1719/1198 6169/1714/1163
f 6174/1719/1198 6175/1720/1199 6170/1715/1195
f 6175/1720/1199 6174/1719/1198 6176/1721/1200
f 6173/1718/1197 6177/1722/1171 6171/1716/1165
f 6171/1716/1165 6177/1722/1171 6174/1719/1198
f 6174/1719/1198 6178/1723/1172 6176/1721/1200
f 6177/1722/1171 6178/1723/1172 6174/1719/1198
f 6177/1722/1171 6173/1718/1197 6179/1724/1173
f 6177/1722/1171 6179/1724/1173 6178/1723/1172
f 6173/1718/1197 6180/1725/1201 6179/1724/1173
f 6176/1721/1200 6178/1723/1172 6181/1726/1175
f 6179/1724/1173 6181/1726/1175 6178/1723/1172
f 6182/1727/1202 6176/1721/1200 6181/1726/1175
f 6179/1724/1173 6180/1725/1201 6183/1728/1203
f 6179/1724/1173 6183/1728/1203 6181/1726/1175
f 6180/1725/1201 6184/1729/1204 6183/1728/1203
f 6181/1726/1175 6185/1730/990 6182/1727/1202
f 6183/1728/1203 6185/1730/990 6181/1726/1175
f 6185/1730/990 6186/1731/1205 6182/1727/1202
f 6183/1728/1203 6184/1729/1204 6187/1732/1206
f 6184/1729/1204 6188/1733/1207 6187/1732/1206
f 6188/1733/1207 6189/1734/1208 6187/1732/1206
f 6190/1735/1182 6185/1730/990 6183/1728/1203
f 6186/1731/1205 6185/1730/990 6190/1735/1182
f 6187/1732/1206 6190/1735/1182 6183/1728/1203
f 6191/1736/1209 6186/1731/1205 6190/1735/1182
f 6189/1734/1208 6192/1737/1210 6187/1732/1206
f 6190/1735/1182 6187/1732/1206 6192/1737/1210
f 6189/1734/1208 6193/1738/1211 6192/1737/1210
f 6191/1736/1209 6190/1735/1182 6194/1739/1212
f 6194/1739/1212 6190/1735/1182 6192/1737/1210
f 6195/1740/1213 6191/1736/1209 6194/1739/1212
f 6195/1740/1213 6194/1739/1212 6196/1741/1214
f 6193/1738/1211 6197/1742/1188 6192/1737/1210
f 6194/1739/1212 6192/1737/1210 6197/1742/1188
f 6193/1738/1211 6198/1743/1215 6197/1742/1188
f 6194/1739/1212 6199/1744/1190 6196/1741/1214
f 6199/1744/1190 6194/1739/1212 6197/1742/1188
f 6196/1741/1214 6199/1744/1190 6200/1745/1216
f 6198/1743/1215 6201/1746/1192 6197/1742/1188
f 6199/1744/1190 6197/1742/1188 6201/1746/1192
f 6201/1746/1192 6198/1743/1215 6200/1745/1216
f 6202/1747/1194 6199/1744/1190 6201/1746/1192
f 6199/1744/1190 6202/1747/1194 6200/1745/1216
f 6202/1747/1194 6201/1746/1192 6200/1745/1216
f 6204/1748/1151 6203/1749/129 6205/1750/1150
f 6206/1751/1152 6204/1748/1151 6205/1750/1150
f 6207/1752/1154 6204/1748/1151 6206/1751/1152
f 6206/1751/1152 6205/1750/1150 6208/1753/1217
f 6210/1754/1156 6209/1755/1155 6207/1752/1154
f 6211/1756/1158 6210/1754/1156 6207/1752/1154
f 6211/1756/1158 6207/1752/1154 6206/1751/1152
f 6212/1757/1218 6210/1754/1156 6211/1756/1158
f 6213/1758/1157 6206/1751/1152 6208/1753/1217
f 6206/1751/1152 6213/1758/1157 6211/1756/1158
f 6214/1759/1162 6212/1757/1218 6211/1756/1158
f 6213/1758/1157 6214/1759/1162 6211/1756/1158
f 6215/1760/1160 6213/1758/1157 6208/1753/1217
f 6213/1758/1157 6215/1760/1160 6214/1759/1162
f 6216/1761/1161 6215/1760/1160 6208/1753/1217
f 6212/1757/1218 6214/1759/1162 6217/1762/1163
f 6215/1760/1160 6217/1762/1163 6214/1759/1162
f 6218/1763/1219 6212/1757/1218 6217/1762/1163
f 6219/1764/1220 6215/1760/1160 6216/1761/1161
f 6215/1760/1160 6219/1764/1220 6217/1762/1163
f 6220/1765/1221 6219/1764/1220 6216/1761/1161
f 6220/1765/1221 6221/1766/1222 6219/1764/1220
f 6217/1762/1163 6222/1767/1198 6218/1763/1219
f 6219/1764/1220 6222/1767/1198 6217/1762/1163
f 6222/1767/1198 6223/1768/1223 6218/1763/1219
f 6223/1768/1223 6222/1767/1198 6224/1769/1224
f 6221/1766/1222 6225/1770/1171 6219/1764/1220
f 6219/1764/1220 6225/1770/1171 6222/1767/1198
f 6222/1767/1198 6226/1771/1172 6224/1769/1224
f 6225/1770/1171 6226/1771/1172 6222/1767/1198
f 6227/1772/1225 6225/1770/1171 6221/1766/1222
f 6225/1770/1171 6227/1772/1225 6226/1771/1172
f 6228/1773/1226 6227/1772/1225 6221/1766/1222
f 6224/1769/1224 6226/1771/1172 6229/1774/1175
f 6227/1772/1225 6229/1774/1175 6226/1771/1172
f 6230/1775/1227 6224/1769/1224 6229/1774/1175
f 6231/1776/1002 6227/1772/1225 6228/1773/1226
f 6227/1772/1225 6231/1776/1002 6229/1774/1175
f 6232/1777/1228 6231/1776/1002 6228/1773/1226
f 6229/1774/1175 6233/1778/990 6230/1775/1227
f 6231/1776/1002 6233/1778/990 6229/1774/1175
f 6233/1778/990 6234/1779/1178 6230/1775/1227
f 6231/1776/1002 6232/1777/1228 6235/1780/1206
f 6232/1777/1228 6236/1781/1229 6235/1780/1206
f 6236/1781/1229 6237/1782/1230 6235/1780/1206
f 6238/1783/1182 6233/1778/990 6231/1776/1002
f 6234/1779/1178 6233/1778/990 6238/1783/1182
f 6235/1780/1206 6238/1783/1182 6231/1776/1002
f 6239/1784/1231 6234/1779/1178 6238/1783/1182
f 6237/1782/1230 6240/1785/1184 6235/1780/1206
f 6238/1783/1182 6235/1780/1206 6240/1785/1184
f 6237/1782/1230 6241/1786/1232 6240/1785/1184
f 6239/1784/1231 6238/1783/1182 6242/1787/1233
f 6242/1787/1233 6238/1783/1182 6240/1785/1184
f 6243/1788/1234 6239/1784/1231 6242/1787/1233
f 6241/1786/1232 6244/1789/1188 6240/1785/1184
f 6242/1787/1233 6240/1785/1184 6244/1789/1188
f 6241/1786/1232 6245/1790/1235 6244/1789/1188
f 6243/1788/1234 6242/1787/1233 6246/1791/1190
f 6246/1791/1190 6242/1787/1233 6244/1789/1188
f 6247/1792/1236 6243/1788/1234 6246/1791/1190
f 6247/1792/1236 6246/1791/1190 6248/1793/1216
f 6245/1790/1235 6249/1794/1192 6244/1789/1188
f 6246/1791/1190 6244/1789/1188 6249/1794/1192
f 6245/1790/1235 6248/1793/1216 6250/1795/1237
f 6246/1791/1190 6250/1795/1237 6248/1793/1216
f 6249/1794/1192 6245/1790/1235 6250/1795/1237
f 6250/1795/1237 6246/1791/1190 6249/1794/1192
f 6252/1796/1238 6251/1797/1239 6253/1798/1240
f 6251/1797/1239 6254/1799/1152 6253/1798/1240
f 6254/1799/1152 6251/1797/1239 6255/1800/1241
f 6253/1798/1240 6254/1799/1152 6256/1801/1154
f 6258/1802/1242 6257/1803/309 6256/1801/1154
f 6259/1804/1158 6258/1802/1242 6256/1801/1154
f 6254/1799/1152 6259/1804/1158 6256/1801/1154
f 6260/1805/1243 6258/1802/1242 6259/1804/1158
f 6261/1806/1157 6254/1799/1152 6255/1800/1241
f 6254/1799/1152 6261/1806/1157 6259/1804/1158
f 6262/1807/1162 6260/1805/1243 6259/1804/1158
f 6261/1806/1157 6262/1807/1162 6259/1804/1158
f 6263/1808/1160 6261/1806/1157 6255/1800/1241
f 6261/1806/1157 6263/1808/1160 6262/1807/1162
f 6264/1809/1244 6263/1808/1160 6255/1800/1241
f 6260/1805/1243 6262/1807/1162 6265/1810/1163
f 6263/1808/1160 6265/1810/1163 6262/1807/1162
f 6266/1811/1245 6260/1805/1243 6265/1810/1163
f 6267/1812/1220 6263/1808/1160 6264/1809/1244
f 6263/1808/1160 6267/1812/1220 6265/1810/1163
f 6268/1813/1246 6267/1812/1220 6264/1809/1244
f 6268/1813/1246 6269/1814/1247 6267/1812/1220
f 6265/1810/1163 6270/1815/1168 6266/1811/1245
f 6267/1812/1220 6270/1815/1168 6265/1810/1163
f 6270/1815/1168 6271/1816/1248 6266/1811/1245
f 6271/1816/1248 6270/1815/1168 6272/1817/1249
f 6269/1814/1247 6273/1818/1171 6267/1812/1220
f 6267/1812/1220 6273/1818/1171 6270/1815/1168
f 6270/1815/1168 6274/1819/1172 6272/1817/1249
f 6273/1818/1171 6274/1819/1172 6270/1815/1168
f 6275/1820/1173 6273/1818/1171 6269/1814/1247
f 6273/1818/1171 6275/1820/1173 6274/1819/1172
f 6276/1821/1250 6275/1820/1173 6269/1814/1247
f 6272/1817/1249 6274/1819/1172 6277/1822/1251
f 6275/1820/1173 6277/1822/1251 6274/1819/1172
f 6278/1823/1252 6272/1817/1249 6277/1822/1251
f 6279/1824/1203 6275/1820/1173 6276/1821/1250
f 6275/1820/1173 6279/1824/1203 6277/1822/1251
f 6280/1825/1253 6279/1824/1203 6276/1821/1250
f 6277/1822/1251 6281/1826/990 6278/1823/1252
f 6279/1824/1203 6281/1826/990 6277/1822/1251
f 6281/1826/990 6282/1827/1254 6278/1823/1252
f 6283/1828/1206 6279/1824/1203 6280/1825/1253
f 6284/1829/1255 6283/1828/1206 6280/1825/1253
f 6284/1829/1255 6285/1830/1256 6283/1828/1206
f 6286/1831/1182 6281/1826/990 6279/1824/1203
f 6282/1827/1254 6281/1826/990 6286/1831/1182
f 6283/1828/1206 6286/1831/1182 6279/1824/1203
f 6287/1832/1257 6282/1827/1254 6286/1831/1182
f 6288/1833/1258 6287/1832/1257 6286/1831/1182
f 6285/1830/1256 6289/1834/1210 6283/1828/1206
f 6286/1831/1182 6283/1828/1206 6289/1834/1210
f 6285/1830/1256 6290/1835/1259 6289/1834/1210
f 6291/1836/1233 6288/1833/1258 6286/1831/1182
f 6291/1836/1233 6286/1831/1182 6289/1834/1210
f 6288/1833/1258 6291/1836/1233 6292/1837/1260
f 6290/1835/1259 6293/1838/1188 6289/1834/1210
f 6291/1836/1233 6289/1834/1210 6293/1838/1188
f 6290/1835/1259 6294/1839/1261 6293/1838/1188
f 6291/1836/1233 6295/1840/1190 6292/1837/1260
f 6295/1840/1190 6291/1836/1233 6293/1838/1188
f 6292/1837/1260 6295/1840/1190 6296/1841/1262
f 6294/1839/1261 6297/1842/1192 6293/1838/1188
f 6295/1840/1190 6293/1838/1188 6297/1842/1192
f 6294/1839/1261 6296/1841/1262 6297/1842/1192
f 6295/1840/1190 6298/1843/1237 6296/1841/1262
f 6298/1843/1237 6295/1840/1190 6297/1842/1192
f 6296/1841/1262 6298/1843/1237 6297/1842/1192
f 6300/1844/1240 6299/1845/1238 6301/1846/1239
f 6302/1847/1152 6300/1844/1240 6301/1846/1239
f 6300/1844/1240 6302/1847/1152 6303/1848/1154
f 6301/1846/1239 6304/1849/1263 6302/1847/1152
f 6305/1850/309 6303/1848/1154 6306/1851/1242
f 6304/1849/1263 6307/1852/1157 6302/1847/1152
f 6303/1848/1154 6308/1853/1158 6306/1851/1242
f 6302/1847/1152 6308/1853/1158 6303/1848/1154
f 6302/1847/1152 6307/1852/1157 6308/1853/1158
f 6309/1854/1264 6306/1851/1242 6308/1853/1158
f 6310/1855/1160 6307/1852/1157 6304/1849/1263
f 6311/1856/1265 6310/1855/1160 6304/1849/1263
f 6307/1852/1157 6312/1857/1162 6308/1853/1158
f 6312/1857/1162 6309/1854/1264 6308/1853/1158
f 6307/1852/1157 6310/1855/1160 6312/1857/1162
f 6309/1854/1264 6312/1857/1162 6313/1858/1163
f 6310/1855/1160 6313/1858/1163 6312/1857/1162
f 6314/1859/1266 6309/1854/1264 6313/1858/1163
f 6315/1860/1165 6310/1855/1160 6311/1856/1265
f 6310/1855/1160 6315/1860/1165 6313/1858/1163
f 6316/1861/1267 6315/1860/1165 6311/1856/1265
f 6316/1861/1267 6317/1862/1268 6315/1860/1165
f 6313/1858/1163 6318/1863/1168 6314/1859/1266
f 6315/1860/1165 6318/1863/1168 6313/1858/1163
f 6318/1863/1168 6319/1864/1269 6314/1859/1266
f 6319/1864/1269 6318/1863/1168 6320/1865/1270
f 6317/1862/1268 6321/1866/1271 6315/1860/1165
f 6315/1860/1165 6321/1866/1271 6318/1863/1168
f 6318/1863/1168 6322/1867/1172 6320/1865/1270
f 6321/1866/1271 6322/1867/1172 6318/1863/1168
f 6323/1868/1272 6321/1866/1271 6317/1862/1268
f 6321/1866/1271 6323/1868/1272 6322/1867/1172
f 6324/1869/1273 6323/1868/1272 6317/1862/1268
f 6320/1865/1270 6322/1867/1172 6325/1870/990
f 6323/1868/1272 6325/1870/990 6322/1867/1172
f 6326/1871/1274 6320/1865/1270 6325/1870/990
f 6327/1872/1002 6323/1868/1272 6324/1869/1273
f 6323/1868/1272 6327/1872/1002 6325/1870/990
f 6328/1873/1275 6327/1872/1002 6324/1869/1273
f 6325/1870/990 6329/1874/990 6326/1871/1274
f 6327/1872/1002 6329/1874/990 6325/1870/990
f 6329/1874/990 6330/1875/1276 6326/1871/1274
f 6327/1872/1002 6328/1873/1275 6331/1876/1277
f 6328/1873/1275 6332/1877/1278 6331/1876/1277
f 6332/1877/1278 6333/1878/1279 6331/1876/1277
f 6334/1879/1182 6329/1874/990 6327/1872/1002
f 6330/1875/1276 6329/1874/990 6334/1879/1182
f 6331/1876/1277 6334/1879/1182 6327/1872/1002
f 6335/1880/1280 6330/1875/1276 6334/1879/1182
f 6333/1878/1279 6336/1881/1210 6331/1876/1277
f 6334/1879/1182 6331/1876/1277 6336/1881/1210
f 6336/1881/1210 6333/1878/1279 6337/1882/1259
f 6335/1880/1280 6334/1879/1182 6338/1883/1281
f 6339/1884/1188 6336/1881/1210 6337/1882/1259
f 6337/1882/1259 6340/1885/1282 6339/1884/1188
f 6341/1886/1233 6334/1879/1182 6336/1881/1210
f 6334/1879/1182 6341/1886/1233 6338/1883/1281
f 6341/1886/1233 6336/1881/1210 6339/1884/1188
f 6338/1883/1281 6341/1886/1233 6342/1887/1190
f 6342/1887/1190 6341/1886/1233 6339/1884/1188
f 6343/1888/1283 6338/1883/1281 6342/1887/1190
f 6340/1885/1282 6344/1889/1192 6339/1884/1188
f 6342/1887/1190 6339/1884/1188 6344/1889/1192
f 6344/1889/1192 6340/1885/1282 6345/1890/1284
f 6343/1888/1283 6342/1887/1190 6345/1890/1284
f 6346/1891/1237 6342/1887/1190 6344/1889/1192
f 6342/1887/1190 6346/1891/1237 6345/1890/1284
f 6346/1891/1237 6344/1889/1192 6345/1890/1284
f 6348/1892/129 6347/1893/1151 6349/1653/1285
f 6347/1893/1151 6350/1655/1286 6349/1653/1285
f 6349/1653/1285 6350/1655/1286 6351/1656/1287
f 6347/1893/1151 6352/1657/1154 6350/1655/1286
f 6352/1657/1154 6353/1658/1155 6354/1659/1288
f 6355/1661/1289 6352/1657/1154 6354/1659/1288
f 6352/1657/1154 6355/1661/1289 6350/1655/1286
f 6355/1661/1289 6354/1659/1288 6356/1894/1290
f 6350/1655/1286 6357/1660/1291 6351/1656/1287
f 6350/1655/1286 6355/1661/1289 6357/1660/1291
f 6358/1665/1292 6355/1661/1289 6356/1894/1290
f 6355/1661/1289 6358/1665/1292 6357/1660/1291
f 6357/1660/1291 6359/1663/1293 6351/1656/1287
f 6357/1660/1291 6358/1665/1292 6359/1663/1293
f 6359/1663/1293 6360/1664/1294 6351/1656/1287
f 6358/1665/1292 6356/1894/1290 6361/1895/1295
f 6358/1665/1292 6361/1895/1295 6359/1663/1293
f 6356/1894/1290 6362/1896/1296 6361/1895/1295
f 6359/1663/1293 6363/1668/1297 6360/1664/1294
f 6359/1663/1293 6361/1895/1295 6363/1668/1297
f 6363/1668/1297 6364/1669/1298 6360/1664/1294
f 6365/1671/1299 6361/1895/1295 6362/1896/1296
f 6361/1895/1295 6365/1671/1299 6363/1668/1297
f 6366/1672/1300 6365/1671/1299 6362/1896/1296
f 6367/1670/1301 6364/1669/1298 6363/1668/1297
f 6366/1672/1300 6368/1673/1302 6365/1671/1299
f 6369/1674/1303 6367/1670/1301 6363/1668/1297
f 6363/1668/1297 6365/1671/1299 6369/1674/1303
f 6368/1673/1302 6370/1675/1304 6365/1671/1299
f 6365/1671/1299 6370/1675/1304 6369/1674/1303
f 6369/1674/1303 6371/1897/1305 6367/1670/1301
f 6369/1674/1303 6370/1675/1304 6371/1897/1305
f 6371/1897/1305 6372/1677/1306 6367/1670/1301
f 6373/1678/1307 6370/1675/1304 6368/1673/1302
f 6370/1675/1304 6373/1678/1307 6371/1897/1305
f 6374/1679/1308 6373/1678/1307 6368/1673/1302
f 6372/1677/1306 6371/1897/1305 6375/1680/1309
f 6371/1897/1305 6373/1678/1307 6375/1680/1309
f 6376/1681/1310 6372/1677/1306 6375/1680/1309
f 6377/1682/1311 6373/1678/1307 6374/1679/1308
f 6373/1678/1307 6377/1682/1311 6375/1680/1309
f 6378/1683/1312 6377/1682/1311 6374/1679/1308
f 6375/1680/1309 6379/1684/1313 6376/1681/1310
f 6379/1684/1313 6380/1685/1314 6376/1681/1310
f 6380/1685/1314 6379/1684/1313 6381/1686/1315
f 6375/1680/1309 6377/1682/1311 6382/1687/1316
f 6382/1687/1316 6377/1682/1311 6378/1683/1312
f 6379/1684/1313 6375/1680/1309 6382/1687/1316
f 6383/1688/1317 6382/1687/1316 6378/1683/1312
f 6379/1684/1313 6384/1689/1318 6381/1686/1315
f 6384/1689/1318 6379/1684/1313 6382/1687/1316
f 6381/1686/1315 6384/1689/1318 6385/1690/1319
f 6386/1691/1320 6382/1687/1316 6383/1688/1317
f 6386/1691/1320 6384/1689/1318 6382/1687/1316
f 6387/1692/1321 6386/1691/1320 6383/1688/1317
f 6384/1689/1318 6388/1693/1322 6385/1690/1319
f 6388/1693/1322 6384/1689/1318 6386/1691/1320
f 6385/1690/1319 6388/1693/1322 6389/1898/1323
f 6390/1695/1324 6386/1691/1320 6387/1692/1321
f 6390/1695/1324 6388/1693/1322 6386/1691/1320
f 6391/1696/1325 6390/1695/1324 6387/1692/1321
f 6388/1693/1322 6392/1899/1326 6389/1898/1323
f 6392/1899/1326 6388/1693/1322 6390/1695/1324
f 6393/1698/1327 6389/1898/1323 6392/1899/1326
f 6390/1695/1324 6391/1696/1325 6393/1698/1327
f 6394/1900/1328 6392/1899/1326 6390/1695/1324
f 6394/1900/1328 6393/1698/1327 6392/1899/1326
f 6394/1900/1328 6390/1695/1324 6393/1698/1327
f 6396/1901/129 6395/1902/1151 6397/1701/1285
f 6395/1902/1151 6398/1703/1286 6397/1701/1285
f 6397/1701/1285 6398/1703/1286 6399/1704/1287
f 6395/1902/1151 6400/1903/1154 6398/1703/1286
f 6400/1903/1154 6401/1904/1155 6402/1707/1288
f 6403/1709/1289 6400/1903/1154 6402/1707/1288
f 6400/1903/1154 6403/1709/1289 6398/1703/1286
f 6403/1709/1289 6402/1707/1288 6404/1710/1290
f 6398/1703/1286 6405/1708/1291 6399/1704/1287
f 6398/1703/1286 6403/1709/1289 6405/1708/1291
f 6406/1713/1292 6403/1709/1289 6404/1710/1290
f 6403/1709/1289 6406/1713/1292 6405/1708/1291
f 6405/1708/1291 6407/1711/1293 6399/1704/1287
f 6405/1708/1291 6406/1713/1292 6407/1711/1293
f 6407/1711/1293 6408/1712/1329 6399/1704/1287
f 6406/1713/1292 6404/1710/1290 6409/1714/1295
f 6406/1713/1292 6409/1714/1295 6407/1711/1293
f 6404/1710/1290 6410/1715/1296 6409/1714/1295
f 6407/1711/1293 6411/1716/1297 6408/1712/1329
f 6407/1711/1293 6409/1714/1295 6411/1716/1297
f 6411/1716/1297 6412/1717/1330 6408/1712/1329
f 6413/1719/1299 6409/1714/1295 6410/1715/1296
f 6409/1714/1295 6413/1719/1299 6411/1716/1297
f 6414/1720/1300 6413/1719/1299 6410/1715/1296
f 6415/1718/1331 6412/1717/1330 6411/1716/1297
f 6414/1720/1300 6416/1721/1332 6413/1719/1299
f 6417/1722/1303 6415/1718/1331 6411/1716/1297
f 6411/1716/1297 6413/1719/1299 6417/1722/1303
f 6416/1721/1332 6418/1723/1304 6413/1719/1299
f 6413/1719/1299 6418/1723/1304 6417/1722/1303
f 6417/1722/1303 6419/1905/1305 6415/1718/1331
f 6417/1722/1303 6418/1723/1304 6419/1905/1305
f 6419/1905/1305 6420/1906/1333 6415/1718/1331
f 6421/1907/1307 6418/1723/1304 6416/1721/1332
f 6418/1723/1304 6421/1907/1307 6419/1905/1305
f 6422/1908/1334 6421/1907/1307 6416/1721/1332
f 6420/1906/1333 6419/1905/1305 6423/1728/1309
f 6419/1905/1305 6421/1907/1307 6423/1728/1309
f 6424/1729/1335 6420/1906/1333 6423/1728/1309
f 6425/1730/1311 6421/1907/1307 6422/1908/1334
f 6421/1907/1307 6425/1730/1311 6423/1728/1309
f 6426/1909/1336 6425/1730/1311 6422/1908/1334
f 6423/1728/1309 6427/1732/1337 6424/1729/1335
f 6427/1732/1337 6428/1733/1338 6424/1729/1335
f 6428/1733/1338 6427/1732/1337 6429/1910/1339
f 6423/1728/1309 6425/1730/1311 6430/1911/1316
f 6430/1911/1316 6425/1730/1311 6426/1909/1336
f 6427/1732/1337 6423/1728/1309 6430/1911/1316
f 6431/1736/1340 6430/1911/1316 6426/1909/1336
f 6427/1732/1337 6432/1737/1341 6429/1910/1339
f 6432/1737/1341 6427/1732/1337 6430/1911/1316
f 6429/1910/1339 6432/1737/1341 6433/1738/1342
f 6434/1912/1320 6430/1911/1316 6431/1736/1340
f 6434/1912/1320 6432/1737/1341 6430/1911/1316
f 6435/1913/1343 6434/1912/1320 6431/1736/1340
f 6435/1913/1343 6436/1741/1344 6434/1912/1320
f 6432/1737/1341 6437/1742/1322 6433/1738/1342
f 6437/1742/1322 6432/1737/1341 6434/1912/1320
f 6433/1738/1342 6437/1742/1322 6438/1914/1345
f 6436/1741/1344 6439/1744/1324 6434/1912/1320
f 6439/1744/1324 6437/1742/1322 6434/1912/1320
f 6439/1744/1324 6436/1741/1344 6440/1745/1346
f 6437/1742/1322 6441/1915/1347 6438/1914/1345
f 6441/1915/1347 6437/1742/1322 6439/1744/1324
f 6440/1745/1346 6438/1914/1345 6441/1915/1347
f 6442/1916/1348 6439/1744/1324 6440/1745/1346
f 6442/1916/1348 6441/1915/1347 6439/1744/1324
f 6442/1916/1348 6440/1745/1346 6441/1915/1347
f 6444/1750/1349 6443/1749/129 6445/1748/1151
f 6446/1751/1286 6444/1750/1349 6445/1748/1151
f 6444/1750/1349 6446/1751/1286 6447/1753/1350
f 6446/1751/1286 6445/1748/1151 6448/1752/1154
f 6450/1755/1155 6449/1754/1351 6448/1752/1154
f 6449/1754/1351 6451/1756/1352 6448/1752/1154
f 6451/1756/1352 6446/1751/1286 6448/1752/1154
f 6451/1756/1352 6449/1754/1351 6452/1757/1353
f 6446/1751/1286 6453/1758/1291 6447/1753/1350
f 6446/1751/1286 6451/1756/1352 6453/1758/1291
f 6454/1759/1292 6451/1756/1352 6452/1757/1353
f 6451/1756/1352 6454/1759/1292 6453/1758/1291
f 6453/1758/1291 6455/1760/1293 6447/1753/1350
f 6453/1758/1291 6454/1759/1292 6455/1760/1293
f 6455/1760/1293 6456/1761/1354 6447/1753/1350
f 6454/1759/1292 6452/1757/1353 6457/1762/1295
f 6454/1759/1292 6457/1762/1295 6455/1760/1293
f 6452/1757/1353 6458/1763/1355 6457/1762/1295
f 6455/1760/1293 6459/1764/1297 6456/1761/1354
f 6455/1760/1293 6457/1762/1295 6459/1764/1297
f 6459/1764/1297 6460/1765/1356 6456/1761/1354
f 6461/1767/1299 6457/1762/1295 6458/1763/1355
f 6457/1762/1295 6461/1767/1299 6459/1764/1297
f 6462/1768/1357 6461/1767/1299 6458/1763/1355
f 6463/1917/1358 6460/1765/1356 6459/1764/1297
f 6462/1768/1357 6464/1918/1359 6461/1767/1299
f 6465/1919/1303 6463/1917/1358 6459/1764/1297
f 6459/1764/1297 6461/1767/1299 6465/1919/1303
f 6464/1918/1359 6466/1920/1304 6461/1767/1299
f 6461/1767/1299 6466/1920/1304 6465/1919/1303
f 6465/1919/1303 6467/1772/1305 6463/1917/1358
f 6465/1919/1303 6466/1920/1304 6467/1772/1305
f 6467/1772/1305 6468/1773/1360 6463/1917/1358
f 6469/1774/1307 6466/1920/1304 6464/1918/1359
f 6466/1920/1304 6469/1774/1307 6467/1772/1305
f 6470/1775/1361 6469/1774/1307 6464/1918/1359
f 6468/1773/1360 6467/1772/1305 6471/1776/1309
f 6467/1772/1305 6469/1774/1307 6471/1776/1309
f 6472/1921/1362 6468/1773/1360 6471/1776/1309
f 6473/1778/867 6469/1774/1307 6470/1775/1361
f 6469/1774/1307 6473/1778/867 6471/1776/1309
f 6474/1779/1312 6473/1778/867 6470/1775/1361
f 6471/1776/1309 6475/1780/1337 6472/1921/1362
f 6475/1780/1337 6476/1781/1363 6472/1921/1362
f 6476/1781/1363 6475/1780/1337 6477/1782/1364
f 6471/1776/1309 6473/1778/867 6478/1783/1316
f 6478/1783/1316 6473/1778/867 6474/1779/1312
f 6475/1780/1337 6471/1776/1309 6478/1783/1316
f 6479/1784/1365 6478/1783/1316 6474/1779/1312
f 6475/1780/1337 6480/1785/1341 6477/1782/1364
f 6480/1785/1341 6475/1780/1337 6478/1783/1316
f 6477/1782/1364 6480/1785/1341 6481/1786/1342
f 6482/1787/1320 6478/1783/1316 6479/1784/1365
f 6482/1787/1320 6480/1785/1341 6478/1783/1316
f 6483/1788/1366 6482/1787/1320 6479/1784/1365
f 6480/1785/1341 6484/1789/1322 6481/1786/1342
f 6484/1789/1322 6480/1785/1341 6482/1787/1320
f 6481/1786/1342 6484/1789/1322 6485/1922/1345
f 6486/1791/1324 6482/1787/1320 6483/1788/1366
f 6486/1791/1324 6484/1789/1322 6482/1787/1320
f 6487/1792/1367 6486/1791/1324 6483/1788/1366
f 6486/1791/1324 6487/1792/1367 6488/1923/1368
f 6484/1789/1322 6489/1924/1326 6485/1922/1345
f 6489/1924/1326 6484/1789/1322 6486/1791/1324
f 6490/1795/1348 6488/1923/1368 6485/1922/1345
f 6489/1924/1326 6490/1795/1348 6485/1922/1345
f 6490/1795/1348 6486/1791/1324 6488/1923/1368
f 6490/1795/1348 6489/1924/1326 6486/1791/1324
f 6492/1796/1238 6491/1798/1151 6493/1797/1369
f 6491/1798/1151 6494/1799/1286 6493/1797/1369
f 6493/1797/1369 6494/1799/1286 6495/1800/1370
f 6491/1798/1151 6496/1801/1371 6494/1799/1286
f 6498/1803/309 6497/1802/1372 6496/1801/1371
f 6497/1802/1372 6499/1804/1352 6496/1801/1371
f 6496/1801/1371 6499/1804/1352 6494/1799/1286
f 6497/1802/1372 6500/1805/1373 6499/1804/1352
f 6494/1799/1286 6501/1806/1291 6495/1800/1370
f 6494/1799/1286 6499/1804/1352 6501/1806/1291
f 6500/1805/1373 6502/1807/1374 6499/1804/1352
f 6499/1804/1352 6502/1807/1374 6501/1806/1291
f 6501/1806/1291 6503/1808/1293 6495/1800/1370
f 6501/1806/1291 6502/1807/1374 6503/1808/1293
f 6503/1808/1293 6504/1809/1375 6495/1800/1370
f 6502/1807/1374 6500/1805/1373 6505/1810/1376
f 6502/1807/1374 6505/1810/1376 6503/1808/1293
f 6500/1805/1373 6506/1811/1377 6505/1810/1376
f 6503/1808/1293 6507/1812/1378 6504/1809/1375
f 6503/1808/1293 6505/1810/1376 6507/1812/1378
f 6507/1812/1378 6508/1813/1379 6504/1809/1375
f 6509/1815/1380 6505/1810/1376 6506/1811/1377
f 6505/1810/1376 6509/1815/1380 6507/1812/1378
f 6510/1816/1381 6509/1815/1380 6506/1811/1377
f 6508/1813/1379 6507/1812/1378 6511/1925/1382
f 6510/1816/1381 6512/1926/1383 6509/1815/1380
f 6507/1812/1378 6513/1927/1303 6511/1925/1382
f 6507/1812/1378 6509/1815/1380 6513/1927/1303
f 6512/1926/1383 6514/1928/1304 6509/1815/1380
f 6509/1815/1380 6514/1928/1304 6513/1927/1303
f 6513/1927/1303 6515/1820/1305 6511/1925/1382
f 6513/1927/1303 6514/1928/1304 6515/1820/1305
f 6515/1820/1305 6516/1821/1384 6511/1925/1382
f 6517/1822/1307 6514/1928/1304 6512/1926/1383
f 6514/1928/1304 6517/1822/1307 6515/1820/1305
f 6518/1823/1385 6517/1822/1307 6512/1926/1383
f 6516/1821/1384 6515/1820/1305 6519/1929/1309
f 6515/1820/1305 6517/1822/1307 6519/1929/1309
f 6520/1930/1386 6516/1821/1384 6519/1929/1309
f 6521/1931/867 6517/1822/1307 6518/1823/1385
f 6517/1822/1307 6521/1931/867 6519/1929/1309
f 6522/1932/1387 6521/1931/867 6518/1823/1385
f 6519/1929/1309 6523/1933/1337 6520/1930/1386
f 6523/1933/1337 6524/1829/1388 6520/1930/1386
f 6524/1829/1388 6523/1933/1337 6525/1830/1364
f 6519/1929/1309 6521/1931/867 6526/1934/1316
f 6526/1934/1316 6521/1931/867 6522/1932/1387
f 6523/1933/1337 6519/1929/1309 6526/1934/1316
f 6527/1832/1389 6526/1934/1316 6522/1932/1387
f 6526/1934/1316 6527/1832/1389 6528/1833/1390
f 6523/1933/1337 6529/1834/1341 6525/1830/1364
f 6529/1834/1341 6523/1933/1337 6526/1934/1316
f 6525/1830/1364 6529/1834/1341 6530/1835/1391
f 6531/1836/1392 6526/1934/1316 6528/1833/1390
f 6531/1836/1392 6529/1834/1341 6526/1934/1316
f 6528/1833/1390 6532/1837/1393 6531/1836/1392
f 6529/1834/1341 6533/1838/1322 6530/1835/1391
f 6533/1838/1322 6529/1834/1341 6531/1836/1392
f 6530/1835/1391 6533/1838/1322 6534/1839/1345
f 6532/1837/1393 6535/1935/1324 6531/1836/1392
f 6535/1935/1324 6533/1838/1322 6531/1836/1392
f 6532/1837/1393 6536/1936/1394 6535/1935/1324
f 6533/1838/1322 6537/1937/1347 6534/1839/1345
f 6534/1839/1345 6537/1937/1347 6536/1936/1394
f 6537/1937/1347 6533/1838/1322 6535/1935/1324
f 6537/1937/1347 6538/1938/1328 6536/1936/1394
f 6536/1936/1394 6538/1938/1328 6535/1935/1324
f 6538/1938/1328 6537/1937/1347 6535/1935/1324
f 6540/1939/1369 6539/1940/1238 6541/1941/1151
f 6542/1942/1286 6540/1939/1369 6541/1941/1151
f 6540/1939/1369 6542/1942/1286 6543/1849/1395
f 6541/1941/1151 6544/1943/1371 6542/1942/1286
f 6544/1943/1371 6545/1944/309 6546/1945/1372
f 6547/1946/1352 6544/1943/1371 6546/1945/1372
f 6544/1943/1371 6547/1946/1352 6542/1942/1286
f 6546/1945/1372 6548/1854/1396 6547/1946/1352
f 6542/1942/1286 6549/1852/1291 6543/1849/1395
f 6542/1942/1286 6547/1946/1352 6549/1852/1291
f 6548/1854/1396 6550/1857/1292 6547/1946/1352
f 6547/1946/1352 6550/1857/1292 6549/1852/1291
f 6549/1852/1291 6551/1855/1293 6543/1849/1395
f 6549/1852/1291 6550/1857/1292 6551/1855/1293
f 6551/1855/1293 6552/1856/1397 6543/1849/1395
f 6550/1857/1292 6548/1854/1396 6553/1858/1295
f 6550/1857/1292 6553/1858/1295 6551/1855/1293
f 6548/1854/1396 6554/1859/1398 6553/1858/1295
f 6551/1855/1293 6555/1860/1297 6552/1856/1397
f 6551/1855/1293 6553/1858/1295 6555/1860/1297
f 6555/1860/1297 6556/1861/1399 6552/1856/1397
f 6557/1863/1299 6553/1858/1295 6554/1859/1398
f 6553/1858/1295 6557/1863/1299 6555/1860/1297
f 6558/1864/1400 6557/1863/1299 6554/1859/1398
f 6556/1861/1399 6555/1860/1297 6559/1862/1401
f 6558/1864/1400 6560/1865/1402 6557/1863/1299
f 6555/1860/1297 6561/1866/1303 6559/1862/1401
f 6555/1860/1297 6557/1863/1299 6561/1866/1303
f 6560/1865/1402 6562/1867/1403 6557/1863/1299
f 6557/1863/1299 6562/1867/1403 6561/1866/1303
f 6561/1866/1303 6563/1868/874 6559/1862/1401
f 6561/1866/1303 6562/1867/1403 6563/1868/874
f 6563/1868/874 6564/1869/1404 6559/1862/1401
f 6565/1870/1307 6562/1867/1403 6560/1865/1402
f 6562/1867/1403 6565/1870/1307 6563/1868/874
f 6566/1871/1405 6565/1870/1307 6560/1865/1402
f 6564/1869/1404 6563/1868/874 6567/1872/1309
f 6563/1868/874 6565/1870/1307 6567/1872/1309
f 6568/1873/1335 6564/1869/1404 6567/1872/1309
f 6569/1947/867 6565/1870/1307 6566/1871/1405
f 6565/1870/1307 6569/1947/867 6567/1872/1309
f 6570/1875/1406 6569/1947/867 6566/1871/1405
f 6567/1872/1309 6571/1876/1313 6568/1873/1335
f 6571/1876/1313 6572/1877/1407 6568/1873/1335
f 6572/1877/1407 6571/1876/1313 6573/1878/1408
f 6567/1872/1309 6569/1947/867 6574/1879/1316
f 6574/1879/1316 6569/1947/867 6570/1875/1406
f 6571/1876/1313 6567/1872/1309 6574/1879/1316
f 6575/1880/1409 6574/1879/1316 6570/1875/1406
f 6571/1876/1313 6576/1881/1341 6573/1878/1408
f 6576/1881/1341 6571/1876/1313 6574/1879/1316
f 6577/1882/1391 6573/1878/1408 6576/1881/1341
f 6575/1880/1409 6578/1883/1410 6574/1879/1316
f 6579/1948/1322 6577/1882/1391 6576/1881/1341
f 6577/1882/1391 6579/1948/1322 6580/1885/1411
f 6581/1886/1392 6576/1881/1341 6574/1879/1316
f 6578/1883/1410 6581/1886/1392 6574/1879/1316
f 6579/1948/1322 6576/1881/1341 6581/1886/1392
f 6582/1887/1324 6581/1886/1392 6578/1883/1410
f 6582/1887/1324 6579/1948/1322 6581/1886/1392
f 6583/1949/1412 6582/1887/1324 6578/1883/1410
f 6579/1948/1322 6584/1889/1326 6580/1885/1411
f 6584/1889/1326 6579/1948/1322 6582/1887/1324
f 6585/1890/1413 6580/1885/1411 6584/1889/1326
f 6583/1949/1412 6585/1890/1413 6582/1887/1324
f 6586/1950/1328 6585/1890/1413 6584/1889/1326
f 6585/1890/1413 6586/1950/1328 6582/1887/1324
f 6586/1950/1328 6584/1889/1326 6582/1887/1324
f 6588/1951/1414 6587/1952/1415 6589/1953/1416
f 6590/1954/1417 6588/1951/1414 6589/1953/1416
f 6591/1955/1418 6588/1951/1414 6590/1954/1417
f 6589/1953/1416 6592/1956/1419 6590/1954/1417
f 6593/1957/1420 6591/1955/1418 6590/1954/1417
f 6594/1958/1421 6591/1955/1418 6593/1957/1420
f 6592/1956/1419 6595/1959/1422 6590/1954/1417
f 6590/1954/1417 6595/1959/1422 6593/1957/1420
f 6592/1956/1419 6596/1960/1423 6595/1959/1422
f 6597/1961/1424 6594/1958/1421 6593/1957/1420
f 6598/1962/1425 6594/1958/1421 6597/1961/1424
f 6595/1959/1422 6599/1963/1426 6593/1957/1420
f 6593/1957/1420 6599/1963/1426 6597/1961/1424
f 6596/1960/1423 6600/1964/1427 6595/1959/1422
f 6595/1959/1422 6600/1964/1427 6599/1963/1426
f 6600/1964/1427 6596/1960/1423 6601/1965/1428
f 6602/1966/1429 6598/1962/1425 6597/1961/1424
f 6603/1967/1430 6598/1962/1425 6602/1966/1429
f 6599/1963/1426 6604/1968/1431 6597/1961/1424
f 6597/1961/1424 6604/1968/1431 6602/1966/1429
f 6600/1964/1427 6605/1969/1432 6599/1963/1426
f 6599/1963/1426 6605/1969/1432 6604/1968/1431
f 6606/1970/1433 6600/1964/1427 6601/1965/1428
f 6605/1969/1432 6600/1964/1427 6606/1970/1433
f 6606/1970/1433 6601/1965/1428 6607/1971/1434
f 6608/1972/1435 6603/1967/1430 6602/1966/1429
f 6609/1973/1436 6603/1967/1430 6608/1972/1435
f 6610/1974/1437 6606/1970/1433 6607/1971/1434
f 6607/1971/1434 6611/1975/1438 6610/1974/1437
f 6612/1976/1439 6605/1969/1432 6606/1970/1433
f 6612/1976/1439 6606/1970/1433 6610/1974/1437
f 6605/1969/1432 6613/1977/1440 6604/1968/1431
f 6613/1977/1440 6605/1969/1432 6612/1976/1439
f 6604/1968/1431 6614/1978/1441 6602/1966/1429
f 6604/1968/1431 6613/1977/1440 6614/1978/1441
f 6608/1972/1435 6602/1966/1429 6614/1978/1441
f 6611/1975/1438 6615/1979/1442 6610/1974/1437
f 6611/1975/1438 6616/1980/1443 6615/1979/1442
f 6617/1981/1444 6612/1976/1439 6610/1974/1437
f 6610/1974/1437 6615/1979/1442 6617/1981/1444
f 6618/1982/1445 6613/1977/1440 6612/1976/1439
f 6618/1982/1445 6612/1976/1439 6617/1981/1444
f 6616/1980/1443 6619/1983/1446 6615/1979/1442
f 6620/1984/1447 6613/1977/1440 6618/1982/1445
f 6613/1977/1440 6620/1984/1447 6614/1978/1441
f 6616/1980/1443 6621/1985/1448 6619/1983/1446
f 6615/1979/1442 6622/1986/1449 6617/1981/1444
f 6615/1979/1442 6619/1983/1446 6622/1986/1449
f 6623/1987/1450 6618/1982/1445 6617/1981/1444
f 6617/1981/1444 6622/1986/1449 6623/1987/1450
f 6619/1983/1446 6624/1988/1451 6622/1986/1449
f 6619/1983/1446 6621/1985/1448 6624/1988/1451
f 6622/1986/1449 6625/1989/1452 6623/1987/1450
f 6622/1986/1449 6624/1988/1451 6625/1989/1452
f 6626/1990/1453 6618/1982/1445 6623/1987/1450
f 6626/1990/1453 6620/1984/1447 6618/1982/1445
f 6624/1988/1451 6627/1991/1454 6625/1989/1452
f 6624/1988/1451 6621/1985/1448 6627/1991/1454
f 6623/1987/1450 6625/1989/1452 6628/1992/1455
f 6628/1992/1455 6626/1990/1453 6623/1987/1450
f 6629/1993/1456 6625/1989/1452 6627/1991/1454
f 6625/1989/1452 6629/1993/1456 6628/1992/1455
f 6630/1994/1457 6629/1993/1456 6627/1991/1454
f 6627/1991/1454 6621/1985/1448 6630/1994/1457
f 6631/1995/1458 6628/1992/1455 6629/1993/1456
f 6629/1993/1456 6630/1994/1457 6632/1996/1459
f 6632/1996/1459 6631/1995/1458 6629/1993/1456
f 6633/1997/1460 6626/1990/1453 6628/1992/1455
f 6631/1995/1458 6633/1997/1460 6628/1992/1455
f 6630/1994/1457 6634/1998/1461 6632/1996/1459
f 6630/1994/1457 6621/1985/1448 6634/1998/1461
f 6634/1998/1461 6635/1999/1462 6632/1996/1459
f 6634/1998/1461 6621/1985/1448 6635/1999/1462
f 6632/1996/1459 6636/2000/1463 6631/1995/1458
f 6635/1999/1462 6636/2000/1463 6632/1996/1459
f 6631/1995/1458 6637/2001/1464 6633/1997/1460
f 6636/2000/1463 6637/2001/1464 6631/1995/1458
f 6633/1997/1460 6638/2002/1465 6626/1990/1453
f 6638/2002/1465 6620/1984/1447 6626/1990/1453
f 6635/1999/1462 6639/2003/1466 6636/2000/1463
f 6635/1999/1462 6621/1985/1448 6639/2003/1466
f 6639/2003/1466 6640/2004/1467 6636/2000/1463
f 6636/2000/1463 6640/2004/1467 6637/2001/1464
f 6639/2003/1466 6621/1985/1448 6641/2005/1468
f 6639/2003/1466 6641/2005/1468 6640/2004/1467
f 6641/2005/1468 6621/1985/1448 6642/2006/1469
f 6642/2006/1469 6621/1985/1448 6643/2007/1470
f 6641/2005/1468 6644/2008/1471 6640/2004/1467
f 6641/2005/1468 6642/2006/1469 6644/2008/1471
f 6642/2006/1469 6643/2007/1470 6645/2009/1472
f 6642/2006/1469 6645/2009/1472 6644/2008/1471
f 6643/2007/1470 6646/2010/1473 6645/2009/1472
f 6640/2004/1467 6644/2008/1471 6647/2011/1474
f 6640/2004/1467 6647/2011/1474 6637/2001/1464
f 6644/2008/1471 6645/2009/1472 6648/2012/1475
f 6644/2008/1471 6648/2012/1475 6647/2011/1474
f 6645/2009/1472 6646/2010/1473 6649/2013/1476
f 6645/2009/1472 6649/2013/1476 6648/2012/1475
f 6646/2010/1473 6650/2014/1477 6649/2013/1476
f 6637/2001/1464 6647/2011/1474 6651/2015/1478
f 6637/2001/1464 6651/2015/1478 6633/1997/1460
f 6633/1997/1460 6651/2015/1478 6638/2002/1465
f 6649/2013/1476 6650/2014/1477 6652/2016/1479
f 6650/2014/1477 6653/2017/1480 6652/2016/1479
f 6647/2011/1474 6654/2018/1481 6651/2015/1478
f 6647/2011/1474 6648/2012/1475 6654/2018/1481
f 6648/2012/1475 6649/2013/1476 6655/2019/1482
f 6648/2012/1475 6655/2019/1482 6654/2018/1481
f 6649/2013/1476 6652/2016/1479 6655/2019/1482
f 6651/2015/1478 6654/2018/1481 6656/2020/1483
f 6651/2015/1478 6656/2020/1483 6638/2002/1465
f 6654/2018/1481 6655/2019/1482 6657/2021/1484
f 6654/2018/1481 6657/2021/1484 6656/2020/1483
f 6655/2019/1482 6652/2016/1479 6658/2022/1485
f 6655/2019/1482 6658/2022/1485 6657/2021/1484
f 6652/2016/1479 6653/2017/1480 6659/2023/1486
f 6652/2016/1479 6659/2023/1486 6658/2022/1485
f 6653/2017/1480 6660/2024/1487 6659/2023/1486
f 6638/2002/1465 6656/2020/1483 6661/2025/1488
f 6620/1984/1447 6638/2002/1465 6661/2025/1488
f 6614/1978/1441 6620/1984/1447 6661/2025/1488
f 6661/2025/1488 6608/1972/1435 6614/1978/1441
f 6656/2020/1483 6657/2021/1484 6662/2026/1489
f 6656/2020/1483 6662/2026/1489 6661/2025/1488
f 6608/1972/1435 6661/2025/1488 6663/2027/1490
f 6661/2025/1488 6662/2026/1489 6663/2027/1490
f 6663/2027/1490 6609/1973/1436 6608/1972/1435
f 6664/2028/1491 6609/1973/1436 6663/2027/1490
f 6657/2021/1484 6665/2029/1492 6662/2026/1489
f 6662/2026/1489 6665/2029/1492 6663/2027/1490
f 6657/2021/1484 6658/2022/1485 6665/2029/1492
f 6666/2030/1493 6664/2028/1491 6663/2027/1490
f 6665/2029/1492 6666/2030/1493 6663/2027/1490
f 6667/2031/1494 6664/2028/1491 6666/2030/1493
f 6658/2022/1485 6668/2032/1495 6665/2029/1492
f 6665/2029/1492 6668/2032/1495 6666/2030/1493
f 6658/2022/1485 6659/2023/1486 6668/2032/1495
f 6669/2033/1496 6667/2031/1494 6666/2030/1493
f 6668/2032/1495 6669/2033/1496 6666/2030/1493
f 6670/2034/1497 6667/2031/1494 6669/2033/1496
f 6659/2023/1486 6671/2035/1498 6668/2032/1495
f 6668/2032/1495 6671/2035/1498 6669/2033/1496
f 6659/2023/1486 6660/2024/1487 6671/2035/1498
f 6660/2024/1487 6672/2036/1499 6671/2035/1498
f 6671/2035/1498 6672/2036/1499 6673/2037/1500
f 6674/2038/1501 6670/2034/1497 6669/2033/1496
f 6671/2035/1498 6674/2038/1501 6669/2033/1496
f 6674/2038/1501 6671/2035/1498 6673/2037/1500
f 6675/2039/1502 6670/2034/1497 6674/2038/1501
f 6673/2037/1500 6675/2039/1502 6674/2038/1501
f 6677/2040/1503 6676/2041/1504 6678/2042/1505
f 6679/2043/1506 6677/2040/1503 6678/2042/1505
f 6679/2043/1506 6678/2042/1505 6680/2044/1507
f 6679/2043/1506 6681/2045/1508 6677/2040/1503
f 6682/2046/1509 6679/2043/1506 6680/2044/1507
f 6682/2046/1509 6681/2045/1508 6679/2043/1506
f 6682/2046/1509 6680/2044/1507 6683/2047/1510
f 6684/2048/1511 6682/2046/1509 6683/2047/1510
f 6684/2048/1511 6681/2045/1508 6682/2046/1509
f 6683/2047/1510 6685/2049/1512 6684/2048/1511
f 6685/2049/1512 6686/2050/1513 6684/2048/1511
f 6686/2050/1513 6681/2045/1508 6684/2048/1511
f 6685/2049/1512 6687/2051/1514 6686/2050/1513
f 6687/2051/1514 6688/2052/1515 6686/2050/1513
f 6686/2050/1513 6688/2052/1515 6681/2045/1508
f 6689/2053/1516 6688/2052/1515 6687/2051/1514
f 6689/2053/1516 6681/2045/1508 6688/2052/1515
f 6690/2054/1517 6689/2053/1516 6687/2051/1514
f 6689/2053/1516 6690/2054/1517 6691/2055/1518
f 6691/2055/1518 6681/2045/1508 6689/2053/1516
f 6690/2054/1517 6692/2056/1519 6691/2055/1518
f 6691/2055/1518 6692/2056/1519 6693/2057/1520
f 6693/2057/1520 6681/2045/1508 6691/2055/1518
f 6692/2056/1519 6694/2058/1521 6693/2057/1520
f 6695/2059/1522 6681/2045/1508 6693/2057/1520
f 6693/2057/1520 6694/2058/1521 6695/2059/1522
f 6696/2060/1522 6681/2045/1508 6695/2059/1522
f 6694/2058/1521 6697/2061/1523 6695/2059/1522
f 6695/2059/1522 6697/2061/1523 6696/2060/1522
f 6697/2061/1523 6698/2062/1524 6696/2060/1522
f 6700/1953/1525 6699/1952/1526 6701/1951/1527
f 6702/1954/1528 6700/1953/1525 6701/1951/1527
f 6700/1953/1525 6702/1954/1528 6703/2063/1529
f 6702/1954/1528 6701/1951/1527 6704/1955/1530
f 6702/1954/1528 6705/2064/1531 6703/2063/1529
f 6703/2063/1529 6705/2064/1531 6706/1960/1532
f 6707/1957/1533 6702/1954/1528 6704/1955/1530
f 6702/1954/1528 6707/1957/1533 6705/2064/1531
f 6707/1957/1533 6704/1955/1530 6708/2065/1534
f 6705/2064/1531 6709/2066/1535 6706/1960/1532
f 6706/1960/1532 6709/2066/1535 6710/1965/1536
f 6707/1957/1533 6711/2067/1537 6705/2064/1531
f 6705/2064/1531 6711/2067/1537 6709/2066/1535
f 6712/2068/1538 6707/1957/1533 6708/2065/1534
f 6707/1957/1533 6712/2068/1538 6711/2067/1537
f 6712/2068/1538 6708/2065/1534 6713/2069/1539
f 6709/2066/1535 6714/2070/1540 6710/1965/1536
f 6710/1965/1536 6714/2070/1540 6715/2071/1541
f 6711/2067/1537 6716/2072/1542 6709/2066/1535
f 6709/2066/1535 6716/2072/1542 6714/2070/1540
f 6712/2068/1538 6717/2073/1543 6711/2067/1537
f 6711/2067/1537 6717/2073/1543 6716/2072/1542
f 6718/2074/1544 6712/2068/1538 6713/2069/1539
f 6712/2068/1538 6718/2074/1544 6717/2073/1543
f 6718/2074/1544 6713/2069/1539 6719/2075/249
f 6714/2070/1540 6720/2076/1545 6715/2071/1541
f 6715/2071/1541 6720/2076/1545 6721/2077/1546
f 6722/2078/249 6718/2074/1544 6719/2075/249
f 6722/2078/249 6719/2075/249 6723/1973/1547
f 6718/2074/1544 6724/1978/1548 6717/2073/1543
f 6724/1978/1548 6718/2074/1544 6722/2078/249
f 6717/2073/1543 6725/2079/1549 6716/2072/1542
f 6725/2079/1549 6717/2073/1543 6724/1978/1548
f 6716/2072/1542 6726/2080/1550 6714/2070/1540
f 6716/2072/1542 6725/2079/1549 6726/2080/1550
f 6714/2070/1540 6726/2080/1550 6720/2076/1545
f 6727/2081/1551 6725/2079/1549 6724/1978/1548
f 6725/2079/1549 6728/1982/1552 6726/2080/1550
f 6725/2079/1549 6727/2081/1551 6728/1982/1552
f 6726/2080/1550 6729/2082/1553 6720/2076/1545
f 6726/2080/1550 6728/1982/1552 6729/2082/1553
f 6720/2076/1545 6730/2083/1554 6721/2077/1546
f 6720/2076/1545 6729/2082/1553 6730/2083/1554
f 6721/2077/1546 6730/2083/1554 6731/2084/1555
f 6728/1982/1552 6732/1987/1556 6729/2082/1553
f 6730/2083/1554 6733/2085/1557 6731/2084/1555
f 6729/2082/1553 6734/2086/1558 6730/2083/1554
f 6730/2083/1554 6734/2086/1558 6733/2085/1557
f 6729/2082/1553 6732/1987/1556 6734/2086/1558
f 6733/2085/1557 6735/1985/1559 6731/2084/1555
f 6734/2086/1558 6736/1988/1560 6733/2085/1557
f 6736/1988/1560 6735/1985/1559 6733/2085/1557
f 6732/1987/1556 6737/2087/1561 6734/2086/1558
f 6734/2086/1558 6737/2087/1561 6736/1988/1560
f 6728/1982/1552 6738/1990/1562 6732/1987/1556
f 6727/2081/1551 6738/1990/1562 6728/1982/1552
f 6737/2087/1561 6739/2088/1563 6736/1988/1560
f 6739/2088/1563 6735/1985/1559 6736/1988/1560
f 6732/1987/1556 6740/1992/1564 6737/2087/1561
f 6738/1990/1562 6740/1992/1564 6732/1987/1556
f 6737/2087/1561 6741/1993/1565 6739/2088/1563
f 6740/1992/1564 6741/1993/1565 6737/2087/1561
f 6741/1993/1565 6742/2089/1566 6739/2088/1563
f 6742/2089/1566 6735/1985/1559 6739/2088/1563
f 6741/1993/1565 6740/1992/1564 6743/1995/1567
f 6741/1993/1565 6744/1996/1568 6742/2089/1566
f 6744/1996/1568 6741/1993/1565 6743/1995/1567
f 6738/1990/1562 6745/2090/1569 6740/1992/1564
f 6745/2090/1569 6743/1995/1567 6740/1992/1564
f 6744/1996/1568 6746/1998/1570 6742/2089/1566
f 6746/1998/1570 6735/1985/1559 6742/2089/1566
f 6747/2091/1571 6746/1998/1570 6744/1996/1568
f 6747/2091/1571 6735/1985/1559 6746/1998/1570
f 6748/2000/1572 6744/1996/1568 6743/1995/1567
f 6748/2000/1572 6747/2091/1571 6744/1996/1568
f 6743/1995/1567 6745/2090/1569 6749/2092/1573
f 6749/2092/1573 6748/2000/1572 6743/1995/1567
f 6750/2002/1574 6745/2090/1569 6738/1990/1562
f 6727/2081/1551 6750/2002/1574 6738/1990/1562
f 6751/2093/1575 6747/2091/1571 6748/2000/1572
f 6751/2093/1575 6735/1985/1559 6747/2091/1571
f 6752/2094/1576 6751/2093/1575 6748/2000/1572
f 6752/2094/1576 6748/2000/1572 6749/2092/1573
f 6753/2005/1577 6735/1985/1559 6751/2093/1575
f 6753/2005/1577 6751/2093/1575 6752/2094/1576
f 6754/2095/1578 6735/1985/1559 6753/2005/1577
f 6755/2096/1579 6735/1985/1559 6754/2095/1578
f 6756/2097/1580 6753/2005/1577 6752/2094/1576
f 6754/2095/1578 6753/2005/1577 6756/2097/1580
f 6755/2096/1579 6754/2095/1578 6757/2098/1581
f 6757/2098/1581 6754/2095/1578 6756/2097/1580
f 6758/2099/1582 6755/2096/1579 6757/2098/1581
f 6756/2097/1580 6752/2094/1576 6759/2100/1583
f 6759/2100/1583 6752/2094/1576 6749/2092/1573
f 6757/2098/1581 6756/2097/1580 6760/2012/1584
f 6760/2012/1584 6756/2097/1580 6759/2100/1583
f 6758/2099/1582 6757/2098/1581 6761/2013/1585
f 6761/2013/1585 6757/2098/1581 6760/2012/1584
f 6762/2101/1586 6758/2099/1582 6761/2013/1585
f 6749/2092/1573 6763/2015/1587 6759/2100/1583
f 6745/2090/1569 6763/2015/1587 6749/2092/1573
f 6745/2090/1569 6750/2002/1574 6763/2015/1587
f 6759/2100/1583 6764/2102/1588 6760/2012/1584
f 6763/2015/1587 6764/2102/1588 6759/2100/1583
f 6760/2012/1584 6765/2019/1589 6761/2013/1585
f 6764/2102/1588 6765/2019/1589 6760/2012/1584
f 6761/2013/1585 6766/2016/1590 6762/2101/1586
f 6765/2019/1589 6766/2016/1590 6761/2013/1585
f 6766/2016/1590 6767/2103/1591 6762/2101/1586
f 6763/2015/1587 6768/2020/1592 6764/2102/1588
f 6750/2002/1574 6768/2020/1592 6763/2015/1587
f 6766/2016/1590 6769/2023/1593 6767/2103/1591
f 6769/2023/1593 6770/2104/1594 6767/2103/1591
f 6765/2019/1589 6771/2105/1595 6766/2016/1590
f 6771/2105/1595 6769/2023/1593 6766/2016/1590
f 6764/2102/1588 6772/2021/1596 6765/2019/1589
f 6772/2021/1596 6771/2105/1595 6765/2019/1589
f 6768/2020/1592 6772/2021/1596 6764/2102/1588
f 6770/2104/1594 6769/2023/1593 6773/2106/1597
f 6774/2036/1598 6770/2104/1594 6773/2106/1597
f 6775/2107/1599 6774/2036/1598 6773/2106/1597
f 6769/2023/1593 6771/2105/1595 6776/2108/1600
f 6773/2106/1597 6769/2023/1593 6776/2108/1600
f 6771/2105/1595 6772/2021/1596 6777/2029/1601
f 6776/2108/1600 6771/2105/1595 6777/2029/1601
f 6772/2021/1596 6768/2020/1592 6778/2026/1602
f 6777/2029/1601 6772/2021/1596 6778/2026/1602
f 6768/2020/1592 6750/2002/1574 6779/2109/1603
f 6778/2026/1602 6768/2020/1592 6779/2109/1603
f 6779/2109/1603 6750/2002/1574 6727/2081/1551
f 6724/1978/1548 6779/2109/1603 6727/2081/1551
f 6779/2109/1603 6724/1978/1548 6722/2078/249
f 6780/2027/1604 6778/2026/1602 6779/2109/1603
f 6722/2078/249 6780/2027/1604 6779/2109/1603
f 6777/2029/1601 6778/2026/1602 6780/2027/1604
f 6780/2027/1604 6722/2078/249 6723/1973/1547
f 6780/2027/1604 6723/1973/1547 6781/2028/1605
f 6782/2030/1606 6777/2029/1601 6780/2027/1604
f 6782/2030/1606 6780/2027/1604 6781/2028/1605
f 6776/2108/1600 6777/2029/1601 6782/2030/1606
f 6782/2030/1606 6781/2028/1605 6783/2110/1607
f 6784/2111/1608 6776/2108/1600 6782/2030/1606
f 6784/2111/1608 6782/2030/1606 6783/2110/1607
f 6773/2106/1597 6776/2108/1600 6784/2111/1608
f 6784/2111/1608 6783/2110/1607 6785/2112/1609
f 6786/2113/1610 6773/2106/1597 6784/2111/1608
f 6786/2113/1610 6784/2111/1608 6785/2112/1609
f 6786/2113/1610 6775/2107/1599 6773/2106/1597
f 6786/2113/1610 6785/2112/1609 6787/2114/1611
f 6775/2107/1599 6786/2113/1610 6787/2114/1611
f 6789/2115/1612 6788/2041/1613 6790/2040/1614
f 6791/2043/1615 6789/2115/1612 6790/2040/1614
f 6792/2044/1616 6789/2115/1612 6791/2043/1615
f 6790/2040/1614 6793/2045/1617 6791/2043/1615
f 6794/2046/1618 6792/2044/1616 6791/2043/1615
f 6791/2043/1615 6793/2045/1617 6794/2046/1618
f 6795/2116/1619 6792/2044/1616 6794/2046/1618
f 6796/2117/1620 6795/2116/1619 6794/2046/1618
f 6794/2046/1618 6793/2045/1617 6796/2117/1620
f 6795/2116/1619 6796/2117/1620 6797/2118/1621
f 6796/2117/1620 6798/2119/1622 6797/2118/1621
f 6796/2117/1620 6793/2045/1617 6798/2119/1622
f 6797/2118/1621 6798/2119/1622 6799/2051/1623
f 6798/2119/1622 6800/2120/1624 6799/2051/1623
f 6793/2045/1617 6800/2120/1624 6798/2119/1622
f 6800/2120/1624 6801/2053/1625 6799/2051/1623
f 6800/2120/1624 6793/2045/1617 6801/2053/1625
f 6801/2053/1625 6802/2121/1626 6799/2051/1623
f 6802/2121/1626 6801/2053/1625 6803/2055/1627
f 6801/2053/1625 6793/2045/1617 6803/2055/1627
f 6804/2056/1628 6802/2121/1626 6803/2055/1627
f 6804/2056/1628 6803/2055/1627 6805/2057/1629
f 6803/2055/1627 6793/2045/1617 6805/2057/1629
f 6806/2058/1630 6804/2056/1628 6805/2057/1629
f 6805/2057/1629 6793/2045/1617 6807/2059/1631
f 6806/2058/1630 6805/2057/1629 6807/2059/1631
f 6807/2059/1631 6793/2045/1617 6808/2060/535
f 6809/2122/1632 6806/2058/1630 6807/2059/1631
f 6809/2122/1632 6807/2059/1631 6808/2060/535
f 6810/2062/1633 6809/2122/1632 6808/2060/535
f 6812/2123/1634 6811/2124/830 6813/2125/1635
f 6812/2123/1634 6813/2125/1635 6814/2126/249
f 6814/2126/249 6815/2127/853 6812/2123/1634
f 6816/2128/1636 6814/2126/249 6813/2125/1635
f 6814/2126/249 6817/2129/1392 6815/2127/853
f 6817/2129/1392 6818/2130/1637 6815/2127/853
f 6817/2129/1392 6819/2131/1638 6818/2130/1637
f 6817/2129/1392 6820/2132/1639 6819/2131/1638
f 6816/2128/1636 6821/2133/249 6814/2126/249
f 6817/2129/1392 6822/2134/883 6820/2132/1639
f 6814/2126/249 6822/2134/883 6817/2129/1392
f 6823/2135/1640 6821/2133/249 6816/2128/1636
f 6823/2135/1640 6816/2128/1636 6824/2136/1641
f 6825/2137/1642 6814/2126/249 6821/2133/249
f 6823/2135/1640 6825/2137/1642 6821/2133/249
f 6824/2136/1641 6825/2137/1642 6823/2135/1640
f 6822/2134/883 6814/2126/249 6825/2137/1642
f 6824/2136/1641 6826/2138/1643 6825/2137/1642
f 6825/2137/1642 6826/2138/1643 6827/2139/1644
f 6828/2140/1645 6820/2132/1639 6822/2134/883
f 6822/2134/883 6825/2137/1642 6828/2140/1645
f 6828/2140/1645 6827/2139/1644 6820/2132/1639
f 6825/2137/1642 6827/2139/1644 6828/2140/1645
f 6830/2125/1646 6829/2124/514 6831/2123/1647
f 6832/2126/148 6830/2125/1646 6831/2123/1647
f 6831/2123/1647 6833/2127/149 6832/2126/148
f 6830/2125/1646 6832/2126/148 6834/2128/1648
f 6833/2127/149 6835/2129/1212 6832/2126/148
f 6833/2127/149 6836/2130/1649 6835/2129/1212
f 6836/2130/1649 6837/2131/1650 6835/2129/1212
f 6837/2131/1650 6838/2132/1651 6835/2129/1212
f 6835/2129/1212 6839/2134/1012 6832/2126/148
f 6838/2132/1651 6839/2134/1012 6835/2129/1212
f 6832/2126/148 6840/2133/148 6834/2128/1648
f 6839/2134/1012 6838/2132/1651 6841/2140/1652
f 6838/2132/1651 6842/2139/1653 6841/2140/1652
f 6843/2137/1654 6832/2126/148 6839/2134/1012
f 6841/2140/1652 6843/2137/1654 6839/2134/1012
f 6841/2140/1652 6842/2139/1653 6843/2137/1654
f 6840/2133/148 6832/2126/148 6843/2137/1654
f 6842/2139/1653 6844/2138/1655 6843/2137/1654
f 6843/2137/1654 6844/2138/1655 6845/2136/1656
f 6834/2128/1648 6840/2133/148 6846/2135/1657
f 6840/2133/148 6843/2137/1654 6846/2135/1657
f 6845/2136/1656 6834/2128/1648 6846/2135/1657
f 6846/2135/1657 6843/2137/1654 6845/2136/1656
f 6848/2141/127 6847/2142/127 6849/2143/127
f 6848/2141/127 6849/2143/127 6850/2144/127
f 6849/2143/127 6851/2145/127 6850/2144/127
f 6852/2146/127 6851/2145/127 6849/2143/127
f 6852/2146/127 6849/2143/127 6853/2147/127
f 6855/2147/127 6854/2143/127 6856/2146/127
f 6854/2143/127 6857/2145/127 6856/2146/127
f 6858/2144/127 6857/2145/127 6854/2143/127
f 6858/2144/127 6854/2143/127 6859/2141/127
f 6854/2143/127 6860/2142/127 6859/2141/127
f 6862/2141/127 6861/2142/127 6863/2143/127
f 6862/2141/127 6863/2143/127 6864/2144/127
f 6863/2143/127 6865/2145/127 6864/2144/127
f 6866/2146/127 6865/2145/127 6863/2143/127
f 6866/2146/127 6863/2143/127 6867/2147/127
f 6869/2147/127 6868/2143/127 6870/2146/127
f 6868/2143/127 6871/2145/127 6870/2146/127
f 6872/2144/127 6871/2145/127 6868/2143/127
f 6872/2144/127 6868/2143/127 6873/2141/127
f 6868/2143/127 6874/2142/127 6873/2141/127
f 6876/2148/1658 6875/2149/1659 6877/2150/1660
f 6879/2151/1661 6878/2152/1662 6877/2150/1660
f 6875/2149/1659 6880/2153/1663 6877/2150/1660
f 6880/2153/1663 6879/2151/1661 6877/2150/1660
f 6880/2153/1663 6875/2149/1659 6881/2154/1664
f 6882/2155/1665 6879/2151/1661 6880/2153/1663
f 6883/2156/1666 6880/2153/1663 6881/2154/1664
f 6883/2156/1666 6882/2155/1665 6880/2153/1663
f 6881/2154/1664 6884/2157/1667 6883/2156/1666
f 6884/2157/1667 6885/2158/1668 6883/2156/1666
f 6882/2155/1665 6883/2156/1666 6885/2158/1668
f 6886/2159/1669 6882/2155/1665 6885/2158/1668
f 6888/2160/1670 6887/2148/1671 6889/2161/1672
f 6889/2161/1672 6890/2152/1673 6891/2151/1674
f 6892/2153/1675 6888/2160/1670 6889/2161/1672
f 6892/2153/1675 6889/2161/1672 6891/2151/1674
f 6893/2154/1676 6888/2160/1670 6892/2153/1675
f 6892/2153/1675 6891/2151/1674 6894/2155/1677
f 6895/2156/1678 6893/2154/1676 6892/2153/1675
f 6895/2156/1678 6892/2153/1675 6894/2155/1677
f 6893/2154/1676 6895/2156/1678 6896/2157/1667
f 6895/2156/1678 6897/2158/1668 6896/2157/1667
f 6895/2156/1678 6894/2155/1677 6897/2158/1668
f 6894/2155/1677 6898/2159/1669 6897/2158/1668
f 6900/2148/1658 6899/2149/1659 6901/2150/1660
f 6903/2151/1661 6902/2152/1662 6901/2150/1660
f 6899/2149/1659 6904/2153/1663 6901/2150/1660
f 6904/2153/1663 6903/2151/1661 6901/2150/1660
f 6904/2153/1663 6899/2149/1659 6905/2154/1664
f 6906/2155/1665 6903/2151/1661 6904/2153/1663
f 6907/2156/1666 6904/2153/1663 6905/2154/1664
f 6907/2156/1666 6906/2155/1665 6904/2153/1663
f 6905/2154/1664 6908/2157/1667 6907/2156/1666
f 6908/2157/1667 6909/2158/1668 6907/2156/1666
f 6906/2155/1665 6907/2156/1666 6909/2158/1668
f 6910/2159/1669 6906/2155/1665 6909/2158/1668
f 6912/2160/1670 6911/2148/1671 6913/2161/1672
f 6913/2161/1672 6914/2152/1673 6915/2151/1674
f 6916/2153/1675 6912/2160/1670 6913/2161/1672
f 6916/2153/1675 6913/2161/1672 6915/2151/1674
f 6917/2154/1676 6912/2160/1670 6916/2153/1675
f 6916/2153/1675 6915/2151/1674 6918/2155/1677
f 6919/2156/1678 6917/2154/1676 6916/2153/1675
f 6919/2156/1678 6916/2153/1675 6918/2155/1677
f 6917/2154/1676 6919/2156/1678 6920/2157/1667
f 6919/2156/1678 6921/2158/1668 6920/2157/1667
f 6919/2156/1678 6918/2155/1677 6921/2158/1668
f 6918/2155/1677 6922/2159/1669 6921/2158/1668
f 6924/2162/155 6923/2163/155 6925/2164/155
f 6924/2162/155 6926/2165/155 6923/2163/155
f 6924/2162/155 6927/2166/155 6926/2165/155
f 6924/2162/155 6928/2167/155 6927/2166/155
f 6928/2167/155 6924/2162/155 6929/2168/155
f 6924/2162/155 6930/2169/155 6929/2168/155
f 6930/2169/155 6924/2162/155 6931/2170/155
f 6931/2170/155 6924/2162/155 6932/2171/155
f 6932/2171/155 6924/2162/155 6933/2172/155
f 6933/2172/155 6924/2162/155 6934/2173/155
f 6924/2162/155 6935/2174/155 6934/2173/155
f 6937/2175/249 6936/2163/249 6938/2162/249
f 6936/2163/249 6939/2176/249 6938/2162/249
f 6939/2176/249 6940/2166/249 6938/2162/249
f 6940/2166/249 6941/2167/249 6938/2162/249
f 6942/2177/249 6938/2162/249 6941/2167/249
f 6942/2177/249 6943/2178/249 6938/2162/249
f 6944/2170/249 6938/2162/249 6943/2178/249
f 6945/2179/249 6938/2162/249 6944/2170/249
f 6946/2180/249 6938/2162/249 6945/2179/249
f 6947/2173/249 6938/2162/249 6946/2180/249
f 6947/2173/249 6948/2174/249 6938/2162/249
f 6950/2162/155 6949/2163/155 6951/2164/155
f 6950/2162/155 6952/2165/155 6949/2163/155
f 6950/2162/155 6953/2166/155 6952/2165/155
f 6950/2162/155 6954/2167/155 6953/2166/155
f 6954/2167/155 6950/2162/155 6955/2168/155
f 6950/2162/155 6956/2169/155 6955/2168/155
f 6956/2169/155 6950/2162/155 6957/2170/155
f 6957/2170/155 6950/2162/155 6958/2171/155
f 6958/2171/155 6950/2162/155 6959/2172/155
f 6959/2172/155 6950/2162/155 6960/2173/155
f 6950/2162/155 6961/2174/155 6960/2173/155
f 6963/2175/249 6962/2163/249 6964/2162/249
f 6962/2163/249 6965/2176/249 6964/2162/249
f 6965/2176/249 6966/2166/249 6964/2162/249
f 6966/2166/249 6967/2167/249 6964/2162/249
f 6968/2177/249 6964/2162/249 6967/2167/249
f 6968/2177/249 6969/2178/249 6964/2162/249
f 6970/2170/249 6964/2162/249 6969/2178/249
f 6971/2179/249 6964/2162/249 6970/2170/249
f 6972/2180/249 6964/2162/249 6971/2179/249
f 6973/2173/249 6964/2162/249 6972/2180/249
f 6973/2173/249 6974/2174/249 6964/2162/249
f 6976/2181/1679 6975/2182/1680 6977/2183/1681
f 6977/2183/1681 6975/2182/1680 6978/2184/1682
f 6976/2181/1679 6977/2183/1681 6979/2185/853
f 6977/2183/1681 6978/2184/1682 6980/2186/1683
f 6980/2186/1683 6979/2185/853 6977/2183/1681
f 6982/2183/1203 6981/2182/1684 6983/2181/1685
f 6984/2184/1686 6981/2182/1684 6982/2183/1203
f 6985/2185/1687 6982/2183/1203 6983/2181/1685
f 6986/2186/1688 6984/2184/1686 6982/2183/1203
f 6982/2183/1203 6985/2185/1687 6986/2186/1688
f 6988/2181/1679 6987/2182/1680 6989/2183/1681
f 6989/2183/1681 6987/2182/1680 6990/2184/1682
f 6988/2181/1679 6989/2183/1681 6991/2185/853
f 6989/2183/1681 6990/2184/1682 6992/2186/1683
f 6992/2186/1683 6991/2185/853 6989/2183/1681
f 6994/2183/1203 6993/2182/1684 6995/2181/1685
f 6996/2184/1686 6993/2182/1684 6994/2183/1203
f 6997/2185/1687 6994/2183/1203 6995/2181/1685
f 6998/2186/1688 6996/2184/1686 6994/2183/1203
f 6994/2183/1203 6997/2185/1687 6998/2186/1688
f 7000/2187/1689 6999/2188/1690 7001/2189/1691
f 6999/2188/1690 7000/2187/1689 7002/2190/1692
f 6999/2188/1690 7003/2191/1693 7001/2189/1691
f 7004/2192/1694 6999/2188/1690 7002/2190/1692
f 7003/2191/1693 6999/2188/1690 7005/2193/1695
f 7005/2193/1695 6999/2188/1690 7004/2192/1694
f 7006/2194/1696 7003/2191/1693 7005/2193/1695
f 7007/2195/1697 7005/2193/1695 7004/2192/1694
f 7008/2196/1698 7006/2194/1696 7005/2193/1695
f 7007/2195/1697 7008/2196/1698 7005/2193/1695
f 7010/2197/157 7009/2198/1699 7011/2199/990
f 7009/2198/1699 7012/2200/1700 7011/2199/990
f 7010/2197/157 7011/2199/990 7013/2201/172
f 7011/2199/990 7012/2200/1700 7014/2202/1251
f 7012/2200/1700 7015/2203/1701 7014/2202/1251
f 7011/2199/990 7016/2204/1702 7013/2201/172
f 7011/2199/990 7014/2202/1251 7016/2204/1702
f 7013/2201/172 7016/2204/1702 7017/2205/1703
f 7014/2202/1251 7015/2203/1701 7018/2206/1704
f 7016/2204/1702 7019/2207/1705 7017/2205/1703
f 7020/2208/1706 7014/2202/1251 7018/2206/1704
f 7016/2204/1702 7021/2209/1272 7019/2207/1705
f 7014/2202/1251 7021/2209/1272 7016/2204/1702
f 7014/2202/1251 7020/2208/1706 7021/2209/1272
f 7021/2209/1272 7022/2210/1707 7019/2207/1705
f 7020/2208/1706 7018/2206/1704 7023/2211/1708
f 7022/2210/1707 7021/2209/1272 7024/2212/1709
f 7020/2208/1706 7024/2212/1709 7021/2209/1272
f 7025/2213/1710 7022/2210/1707 7024/2212/1709
f 7026/2214/1711 7020/2208/1706 7023/2211/1708
f 7026/2214/1711 7023/2211/1708 7027/2215/1712
f 7024/2212/1709 7020/2208/1706 7028/2216/1713
f 7024/2212/1709 7028/2216/1713 7025/2213/1710
f 7020/2208/1706 7026/2214/1711 7028/2216/1713
f 7028/2216/1713 7029/2217/1714 7025/2213/1710
f 7030/2218/1715 7029/2217/1714 7028/2216/1713
f 7031/2219/1716 7026/2214/1711 7027/2215/1712
f 7028/2216/1713 7026/2214/1711 7031/2219/1716
f 7030/2218/1715 7032/2220/1717 7027/2215/1712
f 7032/2220/1717 7030/2218/1715 7028/2216/1713
f 7032/2220/1717 7031/2219/1716 7027/2215/1712
f 7032/2220/1717 7028/2216/1713 7031/2219/1716
f 7034/2221/157 7033/2222/1718 7035/2223/1719
f 7033/2222/1718 7036/2224/1720 7035/2223/1719
f 7034/2221/157 7035/2223/1719 7037/2225/172
f 7035/2223/1719 7036/2224/1720 7038/2226/1721
f 7036/2224/1720 7039/2227/1722 7038/2226/1721
f 7035/2223/1719 7040/2228/1702 7037/2225/172
f 7035/2223/1719 7038/2226/1721 7040/2228/1702
f 7037/2225/172 7040/2228/1702 7041/2229/1703
f 7038/2226/1721 7039/2227/1722 7042/2230/1723
f 7040/2228/1702 7043/2231/1705 7041/2229/1703
f 7044/2232/1706 7038/2226/1721 7042/2230/1723
f 7040/2228/1702 7045/2233/1272 7043/2231/1705
f 7038/2226/1721 7045/2233/1272 7040/2228/1702
f 7038/2226/1721 7044/2232/1706 7045/2233/1272
f 7045/2233/1272 7046/2234/1724 7043/2231/1705
f 7044/2232/1706 7042/2230/1723 7047/2235/1708
f 7045/2233/1272 7048/2236/1709 7046/2234/1724
f 7044/2232/1706 7048/2236/1709 7045/2233/1272
f 7048/2236/1709 7049/2237/1725 7046/2234/1724
f 7050/2238/1726 7049/2237/1725 7048/2236/1709
f 7051/2239/1711 7044/2232/1706 7047/2235/1708
f 7052/2240/1727 7050/2238/1726 7048/2236/1709
f 7048/2236/1709 7044/2232/1706 7052/2240/1727
f 7044/2232/1706 7051/2239/1711 7052/2240/1727
f 7053/2241/1715 7050/2238/1726 7052/2240/1727
f 7051/2239/1711 7047/2235/1708 7054/2242/1712
f 7055/2243/1717 7053/2241/1715 7052/2240/1727
f 7053/2241/1715 7055/2243/1717 7054/2242/1712
f 7052/2240/1727 7051/2239/1711 7056/2244/1716
f 7055/2243/1717 7052/2240/1727 7056/2244/1716
f 7056/2244/1716 7051/2239/1711 7054/2242/1712
f 7055/2243/1717 7056/2244/1716 7054/2242/1712
f 7058/2245/157 7057/2246/1718 7059/2247/1719
f 7057/2246/1718 7060/2248/1720 7059/2247/1719
f 7058/2245/157 7059/2247/1719 7061/2249/172
f 7059/2247/1719 7060/2248/1720 7062/2250/1251
f 7060/2248/1720 7063/2251/1728 7062/2250/1251
f 7059/2247/1719 7064/2252/1702 7061/2249/172
f 7059/2247/1719 7062/2250/1251 7064/2252/1702
f 7061/2249/172 7064/2252/1702 7065/2253/1703
f 7064/2252/1702 7066/2254/1729 7065/2253/1703
f 7067/2255/1706 7062/2250/1251 7063/2251/1728
f 7068/2256/1730 7067/2255/1706 7063/2251/1728
f 7062/2250/1251 7069/2257/1173 7064/2252/1702
f 7064/2252/1702 7069/2257/1173 7066/2254/1729
f 7062/2250/1251 7067/2255/1706 7069/2257/1173
f 7069/2257/1173 7070/2258/1731 7066/2254/1729
f 7067/2255/1706 7068/2256/1730 7071/2259/1732
f 7070/2258/1731 7069/2257/1173 7072/2260/1733
f 7067/2255/1706 7072/2260/1733 7069/2257/1173
f 7073/2261/1734 7070/2258/1731 7072/2260/1733
f 7073/2261/1734 7072/2260/1733 7074/2262/1735
f 7075/2263/1711 7067/2255/1706 7071/2259/1732
f 7072/2260/1733 7076/2264/1736 7074/2262/1735
f 7072/2260/1733 7067/2255/1706 7076/2264/1736
f 7067/2255/1706 7075/2263/1711 7076/2264/1736
f 7074/2262/1735 7076/2264/1736 7077/2265/1737
f 7075/2263/1711 7071/2259/1732 7078/2266/1738
f 7076/2264/1736 7079/2267/1717 7077/2265/1737
f 7077/2265/1737 7079/2267/1717 7078/2266/1738
f 7076/2264/1736 7075/2263/1711 7080/2268/1716
f 7079/2267/1717 7076/2264/1736 7080/2268/1716
f 7080/2268/1716 7075/2263/1711 7078/2266/1738
f 7079/2267/1717 7080/2268/1716 7078/2266/1738
f 7082/2269/157 7081/2270/1739 7083/2271/990
f 7081/2270/1739 7084/2272/1740 7083/2271/990
f 7082/2269/157 7083/2271/990 7085/2273/172
f 7083/2271/990 7084/2272/1740 7086/2274/1251
f 7084/2272/1740 7087/2275/1741 7086/2274/1251
f 7083/2271/990 7088/2276/1702 7085/2273/172
f 7083/2271/990 7086/2274/1251 7088/2276/1702
f 7085/2273/172 7088/2276/1702 7089/2277/1742
f 7088/2276/1702 7090/2278/1743 7089/2277/1742
f 7088/2276/1702 7091/2279/1272 7090/2278/1743
f 7086/2274/1251 7091/2279/1272 7088/2276/1702
f 7091/2279/1272 7092/2280/1744 7090/2278/1743
f 7086/2274/1251 7087/2275/1741 7093/2281/1706
f 7087/2275/1741 7094/2282/1730 7093/2281/1706
f 7093/2281/1706 7094/2282/1730 7095/2283/1745
f 7091/2279/1272 7086/2274/1251 7096/2284/1746
f 7092/2280/1744 7091/2279/1272 7096/2284/1746
f 7086/2274/1251 7093/2281/1706 7096/2284/1746
f 7097/2285/1747 7092/2280/1744 7096/2284/1746
f 7098/2286/1711 7093/2281/1706 7095/2283/1745
f 7096/2284/1746 7093/2281/1706 7098/2286/1711
f 7098/2286/1711 7095/2283/1745 7099/2287/1738
f 7096/2284/1746 7100/2288/1748 7097/2285/1747
f 7100/2288/1748 7096/2284/1746 7098/2286/1711
f 7100/2288/1748 7101/2289/1749 7097/2285/1747
f 7101/2289/1749 7100/2288/1748 7102/2290/1750
f 7103/2291/1716 7098/2286/1711 7099/2287/1738
f 7100/2288/1748 7098/2286/1711 7103/2291/1716
f 7102/2290/1750 7104/2292/1717 7099/2287/1738
f 7100/2288/1748 7104/2292/1717 7102/2290/1750
f 7104/2292/1717 7103/2291/1716 7099/2287/1738
f 7104/2292/1717 7100/2288/1748 7103/2291/1716
f 7106/2293/157 7105/2294/1751 7107/2295/1752
f 7105/2294/1751 7108/2296/1753 7107/2295/1752
f 7106/2293/157 7107/2295/1752 7109/2297/1754
f 7110/2298/1755 7107/2295/1752 7108/2296/1753
f 7111/2299/1756 7110/2298/1755 7108/2296/1753
f 7107/2295/1752 7112/2300/1757 7109/2297/1754
f 7107/2295/1752 7110/2298/1755 7112/2300/1757
f 7109/2297/1754 7112/2300/1757 7113/2301/1758
f 7112/2300/1757 7114/2302/1759 7113/2301/1758
f 7115/2303/1760 7114/2302/1759 7112/2300/1757
f 7110/2298/1755 7111/2299/1756 7116/2304/1761
f 7111/2299/1756 7117/2305/1762 7116/2304/1761
f 7110/2298/1755 7118/2306/1763 7112/2300/1757
f 7118/2306/1763 7115/2303/1760 7112/2300/1757
f 7110/2298/1755 7116/2304/1761 7118/2306/1763
f 7118/2306/1763 7119/2307/1764 7115/2303/1760
f 7116/2304/1761 7119/2307/1764 7118/2306/1763
f 7119/2307/1764 7120/2308/1765 7115/2303/1760
f 7116/2304/1761 7117/2305/1762 7121/2309/1766
f 7117/2305/1762 7122/2310/1767 7121/2309/1766
f 7122/2310/1767 7123/2311/1768 7121/2309/1766
f 7119/2307/1764 7116/2304/1761 7124/2312/1769
f 7119/2307/1764 7124/2312/1769 7120/2308/1765
f 7116/2304/1761 7121/2309/1766 7124/2312/1769
f 7124/2312/1769 7125/2313/1770 7120/2308/1765
f 7126/2314/1771 7125/2313/1770 7124/2312/1769
f 7123/2311/1768 7127/2315/1772 7121/2309/1766
f 7124/2312/1769 7121/2309/1766 7127/2315/1772
f 7126/2314/1771 7128/2316/1773 7123/2311/1768
f 7128/2316/1773 7126/2314/1771 7124/2312/1769
f 7128/2316/1773 7127/2315/1772 7123/2311/1768
f 7128/2316/1773 7124/2312/1769 7127/2315/1772
f 7130/2317/1774 7129/2187/1775 7131/2318/1776
f 7129/2187/1775 7130/2317/1774 7132/2190/1777
f 7133/2319/1778 7130/2317/1774 7131/2318/1776
f 7130/2317/1774 7134/2320/1779 7132/2190/1777
f 7130/2317/1774 7133/2319/1778 7135/2193/1780
f 7134/2320/1779 7130/2317/1774 7135/2193/1780
f 7133/2319/1778 7136/2194/1781 7135/2193/1780
f 7137/2195/1782 7134/2320/1779 7135/2193/1780
f 7135/2193/1780 7136/2194/1781 7138/2321/1783
f 7137/2195/1782 7135/2193/1780 7138/2321/1783
f 7140/2197/1784 7139/2199/1307 7141/2198/1785
f 7139/2199/1307 7142/2200/1786 7141/2198/1785
f 7140/2197/1784 7143/2201/854 7139/2199/1307
f 7142/2200/1786 7139/2199/1307 7144/2322/1787
f 7145/2203/1788 7142/2200/1786 7144/2322/1787
f 7143/2201/854 7146/2323/1305 7139/2199/1307
f 7139/2199/1307 7146/2323/1305 7144/2322/1787
f 7146/2323/1305 7143/2201/854 7147/2205/1789
f 7148/2206/1790 7145/2203/1788 7144/2322/1787
f 7149/2207/1791 7146/2323/1305 7147/2205/1789
f 7150/2208/1792 7148/2206/1790 7144/2322/1787
f 7151/2209/1793 7146/2323/1305 7149/2207/1791
f 7146/2323/1305 7151/2209/1793 7144/2322/1787
f 7144/2322/1787 7151/2209/1793 7150/2208/1792
f 7152/2210/1794 7151/2209/1793 7149/2207/1791
f 7153/2211/1795 7148/2206/1790 7150/2208/1792
f 7154/2324/1796 7151/2209/1793 7152/2210/1794
f 7151/2209/1793 7154/2324/1796 7150/2208/1792
f 7155/2213/1797 7154/2324/1796 7152/2210/1794
f 7156/2214/1798 7153/2211/1795 7150/2208/1792
f 7154/2324/1796 7155/2213/1797 7157/2216/1799
f 7154/2324/1796 7157/2216/1799 7150/2208/1792
f 7157/2216/1799 7156/2214/1798 7150/2208/1792
f 7155/2213/1797 7158/2217/1800 7157/2216/1799
f 7159/2215/1801 7153/2211/1795 7156/2214/1798
f 7157/2216/1799 7158/2217/1800 7160/2218/1802
f 7161/2219/1803 7159/2215/1801 7156/2214/1798
f 7161/2219/1803 7156/2214/1798 7157/2216/1799
f 7160/2218/1802 7159/2215/1801 7162/2220/1804
f 7159/2215/1801 7161/2219/1803 7162/2220/1804
f 7162/2220/1804 7157/2216/1799 7160/2218/1802
f 7162/2220/1804 7161/2219/1803 7157/2216/1799
f 7164/2325/1784 7163/2223/1307 7165/2222/1805
f 7163/2223/1307 7166/2224/1806 7165/2222/1805
f 7164/2325/1784 7167/2225/854 7163/2223/1307
f 7166/2224/1806 7163/2223/1307 7168/2326/1787
f 7169/2327/1807 7166/2224/1806 7168/2326/1787
f 7167/2225/854 7170/2228/1305 7163/2223/1307
f 7163/2223/1307 7170/2228/1305 7168/2326/1787
f 7170/2228/1305 7167/2225/854 7171/2229/1808
f 7172/2328/1790 7169/2327/1807 7168/2326/1787
f 7173/2231/1809 7170/2228/1305 7171/2229/1808
f 7174/2232/1792 7172/2328/1790 7168/2326/1787
f 7170/2228/1305 7173/2231/1809 7175/2329/1305
f 7170/2228/1305 7175/2329/1305 7168/2326/1787
f 7168/2326/1787 7175/2329/1305 7174/2232/1792
f 7173/2231/1809 7176/2234/1810 7175/2329/1305
f 7177/2235/1795 7172/2328/1790 7174/2232/1792
f 7175/2329/1305 7176/2234/1810 7178/2236/1811
f 7175/2329/1305 7178/2236/1811 7174/2232/1792
f 7176/2234/1810 7179/2330/1812 7178/2236/1811
f 7178/2236/1811 7179/2330/1812 7180/2238/1813
f 7181/2239/1798 7177/2235/1795 7174/2232/1792
f 7182/2240/1814 7178/2236/1811 7180/2238/1813
f 7178/2236/1811 7182/2240/1814 7174/2232/1792
f 7182/2240/1814 7181/2239/1798 7174/2232/1792
f 7182/2240/1814 7180/2238/1813 7183/2241/1802
f 7184/2242/1801 7177/2235/1795 7181/2239/1798
f 7185/2243/1804 7182/2240/1814 7183/2241/1802
f 7183/2241/1802 7184/2242/1801 7185/2243/1804
f 7186/2244/1803 7181/2239/1798 7182/2240/1814
f 7186/2244/1803 7184/2242/1801 7181/2239/1798
f 7185/2243/1804 7186/2244/1803 7182/2240/1814
f 7184/2242/1801 7186/2244/1803 7185/2243/1804
f 7188/2331/1784 7187/2247/867 7189/2246/1805
f 7187/2247/867 7190/2248/1815 7189/2246/1805
f 7188/2331/1784 7191/2332/854 7187/2247/867
f 7190/2248/1815 7187/2247/867 7192/2333/1816
f 7193/2334/1817 7190/2248/1815 7192/2333/1816
f 7191/2332/854 7194/2252/1309 7187/2247/867
f 7187/2247/867 7194/2252/1309 7192/2333/1816
f 7194/2252/1309 7191/2332/854 7195/2335/1808
f 7196/2254/1818 7194/2252/1309 7195/2335/1808
f 7197/2257/1305 7194/2252/1309 7196/2254/1818
f 7194/2252/1309 7197/2257/1305 7192/2333/1816
f 7198/2258/1819 7197/2257/1305 7196/2254/1818
f 7193/2334/1817 7192/2333/1816 7199/2255/1792
f 7192/2333/1816 7197/2257/1305 7199/2255/1792
f 7200/2256/1820 7193/2334/1817 7199/2255/1792
f 7201/2336/1796 7197/2257/1305 7198/2258/1819
f 7197/2257/1305 7201/2336/1796 7199/2255/1792
f 7202/2261/1821 7201/2336/1796 7198/2258/1819
f 7203/2259/1822 7200/2256/1820 7199/2255/1792
f 7202/2261/1821 7204/2262/1823 7201/2336/1796
f 7205/2263/1798 7203/2259/1822 7199/2255/1792
f 7204/2262/1823 7206/2264/1824 7201/2336/1796
f 7201/2336/1796 7206/2264/1824 7199/2255/1792
f 7206/2264/1824 7205/2263/1798 7199/2255/1792
f 7206/2264/1824 7204/2262/1823 7207/2265/1825
f 7208/2266/1826 7203/2259/1822 7205/2263/1798
f 7209/2337/1804 7206/2264/1824 7207/2265/1825
f 7207/2265/1825 7208/2266/1826 7209/2337/1804
f 7210/2268/1803 7205/2263/1798 7206/2264/1824
f 7210/2268/1803 7208/2266/1826 7205/2263/1798
f 7209/2337/1804 7210/2268/1803 7206/2264/1824
f 7208/2266/1826 7210/2268/1803 7209/2337/1804
f 7212/2269/1784 7211/2271/867 7213/2270/1827
f 7211/2271/867 7214/2272/1828 7213/2270/1827
f 7212/2269/1784 7215/2273/854 7211/2271/867
f 7214/2272/1828 7211/2271/867 7216/2338/1787
f 7217/2339/1829 7214/2272/1828 7216/2338/1787
f 7215/2273/854 7218/2276/1830 7211/2271/867
f 7211/2271/867 7218/2276/1830 7216/2338/1787
f 7218/2276/1830 7215/2273/854 7219/2277/1831
f 7220/2340/1832 7218/2276/1830 7219/2277/1831
f 7221/2341/1793 7218/2276/1830 7220/2340/1832
f 7218/2276/1830 7221/2341/1793 7216/2338/1787
f 7222/2342/1833 7221/2341/1793 7220/2340/1832
f 7216/2338/1787 7223/2281/1792 7217/2339/1829
f 7223/2281/1792 7224/2282/1820 7217/2339/1829
f 7225/2343/1834 7224/2282/1820 7223/2281/1792
f 7221/2341/1793 7226/2344/1811 7216/2338/1787
f 7226/2344/1811 7221/2341/1793 7222/2342/1833
f 7226/2344/1811 7223/2281/1792 7216/2338/1787
f 7227/2285/1835 7226/2344/1811 7222/2342/1833
f 7228/2286/1798 7225/2343/1834 7223/2281/1792
f 7228/2286/1798 7223/2281/1792 7226/2344/1811
f 7229/2345/1836 7225/2343/1834 7228/2286/1798
f 7226/2344/1811 7227/2285/1835 7230/2288/1799
f 7230/2288/1799 7228/2286/1798 7226/2344/1811
f 7227/2285/1835 7231/2289/1837 7230/2288/1799
f 7231/2289/1837 7232/2346/1838 7230/2288/1799
f 7233/2291/1803 7229/2345/1836 7228/2286/1798
f 7233/2291/1803 7228/2286/1798 7230/2288/1799
f 7232/2346/1838 7229/2345/1836 7234/2292/1804
f 7229/2345/1836 7233/2291/1803 7234/2292/1804
f 7232/2346/1838 7234/2292/1804 7230/2288/1799
f 7234/2292/1804 7233/2291/1803 7230/2288/1799
f 7236/2293/1784 7235/2295/1839 7237/2347/1840
f 7235/2295/1839 7238/2296/1841 7237/2347/1840
f 7236/2293/1784 7239/2348/1842 7235/2295/1839
f 7235/2295/1839 7240/2298/1843 7238/2296/1841
f 7240/2298/1843 7241/2299/1844 7238/2296/1841
f 7239/2348/1842 7242/2300/1845 7235/2295/1839
f 7235/2295/1839 7242/2300/1845 7240/2298/1843
f 7242/2300/1845 7239/2348/1842 7243/2301/1846
f 7244/2302/1847 7242/2300/1845 7243/2301/1846
f 7242/2300/1845 7244/2302/1847 7245/2303/1848
f 7240/2298/1843 7246/2349/1849 7241/2299/1844
f 7246/2349/1849 7247/2305/1850 7241/2299/1844
f 7242/2300/1845 7248/2306/1851 7240/2298/1843
f 7248/2306/1851 7242/2300/1845 7245/2303/1848
f 7240/2298/1843 7248/2306/1851 7246/2349/1849
f 7248/2306/1851 7245/2303/1848 7249/2350/1852
f 7248/2306/1851 7249/2350/1852 7246/2349/1849
f 7245/2303/1848 7250/2308/1853 7249/2350/1852
f 7246/2349/1849 7251/2309/1854 7247/2305/1850
f 7251/2309/1854 7252/2310/1855 7247/2305/1850
f 7252/2310/1855 7251/2309/1854 7253/2351/1856
f 7249/2350/1852 7254/2312/1857 7246/2349/1849
f 7249/2350/1852 7250/2308/1853 7254/2312/1857
f 7254/2312/1857 7251/2309/1854 7246/2349/1849
f 7250/2308/1853 7255/2313/1858 7254/2312/1857
f 7254/2312/1857 7255/2313/1858 7256/2352/1859
f 7251/2309/1854 7257/2315/1860 7253/2351/1856
f 7257/2315/1860 7251/2309/1854 7254/2312/1857
f 7256/2352/1859 7253/2351/1856 7258/2316/1861
f 7253/2351/1856 7257/2315/1860 7258/2316/1861
f 7258/2316/1861 7254/2312/1857 7256/2352/1859
f 7258/2316/1861 7257/2315/1860 7254/2312/1857
f 7260/2187/1689 7259/2188/1690 7261/2189/1691
f 7259/2188/1690 7260/2187/1689 7262/2190/1692
f 7259/2188/1690 7263/2191/1693 7261/2189/1691
f 7264/2192/1694 7259/2188/1690 7262/2190/1692
f 7263/2191/1693 7259/2188/1690 7265/2193/1695
f 7265/2193/1695 7259/2188/1690 7264/2192/1694
f 7266/2194/1696 7263/2191/1693 7265/2193/1695
f 7267/2195/1697 7265/2193/1695 7264/2192/1694
f 7268/2196/1698 7266/2194/1696 7265/2193/1695
f 7267/2195/1697 7268/2196/1698 7265/2193/1695
f 7270/2197/157 7269/2198/1699 7271/2199/990
f 7269/2198/1699 7272/2200/1700 7271/2199/990
f 7270/2197/157 7271/2199/990 7273/2201/172
f 7271/2199/990 7272/2200/1700 7274/2202/1251
f 7272/2200/1700 7275/2203/1701 7274/2202/1251
f 7271/2199/990 7276/2204/1702 7273/2201/172
f 7271/2199/990 7274/2202/1251 7276/2204/1702
f 7273/2201/172 7276/2204/1702 7277/2205/1703
f 7274/2202/1251 7275/2203/1701 7278/2206/1704
f 7276/2204/1702 7279/2207/1705 7277/2205/1703
f 7280/2208/1706 7274/2202/1251 7278/2206/1704
f 7276/2204/1702 7281/2209/1272 7279/2207/1705
f 7274/2202/1251 7281/2209/1272 7276/2204/1702
f 7274/2202/1251 7280/2208/1706 7281/2209/1272
f 7281/2209/1272 7282/2210/1707 7279/2207/1705
f 7280/2208/1706 7278/2206/1704 7283/2211/1708
f 7282/2210/1707 7281/2209/1272 7284/2212/1709
f 7280/2208/1706 7284/2212/1709 7281/2209/1272
f 7285/2213/1710 7282/2210/1707 7284/2212/1709
f 7286/2214/1711 7280/2208/1706 7283/2211/1708
f 7286/2214/1711 7283/2211/1708 7287/2215/1712
f 7284/2212/1709 7280/2208/1706 7288/2216/1713
f 7284/2212/1709 7288/2216/1713 7285/2213/1710
f 7280/2208/1706 7286/2214/1711 7288/2216/1713
f 7288/2216/1713 7289/2217/1714 7285/2213/1710
f 7290/2218/1715 7289/2217/1714 7288/2216/1713
f 7291/2219/1716 7286/2214/1711 7287/2215/1712
f 7288/2216/1713 7286/2214/1711 7291/2219/1716
f 7290/2218/1715 7292/2220/1717 7287/2215/1712
f 7292/2220/1717 7290/2218/1715 7288/2216/1713
f 7292/2220/1717 7291/2219/1716 7287/2215/1712
f 7292/2220/1717 7288/2216/1713 7291/2219/1716
f 7294/2221/157 7293/2222/1718 7295/2223/1719
f 7293/2222/1718 7296/2224/1720 7295/2223/1719
f 7294/2221/157 7295/2223/1719 7297/2225/172
f 7295/2223/1719 7296/2224/1720 7298/2226/1721
f 7296/2224/1720 7299/2227/1722 7298/2226/1721
f 7295/2223/1719 7300/2228/1702 7297/2225/172
f 7295/2223/1719 7298/2226/1721 7300/2228/1702
f 7297/2225/172 7300/2228/1702 7301/2229/1703
f 7298/2226/1721 7299/2227/1722 7302/2230/1723
f 7300/2228/1702 7303/2231/1705 7301/2229/1703
f 7304/2232/1706 7298/2226/1721 7302/2230/1723
f 7300/2228/1702 7305/2233/1272 7303/2231/1705
f 7298/2226/1721 7305/2233/1272 7300/2228/1702
f 7298/2226/1721 7304/2232/1706 7305/2233/1272
f 7305/2233/1272 7306/2234/1724 7303/2231/1705
f 7304/2232/1706 7302/2230/1723 7307/2235/1708
f 7305/2233/1272 7308/2236/1709 7306/2234/1724
f 7304/2232/1706 7308/2236/1709 7305/2233/1272
f 7308/2236/1709 7309/2237/1725 7306/2234/1724
f 7310/2238/1726 7309/2237/1725 7308/2236/1709
f 7311/2239/1711 7304/2232/1706 7307/2235/1708
f 7312/2240/1727 7310/2238/1726 7308/2236/1709
f 7308/2236/1709 7304/2232/1706 7312/2240/1727
f 7304/2232/1706 7311/2239/1711 7312/2240/1727
f 7313/2241/1715 7310/2238/1726 7312/2240/1727
f 7311/2239/1711 7307/2235/1708 7314/2242/1712
f 7315/2243/1717 7313/2241/1715 7312/2240/1727
f 7313/2241/1715 7315/2243/1717 7314/2242/1712
f 7312/2240/1727 7311/2239/1711 7316/2244/1716
f 7315/2243/1717 7312/2240/1727 7316/2244/1716
f 7316/2244/1716 7311/2239/1711 7314/2242/1712
f 7315/2243/1717 7316/2244/1716 7314/2242/1712
f 7318/2245/157 7317/2246/1718 7319/2247/1719
f 7317/2246/1718 7320/2248/1720 7319/2247/1719
f 7318/2245/157 7319/2247/1719 7321/2249/172
f 7319/2247/1719 7320/2248/1720 7322/2250/1251
f 7320/2248/1720 7323/2251/1728 7322/2250/1251
f 7319/2247/1719 7324/2252/1702 7321/2249/172
f 7319/2247/1719 7322/2250/1251 7324/2252/1702
f 7321/2249/172 7324/2252/1702 7325/2253/1703
f 7324/2252/1702 7326/2254/1729 7325/2253/1703
f 7327/2255/1706 7322/2250/1251 7323/2251/1728
f 7328/2256/1730 7327/2255/1706 7323/2251/1728
f 7322/2250/1251 7329/2257/1173 7324/2252/1702
f 7324/2252/1702 7329/2257/1173 7326/2254/1729
f 7322/2250/1251 7327/2255/1706 7329/2257/1173
f 7329/2257/1173 7330/2258/1731 7326/2254/1729
f 7327/2255/1706 7328/2256/1730 7331/2259/1732
f 7330/2258/1731 7329/2257/1173 7332/2260/1733
f 7327/2255/1706 7332/2260/1733 7329/2257/1173
f 7333/2261/1734 7330/2258/1731 7332/2260/1733
f 7333/2261/1734 7332/2260/1733 7334/2262/1735
f 7335/2263/1711 7327/2255/1706 7331/2259/1732
f 7332/2260/1733 7336/2264/1736 7334/2262/1735
f 7332/2260/1733 7327/2255/1706 7336/2264/1736
f 7327/2255/1706 7335/2263/1711 7336/2264/1736
f 7334/2262/1735 7336/2264/1736 7337/2265/1737
f 7335/2263/1711 7331/2259/1732 7338/2266/1738
f 7336/2264/1736 7339/2267/1717 7337/2265/1737
f 7337/2265/1737 7339/2267/1717 7338/2266/1738
f 7336/2264/1736 7335/2263/1711 7340/2268/1716
f 7339/2267/1717 7336/2264/1736 7340/2268/1716
f 7340/2268/1716 7335/2263/1711 7338/2266/1738
f 7339/2267/1717 7340/2268/1716 7338/2266/1738
f 7342/2269/157 7341/2270/1739 7343/2271/990
f 7341/2270/1739 7344/2272/1740 7343/2271/990
f 7342/2269/157 7343/2271/990 7345/2273/172
f 7343/2271/990 7344/2272/1740 7346/2274/1251
f 7344/2272/1740 7347/2275/1741 7346/2274/1251
f 7343/2271/990 7348/2276/1702 7345/2273/172
f 7343/2271/990 7346/2274/1251 7348/2276/1702
f 7345/2273/172 7348/2276/1702 7349/2277/1742
f 7348/2276/1702 7350/2278/1743 7349/2277/1742
f 7348/2276/1702 7351/2279/1272 7350/2278/1743
f 7346/2274/1251 7351/2279/1272 7348/2276/1702
f 7351/2279/1272 7352/2280/1744 7350/2278/1743
f 7346/2274/1251 7347/2275/1741 7353/2281/1706
f 7347/2275/1741 7354/2282/1730 7353/2281/1706
f 7353/2281/1706 7354/2282/1730 7355/2283/1745
f 7351/2279/1272 7346/2274/1251 7356/2284/1746
f 7352/2280/1744 7351/2279/1272 7356/2284/1746
f 7346/2274/1251 7353/2281/1706 7356/2284/1746
f 7357/2285/1747 7352/2280/1744 7356/2284/1746
f 7358/2286/1711 7353/2281/1706 7355/2283/1745
f 7356/2284/1746 7353/2281/1706 7358/2286/1711
f 7358/2286/1711 7355/2283/1745 7359/2287/1738
f 7356/2284/1746 7360/2288/1748 7357/2285/1747
f 7360/2288/1748 7356/2284/1746 7358/2286/1711
f 7360/2288/1748 7361/2289/1749 7357/2285/1747
f 7361/2289/1749 7360/2288/1748 7362/2290/1750
f 7363/2291/1716 7358/2286/1711 7359/2287/1738
f 7360/2288/1748 7358/2286/1711 7363/2291/1716
f 7362/2290/1750 7364/2292/1717 7359/2287/1738
f 7360/2288/1748 7364/2292/1717 7362/2290/1750
f 7364/2292/1717 7363/2291/1716 7359/2287/1738
f 7364/2292/1717 7360/2288/1748 7363/2291/1716
f 7366/2293/157 7365/2294/1751 7367/2295/1752
f 7365/2294/1751 7368/2296/1753 7367/2295/1752
f 7366/2293/157 7367/2295/1752 7369/2297/1754
f 7370/2298/1755 7367/2295/1752 7368/2296/1753
f 7371/2299/1756 7370/2298/1755 7368/2296/1753
f 7367/2295/1752 7372/2300/1757 7369/2297/1754
f 7367/2295/1752 7370/2298/1755 7372/2300/1757
f 7369/2297/1754 7372/2300/1757 7373/2301/1758
f 7372/2300/1757 7374/2302/1759 7373/2301/1758
f 7375/2303/1760 7374/2302/1759 7372/2300/1757
f 7370/2298/1755 7371/2299/1756 7376/2304/1761
f 7371/2299/1756 7377/2305/1762 7376/2304/1761
f 7370/2298/1755 7378/2306/1763 7372/2300/1757
f 7378/2306/1763 7375/2303/1760 7372/2300/1757
f 7370/2298/1755 7376/2304/1761 7378/2306/1763
f 7378/2306/1763 7379/2307/1764 7375/2303/1760
f 7376/2304/1761 7379/2307/1764 7378/2306/1763
f 7379/2307/1764 7380/2308/1765 7375/2303/1760
f 7376/2304/1761 7377/2305/1762 7381/2309/1766
f 7377/2305/1762 7382/2310/1767 7381/2309/1766
f 7382/2310/1767 7383/2311/1768 7381/2309/1766
f 7379/2307/1764 7376/2304/1761 7384/2312/1769
f 7379/2307/1764 7384/2312/1769 7380/2308/1765
f 7376/2304/1761 7381/2309/1766 7384/2312/1769
f 7384/2312/1769 7385/2313/1770 7380/2308/1765
f 7386/2314/1771 7385/2313/1770 7384/2312/1769
f 7383/2311/1768 7387/2315/1772 7381/2309/1766
f 7384/2312/1769 7381/2309/1766 7387/2315/1772
f 7386/2314/1771 7388/2316/1773 7383/2311/1768
f 7388/2316/1773 7386/2314/1771 7384/2312/1769
f 7388/2316/1773 7387/2315/1772 7383/2311/1768
f 7388/2316/1773 7384/2312/1769 7387/2315/1772
f 7390/2317/1774 7389/2187/1775 7391/2318/1776
f 7389/2187/1775 7390/2317/1774 7392/2190/1777
f 7393/2319/1778 7390/2317/1774 7391/2318/1776
f 7390/2317/1774 7394/2320/1779 7392/2190/1777
f 7390/2317/1774 7393/2319/1778 7395/2193/1780
f 7394/2320/1779 7390/2317/1774 7395/2193/1780
f 7393/2319/1778 7396/2194/1781 7395/2193/1780
f 7397/2195/1782 7394/2320/1779 7395/2193/1780
f 7395/2193/1780 7396/2194/1781 7398/2321/1783
f 7397/2195/1782 7395/2193/1780 7398/2321/1783
f 7400/2197/1784 7399/2199/1307 7401/2198/1785
f 7399/2199/1307 7402/2200/1786 7401/2198/1785
f 7400/2197/1784 7403/2201/854 7399/2199/1307
f 7402/2200/1786 7399/2199/1307 7404/2322/1787
f 7405/2203/1788 7402/2200/1786 7404/2322/1787
f 7403/2201/854 7406/2323/1305 7399/2199/1307
f 7399/2199/1307 7406/2323/1305 7404/2322/1787
f 7406/2323/1305 7403/2201/854 7407/2205/1789
f 7408/2206/1790 7405/2203/1788 7404/2322/1787
f 7409/2207/1791 7406/2323/1305 7407/2205/1789
f 7410/2208/1792 7408/2206/1790 7404/2322/1787
f 7411/2209/1793 7406/2323/1305 7409/2207/1791
f 7406/2323/1305 7411/2209/1793 7404/2322/1787
f 7404/2322/1787 7411/2209/1793 7410/2208/1792
f 7412/2210/1794 7411/2209/1793 7409/2207/1791
f 7413/2211/1795 7408/2206/1790 7410/2208/1792
f 7414/2324/1796 7411/2209/1793 7412/2210/1794
f 7411/2209/1793 7414/2324/1796 7410/2208/1792
f 7415/2213/1797 7414/2324/1796 7412/2210/1794
f 7416/2214/1798 7413/2211/1795 7410/2208/1792
f 7414/2324/1796 7415/2213/1797 7417/2216/1799
f 7414/2324/1796 7417/2216/1799 7410/2208/1792
f 7417/2216/1799 7416/2214/1798 7410/2208/1792
f 7415/2213/1797 7418/2217/1800 7417/2216/1799
f 7419/2215/1801 7413/2211/1795 7416/2214/1798
f 7417/2216/1799 7418/2217/1800 7420/2218/1802
f 7421/2219/1803 7419/2215/1801 7416/2214/1798
f 7421/2219/1803 7416/2214/1798 7417/2216/1799
f 7420/2218/1802 7419/2215/1801 7422/2220/1804
f 7419/2215/1801 7421/2219/1803 7422/2220/1804
f 7422/2220/1804 7417/2216/1799 7420/2218/1802
f 7422/2220/1804 7421/2219/1803 7417/2216/1799
f 7424/2325/1784 7423/2223/1307 7425/2222/1805
f 7423/2223/1307 7426/2224/1806 7425/2222/1805
f 7424/2325/1784 7427/2225/854 7423/2223/1307
f 7426/2224/1806 7423/2223/1307 7428/2326/1787
f 7429/2327/1807 7426/2224/1806 7428/2326/1787
f 7427/2225/854 7430/2228/1305 7423/2223/1307
f 7423/2223/1307 7430/2228/1305 7428/2326/1787
f 7430/2228/1305 7427/2225/854 7431/2229/1808
f 7432/2328/1790 7429/2327/1807 7428/2326/1787
f 7433/2231/1809 7430/2228/1305 7431/2229/1808
f 7434/2232/1792 7432/2328/1790 7428/2326/1787
f 7430/2228/1305 7433/2231/1809 7435/2329/1305
f 7430/2228/1305 7435/2329/1305 7428/2326/1787
f 7428/2326/1787 7435/2329/1305 7434/2232/1792
f 7433/2231/1809 7436/2234/1810 7435/2329/1305
f 7437/2235/1795 7432/2328/1790 7434/2232/1792
f 7435/2329/1305 7436/2234/1810 7438/2236/1811
f 7435/2329/1305 7438/2236/1811 7434/2232/1792
f 7436/2234/1810 7439/2330/1812 7438/2236/1811
f 7438/2236/1811 7439/2330/1812 7440/2238/1813
f 7441/2239/1798 7437/2235/1795 7434/2232/1792
f 7442/2240/1814 7438/2236/1811 7440/2238/1813
f 7438/2236/1811 7442/2240/1814 7434/2232/1792
f 7442/2240/1814 7441/2239/1798 7434/2232/1792
f 7442/2240/1814 7440/2238/1813 7443/2241/1802
f 7444/2242/1801 7437/2235/1795 7441/2239/1798
f 7445/2243/1804 7442/2240/1814 7443/2241/1802
f 7443/2241/1802 7444/2242/1801 7445/2243/1804
f 7446/2244/1803 7441/2239/1798 7442/2240/1814
f 7446/2244/1803 7444/2242/1801 7441/2239/1798
f 7445/2243/1804 7446/2244/1803 7442/2240/1814
f 7444/2242/1801 7446/2244/1803 7445/2243/1804
f 7448/2331/1784 7447/2247/867 7449/2246/1805
f 7447/2247/867 7450/2248/1815 7449/2246/1805
f 7448/2331/1784 7451/2332/854 7447/2247/867
f 7450/2248/1815 7447/2247/867 7452/2333/1816
f 7453/2334/1817 7450/2248/1815 7452/2333/1816
f 7451/2332/854 7454/2252/1309 7447/2247/867
f 7447/2247/867 7454/2252/1309 7452/2333/1816
f 7454/2252/1309 7451/2332/854 7455/2335/1808
f 7456/2254/1818 7454/2252/1309 7455/2335/1808
f 7457/2257/1305 7454/2252/1309 7456/2254/1818
f 7454/2252/1309 7457/2257/1305 7452/2333/1816
f 7458/2258/1819 7457/2257/1305 7456/2254/1818
f 7453/2334/1817 7452/2333/1816 7459/2255/1792
f 7452/2333/1816 7457/2257/1305 7459/2255/1792
f 7460/2256/1820 7453/2334/1817 7459/2255/1792
f 7461/2336/1796 7457/2257/1305 7458/2258/1819
f 7457/2257/1305 7461/2336/1796 7459/2255/1792
f 7462/2261/1821 7461/2336/1796 7458/2258/1819
f 7463/2259/1822 7460/2256/1820 7459/2255/1792
f 7462/2261/1821 7464/2262/1823 7461/2336/1796
f 7465/2263/1798 7463/2259/1822 7459/2255/1792
f 7464/2262/1823 7466/2264/1824 7461/2336/1796
f 7461/2336/1796 7466/2264/1824 7459/2255/1792
f 7466/2264/1824 7465/2263/1798 7459/2255/1792
f 7466/2264/1824 7464/2262/1823 7467/2265/1825
f 7468/2266/1826 7463/2259/1822 7465/2263/1798
f 7469/2337/1804 7466/2264/1824 7467/2265/1825
f 7467/2265/1825 7468/2266/1826 7469/2337/1804
f 7470/2268/1803 7465/2263/1798 7466/2264/1824
f 7470/2268/1803 7468/2266/1826 7465/2263/1798
f 7469/2337/1804 7470/2268/1803 7466/2264/1824
f 7468/2266/1826 7470/2268/1803 7469/2337/1804
f 7472/2269/1784 7471/2271/867 7473/2270/1827
f 7471/2271/867 7474/2272/1828 7473/2270/1827
f 7472/2269/1784 7475/2273/854 7471/2271/867
f 7474/2272/1828 7471/2271/867 7476/2338/1787
f 7477/2339/1829 7474/2272/1828 7476/2338/1787
f 7475/2273/854 7478/2276/1830 7471/2271/867
f 7471/2271/867 7478/2276/1830 7476/2338/1787
f 7478/2276/1830 7475/2273/854 7479/2277/1831
f 7480/2340/1832 7478/2276/1830 7479/2277/1831
f 7481/2341/1793 7478/2276/1830 7480/2340/1832
f 7478/2276/1830 7481/2341/1793 7476/2338/1787
f 7482/2342/1833 7481/2341/1793 7480/2340/1832
f 7476/2338/1787 7483/2281/1792 7477/2339/1829
f 7483/2281/1792 7484/2282/1820 7477/2339/1829
f 7485/2343/1834 7484/2282/1820 7483/2281/1792
f 7481/2341/1793 7486/2344/1811 7476/2338/1787
f 7486/2344/1811 7481/2341/1793 7482/2342/1833
f 7486/2344/1811 7483/2281/1792 7476/2338/1787
f 7487/2285/1835 7486/2344/1811 7482/2342/1833
f 7488/2286/1798 7485/2343/1834 7483/2281/1792
f 7488/2286/1798 7483/2281/1792 7486/2344/1811
f 7489/2345/1836 7485/2343/1834 7488/2286/1798
f 7486/2344/1811 7487/2285/1835 7490/2288/1799
f 7490/2288/1799 7488/2286/1798 7486/2344/1811
f 7487/2285/1835 7491/2289/1837 7490/2288/1799
f 7491/2289/1837 7492/2346/1838 7490/2288/1799
f 7493/2291/1803 7489/2345/1836 7488/2286/1798
f 7493/2291/1803 7488/2286/1798 7490/2288/1799
f 7492/2346/1838 7489/2345/1836 7494/2292/1804
f 7489/2345/1836 7493/2291/1803 7494/2292/1804
f 7492/2346/1838 7494/2292/1804 7490/2288/1799
f 7494/2292/1804 7493/2291/1803 7490/2288/1799
f 7496/2293/1784 7495/2295/1839 7497/2347/1840
f 7495/2295/1839 7498/2296/1841 7497/2347/1840
f 7496/2293/1784 7499/2348/1842 7495/2295/1839
f 7495/2295/1839 7500/2298/1843 7498/2296/1841
f 7500/2298/1843 7501/2299/1844 7498/2296/1841
f 7499/2348/1842 7502/2300/1845 7495/2295/1839
f 7495/2295/1839 7502/2300/1845 7500/2298/1843
f 7502/2300/1845 7499/2348/1842 7503/2301/1846
f 7504/2302/1847 7502/2300/1845 7503/2301/1846
f 7502/2300/1845 7504/2302/1847 7505/2303/1848
f 7500/2298/1843 7506/2349/1849 7501/2299/1844
f 7506/2349/1849 7507/2305/1850 7501/2299/1844
f 7502/2300/1845 7508/2306/1851 7500/2298/1843
f 7508/2306/1851 7502/2300/1845 7505/2303/1848
f 7500/2298/1843 7508/2306/1851 7506/2349/1849
f 7508/2306/1851 7505/2303/1848 7509/2350/1852
f 7508/2306/1851 7509/2350/1852 7506/2349/1849
f 7505/2303/1848 7510/2308/1853 7509/2350/1852
f 7506/2349/1849 7511/2309/1854 7507/2305/1850
f 7511/2309/1854 7512/2310/1855 7507/2305/1850
f 7512/2310/1855 7511/2309/1854 7513/2351/1856
f 7509/2350/1852 7514/2312/1857 7506/2349/1849
f 7509/2350/1852 7510/2308/1853 7514/2312/1857
f 7514/2312/1857 7511/2309/1854 7506/2349/1849
f 7510/2308/1853 7515/2313/1858 7514/2312/1857
f 7514/2312/1857 7515/2313/1858 7516/2352/1859
f 7511/2309/1854 7517/2315/1860 7513/2351/1856
f 7517/2315/1860 7511/2309/1854 7514/2312/1857
f 7516/2352/1859 7513/2351/1856 7518/2316/1861
f 7513/2351/1856 7517/2315/1860 7518/2316/1861
f 7518/2316/1861 7514/2312/1857 7516/2352/1859
f 7518/2316/1861 7517/2315/1860 7514/2312/1857
