# Blender 5.2.2 LTS
# www.blender.org
mtllib back post test1.mtl
o sight_front_1_volt_lgnd_v23_voidsinister_main.001
v 0.078401 -0.113223 -0.298143
v 0.086963 -0.113223 -0.301889
v 0.081746 -0.113223 -0.300284
v 0.108905 -0.220923 -0.502439
v 0.110510 -0.211290 -0.503777
v 0.104624 -0.215973 -0.504580
v 0.114925 -0.216374 -0.501369
v 0.105426 -0.209016 -0.481969
v 0.094589 -0.214367 -0.439424
v 0.099138 -0.213163 -0.483173
v 0.101145 -0.210889 -0.438622
v 0.116932 -0.254772 -0.459760
v 0.111714 -0.248751 -0.460028
v 0.109440 -0.254905 -0.460162
v 0.119207 -0.247547 -0.459225
v 0.105961 -0.205537 -0.535351
v 0.092716 -0.202861 -0.551272
v 0.100877 -0.211156 -0.535351
v 0.096998 -0.196573 -0.551138
v 0.108236 -0.257715 -0.834370
v 0.100877 -0.260123 -0.833701
v 0.101814 -0.261595 -0.833166
v 0.107166 -0.256243 -0.834905
v 0.109306 -0.304675 -0.698841
v 0.099138 -0.301999 -0.700313
v 0.101680 -0.306682 -0.696433
v 0.110109 -0.299992 -0.702588
v 0.036926 -0.183730 -0.796775
v 0.034919 -0.191222 -0.798247
v 0.036926 -0.192025 -0.798247
v 0.034786 -0.182793 -0.796775
v 0.059938 -0.190419 -0.754899
v 0.062346 -0.179716 -0.755167
v 0.057396 -0.189081 -0.755300
v 0.065022 -0.181054 -0.754765
v 0.011373 -0.195771 -0.512473
v 0.009767 -0.190954 -0.506586
v 0.010837 -0.197510 -0.510065
v 0.010302 -0.189081 -0.508995
v 0.107701 -0.225070 -0.577896
v 0.106497 -0.211959 -0.571608
v 0.099406 -0.217980 -0.570270
v 0.112918 -0.219853 -0.579635
v -0.109974 -0.171555 -0.413202
v -0.109974 -0.216374 -0.384169
v -0.105425 -0.178646 -0.416279
v -0.105425 -0.222528 -0.387380
v -0.105291 -0.222261 -0.357813
v -0.109974 -0.216374 -0.360756
v -0.105158 -0.178244 -0.328379
v -0.109974 -0.172090 -0.332259
v -0.105425 -0.178646 -0.416279
v -0.105425 -0.222528 -0.387380
v -0.111044 -0.184399 -0.419088
v -0.110777 -0.228281 -0.391260
v -0.105158 -0.178244 -0.328379
v -0.111044 -0.184399 -0.324901
v -0.105291 -0.222261 -0.357813
v -0.111044 -0.228281 -0.353398
v -0.104355 -0.268284 -0.275667
v -0.110777 -0.273636 -0.270315
v -0.104355 -0.268284 -0.317275
v -0.110777 -0.273770 -0.322760
v -0.110777 -0.251427 -0.254127
v -0.110777 -0.273636 -0.270315
v -0.104221 -0.251293 -0.263358
v -0.104355 -0.268284 -0.275667
v -0.104489 -0.202594 -0.313663
v -0.104489 -0.237513 -0.336808
v -0.111044 -0.196573 -0.318479
v -0.111044 -0.235907 -0.344969
v -0.111044 -0.196573 -0.318479
v -0.111044 -0.196573 -0.290249
v -0.104489 -0.202594 -0.313663
v -0.104489 -0.202594 -0.294664
v -0.104489 -0.202594 -0.294664
v -0.111044 -0.196573 -0.290249
v -0.104221 -0.251293 -0.263358
v -0.110777 -0.251427 -0.254127
v -0.104355 -0.268284 -0.317275
v -0.110777 -0.273770 -0.322760
v -0.104489 -0.237513 -0.336808
v -0.111044 -0.235907 -0.344969
v -0.109974 -0.171555 -0.413202
v -0.105425 -0.178646 -0.416279
v -0.109974 -0.172090 -0.451867
v -0.105291 -0.178512 -0.454810
v -0.105291 -0.178779 -0.280349
v -0.109974 -0.172090 -0.293059
v -0.105291 -0.099309 -0.330654
v -0.109974 -0.105329 -0.335336
v -0.105291 -0.178779 -0.280349
v -0.105158 -0.178244 -0.328379
v -0.109974 -0.172090 -0.293059
v -0.109974 -0.172090 -0.332259
v -0.109974 -0.105329 -0.380825
v -0.105425 -0.099309 -0.382430
v -0.109974 -0.105329 -0.335336
v -0.105291 -0.099309 -0.330654
v -0.110777 -0.225739 -0.419088
v -0.110777 -0.284071 -0.419089
v -0.104623 -0.227612 -0.427918
v -0.104623 -0.291697 -0.427919
v -0.105291 -0.178512 -0.454810
v -0.111044 -0.184399 -0.442368
v -0.104623 -0.227612 -0.427918
v -0.110777 -0.225739 -0.419088
v -0.111044 -0.184399 -0.419088
v -0.111044 -0.184399 -0.442368
v -0.105425 -0.178646 -0.416279
v -0.105291 -0.178512 -0.454810
v -0.110777 -0.284071 -0.258006
v -0.110777 -0.255441 -0.237135
v -0.104623 -0.291831 -0.252253
v -0.104623 -0.255441 -0.227369
v -0.105291 -0.178779 -0.280349
v -0.111044 -0.184399 -0.285433
v -0.105158 -0.178244 -0.328379
v -0.111044 -0.184399 -0.324901
v -0.104623 -0.255441 -0.227369
v -0.110777 -0.255441 -0.237135
v -0.105291 -0.178779 -0.280349
v -0.111044 -0.184399 -0.285433
v -0.104623 -0.291831 -0.252253
v -0.097799 -0.291965 -0.252120
v -0.104623 -0.291697 -0.427919
v -0.060873 -0.291965 -0.428052
v -0.104623 -0.291697 -0.427919
v -0.110777 -0.284071 -0.419089
v -0.104623 -0.291831 -0.252253
v -0.110777 -0.284071 -0.258006
v -0.096194 -0.255441 -0.227101
v -0.097799 -0.291965 -0.252120
v -0.104623 -0.255441 -0.227369
v -0.104623 -0.291831 -0.252253
v -0.105425 -0.222528 -0.387380
v -0.109974 -0.216374 -0.384169
v -0.105291 -0.222261 -0.357813
v -0.109974 -0.216374 -0.360756
v -0.105425 -0.222528 -0.387380
v -0.105291 -0.222261 -0.357813
v -0.110777 -0.228281 -0.391260
v -0.111044 -0.228281 -0.353398
v 0.109975 -0.171555 -0.413202
v 0.105426 -0.178646 -0.416279
v 0.109975 -0.216374 -0.384169
v 0.105426 -0.222528 -0.387380
v 0.105159 -0.222261 -0.357813
v 0.105025 -0.178244 -0.328379
v 0.109975 -0.216374 -0.360756
v 0.109975 -0.172090 -0.332259
v 0.110644 -0.228281 -0.391260
v 0.105426 -0.222528 -0.387380
v 0.110912 -0.184399 -0.419088
v 0.105426 -0.178646 -0.416279
v 0.110912 -0.228281 -0.353398
v 0.110912 -0.184399 -0.324901
v 0.105159 -0.222261 -0.357813
v 0.105025 -0.178244 -0.328379
v 0.110644 -0.273770 -0.322760
v 0.110644 -0.273636 -0.270315
v 0.104222 -0.268284 -0.317275
v 0.104222 -0.268284 -0.275667
v 0.110644 -0.251427 -0.254127
v 0.104088 -0.251293 -0.263358
v 0.110644 -0.273636 -0.270315
v 0.104222 -0.268284 -0.275667
v 0.110912 -0.235907 -0.344969
v 0.104356 -0.237513 -0.336808
v 0.110912 -0.196573 -0.318479
v 0.104356 -0.202594 -0.313663
v 0.110912 -0.196573 -0.318479
v 0.104356 -0.202594 -0.313663
v 0.110912 -0.196573 -0.290249
v 0.104356 -0.202594 -0.294664
v 0.110644 -0.251427 -0.254127
v 0.110912 -0.196573 -0.290249
v 0.104088 -0.251293 -0.263358
v 0.104356 -0.202594 -0.294664
v 0.110912 -0.235907 -0.344969
v 0.110644 -0.273770 -0.322760
v 0.104356 -0.237513 -0.336808
v 0.104222 -0.268284 -0.317275
v 0.105159 -0.178512 -0.454810
v 0.105426 -0.178646 -0.416279
v 0.109975 -0.172090 -0.451867
v 0.109975 -0.171555 -0.413202
v 0.105159 -0.178779 -0.280349
v 0.105293 -0.099309 -0.330654
v 0.109975 -0.172090 -0.293059
v 0.109975 -0.105329 -0.335336
v 0.109975 -0.172090 -0.332259
v 0.105025 -0.178244 -0.328379
v 0.109975 -0.172090 -0.293059
v 0.105159 -0.178779 -0.280349
v 0.109975 -0.105329 -0.380825
v 0.109975 -0.105329 -0.335336
v 0.105293 -0.099309 -0.382430
v 0.105293 -0.099309 -0.330654
v 0.110644 -0.225739 -0.419088
v 0.104490 -0.227612 -0.427918
v 0.110644 -0.284071 -0.419089
v 0.104490 -0.291697 -0.427919
v 0.110644 -0.225739 -0.419088
v 0.110912 -0.184399 -0.442368
v 0.104490 -0.227612 -0.427918
v 0.105159 -0.178512 -0.454810
v 0.110912 -0.184399 -0.419088
v 0.105426 -0.178646 -0.416279
v 0.110912 -0.184399 -0.442368
v 0.105159 -0.178512 -0.454810
v 0.110644 -0.284071 -0.258006
v 0.104490 -0.291831 -0.252253
v 0.110644 -0.255441 -0.237135
v 0.104490 -0.255441 -0.227369
v 0.110912 -0.184399 -0.324901
v 0.110912 -0.184399 -0.285433
v 0.105025 -0.178244 -0.328379
v 0.105159 -0.178779 -0.280349
v 0.110912 -0.184399 -0.285433
v 0.110644 -0.255441 -0.237135
v 0.105159 -0.178779 -0.280349
v 0.104490 -0.255441 -0.227369
v 0.060741 -0.291965 -0.428052
v 0.097667 -0.291965 -0.252120
v 0.104490 -0.291697 -0.427919
v 0.104490 -0.291831 -0.252253
v 0.104490 -0.291697 -0.427919
v 0.104490 -0.291831 -0.252253
v 0.110644 -0.284071 -0.419089
v 0.110644 -0.284071 -0.258006
v 0.096061 -0.255441 -0.227101
v 0.104490 -0.255441 -0.227369
v 0.097667 -0.291965 -0.252120
v 0.104490 -0.291831 -0.252253
v 0.105426 -0.222528 -0.387380
v 0.105159 -0.222261 -0.357813
v 0.109975 -0.216374 -0.384169
v 0.109975 -0.216374 -0.360756
v 0.110912 -0.228281 -0.353398
v 0.105159 -0.222261 -0.357813
v 0.110644 -0.228281 -0.391260
v 0.105426 -0.222528 -0.387380
v 0.134592 -0.149747 -0.400224
v 0.134592 -0.154697 -0.402766
v 0.141148 -0.155500 -0.389521
v 0.141148 -0.160450 -0.392063
v 0.141148 -0.155500 -0.389521
v 0.141148 -0.155500 -0.356877
v 0.134592 -0.149747 -0.400224
v 0.134592 -0.149747 -0.346173
v 0.141148 -0.184532 -0.370523
v 0.134592 -0.194700 -0.370523
v 0.141148 -0.160450 -0.354468
v 0.134592 -0.154697 -0.343765
v 0.134592 -0.149747 -0.346173
v 0.141148 -0.155500 -0.356877
v 0.134592 -0.154697 -0.343765
v 0.141148 -0.160450 -0.354468
v 0.141148 -0.184532 -0.376008
v 0.141148 -0.160450 -0.392063
v 0.134592 -0.194700 -0.376142
v 0.134592 -0.154697 -0.402766
v 0.134592 -0.194700 -0.370523
v 0.141148 -0.184532 -0.370523
v 0.134592 -0.194700 -0.376142
v 0.141148 -0.184532 -0.376008
v 0.113721 -0.141185 -0.415610
v 0.113721 -0.146135 -0.418152
v 0.129776 -0.141185 -0.415610
v 0.129776 -0.146135 -0.418152
v 0.129776 -0.141185 -0.415610
v 0.129776 -0.141185 -0.330788
v 0.113721 -0.141185 -0.415610
v 0.113721 -0.141185 -0.330788
v 0.129776 -0.209283 -0.376142
v 0.129776 -0.146135 -0.418152
v 0.113721 -0.209283 -0.376142
v 0.113721 -0.146135 -0.418152
v 0.129776 -0.209283 -0.370389
v 0.129776 -0.209283 -0.376142
v 0.113721 -0.209283 -0.370389
v 0.113721 -0.209283 -0.376142
v 0.113721 -0.146135 -0.328246
v 0.113721 -0.141185 -0.330788
v 0.129776 -0.146135 -0.328246
v 0.129776 -0.141185 -0.330788
v 0.129776 -0.146135 -0.328246
v 0.129776 -0.209283 -0.370389
v 0.113721 -0.146135 -0.328246
v 0.113721 -0.209283 -0.370389
v 0.053918 -0.205002 -0.173853
v 0.053918 -0.205002 -0.340287
v 0.000001 -0.205002 -0.173853
v 0.000001 -0.205002 -0.340287
v -0.054050 -0.205002 -0.173853
v 0.000001 -0.205002 -0.173853
v -0.054050 -0.205002 -0.340287
v 0.000001 -0.205002 -0.340287
v 0.000001 -0.160317 -0.185626
v 0.000001 -0.160317 -0.174254
v 0.074922 -0.160317 -0.185626
v 0.074922 -0.160317 -0.174254
v 0.062346 -0.078571 -0.336541
v 0.074922 -0.111082 -0.336674
v 0.074922 -0.111082 -0.195125
v 0.062346 -0.078571 -0.220412
v 0.074922 -0.160317 -0.174254
v 0.000001 -0.160317 -0.174254
v 0.074922 -0.138375 -0.174254
v 0.000001 -0.138375 -0.174254
v 0.000001 -0.108139 -0.197400
v 0.000001 -0.108139 -0.204357
v 0.053249 -0.108139 -0.197400
v 0.053249 -0.108139 -0.204357
v 0.000001 -0.160317 -0.185626
v -0.075055 -0.160317 -0.185626
v 0.000001 -0.160317 -0.174254
v -0.075055 -0.160317 -0.174254
v -0.062479 -0.078571 -0.336541
v -0.075055 -0.111082 -0.195125
v -0.075055 -0.111082 -0.336674
v -0.062479 -0.078571 -0.220412
v -0.075055 -0.160317 -0.174254
v -0.075055 -0.138375 -0.174254
v 0.000001 -0.160317 -0.174254
v 0.000001 -0.138375 -0.174254
v 0.000001 -0.108139 -0.197400
v -0.053248 -0.108139 -0.197400
v 0.000001 -0.108139 -0.204357
v -0.053248 -0.108139 -0.204357
v 0.093252 -0.178646 -0.267773
v 0.102617 -0.177575 -0.268174
v 0.099941 -0.192292 -0.272857
v 0.110778 -0.191489 -0.272054
v 0.087499 -0.168210 -0.191112
v 0.087365 -0.171956 -0.188971
v 0.075190 -0.168344 -0.191513
v 0.075056 -0.172759 -0.189506
v 0.112517 -0.231359 -0.384839
v 0.112517 -0.231091 -0.378550
v 0.100209 -0.231091 -0.384571
v 0.100075 -0.231091 -0.378550
v 0.098737 -0.212227 -0.366509
v 0.111045 -0.212227 -0.364502
v 0.100209 -0.230154 -0.372798
v 0.112651 -0.230021 -0.372129
v 0.113052 -0.220923 -0.390725
v 0.112517 -0.231359 -0.384839
v 0.100744 -0.220923 -0.390591
v 0.100209 -0.231091 -0.384571
v 0.112517 -0.248617 -0.392598
v 0.112383 -0.283670 -0.393535
v 0.100209 -0.248617 -0.392598
v 0.099941 -0.283536 -0.393535
v 0.099941 -0.283536 -0.393535
v 0.112383 -0.283670 -0.393535
v 0.099941 -0.283403 -0.429257
v 0.112383 -0.283536 -0.429390
v 0.100075 -0.234569 -0.420828
v 0.112517 -0.234971 -0.420426
v 0.100075 -0.244336 -0.420560
v 0.112517 -0.244470 -0.420828
v 0.112785 -0.123391 -0.324633
v 0.112517 -0.138375 -0.327844
v 0.100342 -0.125933 -0.325436
v 0.100075 -0.138375 -0.327711
v 0.112517 -0.129545 -0.334400
v 0.111714 -0.117905 -0.328513
v 0.100075 -0.129545 -0.334400
v 0.099272 -0.116166 -0.330654
v 0.064888 -0.168745 -0.455345
v 0.064487 -0.159781 -0.463105
v 0.065691 -0.146269 -0.435812
v 0.065557 -0.140248 -0.438622
v 0.113052 -0.220923 -0.390725
v 0.100744 -0.220923 -0.390591
v 0.112785 -0.220388 -0.374670
v 0.100342 -0.220388 -0.374670
v 0.112785 -0.220388 -0.374670
v 0.100342 -0.220388 -0.374670
v 0.112517 -0.231091 -0.378550
v 0.100075 -0.231091 -0.378550
v 0.069169 -0.168478 -0.455880
v 0.070909 -0.154296 -0.441833
v 0.068902 -0.160584 -0.463640
v 0.070374 -0.144529 -0.444375
v 0.069169 -0.168478 -0.455880
v 0.064487 -0.159781 -0.463105
v 0.064888 -0.168745 -0.455345
v 0.068902 -0.160584 -0.463640
v -0.008027 -0.156303 -0.597295
v -0.009231 -0.167541 -0.600640
v -0.008428 -0.167541 -0.601042
v -0.008963 -0.156303 -0.597028
v -0.076393 -0.196841 -0.500967
v -0.081343 -0.193362 -0.512741
v -0.082012 -0.200319 -0.503242
v -0.075724 -0.189884 -0.510600
v -0.010034 -0.167006 -0.462837
v -0.011773 -0.176906 -0.456282
v -0.011773 -0.176104 -0.455345
v -0.010034 -0.167809 -0.463774
v -0.023814 -0.182258 -0.694293
v -0.027426 -0.169682 -0.697905
v -0.026356 -0.182927 -0.695229
v -0.024884 -0.169013 -0.697102
v 0.069972 -0.165534 -0.469661
v 0.069838 -0.168478 -0.455880
v 0.069571 -0.160584 -0.463640
v 0.069972 -0.174766 -0.462035
v -0.080273 -0.165133 -0.470463
v -0.064084 -0.176104 -0.464844
v -0.063148 -0.165802 -0.470463
v -0.080942 -0.176104 -0.465513
v -0.062613 -0.159380 -0.462302
v -0.070506 -0.166872 -0.457352
v -0.069704 -0.159781 -0.462704
v -0.062613 -0.168879 -0.454944
v 0.065156 -0.159781 -0.463105
v 0.069838 -0.168478 -0.455880
v 0.065557 -0.168745 -0.455345
v 0.069571 -0.160584 -0.463640
v -0.098334 -0.113223 -0.315803
v -0.106763 -0.119645 -0.317007
v -0.106362 -0.113490 -0.320753
v -0.098736 -0.118842 -0.312325
v -0.099137 -0.191356 -0.273392
v -0.102081 -0.177575 -0.268174
v -0.091110 -0.181990 -0.269780
v -0.110375 -0.190954 -0.273392
v -0.075055 -0.171689 -0.189506
v -0.087096 -0.168210 -0.191112
v -0.075323 -0.167140 -0.191513
v -0.086962 -0.171956 -0.188971
v -0.100876 -0.220789 -0.390458
v -0.112382 -0.220388 -0.374670
v -0.100475 -0.220655 -0.375339
v -0.112650 -0.220923 -0.390725
v -0.112115 -0.231091 -0.378550
v -0.100207 -0.231091 -0.384571
v -0.100207 -0.231091 -0.378417
v -0.112115 -0.231359 -0.384839
v -0.100341 -0.230154 -0.372798
v -0.110643 -0.212227 -0.364502
v -0.098870 -0.212227 -0.366509
v -0.112248 -0.230021 -0.372129
v -0.100475 -0.220655 -0.375339
v -0.112115 -0.231091 -0.378550
v -0.100207 -0.231091 -0.378417
v -0.112382 -0.220388 -0.374670
v -0.112115 -0.231359 -0.384839
v -0.100876 -0.220789 -0.390458
v -0.100207 -0.231091 -0.384571
v -0.112650 -0.220923 -0.390725
v -0.100074 -0.283403 -0.429257
v -0.111847 -0.283670 -0.393535
v -0.100074 -0.283536 -0.393535
v -0.111847 -0.283536 -0.429390
v -0.111847 -0.283670 -0.393535
v -0.100341 -0.248617 -0.392598
v -0.100074 -0.283536 -0.393535
v -0.112115 -0.248617 -0.392598
v -0.100207 -0.244336 -0.420560
v -0.111981 -0.234971 -0.420426
v -0.100207 -0.234569 -0.420828
v -0.111981 -0.244470 -0.420828
v -0.111446 -0.207143 -0.435411
v -0.099672 -0.209417 -0.438622
v -0.099539 -0.207544 -0.435411
v -0.111580 -0.208882 -0.438488
v -0.111981 -0.138375 -0.329182
v -0.100475 -0.125933 -0.326774
v -0.100207 -0.138375 -0.329182
v -0.112382 -0.123391 -0.324633
v -0.099405 -0.120581 -0.330654
v -0.112115 -0.129545 -0.334400
v -0.100207 -0.129545 -0.334400
v -0.111312 -0.117905 -0.328513
v -0.062211 -0.139178 -0.441030
v -0.063014 -0.168879 -0.454944
v -0.060740 -0.146402 -0.431531
v -0.062880 -0.159380 -0.462302
v -0.071041 -0.153360 -0.441565
v -0.070105 -0.159781 -0.462704
v -0.070239 -0.144931 -0.444241
v -0.070908 -0.166872 -0.457352
v -0.006956 -0.127271 -0.434474
v -0.006956 -0.125933 -0.435411
v -0.006956 -0.127806 -0.435143
v -0.006956 -0.125398 -0.434340
v -0.062880 -0.159380 -0.462302
v -0.070908 -0.166872 -0.457352
v -0.063014 -0.168879 -0.454944
v -0.070105 -0.159781 -0.462704
v -0.054987 -0.045124 -0.282623
v -0.046692 -0.044723 -0.282490
v -0.052846 -0.050476 -0.252521
v -0.045086 -0.050208 -0.252387
v 0.044954 -0.050208 -0.252387
v 0.046559 -0.044723 -0.282490
v 0.052847 -0.050476 -0.252521
v 0.054854 -0.045124 -0.282623
v 0.032645 -0.081916 -0.304297
v 0.026758 -0.086733 -0.298946
v 0.000001 -0.081916 -0.304164
v 0.000001 -0.086599 -0.298946
v 0.032645 -0.081916 -0.239142
v 0.026758 -0.086733 -0.244360
v 0.032645 -0.081916 -0.304297
v 0.026758 -0.086733 -0.298946
v 0.000001 -0.086599 -0.244226
v 0.000001 -0.086599 -0.298946
v 0.026758 -0.086733 -0.244360
v 0.026758 -0.086733 -0.298946
v 0.032645 -0.081916 -0.239142
v 0.000001 -0.081916 -0.239008
v 0.026758 -0.086733 -0.244360
v 0.000001 -0.086599 -0.244226
v 0.000001 -0.086599 -0.298946
v -0.026891 -0.086733 -0.298946
v 0.000001 -0.081916 -0.304164
v -0.032778 -0.081916 -0.304297
v -0.032778 -0.081916 -0.239142
v -0.032778 -0.081916 -0.304297
v -0.026891 -0.086733 -0.244360
v -0.026891 -0.086733 -0.298946
v 0.000001 -0.086599 -0.244226
v -0.026891 -0.086733 -0.244360
v 0.000001 -0.086599 -0.298946
v -0.026891 -0.086733 -0.298946
v 0.000001 -0.086599 -0.244226
v 0.000001 -0.081916 -0.239008
v -0.026891 -0.086733 -0.244360
v -0.032778 -0.081916 -0.239142
v 0.092716 -0.202861 -0.551272
v 0.096998 -0.196573 -0.551138
v 0.094991 -0.196172 -0.559299
v 0.090308 -0.202193 -0.559032
v 0.090710 -0.198982 -0.620307
v 0.085492 -0.204333 -0.619638
v 0.081344 -0.189215 -0.518895
v 0.083752 -0.182124 -0.517022
v 0.066226 -0.184399 -0.511135
v 0.064487 -0.192158 -0.516487
v 0.049369 -0.185469 -0.510333
v 0.048432 -0.192694 -0.513543
v 0.031040 -0.186272 -0.509664
v 0.031709 -0.193229 -0.512741
v 0.010302 -0.189081 -0.508995
v 0.011373 -0.195771 -0.512473
v -0.065957 -0.148008 -0.439424
v -0.065957 -0.162591 -0.430059
v -0.067429 -0.148811 -0.439826
v -0.067429 -0.162992 -0.430728
v -0.074788 -0.148811 -0.439826
v -0.074921 -0.162992 -0.430728
v -0.077463 -0.162591 -0.430996
v -0.076661 -0.148409 -0.440093
v -0.077597 -0.147874 -0.440361
v -0.085223 -0.160183 -0.432601
v -0.085223 -0.143459 -0.443438
v -0.086561 -0.159915 -0.432735
v -0.086561 -0.142924 -0.443706
v -0.087498 -0.159648 -0.432334
v -0.087498 -0.142389 -0.443572
v -0.088300 -0.141854 -0.443037
v -0.088300 -0.159380 -0.431665
v -0.097398 -0.136903 -0.436080
v -0.097398 -0.156838 -0.423102
v -0.097398 -0.101851 -0.381628
v -0.097398 -0.101851 -0.332527
v -0.111044 -0.184399 -0.442368
v -0.111044 -0.184399 -0.419088
v -0.110777 -0.225739 -0.419088
v -0.110777 -0.228281 -0.391260
v -0.110777 -0.284071 -0.419089
v -0.111044 -0.228281 -0.353398
v -0.111044 -0.235907 -0.344969
v -0.110777 -0.273770 -0.322760
v -0.111044 -0.196573 -0.318479
v -0.110777 -0.284071 -0.258006
v -0.111044 -0.184399 -0.324901
v -0.110777 -0.273636 -0.270315
v -0.111044 -0.184399 -0.285433
v -0.110777 -0.251427 -0.254127
v -0.111044 -0.196573 -0.290249
v -0.110777 -0.255441 -0.237135
v -0.109974 -0.172090 -0.451867
v -0.105291 -0.178512 -0.454810
v -0.109974 -0.162056 -0.458556
v -0.105291 -0.160049 -0.466717
v -0.109974 -0.160317 -0.459091
v -0.105291 -0.158310 -0.467520
v -0.109974 -0.158310 -0.459359
v -0.105291 -0.156303 -0.467520
v -0.105425 -0.154697 -0.466717
v -0.109974 -0.156570 -0.458690
v -0.105291 -0.153226 -0.465246
v -0.109974 -0.155099 -0.457218
v -0.105291 -0.151888 -0.463373
v -0.109974 -0.154028 -0.455613
v -0.105291 -0.136636 -0.439692
v -0.109974 -0.139445 -0.433270
v -0.105425 -0.099309 -0.382430
v -0.109974 -0.105329 -0.380825
v 0.065825 -0.162591 -0.430059
v 0.065825 -0.148008 -0.439424
v 0.067296 -0.148811 -0.439826
v 0.067296 -0.162992 -0.430728
v 0.074655 -0.148811 -0.439826
v 0.074789 -0.162992 -0.430728
v 0.077331 -0.162591 -0.430996
v 0.076528 -0.148409 -0.440093
v 0.077464 -0.147874 -0.440361
v 0.085090 -0.160183 -0.432601
v 0.085090 -0.143459 -0.443438
v 0.086428 -0.159915 -0.432735
v 0.086428 -0.142924 -0.443706
v 0.087365 -0.159648 -0.432334
v 0.087365 -0.142389 -0.443572
v 0.088168 -0.141854 -0.443037
v 0.088168 -0.159380 -0.431665
v 0.097265 -0.136903 -0.436080
v 0.097265 -0.156838 -0.423102
v 0.097265 -0.101851 -0.381628
v 0.097265 -0.101851 -0.332527
v 0.104222 -0.268284 -0.317275
v 0.104222 -0.268284 -0.275667
v 0.104088 -0.251293 -0.263358
v 0.104356 -0.237513 -0.336808
v 0.104356 -0.202594 -0.294664
v 0.104356 -0.202594 -0.313663
v 0.110912 -0.184399 -0.419088
v 0.110912 -0.184399 -0.442368
v 0.110644 -0.225739 -0.419088
v 0.110644 -0.228281 -0.391260
v 0.110644 -0.284071 -0.419089
v 0.110912 -0.228281 -0.353398
v 0.110912 -0.235907 -0.344969
v 0.110644 -0.273770 -0.322760
v 0.110912 -0.196573 -0.318479
v 0.110644 -0.284071 -0.258006
v 0.110912 -0.184399 -0.324901
v 0.110644 -0.273636 -0.270315
v 0.110912 -0.184399 -0.285433
v 0.110644 -0.251427 -0.254127
v 0.110912 -0.196573 -0.290249
v 0.110644 -0.255441 -0.237135
v 0.109975 -0.156570 -0.458690
v 0.109975 -0.158310 -0.459359
v 0.109975 -0.160317 -0.459091
v 0.109975 -0.155099 -0.457218
v 0.109975 -0.162056 -0.458556
v 0.109975 -0.154028 -0.455613
v 0.109975 -0.171555 -0.413202
v 0.109975 -0.172090 -0.451867
v 0.109975 -0.139445 -0.433270
v 0.109975 -0.105329 -0.380825
v 0.109975 -0.172090 -0.332259
v 0.109975 -0.216374 -0.384169
v 0.109975 -0.216374 -0.360756
v 0.109975 -0.105329 -0.335336
v 0.109975 -0.172090 -0.293059
v 0.109975 -0.105329 -0.380825
v 0.105293 -0.099309 -0.382430
v 0.109975 -0.139445 -0.433270
v 0.105293 -0.136636 -0.439692
v 0.109975 -0.154028 -0.455613
v 0.105159 -0.151888 -0.463373
v 0.109975 -0.155099 -0.457218
v 0.105293 -0.153226 -0.465246
v 0.109975 -0.156570 -0.458690
v 0.105293 -0.154697 -0.466717
v 0.109975 -0.158310 -0.459359
v 0.105159 -0.156303 -0.467520
v 0.105159 -0.158310 -0.467520
v 0.109975 -0.160317 -0.459091
v 0.105159 -0.160049 -0.466717
v 0.109975 -0.162056 -0.458556
v 0.105159 -0.178512 -0.454810
v 0.109975 -0.172090 -0.451867
v 0.060741 -0.291965 -0.428052
v 0.104490 -0.291697 -0.427919
v 0.060741 -0.227612 -0.428052
v 0.104490 -0.227612 -0.427918
v 0.060875 -0.178646 -0.455078
v 0.105159 -0.178512 -0.454810
v 0.062212 -0.166605 -0.462704
v 0.060875 -0.165936 -0.463105
v 0.076260 -0.166605 -0.462704
v 0.078535 -0.166605 -0.462704
v 0.086696 -0.160985 -0.466316
v 0.088168 -0.160317 -0.466851
v 0.089639 -0.160049 -0.466985
v 0.105159 -0.160049 -0.466717
v 0.112250 -0.242062 -0.380424
v 0.112250 -0.243400 -0.383099
v 0.115059 -0.245406 -0.378952
v 0.115059 -0.246610 -0.381494
v 0.115996 -0.248216 -0.377614
v 0.115996 -0.249420 -0.380156
v 0.116397 -0.252497 -0.378684
v 0.116397 -0.251293 -0.376142
v 0.116397 -0.255976 -0.375340
v 0.116397 -0.251293 -0.374537
v 0.116397 -0.253701 -0.379621
v 0.116397 -0.251828 -0.373199
v 0.116397 -0.255173 -0.380156
v 0.116397 -0.252631 -0.371995
v 0.116397 -0.256645 -0.380156
v 0.116397 -0.253835 -0.371058
v 0.116397 -0.257983 -0.379755
v 0.116397 -0.255307 -0.370657
v 0.116397 -0.259320 -0.378818
v 0.116397 -0.256778 -0.370657
v 0.116397 -0.260123 -0.377614
v 0.116397 -0.258250 -0.371192
v 0.116397 -0.260658 -0.376276
v 0.116397 -0.259454 -0.372129
v 0.116397 -0.260658 -0.374671
v 0.115996 -0.263736 -0.373199
v 0.115996 -0.262531 -0.370657
v 0.115059 -0.265341 -0.369319
v 0.115059 -0.266545 -0.371861
v 0.112250 -0.268552 -0.367714
v 0.112250 -0.269756 -0.370389
v 0.116397 -0.253835 -0.371058
v 0.118538 -0.253835 -0.371058
v 0.116397 -0.252631 -0.371995
v 0.118538 -0.252631 -0.371861
v 0.116397 -0.251828 -0.373199
v 0.118538 -0.251694 -0.373065
v 0.116397 -0.251293 -0.374537
v 0.118538 -0.251159 -0.374537
v 0.118538 -0.251159 -0.376142
v 0.116397 -0.251293 -0.376142
v 0.116397 -0.251293 -0.376142
v 0.118538 -0.251159 -0.376142
v 0.115996 -0.248216 -0.377614
v 0.117735 -0.247413 -0.377882
v 0.115059 -0.245406 -0.378952
v 0.115862 -0.244069 -0.379487
v 0.113320 -0.242062 -0.380424
v 0.112250 -0.242062 -0.380424
v 0.118538 -0.258116 -0.379755
v 0.116397 -0.257983 -0.379755
v 0.118538 -0.256645 -0.380290
v 0.116397 -0.256645 -0.380156
v 0.118538 -0.255173 -0.380156
v 0.116397 -0.255173 -0.380156
v 0.118538 -0.253701 -0.379755
v 0.116397 -0.253701 -0.379621
v 0.118538 -0.252497 -0.378818
v 0.116397 -0.252497 -0.378684
v 0.115996 -0.249420 -0.380156
v 0.117735 -0.248751 -0.380557
v 0.115059 -0.246610 -0.381494
v 0.115862 -0.245406 -0.382163
v 0.113320 -0.243400 -0.383099
v 0.112250 -0.243400 -0.383099
v 0.113320 -0.262933 -0.362362
v 0.106095 -0.262933 -0.362362
v 0.113320 -0.258518 -0.360757
v 0.106095 -0.258518 -0.360757
v 0.113320 -0.253969 -0.360757
v 0.106095 -0.253969 -0.360757
v 0.113320 -0.249554 -0.362094
v 0.106095 -0.249554 -0.362094
v 0.113320 -0.245674 -0.364770
v 0.106095 -0.245674 -0.364770
v 0.113320 -0.242864 -0.368383
v 0.106095 -0.242864 -0.368383
v 0.113320 -0.241393 -0.372798
v 0.106095 -0.241393 -0.372798
v 0.113320 -0.241259 -0.377480
v 0.106095 -0.241259 -0.377480
v 0.112250 -0.242062 -0.380424
v 0.113320 -0.242062 -0.380424
v 0.106095 -0.242062 -0.380424
v 0.106095 -0.243400 -0.383099
v 0.112250 -0.243400 -0.383099
v 0.106095 -0.245273 -0.385641
v 0.113320 -0.245273 -0.385641
v 0.113320 -0.243400 -0.383099
v 0.113320 -0.249019 -0.388451
v 0.106095 -0.249019 -0.388451
v 0.113320 -0.253300 -0.390056
v 0.106095 -0.253300 -0.390056
v 0.113320 -0.257983 -0.390056
v 0.106095 -0.257983 -0.390056
v 0.113320 -0.262398 -0.388718
v 0.106095 -0.262398 -0.388718
v 0.113320 -0.266277 -0.386043
v 0.106095 -0.266277 -0.386043
v 0.113320 -0.269087 -0.382430
v 0.106095 -0.269087 -0.382430
v 0.113320 -0.270559 -0.378015
v 0.106095 -0.270559 -0.378015
v 0.113320 -0.270693 -0.373333
v 0.106095 -0.270693 -0.373333
v 0.112250 -0.269756 -0.370389
v 0.113320 -0.269756 -0.370389
v 0.106095 -0.269756 -0.370389
v 0.106095 -0.268552 -0.367714
v 0.112250 -0.268552 -0.367714
v 0.106095 -0.266679 -0.365172
v 0.113320 -0.266679 -0.365172
v 0.113320 -0.268552 -0.367714
v 0.113320 -0.262933 -0.362362
v 0.106095 -0.262933 -0.362362
v 0.141148 -0.184532 -0.370523
v 0.141148 -0.160450 -0.354468
v 0.141148 -0.155500 -0.356877
v 0.141148 -0.184532 -0.376008
v 0.141148 -0.155500 -0.389521
v 0.141148 -0.160450 -0.392063
v 0.086428 -0.252363 -0.340287
v 0.081478 -0.257314 -0.340287
v 0.086428 -0.252363 -0.184422
v 0.081478 -0.257314 -0.184021
v 0.086428 -0.251828 -0.182014
v 0.081478 -0.256511 -0.180141
v 0.086428 -0.250758 -0.180409
v 0.081478 -0.254370 -0.176796
v 0.086428 -0.249019 -0.179338
v 0.081478 -0.251026 -0.174656
v 0.081478 -0.247146 -0.173853
v 0.086428 -0.246610 -0.178803
v 0.081478 -0.170485 -0.173853
v 0.086428 -0.170886 -0.178803
v 0.086428 -0.168478 -0.179338
v 0.081478 -0.166605 -0.174656
v 0.086428 -0.166872 -0.180409
v 0.081478 -0.163260 -0.176796
v 0.086428 -0.165802 -0.182014
v 0.081478 -0.161119 -0.180141
v 0.081478 -0.160317 -0.184021
v 0.086428 -0.165267 -0.184422
v 0.081478 -0.160317 -0.340287
v 0.086428 -0.165267 -0.340287
v 0.078936 -0.231091 -0.340287
v 0.086428 -0.240590 -0.340287
v 0.078936 -0.231091 -0.213722
v 0.086428 -0.240590 -0.200745
v 0.078936 -0.230556 -0.211046
v 0.086428 -0.239921 -0.197935
v 0.078936 -0.228950 -0.209039
v 0.086428 -0.238316 -0.196062
v 0.086428 -0.236175 -0.195259
v 0.078936 -0.226810 -0.208371
v 0.086428 -0.213163 -0.195259
v 0.078936 -0.215304 -0.208371
v 0.078936 -0.213297 -0.208504
v 0.086428 -0.211023 -0.195527
v 0.086428 -0.209016 -0.196196
v 0.078936 -0.211290 -0.209173
v 0.086428 -0.207009 -0.197400
v 0.078936 -0.209283 -0.210244
v 0.078936 -0.192560 -0.221214
v 0.086428 -0.181321 -0.215997
v 0.078936 -0.190820 -0.222820
v 0.086428 -0.179716 -0.217736
v 0.078936 -0.189616 -0.224827
v 0.086428 -0.178646 -0.219743
v 0.086428 -0.178244 -0.222151
v 0.078936 -0.189215 -0.227101
v 0.086428 -0.178244 -0.340287
v 0.078936 -0.189215 -0.340287
v 0.086428 -0.165267 -0.340287
v 0.086428 -0.178244 -0.340287
v 0.086428 -0.178244 -0.222151
v 0.086428 -0.165267 -0.184422
v 0.086428 -0.178646 -0.219743
v 0.086428 -0.179716 -0.217736
v 0.086428 -0.181321 -0.215997
v 0.086428 -0.165802 -0.182014
v 0.086428 -0.166872 -0.180409
v 0.086428 -0.168478 -0.179338
v 0.086428 -0.170886 -0.178803
v 0.086428 -0.207009 -0.197400
v 0.086428 -0.209016 -0.196196
v 0.086428 -0.211023 -0.195527
v 0.086428 -0.213163 -0.195259
v 0.086428 -0.236175 -0.195259
v 0.086428 -0.246610 -0.178803
v 0.086428 -0.238316 -0.196062
v 0.086428 -0.249019 -0.179338
v 0.086428 -0.250758 -0.180409
v 0.086428 -0.239921 -0.197935
v 0.086428 -0.251828 -0.182014
v 0.086428 -0.252363 -0.184422
v 0.086428 -0.240590 -0.200745
v 0.086428 -0.252363 -0.340287
v 0.086428 -0.240590 -0.340287
v -0.081611 -0.257314 -0.340287
v -0.086561 -0.252363 -0.340287
v -0.086561 -0.252363 -0.184422
v -0.081611 -0.257314 -0.184021
v -0.086561 -0.251828 -0.182014
v -0.081611 -0.256511 -0.180141
v -0.086561 -0.250758 -0.180409
v -0.081611 -0.254370 -0.176796
v -0.086561 -0.249019 -0.179338
v -0.081611 -0.251026 -0.174656
v -0.081611 -0.247146 -0.173853
v -0.086561 -0.246610 -0.178803
v -0.081611 -0.170485 -0.173853
v -0.086561 -0.170886 -0.178803
v -0.086561 -0.168478 -0.179338
v -0.081611 -0.166605 -0.174656
v -0.086561 -0.166872 -0.180409
v -0.081611 -0.163260 -0.176796
v -0.086561 -0.165802 -0.182014
v -0.081611 -0.161119 -0.180141
v -0.081611 -0.160317 -0.184021
v -0.086561 -0.165267 -0.184422
v -0.081611 -0.160317 -0.340287
v -0.086561 -0.165267 -0.340287
v -0.079069 -0.189215 -0.340287
v -0.086561 -0.178244 -0.340287
v -0.079069 -0.189215 -0.227101
v -0.086561 -0.178244 -0.222151
v -0.079069 -0.189616 -0.224827
v -0.086561 -0.178646 -0.219743
v -0.086561 -0.179716 -0.217736
v -0.079069 -0.190820 -0.222820
v -0.086561 -0.181321 -0.215997
v -0.079069 -0.192560 -0.221214
v -0.086561 -0.207009 -0.197400
v -0.079069 -0.209283 -0.210244
v -0.079069 -0.211290 -0.209173
v -0.086561 -0.209016 -0.196196
v -0.079069 -0.213297 -0.208504
v -0.086561 -0.211023 -0.195527
v -0.086561 -0.213163 -0.195259
v -0.079069 -0.215304 -0.208371
v -0.079069 -0.226810 -0.208371
v -0.086561 -0.236175 -0.195259
v -0.079069 -0.228950 -0.209039
v -0.086561 -0.238316 -0.196062
v -0.086561 -0.239921 -0.197935
v -0.079069 -0.230556 -0.211046
v -0.086561 -0.240590 -0.200745
v -0.079069 -0.231091 -0.213722
v -0.086561 -0.240590 -0.340287
v -0.079069 -0.231091 -0.340287
v -0.086561 -0.178244 -0.340287
v -0.086561 -0.165267 -0.340287
v -0.086561 -0.178244 -0.222151
v -0.086561 -0.165267 -0.184422
v -0.086561 -0.178646 -0.219743
v -0.086561 -0.179716 -0.217736
v -0.086561 -0.181321 -0.215997
v -0.086561 -0.165802 -0.182014
v -0.086561 -0.166872 -0.180409
v -0.086561 -0.168478 -0.179338
v -0.086561 -0.170886 -0.178803
v -0.086561 -0.207009 -0.197400
v -0.086561 -0.209016 -0.196196
v -0.086561 -0.211023 -0.195527
v -0.086561 -0.213163 -0.195259
v -0.086561 -0.236175 -0.195259
v -0.086561 -0.246610 -0.178803
v -0.086561 -0.238316 -0.196062
v -0.086561 -0.249019 -0.179338
v -0.086561 -0.250758 -0.180409
v -0.086561 -0.239921 -0.197935
v -0.086561 -0.251828 -0.182014
v -0.086561 -0.252363 -0.184422
v -0.086561 -0.240590 -0.200745
v -0.086561 -0.252363 -0.340287
v -0.086561 -0.240590 -0.340287
v 0.053249 -0.108139 -0.197400
v 0.053249 -0.108139 -0.204357
v 0.059938 -0.097703 -0.205561
v 0.059938 -0.097703 -0.212117
v 0.053382 -0.078571 -0.220412
v 0.053382 -0.078571 -0.337076
v 0.059938 -0.097703 -0.336674
v -0.062479 -0.078571 -0.336541
v -0.053515 -0.078571 -0.337076
v -0.053515 -0.078571 -0.220412
v -0.062479 -0.078571 -0.220412
v -0.060071 -0.097703 -0.205561
v -0.075055 -0.111082 -0.195125
v -0.053248 -0.108139 -0.197400
v -0.075055 -0.138375 -0.174254
v 0.000001 -0.138375 -0.174254
v 0.000001 -0.108139 -0.197400
v 0.000001 -0.131284 -0.314867
v 0.000001 -0.131284 -0.285299
v -0.093652 -0.131284 -0.285299
v -0.101813 -0.131284 -0.314867
v -0.101813 -0.131284 -0.291454
v 0.000001 -0.238048 -0.221883
v -0.082815 -0.238048 -0.221883
v -0.081611 -0.235238 -0.224693
v 0.000001 -0.235238 -0.224693
v -0.081611 -0.235238 -0.269245
v 0.000001 -0.235238 -0.269245
v -0.093652 -0.229352 -0.221883
v -0.089772 -0.229352 -0.221883
v -0.093652 -0.281797 -0.221883
v -0.082815 -0.238048 -0.221883
v 0.000001 -0.281797 -0.221883
v 0.000001 -0.238048 -0.221883
v 0.000001 -0.131284 -0.285299
v 0.000001 -0.134763 -0.283025
v -0.082949 -0.134763 -0.283025
v -0.093652 -0.131284 -0.285299
v -0.089504 -0.142121 -0.278342
v -0.093652 -0.229352 -0.221883
v -0.089772 -0.229352 -0.221883
v 0.000001 -0.131284 -0.285299
v 0.000001 -0.131284 -0.314867
v 0.093519 -0.131284 -0.285299
v 0.101680 -0.131284 -0.314867
v 0.101680 -0.131284 -0.291454
v 0.082682 -0.238048 -0.221883
v 0.000001 -0.238048 -0.221883
v 0.081478 -0.235238 -0.224693
v 0.000001 -0.235238 -0.224693
v 0.081478 -0.235238 -0.269245
v 0.000001 -0.235238 -0.269245
v 0.000001 -0.281797 -0.221883
v 0.000001 -0.238048 -0.221883
v 0.082682 -0.238048 -0.221883
v 0.093519 -0.281797 -0.221883
v 0.089639 -0.229352 -0.221883
v 0.093519 -0.229352 -0.221883
v 0.000001 -0.134763 -0.283025
v 0.000001 -0.131284 -0.285299
v 0.082950 -0.134763 -0.283025
v 0.093519 -0.131284 -0.285299
v 0.089372 -0.142121 -0.278342
v 0.093519 -0.229352 -0.221883
v 0.089639 -0.229352 -0.221883
v -0.087631 -0.198313 -0.407984
v -0.087631 -0.148944 -0.440495
v -0.096194 -0.144529 -0.433404
v -0.096194 -0.195771 -0.399555
v -0.097130 -0.143593 -0.431665
v -0.097130 -0.195236 -0.397682
v -0.097130 -0.078705 -0.334801
v -0.097130 -0.163661 -0.279948
v -0.096461 -0.077902 -0.333731
v -0.096328 -0.163394 -0.278744
v -0.088166 -0.161119 -0.273927
v -0.088166 -0.073621 -0.329048
v 0.087499 -0.198313 -0.407984
v 0.087499 -0.148944 -0.440495
v 0.085492 -0.198580 -0.408787
v 0.085492 -0.149346 -0.441164
v -0.085624 -0.198580 -0.408787
v -0.085624 -0.149346 -0.441164
v -0.087631 -0.148944 -0.440495
v -0.087631 -0.198313 -0.407984
v 0.074387 -0.131284 -0.407315
v 0.074387 -0.093556 -0.352060
v 0.073585 -0.092753 -0.350722
v 0.073183 -0.132355 -0.409054
v 0.071979 -0.092218 -0.350053
v 0.070909 -0.132756 -0.409589
v -0.071041 -0.132756 -0.409589
v -0.072112 -0.092218 -0.350053
v -0.073717 -0.092753 -0.350722
v -0.073316 -0.132355 -0.409054
v -0.074520 -0.131284 -0.407315
v -0.074520 -0.093556 -0.352060
v 0.097399 -0.113223 -0.315803
v 0.097800 -0.118842 -0.312325
v 0.096596 -0.113357 -0.308846
v 0.095793 -0.118708 -0.305234
v 0.086963 -0.113223 -0.301889
v 0.086294 -0.118441 -0.297742
v 0.081746 -0.113223 -0.300284
v 0.081879 -0.117905 -0.297742
v 0.078401 -0.113223 -0.298143
v 0.079070 -0.117638 -0.296671
v 0.106630 -0.134228 -0.438220
v 0.106497 -0.137706 -0.442635
v 0.112116 -0.141319 -0.435812
v 0.111982 -0.144396 -0.441565
v 0.112651 -0.167675 -0.430327
v 0.111447 -0.170618 -0.439157
v 0.112517 -0.187610 -0.425377
v 0.112250 -0.193764 -0.405576
v 0.112785 -0.196172 -0.418821
v 0.110510 -0.195236 -0.442635
v 0.111179 -0.188814 -0.445846
v 0.105159 -0.194834 -0.454676
v 0.105293 -0.188947 -0.456282
v 0.102617 -0.193764 -0.480899
v 0.102349 -0.190285 -0.483307
v 0.112651 -0.213029 -0.407181
v 0.113052 -0.204601 -0.399957
v 0.112116 -0.190820 -0.388986
v 0.112785 -0.186941 -0.399288
v 0.112785 -0.212494 -0.394070
v 0.112651 -0.156972 -0.407850
v 0.112517 -0.160450 -0.414807
v 0.111714 -0.147071 -0.422299
v 0.112785 -0.146402 -0.403435
v 0.111848 -0.137572 -0.417082
v 0.112918 -0.137305 -0.401562
v 0.112918 -0.136235 -0.338280
v 0.112116 -0.145198 -0.332661
v 0.112517 -0.138375 -0.327844
v 0.112517 -0.129545 -0.334400
v 0.112785 -0.123391 -0.324633
v 0.111714 -0.117905 -0.328513
v 0.106764 -0.113490 -0.320753
v 0.107166 -0.119645 -0.317007
v 0.097399 -0.113223 -0.315803
v 0.097800 -0.118842 -0.312325
v 0.112651 -0.221057 -0.401963
v 0.112785 -0.225338 -0.417082
v 0.110912 -0.231894 -0.412132
v 0.112517 -0.234971 -0.420426
v 0.113052 -0.220923 -0.390725
v 0.112517 -0.226007 -0.422032
v 0.112250 -0.229753 -0.395943
v 0.111848 -0.207143 -0.435411
v 0.111982 -0.208882 -0.438488
v 0.112651 -0.230154 -0.429792
v 0.112116 -0.244871 -0.429524
v 0.112517 -0.244470 -0.420828
v 0.112383 -0.283536 -0.429390
v 0.112517 -0.242062 -0.404773
v 0.112517 -0.248617 -0.392598
v 0.112383 -0.283670 -0.393535
v 0.112383 -0.240456 -0.383634
v 0.112517 -0.231359 -0.384839
v 0.112785 -0.220388 -0.374670
v 0.112651 -0.238316 -0.377079
v 0.112383 -0.212494 -0.371460
v 0.112517 -0.231091 -0.378550
v 0.111045 -0.212227 -0.364502
v 0.112651 -0.230021 -0.372129
v 0.112785 -0.239520 -0.361292
v 0.112383 -0.230422 -0.355271
v 0.112918 -0.247547 -0.357278
v 0.112517 -0.243935 -0.346441
v 0.112651 -0.260391 -0.346174
v 0.112651 -0.236041 -0.343765
v 0.112383 -0.263200 -0.355673
v 0.112250 -0.227612 -0.351793
v 0.113454 -0.269890 -0.346307
v 0.112785 -0.197109 -0.318613
v 0.109039 -0.274305 -0.355271
v 0.111848 -0.188546 -0.327443
v 0.110644 -0.278987 -0.347779
v 0.112785 -0.194567 -0.315268
v 0.113721 -0.272566 -0.342829
v 0.111581 -0.184399 -0.323429
v 0.112116 -0.279656 -0.340153
v 0.112116 -0.182927 -0.318479
v 0.113721 -0.274305 -0.338146
v 0.112785 -0.192827 -0.310853
v 0.112116 -0.279523 -0.251852
v 0.112250 -0.275375 -0.247303
v 0.111848 -0.182392 -0.286637
v 0.112250 -0.192426 -0.281419
v 0.112250 -0.182124 -0.281553
v 0.111982 -0.192025 -0.275666
v 0.111179 -0.180786 -0.278744
v 0.110778 -0.191489 -0.272054
v 0.102617 -0.177575 -0.268174
v 0.102884 -0.171555 -0.272188
v 0.090041 -0.167407 -0.261886
v 0.090576 -0.172358 -0.257605
v 0.087900 -0.167407 -0.255464
v 0.088435 -0.172358 -0.251317
v 0.087499 -0.168210 -0.191112
v 0.087365 -0.171956 -0.188971
v 0.112651 -0.236041 -0.343765
v 0.100209 -0.236309 -0.343498
v 0.100342 -0.197644 -0.318078
v 0.112785 -0.197109 -0.318613
v 0.100342 -0.195236 -0.314599
v 0.112785 -0.194567 -0.315268
v 0.112785 -0.192827 -0.310853
v 0.100342 -0.193496 -0.310585
v 0.112250 -0.192426 -0.281419
v 0.099941 -0.192827 -0.281553
v 0.111982 -0.192025 -0.275666
v 0.099540 -0.192694 -0.275666
v 0.110778 -0.191489 -0.272054
v 0.099941 -0.192292 -0.272857
v 0.112250 -0.275375 -0.247303
v 0.100075 -0.274974 -0.247437
v 0.101680 -0.274439 -0.337076
v 0.113721 -0.274305 -0.338146
v 0.101948 -0.272967 -0.341223
v 0.113721 -0.272566 -0.342829
v 0.101680 -0.269221 -0.344969
v 0.113454 -0.269890 -0.346307
v 0.100075 -0.274974 -0.247437
v 0.112250 -0.275375 -0.247303
v 0.099941 -0.277248 -0.251852
v 0.112116 -0.279523 -0.251852
v 0.100075 -0.276847 -0.339083
v 0.112116 -0.279656 -0.340153
v 0.110644 -0.278987 -0.347779
v 0.099004 -0.275910 -0.345906
v 0.109039 -0.274305 -0.355271
v 0.097265 -0.272030 -0.352060
v 0.097265 -0.272030 -0.352060
v 0.109039 -0.274305 -0.355271
v 0.099941 -0.263200 -0.355673
v 0.112383 -0.263200 -0.355673
v 0.100476 -0.247547 -0.357546
v 0.112918 -0.247547 -0.357278
v 0.075056 -0.172759 -0.189506
v 0.087365 -0.171956 -0.188971
v 0.078267 -0.172893 -0.251183
v 0.088435 -0.172358 -0.251317
v 0.078535 -0.172893 -0.257337
v 0.090576 -0.172358 -0.257605
v 0.093252 -0.178646 -0.267773
v 0.102617 -0.177575 -0.268174
v 0.112250 -0.229753 -0.395943
v 0.099941 -0.229619 -0.395675
v 0.100075 -0.242062 -0.404773
v 0.112517 -0.242062 -0.404773
v 0.100075 -0.244336 -0.420560
v 0.112517 -0.244470 -0.420828
v 0.111848 -0.137572 -0.417082
v 0.099406 -0.137706 -0.416413
v 0.099406 -0.147205 -0.421630
v 0.111714 -0.147071 -0.422299
v 0.100075 -0.160718 -0.414673
v 0.112517 -0.160450 -0.414807
v 0.100476 -0.187074 -0.399555
v 0.112785 -0.186941 -0.399288
v 0.112250 -0.193764 -0.405576
v 0.099807 -0.193898 -0.405576
v 0.112517 -0.129545 -0.334400
v 0.100075 -0.129545 -0.334400
v 0.100476 -0.135699 -0.338547
v 0.112918 -0.136235 -0.338280
v 0.100476 -0.137037 -0.401161
v 0.112918 -0.137305 -0.401562
v 0.111848 -0.137572 -0.417082
v 0.099406 -0.137706 -0.416413
v 0.112250 -0.193764 -0.405576
v 0.099807 -0.193898 -0.405576
v 0.100209 -0.167541 -0.429524
v 0.112651 -0.167675 -0.430327
v 0.099807 -0.144663 -0.432869
v 0.112116 -0.141319 -0.435812
v 0.106630 -0.134228 -0.438220
v 0.086830 -0.133826 -0.438220
v 0.079070 -0.141854 -0.435946
v 0.079070 -0.139044 -0.438086
v 0.065557 -0.140248 -0.438622
v 0.065691 -0.146269 -0.435812
v 0.015386 -0.132890 -0.456416
v 0.015921 -0.133157 -0.456817
v 0.015520 -0.126468 -0.446515
v 0.016590 -0.133291 -0.457085
v 0.016590 -0.126067 -0.445980
v 0.027561 -0.130214 -0.452402
v 0.027695 -0.129411 -0.450930
v -0.076393 -0.196841 -0.500967
v -0.082012 -0.200319 -0.503242
v -0.084688 -0.194968 -0.500298
v -0.078266 -0.193229 -0.497623
v -0.088033 -0.188278 -0.493208
v -0.083751 -0.184934 -0.492003
v -0.089371 -0.181455 -0.487455
v -0.084554 -0.180385 -0.487053
v -0.084554 -0.177977 -0.483173
v -0.090040 -0.178110 -0.482772
v -0.082547 -0.177709 -0.476083
v -0.090708 -0.177308 -0.473139
v -0.082815 -0.176906 -0.468992
v -0.090441 -0.173829 -0.461098
v -0.080942 -0.176104 -0.465513
v -0.071443 -0.171555 -0.458556
v -0.064084 -0.176104 -0.464844
v -0.008696 -0.156303 -0.597028
v -0.007893 -0.161253 -0.581910
v -0.010569 -0.161387 -0.581642
v -0.008696 -0.164732 -0.571608
v -0.012174 -0.164464 -0.571608
v -0.010034 -0.167675 -0.562912
v -0.014315 -0.167274 -0.563447
v -0.011505 -0.170083 -0.555018
v -0.016589 -0.169548 -0.555286
v -0.013512 -0.174632 -0.541907
v -0.019533 -0.173695 -0.542174
v -0.014181 -0.178646 -0.530936
v -0.020871 -0.177977 -0.530267
v -0.013914 -0.182659 -0.519430
v -0.021138 -0.181589 -0.518627
v -0.021673 -0.185201 -0.509664
v -0.012308 -0.186004 -0.508593
v -0.012040 -0.183194 -0.503643
v -0.016456 -0.177575 -0.498559
v -0.008696 -0.176505 -0.498024
v -0.024750 -0.181054 -0.502171
v -0.012442 -0.172491 -0.495482
v -0.026490 -0.185736 -0.508727
v -0.004281 -0.169414 -0.494278
v -0.031039 -0.182793 -0.503911
v -0.008428 -0.167541 -0.492405
v -0.031707 -0.185870 -0.509128
v -0.006288 -0.165133 -0.488793
v -0.037460 -0.182793 -0.504312
v -0.001070 -0.165802 -0.490933
v -0.036791 -0.186004 -0.509664
v 0.001874 -0.164464 -0.485582
v -0.043213 -0.181990 -0.504312
v -0.003746 -0.164330 -0.482103
v -0.043347 -0.186673 -0.511269
v 0.004014 -0.164330 -0.482371
v -0.047361 -0.180251 -0.504178
v -0.002274 -0.164330 -0.477688
v -0.048030 -0.187208 -0.512875
v 0.006155 -0.164196 -0.479026
v 0.000001 -0.164464 -0.474343
v 0.004817 -0.163260 -0.472470
v 0.009232 -0.164063 -0.477420
v 0.012042 -0.162457 -0.469661
v 0.014450 -0.163929 -0.474878
v 0.018999 -0.162190 -0.467520
v 0.021005 -0.163795 -0.472604
v 0.030237 -0.161788 -0.466316
v 0.031173 -0.164330 -0.471132
v 0.060607 -0.162056 -0.465246
v 0.069972 -0.165534 -0.469661
v 0.063952 -0.161387 -0.464711
v 0.065156 -0.159781 -0.463105
v 0.069571 -0.160584 -0.463640
v -0.050037 -0.177308 -0.503643
v -0.056860 -0.187208 -0.512339
v -0.057127 -0.177709 -0.501101
v -0.056191 -0.186807 -0.515550
v -0.050170 -0.172759 -0.496686
v -0.048699 -0.186673 -0.515818
v -0.056994 -0.172893 -0.495348
v -0.048297 -0.181188 -0.527190
v -0.050706 -0.170217 -0.493208
v -0.056860 -0.181455 -0.527993
v -0.056726 -0.168210 -0.489729
v -0.047896 -0.176773 -0.536154
v -0.051107 -0.167541 -0.489595
v -0.057529 -0.177040 -0.537759
v -0.051508 -0.166872 -0.485314
v -0.047628 -0.172491 -0.544984
v -0.058331 -0.166872 -0.481969
v -0.058198 -0.172759 -0.547526
v -0.051642 -0.166069 -0.481033
v -0.054050 -0.170485 -0.559701
v -0.060606 -0.166069 -0.474210
v -0.043882 -0.169816 -0.558363
v -0.052846 -0.165534 -0.475547
v -0.050304 -0.167809 -0.572009
v -0.063148 -0.165802 -0.470463
v -0.040270 -0.167407 -0.571742
v -0.045622 -0.164732 -0.586994
v -0.035587 -0.164063 -0.588198
v -0.040671 -0.161922 -0.601978
v -0.031574 -0.161521 -0.604788
v -0.037862 -0.161253 -0.617096
v -0.029299 -0.160049 -0.620040
v -0.035721 -0.160049 -0.632214
v -0.027828 -0.159380 -0.635425
v -0.033447 -0.162457 -0.650142
v -0.027025 -0.161788 -0.652149
v -0.031440 -0.164598 -0.667936
v -0.026356 -0.164330 -0.668739
v -0.027426 -0.169682 -0.697905
v -0.024884 -0.169013 -0.697102
v -0.043347 -0.164865 -0.467921
v -0.058733 -0.162323 -0.465513
v -0.042411 -0.162725 -0.465246
v -0.026623 -0.166337 -0.466182
v -0.061944 -0.161654 -0.464978
v -0.026222 -0.164464 -0.464042
v -0.018329 -0.167006 -0.465246
v -0.018061 -0.165401 -0.463373
v -0.010034 -0.167809 -0.463774
v -0.010034 -0.167006 -0.462837
v -0.062613 -0.159380 -0.462302
v -0.069704 -0.159781 -0.462704
v -0.071844 -0.161788 -0.465246
v -0.080273 -0.165133 -0.470463
v -0.089772 -0.162457 -0.465379
v -0.081745 -0.165401 -0.471935
v -0.090307 -0.165534 -0.474878
v -0.082146 -0.165936 -0.477822
v -0.090575 -0.166471 -0.486652
v -0.085089 -0.166471 -0.487187
v -0.086160 -0.171421 -0.494813
v -0.090976 -0.172491 -0.495214
v -0.084956 -0.177174 -0.500967
v -0.089237 -0.180519 -0.502171
v -0.077998 -0.185870 -0.507122
v -0.084554 -0.187743 -0.509664
v -0.075724 -0.189884 -0.510600
v -0.081343 -0.193362 -0.512741
v -0.098736 -0.118842 -0.312325
v -0.098334 -0.113223 -0.315803
v -0.098067 -0.113357 -0.308846
v -0.097264 -0.118708 -0.305234
v -0.086962 -0.113223 -0.301889
v -0.086427 -0.118441 -0.297742
v -0.078534 -0.113490 -0.298143
v -0.079203 -0.117638 -0.296671
v -0.102081 -0.193764 -0.480899
v -0.101947 -0.190285 -0.483307
v -0.104890 -0.188947 -0.456282
v -0.104756 -0.194834 -0.454676
v -0.111580 -0.188814 -0.445846
v -0.110911 -0.195236 -0.442635
v -0.112784 -0.187610 -0.425377
v -0.113185 -0.196172 -0.418821
v -0.111847 -0.193764 -0.405576
v -0.112248 -0.213029 -0.407181
v -0.112115 -0.167943 -0.430996
v -0.110777 -0.170752 -0.439558
v -0.110911 -0.144396 -0.442100
v -0.111178 -0.140783 -0.436213
v -0.106094 -0.137706 -0.442635
v -0.106228 -0.134228 -0.438220
v -0.112650 -0.204601 -0.399957
v -0.111713 -0.190820 -0.388986
v -0.112382 -0.186941 -0.399288
v -0.111847 -0.159514 -0.396478
v -0.110375 -0.150416 -0.410927
v -0.112382 -0.212494 -0.394070
v -0.112382 -0.148409 -0.390725
v -0.111178 -0.140917 -0.404505
v -0.111847 -0.139981 -0.392464
v -0.112516 -0.136235 -0.338280
v -0.111580 -0.144529 -0.332527
v -0.111981 -0.138375 -0.329182
v -0.112115 -0.129545 -0.334400
v -0.112382 -0.123391 -0.324633
v -0.111312 -0.117905 -0.328513
v -0.106362 -0.113490 -0.320753
v -0.106763 -0.119645 -0.317007
v -0.112248 -0.221057 -0.401963
v -0.112382 -0.225338 -0.417082
v -0.110509 -0.231894 -0.412132
v -0.111981 -0.234971 -0.420426
v -0.112650 -0.220923 -0.390725
v -0.112115 -0.226007 -0.422032
v -0.111847 -0.229753 -0.395943
v -0.111580 -0.208882 -0.438488
v -0.111446 -0.207143 -0.435411
v -0.112248 -0.230154 -0.429792
v -0.111713 -0.244871 -0.429524
v -0.111981 -0.244470 -0.420828
v -0.111847 -0.283536 -0.429390
v -0.112115 -0.242062 -0.404773
v -0.112382 -0.220388 -0.374670
v -0.111981 -0.212494 -0.371460
v -0.110643 -0.212227 -0.364502
v -0.112248 -0.230021 -0.372129
v -0.112115 -0.231359 -0.384839
v -0.112115 -0.231091 -0.378550
v -0.112115 -0.248617 -0.392598
v -0.111847 -0.283670 -0.393535
v -0.111981 -0.240456 -0.383634
v -0.112248 -0.238316 -0.377079
v -0.112382 -0.239520 -0.361292
v -0.111981 -0.230422 -0.355271
v -0.112516 -0.245540 -0.357278
v -0.112115 -0.243935 -0.346441
v -0.112248 -0.260792 -0.346709
v -0.112248 -0.236041 -0.343765
v -0.111981 -0.263602 -0.355405
v -0.111847 -0.227612 -0.351793
v -0.113051 -0.269890 -0.346307
v -0.112248 -0.197109 -0.318613
v -0.111312 -0.274572 -0.354468
v -0.111446 -0.188546 -0.327443
v -0.111178 -0.278987 -0.347779
v -0.112382 -0.194567 -0.315268
v -0.113185 -0.272566 -0.342829
v -0.111178 -0.184399 -0.323429
v -0.111713 -0.279656 -0.340153
v -0.111713 -0.182927 -0.318479
v -0.113319 -0.274305 -0.338146
v -0.112382 -0.192827 -0.310853
v -0.111713 -0.279523 -0.252521
v -0.111847 -0.275375 -0.247972
v -0.111446 -0.182392 -0.286637
v -0.111847 -0.192426 -0.283828
v -0.111713 -0.182124 -0.281553
v -0.111446 -0.192025 -0.277138
v -0.110643 -0.180786 -0.278744
v -0.110375 -0.190954 -0.273392
v -0.102081 -0.177575 -0.268174
v -0.102482 -0.171555 -0.272188
v -0.089638 -0.167407 -0.261886
v -0.090173 -0.172358 -0.257605
v -0.088033 -0.167006 -0.249711
v -0.088434 -0.172224 -0.245831
v -0.088568 -0.166471 -0.230446
v -0.088702 -0.172224 -0.227101
v -0.088033 -0.166605 -0.216799
v -0.088166 -0.172090 -0.213856
v -0.088835 -0.167675 -0.199005
v -0.088835 -0.171956 -0.196731
v -0.087096 -0.168210 -0.191112
v -0.086962 -0.171956 -0.188971
v -0.100609 -0.245674 -0.357412
v -0.112516 -0.245540 -0.357278
v -0.111981 -0.263602 -0.355405
v -0.100074 -0.262799 -0.354067
v -0.111312 -0.274572 -0.354468
v -0.097398 -0.272298 -0.351258
v -0.101813 -0.267749 -0.343096
v -0.113051 -0.269890 -0.346307
v -0.112248 -0.260792 -0.346709
v -0.100341 -0.259989 -0.345505
v -0.112115 -0.243935 -0.346441
v -0.100207 -0.244069 -0.346441
v -0.100341 -0.236309 -0.343498
v -0.112248 -0.236041 -0.343765
v -0.100475 -0.125933 -0.326774
v -0.112382 -0.123391 -0.324633
v -0.106763 -0.119645 -0.317007
v -0.098602 -0.125264 -0.324500
v -0.098736 -0.118842 -0.312325
v -0.086427 -0.122989 -0.319282
v -0.084956 -0.122320 -0.311121
v -0.097264 -0.118708 -0.305234
v -0.086427 -0.118441 -0.297742
v -0.081477 -0.124194 -0.306973
v -0.079203 -0.117638 -0.296671
v -0.068098 -0.122454 -0.304431
v -0.068098 -0.119912 -0.263893
v -0.079738 -0.118173 -0.261351
v -0.068098 -0.119243 -0.253859
v -0.079872 -0.118307 -0.252655
v -0.078801 -0.117905 -0.249176
v -0.068098 -0.118976 -0.249979
v -0.006956 -0.127806 -0.435143
v -0.006956 -0.125933 -0.435411
v -0.012040 -0.125398 -0.436481
v -0.012174 -0.129010 -0.435277
v -0.016188 -0.125665 -0.437284
v -0.016322 -0.129545 -0.435946
v -0.019934 -0.126468 -0.439023
v -0.020202 -0.130080 -0.437418
v -0.025419 -0.127940 -0.441164
v -0.025553 -0.131418 -0.439424
v -0.029968 -0.129277 -0.443170
v -0.030102 -0.132488 -0.441431
v -0.038397 -0.131418 -0.446783
v -0.038664 -0.134228 -0.444508
v -0.041608 -0.134094 -0.444508
v -0.041474 -0.131151 -0.446783
v -0.046959 -0.128341 -0.443438
v -0.046959 -0.131953 -0.441030
v -0.054050 -0.131017 -0.440227
v -0.054184 -0.126869 -0.440896
v -0.062211 -0.127137 -0.439291
v -0.061409 -0.132221 -0.438220
v -0.065824 -0.129010 -0.438086
v -0.062345 -0.132756 -0.438086
v -0.069302 -0.133960 -0.437150
v -0.068366 -0.131552 -0.436080
v -0.062211 -0.139178 -0.441030
v -0.069570 -0.139579 -0.440495
v -0.070239 -0.144931 -0.444241
v -0.062880 -0.159380 -0.462302
v -0.070105 -0.159781 -0.462704
v -0.079069 -0.113089 -0.251986
v -0.078801 -0.117905 -0.249176
v -0.079872 -0.118307 -0.252655
v -0.080139 -0.113624 -0.255197
v -0.079738 -0.118173 -0.261351
v -0.079872 -0.113624 -0.263759
v -0.079203 -0.117638 -0.296671
v -0.078534 -0.113490 -0.298143
v -0.116262 -0.196975 -0.375072
v -0.108502 -0.196975 -0.375072
v -0.108636 -0.199517 -0.376945
v -0.116396 -0.199517 -0.376945
v -0.108636 -0.200186 -0.377614
v -0.116396 -0.200186 -0.377480
v -0.116396 -0.200186 -0.378417
v -0.108636 -0.200186 -0.378417
v -0.116396 -0.199383 -0.381226
v -0.108636 -0.199383 -0.381226
v -0.108636 -0.197242 -0.385641
v -0.116396 -0.197376 -0.385775
v -0.116396 -0.195637 -0.388183
v -0.108636 -0.195637 -0.388183
v -0.108636 -0.194968 -0.388585
v -0.116396 -0.194968 -0.388718
v -0.116396 -0.194031 -0.388585
v -0.108636 -0.194165 -0.388585
v -0.116262 -0.191088 -0.387782
v -0.108502 -0.191088 -0.387782
v -0.108502 -0.187743 -0.390591
v -0.116262 -0.187743 -0.390725
v -0.116262 -0.184131 -0.393267
v -0.108502 -0.183997 -0.393267
v -0.116262 -0.180251 -0.395408
v -0.108502 -0.180251 -0.395274
v -0.108636 -0.179984 -0.398485
v -0.116396 -0.179984 -0.398485
v -0.108636 -0.179716 -0.399288
v -0.116396 -0.179716 -0.399421
v -0.116396 -0.179047 -0.399823
v -0.108636 -0.179047 -0.399689
v -0.116396 -0.176104 -0.400492
v -0.108636 -0.176104 -0.400492
v -0.108636 -0.171287 -0.400893
v -0.116396 -0.171287 -0.401027
v -0.116396 -0.168344 -0.400759
v -0.108636 -0.168344 -0.400626
v -0.108636 -0.167541 -0.400358
v -0.116396 -0.167541 -0.400492
v -0.116396 -0.167140 -0.399689
v -0.108636 -0.167140 -0.399689
v -0.116262 -0.166337 -0.396612
v -0.108502 -0.166337 -0.396612
v -0.108502 -0.162323 -0.395274
v -0.116262 -0.162323 -0.395274
v -0.116262 -0.157908 -0.393267
v -0.108502 -0.157908 -0.393133
v -0.116262 -0.154296 -0.390993
v -0.108502 -0.154296 -0.390993
v -0.108636 -0.151486 -0.392331
v -0.116396 -0.151486 -0.392331
v -0.108636 -0.150684 -0.392464
v -0.116396 -0.150684 -0.392598
v -0.108636 -0.149881 -0.392063
v -0.116396 -0.149881 -0.392197
v -0.116396 -0.147874 -0.390056
v -0.108636 -0.147874 -0.390056
v -0.116396 -0.145065 -0.386043
v -0.108636 -0.145065 -0.386043
v -0.116396 -0.143727 -0.383367
v -0.108636 -0.143727 -0.383367
v -0.108636 -0.143593 -0.382564
v -0.116396 -0.143593 -0.382430
v -0.116396 -0.144128 -0.381761
v -0.108636 -0.144128 -0.381761
v -0.116262 -0.146269 -0.379487
v -0.108502 -0.146402 -0.379621
v -0.108502 -0.145466 -0.375206
v -0.116262 -0.145466 -0.375206
v -0.116262 -0.145065 -0.370791
v -0.108502 -0.145065 -0.370791
v -0.116262 -0.145198 -0.366376
v -0.108502 -0.145198 -0.366376
v -0.108636 -0.142656 -0.364502
v -0.116396 -0.142523 -0.364636
v -0.108636 -0.141987 -0.363967
v -0.116396 -0.141987 -0.363967
v -0.116396 -0.141987 -0.363165
v -0.108636 -0.141987 -0.363165
v -0.116396 -0.142790 -0.360221
v -0.108636 -0.142790 -0.360221
v -0.116396 -0.144797 -0.355806
v -0.108636 -0.144931 -0.355806
v -0.116396 -0.146536 -0.353398
v -0.108636 -0.146536 -0.353398
v -0.116396 -0.147205 -0.352863
v -0.108636 -0.147205 -0.352863
v -0.116396 -0.148008 -0.352863
v -0.108636 -0.148008 -0.352863
v -0.116262 -0.151085 -0.353666
v -0.108502 -0.151085 -0.353799
v -0.108502 -0.154430 -0.350856
v -0.116262 -0.154296 -0.350856
v -0.116262 -0.158042 -0.348180
v -0.108502 -0.158042 -0.348314
v -0.116262 -0.161922 -0.346173
v -0.108502 -0.161922 -0.346173
v -0.108636 -0.162190 -0.342962
v -0.116396 -0.162190 -0.342962
v -0.108636 -0.162457 -0.342160
v -0.116396 -0.162323 -0.342160
v -0.108636 -0.163126 -0.341758
v -0.116396 -0.163126 -0.341625
v -0.116396 -0.166069 -0.340956
v -0.108636 -0.166069 -0.341089
v -0.116396 -0.170886 -0.340554
v -0.108636 -0.170886 -0.340554
v -0.116396 -0.173829 -0.340688
v -0.108636 -0.173829 -0.340822
v -0.116396 -0.174632 -0.341089
v -0.108636 -0.174632 -0.341089
v -0.116396 -0.175033 -0.341892
v -0.108636 -0.175033 -0.341892
v -0.116262 -0.175836 -0.344969
v -0.108502 -0.175836 -0.344969
v -0.108502 -0.179984 -0.346307
v -0.116262 -0.179984 -0.346307
v -0.108502 -0.183997 -0.348314
v -0.116262 -0.184131 -0.348180
v -0.116262 -0.187743 -0.350455
v -0.108502 -0.187743 -0.350588
v -0.108636 -0.190687 -0.349251
v -0.116396 -0.190687 -0.349117
v -0.108636 -0.191489 -0.348983
v -0.116396 -0.191489 -0.348983
v -0.116396 -0.192292 -0.349384
v -0.108636 -0.192158 -0.349384
v -0.116396 -0.194299 -0.351525
v -0.108636 -0.194299 -0.351525
v -0.116396 -0.197109 -0.355539
v -0.108636 -0.197109 -0.355539
v -0.116396 -0.198446 -0.358214
v -0.108636 -0.198446 -0.358214
v -0.116396 -0.198580 -0.359017
v -0.108636 -0.198446 -0.359017
v -0.116396 -0.198045 -0.359820
v -0.108636 -0.198045 -0.359686
v -0.116262 -0.195904 -0.361961
v -0.108502 -0.195771 -0.361961
v -0.108502 -0.196573 -0.366242
v -0.116262 -0.196707 -0.366242
v -0.116262 -0.197109 -0.370791
v -0.108502 -0.196975 -0.370791
v -0.116262 -0.196975 -0.375072
v -0.108502 -0.196975 -0.375072
v -0.113185 -0.158845 -0.373065
v -0.113185 -0.158577 -0.370791
v -0.113185 -0.158845 -0.368650
v -0.113185 -0.159380 -0.375072
v -0.113185 -0.159380 -0.366509
v -0.113185 -0.160317 -0.364636
v -0.113185 -0.160317 -0.377079
v -0.113185 -0.161521 -0.362763
v -0.113185 -0.161521 -0.378818
v -0.113185 -0.162992 -0.361292
v -0.113185 -0.163126 -0.380423
v -0.113185 -0.164732 -0.381628
v -0.113185 -0.164865 -0.359954
v -0.113185 -0.166738 -0.359151
v -0.113185 -0.166872 -0.382564
v -0.113185 -0.168879 -0.383099
v -0.113185 -0.168879 -0.358482
v -0.113185 -0.171020 -0.358348
v -0.113185 -0.171153 -0.383367
v -0.113185 -0.173294 -0.358482
v -0.113185 -0.173294 -0.383099
v -0.113185 -0.175301 -0.359151
v -0.113185 -0.175301 -0.382564
v -0.113185 -0.177308 -0.359954
v -0.113185 -0.177308 -0.381628
v -0.113185 -0.179047 -0.361292
v -0.113185 -0.179047 -0.380423
v -0.113185 -0.180652 -0.362763
v -0.113185 -0.180652 -0.378818
v -0.113185 -0.181857 -0.364636
v -0.113185 -0.181857 -0.377079
v -0.113185 -0.182793 -0.366509
v -0.113185 -0.182793 -0.375072
v -0.113185 -0.183328 -0.368650
v -0.113185 -0.183328 -0.372931
v -0.113185 -0.183596 -0.370791
v -0.113185 -0.183596 -0.370791
v -0.118670 -0.186272 -0.370791
v -0.113185 -0.183328 -0.372931
v -0.118670 -0.186138 -0.373466
v -0.113185 -0.182793 -0.375072
v -0.118670 -0.185469 -0.376008
v -0.113185 -0.181857 -0.377079
v -0.118670 -0.184265 -0.378417
v -0.113185 -0.180652 -0.378818
v -0.118670 -0.182793 -0.380557
v -0.113185 -0.179047 -0.380423
v -0.118670 -0.180920 -0.382564
v -0.113185 -0.177308 -0.381628
v -0.118670 -0.178646 -0.384036
v -0.113185 -0.175301 -0.382564
v -0.118670 -0.176237 -0.385106
v -0.113185 -0.173294 -0.383099
v -0.118670 -0.173695 -0.385775
v -0.113185 -0.171153 -0.383367
v -0.118670 -0.171153 -0.386043
v -0.113185 -0.168879 -0.383099
v -0.118670 -0.168478 -0.385909
v -0.113185 -0.166872 -0.382564
v -0.118670 -0.165936 -0.385240
v -0.113185 -0.164732 -0.381628
v -0.118670 -0.163394 -0.384036
v -0.118670 -0.161253 -0.382564
v -0.113185 -0.163126 -0.380423
v -0.113185 -0.161521 -0.378818
v -0.118670 -0.159380 -0.380691
v -0.113185 -0.160317 -0.377079
v -0.118670 -0.157908 -0.378417
v -0.113185 -0.159380 -0.375072
v -0.118670 -0.156704 -0.376008
v -0.113185 -0.158845 -0.373065
v -0.118670 -0.156035 -0.373466
v -0.113185 -0.158577 -0.370791
v -0.118670 -0.155768 -0.370791
v -0.118670 -0.156035 -0.368249
v -0.113185 -0.158845 -0.368650
v -0.113185 -0.159380 -0.366509
v -0.118670 -0.156704 -0.365573
v -0.113185 -0.160317 -0.364636
v -0.118670 -0.157908 -0.363165
v -0.113185 -0.161521 -0.362763
v -0.118670 -0.159380 -0.361024
v -0.113185 -0.162992 -0.361292
v -0.118670 -0.161253 -0.359151
v -0.118670 -0.163394 -0.357679
v -0.113185 -0.164865 -0.359954
v -0.118670 -0.165802 -0.356475
v -0.113185 -0.166738 -0.359151
v -0.118670 -0.168478 -0.355806
v -0.113185 -0.168879 -0.358482
v -0.118670 -0.171020 -0.355539
v -0.113185 -0.171020 -0.358348
v -0.113185 -0.173294 -0.358482
v -0.118670 -0.173695 -0.355806
v -0.113185 -0.175301 -0.359151
v -0.118670 -0.176237 -0.356475
v -0.118670 -0.178646 -0.357679
v -0.113185 -0.177308 -0.359954
v -0.113185 -0.179047 -0.361292
v -0.118670 -0.180920 -0.359151
v -0.113185 -0.180652 -0.362763
v -0.118670 -0.182793 -0.361024
v -0.113185 -0.181857 -0.364636
v -0.118670 -0.184265 -0.363165
v -0.113185 -0.182793 -0.366509
v -0.118670 -0.185469 -0.365573
v -0.113185 -0.183328 -0.368650
v -0.118670 -0.186138 -0.368115
v -0.118670 -0.186272 -0.370791
v -0.113185 -0.183596 -0.370791
v -0.108636 -0.167541 -0.400358
v -0.108636 -0.168344 -0.400626
v -0.108636 -0.167140 -0.399689
v -0.108636 -0.171287 -0.400893
v -0.108502 -0.166337 -0.396612
v -0.108636 -0.176104 -0.400492
v -0.108636 -0.179047 -0.399689
v -0.108636 -0.179984 -0.398485
v -0.108502 -0.180251 -0.395274
v -0.108502 -0.162323 -0.395274
v -0.108502 -0.157908 -0.393133
v -0.108502 -0.154296 -0.390993
v -0.108502 -0.196975 -0.375072
v -0.108502 -0.191088 -0.387782
v -0.108502 -0.183997 -0.393267
v -0.108502 -0.187743 -0.390591
v -0.108636 -0.199383 -0.381226
v -0.108636 -0.194165 -0.388585
v -0.108636 -0.195637 -0.388183
v -0.108636 -0.197242 -0.385641
v -0.108636 -0.200186 -0.378417
v -0.108636 -0.199517 -0.376945
v -0.108502 -0.146402 -0.379621
v -0.108502 -0.145466 -0.375206
v -0.108502 -0.145065 -0.370791
v -0.108502 -0.145198 -0.366376
v -0.108636 -0.145065 -0.386043
v -0.108636 -0.151486 -0.392331
v -0.108636 -0.149881 -0.392063
v -0.108636 -0.147874 -0.390056
v -0.108636 -0.144128 -0.381761
v -0.108636 -0.143727 -0.383233
v -0.108502 -0.195771 -0.361961
v -0.108502 -0.196975 -0.370791
v -0.108502 -0.196573 -0.366242
v -0.108502 -0.151085 -0.353799
v -0.108502 -0.154430 -0.350856
v -0.108502 -0.158042 -0.348314
v -0.108502 -0.161922 -0.346173
v -0.108636 -0.144931 -0.355806
v -0.108636 -0.142656 -0.364502
v -0.108636 -0.141987 -0.363165
v -0.108636 -0.142790 -0.360221
v -0.108636 -0.148008 -0.352863
v -0.108636 -0.146536 -0.353398
v -0.108636 -0.147205 -0.352863
v -0.108502 -0.175836 -0.344969
v -0.108502 -0.179984 -0.346307
v -0.108502 -0.183997 -0.348314
v -0.108502 -0.187743 -0.350588
v -0.108636 -0.170886 -0.340554
v -0.108636 -0.162190 -0.342962
v -0.108636 -0.175033 -0.341892
v -0.108636 -0.173963 -0.340822
v -0.108636 -0.163126 -0.341758
v -0.108636 -0.166069 -0.341089
v -0.108636 -0.197109 -0.355539
v -0.108636 -0.190687 -0.349251
v -0.108636 -0.198045 -0.359686
v -0.108636 -0.198446 -0.358348
v -0.108636 -0.192158 -0.349384
v -0.108636 -0.194299 -0.351525
v -0.052846 -0.050476 -0.252521
v -0.045086 -0.050208 -0.252387
v -0.048164 -0.060777 -0.246099
v -0.039601 -0.060777 -0.246233
v -0.047227 -0.062249 -0.245564
v -0.038664 -0.062249 -0.245564
v -0.046157 -0.063453 -0.245430
v -0.037460 -0.063453 -0.245163
v -0.044551 -0.065059 -0.245296
v -0.035587 -0.064925 -0.245163
v -0.025419 -0.072685 -0.245029
v -0.025553 -0.084860 -0.245029
v -0.024215 -0.073354 -0.245029
v -0.022744 -0.073621 -0.245029
v 0.000001 -0.073621 -0.245029
v 0.000001 -0.091281 -0.245029
v -0.025553 -0.091281 -0.245029
v 0.025420 -0.084860 -0.245029
v 0.025420 -0.091281 -0.245029
v 0.022611 -0.073621 -0.245029
v 0.024083 -0.073354 -0.245029
v 0.025287 -0.072685 -0.245029
v 0.044419 -0.065059 -0.245296
v 0.035455 -0.064925 -0.245163
v 0.037461 -0.063453 -0.245163
v 0.046024 -0.063453 -0.245430
v 0.038532 -0.062249 -0.245564
v 0.047094 -0.062249 -0.245564
v 0.039468 -0.060777 -0.246233
v 0.048031 -0.060777 -0.246099
v 0.044954 -0.050208 -0.252387
v 0.052847 -0.050476 -0.252521
v 0.000001 -0.081916 -0.239008
v 0.000001 -0.081916 -0.220278
v -0.032778 -0.081916 -0.239142
v -0.050572 -0.081916 -0.220278
v -0.032778 -0.081916 -0.304297
v -0.056994 -0.086465 -0.217067
v -0.056994 -0.086465 -0.323563
v -0.050304 -0.081916 -0.323563
v 0.000001 -0.081916 -0.323563
v 0.000001 -0.081916 -0.304164
v -0.015787 -0.133024 -0.456549
v -0.015653 -0.126468 -0.446515
v -0.016723 -0.133291 -0.457085
v -0.016723 -0.126067 -0.445980
v -0.027694 -0.130214 -0.452402
v -0.027828 -0.129411 -0.450930
v -0.014315 -0.124194 -0.438755
v -0.014315 -0.128073 -0.436213
v -0.035721 -0.134094 -0.445311
v -0.035721 -0.130214 -0.447853
v -0.036390 -0.134361 -0.445712
v -0.036390 -0.130482 -0.448254
v -0.036524 -0.130615 -0.448522
v -0.036658 -0.134495 -0.445980
v -0.036658 -0.134897 -0.446381
v -0.036658 -0.130883 -0.449057
v -0.036658 -0.132355 -0.451198
v -0.036658 -0.136368 -0.448656
v -0.036524 -0.132756 -0.451867
v -0.036658 -0.136770 -0.449191
v -0.036390 -0.136903 -0.449592
v -0.036390 -0.133024 -0.452134
v -0.035587 -0.133157 -0.452536
v -0.035587 -0.137171 -0.449994
v -0.014449 -0.139178 -0.461500
v -0.014449 -0.143058 -0.458958
v -0.013780 -0.139312 -0.461767
v -0.013780 -0.143325 -0.459225
v -0.013245 -0.143192 -0.459225
v -0.013245 -0.139312 -0.461767
v -0.012709 -0.139178 -0.461633
v -0.012709 -0.143058 -0.458958
v -0.011372 -0.142656 -0.458422
v -0.011372 -0.138777 -0.460964
v -0.010970 -0.142523 -0.458155
v -0.010970 -0.138643 -0.460697
v -0.010703 -0.138375 -0.460295
v -0.010703 -0.142255 -0.457753
v -0.010569 -0.141854 -0.457085
v -0.010569 -0.137974 -0.459760
v -0.010569 -0.125398 -0.440495
v -0.010569 -0.129277 -0.437953
v -0.010703 -0.124996 -0.440093
v -0.010703 -0.129010 -0.437418
v -0.010836 -0.128742 -0.437150
v -0.010836 -0.124862 -0.439692
v -0.011238 -0.128609 -0.436882
v -0.011238 -0.124729 -0.439424
v -0.012709 -0.128073 -0.436213
v -0.012709 -0.124194 -0.438755
v -0.013245 -0.128073 -0.435946
v -0.013245 -0.124060 -0.438622
v -0.013646 -0.127940 -0.435946
v -0.013646 -0.124060 -0.438622
v -0.014315 -0.124194 -0.438755
v -0.014315 -0.128073 -0.436213
v 0.118136 -0.301865 -0.437551
v 0.117200 -0.303471 -0.421497
v 0.117869 -0.295711 -0.426179
v 0.117467 -0.287818 -0.429524
v 0.118404 -0.296915 -0.450395
v 0.118671 -0.292099 -0.460028
v 0.116397 -0.271629 -0.430996
v 0.116932 -0.254772 -0.459760
v 0.114658 -0.245540 -0.430461
v 0.118939 -0.280860 -0.485849
v 0.119207 -0.247547 -0.459225
v 0.118939 -0.259053 -0.486251
v 0.110510 -0.228549 -0.430728
v 0.120812 -0.275643 -0.500834
v 0.121213 -0.261327 -0.501503
v 0.122685 -0.274572 -0.525050
v 0.122953 -0.264538 -0.525718
v 0.120946 -0.274706 -0.556891
v 0.124157 -0.266813 -0.557694
v 0.121749 -0.274706 -0.573615
v 0.124692 -0.268151 -0.573347
v 0.123889 -0.268686 -0.586057
v 0.120812 -0.275108 -0.587128
v 0.120946 -0.273101 -0.597965
v 0.122284 -0.265475 -0.597162
v 0.122685 -0.268017 -0.608668
v 0.123755 -0.262130 -0.604788
v 0.122284 -0.264672 -0.616427
v 0.120411 -0.255307 -0.620174
v 0.121347 -0.264806 -0.627666
v 0.120009 -0.251159 -0.609337
v 0.119742 -0.258250 -0.630208
v 0.124023 -0.258250 -0.603049
v 0.120544 -0.266144 -0.638904
v 0.120277 -0.246075 -0.590205
v 0.119742 -0.259454 -0.640376
v 0.125093 -0.254370 -0.588332
v 0.118671 -0.268151 -0.655494
v 0.126833 -0.251828 -0.576291
v 0.117334 -0.261461 -0.658839
v 0.121882 -0.242597 -0.577093
v 0.118404 -0.270960 -0.662585
v 0.127100 -0.250490 -0.563046
v 0.117200 -0.264404 -0.667669
v 0.121213 -0.240189 -0.562243
v 0.118136 -0.275643 -0.669274
v 0.121749 -0.241125 -0.551674
v 0.116665 -0.269488 -0.674492
v 0.126833 -0.251828 -0.552610
v 0.117869 -0.280192 -0.676097
v 0.125361 -0.245273 -0.539900
v 0.116397 -0.274974 -0.681181
v 0.126431 -0.252096 -0.540569
v 0.112785 -0.285944 -0.691884
v 0.124960 -0.246477 -0.530267
v 0.113721 -0.291831 -0.688138
v 0.125628 -0.251962 -0.529598
v 0.110109 -0.299992 -0.702588
v 0.109306 -0.304675 -0.698841
v 0.119073 -0.239386 -0.479695
v 0.120678 -0.249152 -0.475548
v 0.117066 -0.236978 -0.466450
v 0.115862 -0.233633 -0.466049
v 0.101145 -0.210889 -0.438622
v 0.105426 -0.209016 -0.481969
v 0.114524 -0.224669 -0.479561
v 0.114925 -0.216374 -0.501369
v 0.119340 -0.224803 -0.496686
v 0.101546 -0.202594 -0.490933
v 0.123488 -0.225070 -0.519965
v 0.117467 -0.217444 -0.520902
v 0.110510 -0.211290 -0.503777
v 0.123755 -0.226810 -0.546857
v 0.118136 -0.219050 -0.547258
v 0.117200 -0.221057 -0.571073
v 0.121882 -0.230556 -0.576291
v 0.115862 -0.220120 -0.572812
v 0.103687 -0.200721 -0.509128
v 0.097667 -0.195771 -0.499094
v 0.110912 -0.209952 -0.521169
v 0.090977 -0.188546 -0.506586
v 0.105293 -0.204066 -0.520902
v 0.096061 -0.187610 -0.523711
v 0.105961 -0.205537 -0.535351
v 0.111447 -0.210889 -0.533612
v 0.091111 -0.194031 -0.543512
v 0.107166 -0.206741 -0.538027
v 0.096998 -0.196573 -0.551138
v 0.110644 -0.211156 -0.550068
v 0.091378 -0.193095 -0.557828
v 0.106229 -0.207812 -0.551406
v 0.094991 -0.196172 -0.559299
v 0.109172 -0.211558 -0.562644
v 0.088703 -0.196038 -0.616427
v 0.090710 -0.198982 -0.620307
v 0.103821 -0.210220 -0.566524
v 0.110109 -0.213698 -0.565052
v 0.106497 -0.211959 -0.571608
v 0.112918 -0.219853 -0.579635
v 0.114792 -0.222261 -0.583248
v 0.120411 -0.232563 -0.589268
v 0.114524 -0.225070 -0.590071
v 0.113320 -0.226944 -0.603717
v 0.118404 -0.234569 -0.603717
v 0.116932 -0.236041 -0.618702
v 0.111447 -0.226810 -0.618434
v 0.110109 -0.227612 -0.633820
v 0.116263 -0.236443 -0.633954
v 0.109440 -0.228148 -0.646931
v 0.115193 -0.237245 -0.648002
v 0.112116 -0.234837 -0.663120
v 0.106764 -0.226810 -0.661514
v 0.105560 -0.230422 -0.681315
v 0.101948 -0.223197 -0.677569
v 0.100209 -0.224937 -0.700447
v 0.093653 -0.218916 -0.697771
v 0.092449 -0.220522 -0.712220
v 0.098469 -0.224803 -0.711685
v 0.097399 -0.224669 -0.730817
v 0.100075 -0.228549 -0.729747
v 0.101680 -0.237379 -0.771221
v 0.104088 -0.240456 -0.770151
v 0.107166 -0.250089 -0.813499
v 0.108503 -0.253032 -0.812428
v 0.108637 -0.255307 -0.823800
v 0.107166 -0.253032 -0.824336
v 0.108236 -0.257715 -0.834370
v 0.107166 -0.256243 -0.834905
v 0.083752 -0.182124 -0.517022
v 0.081344 -0.185469 -0.506586
v 0.087365 -0.180652 -0.536154
v 0.066226 -0.184399 -0.511135
v 0.094723 -0.184399 -0.536154
v 0.065825 -0.186004 -0.506453
v 0.092850 -0.184666 -0.557560
v 0.049369 -0.185469 -0.510333
v 0.086428 -0.180786 -0.557025
v 0.049502 -0.187208 -0.506319
v 0.089238 -0.184934 -0.580170
v 0.031709 -0.187743 -0.505784
v 0.082281 -0.181455 -0.579769
v 0.031040 -0.186272 -0.509664
v 0.079337 -0.179850 -0.608935
v 0.010302 -0.189081 -0.508995
v 0.009767 -0.190954 -0.506586
v 0.084957 -0.183462 -0.610942
v 0.075458 -0.176773 -0.633552
v 0.080675 -0.180920 -0.636496
v 0.070374 -0.172491 -0.652149
v 0.075725 -0.175836 -0.656564
v 0.060607 -0.168745 -0.667133
v 0.067698 -0.170618 -0.673154
v 0.064085 -0.171555 -0.687603
v 0.055924 -0.169548 -0.690814
v 0.048967 -0.166471 -0.682118
v 0.064219 -0.172759 -0.716769
v 0.053918 -0.168076 -0.688807
v 0.058199 -0.170752 -0.716368
v 0.034251 -0.167675 -0.698708
v 0.062346 -0.179716 -0.755167
v 0.065022 -0.181054 -0.754765
v 0.041877 -0.167943 -0.705531
v 0.033180 -0.168745 -0.706601
v 0.040271 -0.168745 -0.712086
v 0.034786 -0.182793 -0.796775
v 0.036926 -0.183730 -0.796775
v 0.117066 -0.236978 -0.466450
v 0.109172 -0.237111 -0.466851
v 0.109975 -0.239386 -0.467253
v 0.115862 -0.233633 -0.466049
v 0.108102 -0.228415 -0.480899
v 0.114524 -0.224669 -0.479561
v 0.113186 -0.228950 -0.497890
v 0.119340 -0.224803 -0.496686
v 0.117334 -0.229485 -0.520233
v 0.123488 -0.225070 -0.519965
v 0.123755 -0.226810 -0.546857
v 0.117467 -0.231091 -0.546322
v 0.115728 -0.234837 -0.574685
v 0.121882 -0.230556 -0.576291
v 0.114256 -0.236844 -0.587797
v 0.120411 -0.232563 -0.589268
v 0.118404 -0.234569 -0.603717
v 0.112116 -0.238583 -0.602647
v 0.116932 -0.236041 -0.618702
v 0.110510 -0.240055 -0.617899
v 0.109975 -0.240590 -0.633285
v 0.116263 -0.236443 -0.633954
v 0.115193 -0.237245 -0.648002
v 0.108905 -0.241527 -0.647333
v 0.105828 -0.238985 -0.662183
v 0.112116 -0.234837 -0.663120
v 0.105560 -0.230422 -0.681315
v 0.099540 -0.234837 -0.680379
v 0.094991 -0.230288 -0.699644
v 0.100209 -0.224937 -0.700447
v 0.098469 -0.224803 -0.711685
v 0.093519 -0.230422 -0.711150
v 0.100075 -0.228549 -0.729747
v 0.094322 -0.233499 -0.729345
v 0.104088 -0.240456 -0.770151
v 0.097800 -0.244604 -0.769616
v 0.101948 -0.256645 -0.811893
v 0.108503 -0.253032 -0.812428
v 0.102082 -0.258919 -0.822864
v 0.108637 -0.255307 -0.823800
v 0.108236 -0.257715 -0.834370
v 0.101814 -0.261595 -0.833166
v 0.117200 -0.303471 -0.421497
v 0.110644 -0.301732 -0.437819
v 0.109708 -0.303069 -0.421764
v 0.118136 -0.301865 -0.437551
v 0.110912 -0.297317 -0.450663
v 0.118404 -0.296915 -0.450395
v 0.111179 -0.292500 -0.460296
v 0.118671 -0.292099 -0.460028
v 0.118939 -0.280860 -0.485849
v 0.111313 -0.280860 -0.486518
v 0.113320 -0.275643 -0.501636
v 0.120812 -0.275643 -0.500834
v 0.122685 -0.274572 -0.525050
v 0.115193 -0.273903 -0.525317
v 0.120946 -0.274706 -0.556891
v 0.112918 -0.272699 -0.557025
v 0.113186 -0.272030 -0.573481
v 0.121749 -0.274706 -0.573615
v 0.120812 -0.275108 -0.587128
v 0.112250 -0.272566 -0.586459
v 0.112116 -0.271228 -0.597831
v 0.120946 -0.273101 -0.597965
v 0.113587 -0.267348 -0.608400
v 0.122685 -0.268017 -0.608668
v 0.113320 -0.265207 -0.615491
v 0.122284 -0.264672 -0.616427
v 0.121347 -0.264806 -0.627666
v 0.111982 -0.266679 -0.626729
v 0.120544 -0.266144 -0.638904
v 0.110510 -0.268151 -0.637834
v 0.111581 -0.270425 -0.653888
v 0.118671 -0.268151 -0.655494
v 0.118404 -0.270960 -0.662585
v 0.109708 -0.274171 -0.660712
v 0.118136 -0.275643 -0.669274
v 0.108637 -0.279523 -0.667000
v 0.117869 -0.280192 -0.676097
v 0.107567 -0.284874 -0.673154
v 0.113721 -0.291831 -0.688138
v 0.105025 -0.295845 -0.685998
v 0.109306 -0.304675 -0.698841
v 0.101680 -0.306682 -0.696433
v 0.117467 -0.217444 -0.520902
v 0.114925 -0.216374 -0.501369
v 0.108905 -0.220923 -0.502439
v 0.111313 -0.221860 -0.521169
v 0.118136 -0.219050 -0.547258
v 0.111848 -0.223331 -0.546857
v 0.110912 -0.225204 -0.569601
v 0.117200 -0.221057 -0.571073
v 0.105293 -0.204066 -0.520902
v 0.103687 -0.200721 -0.509128
v 0.097934 -0.205537 -0.510065
v 0.099941 -0.209417 -0.520902
v 0.091111 -0.194031 -0.543512
v 0.086830 -0.200319 -0.543780
v 0.086696 -0.198982 -0.557560
v 0.091378 -0.193095 -0.557828
v 0.088703 -0.196038 -0.616427
v 0.083351 -0.201390 -0.615758
v 0.090710 -0.198982 -0.620307
v 0.085492 -0.204333 -0.619638
v 0.103687 -0.200721 -0.509128
v 0.091914 -0.193898 -0.525317
v 0.097934 -0.205537 -0.510065
v 0.096061 -0.187610 -0.523711
v 0.091111 -0.191088 -0.536689
v 0.094723 -0.184399 -0.536154
v 0.092850 -0.184666 -0.557560
v 0.089238 -0.191222 -0.557159
v 0.089238 -0.184934 -0.580170
v 0.085626 -0.191489 -0.579769
v 0.081077 -0.189750 -0.610942
v 0.084957 -0.183462 -0.610942
v 0.080675 -0.180920 -0.636496
v 0.076260 -0.186941 -0.636629
v 0.071845 -0.182392 -0.656832
v 0.075725 -0.175836 -0.656564
v 0.065290 -0.177843 -0.672886
v 0.067698 -0.170618 -0.673154
v 0.064085 -0.171555 -0.687603
v 0.062212 -0.178913 -0.687068
v 0.061008 -0.181990 -0.715431
v 0.064219 -0.172759 -0.716769
v 0.065022 -0.181054 -0.754765
v 0.059938 -0.190419 -0.754899
v 0.110644 -0.211156 -0.550068
v 0.109172 -0.211558 -0.562644
v 0.105025 -0.217712 -0.561172
v 0.106095 -0.217177 -0.549265
v 0.111447 -0.210889 -0.533612
v 0.106095 -0.216240 -0.533478
v 0.105293 -0.214902 -0.521169
v 0.110912 -0.209952 -0.521169
v 0.110510 -0.211290 -0.503777
v 0.104624 -0.215973 -0.504580
v 0.115862 -0.220120 -0.572812
v 0.117200 -0.221057 -0.571073
v 0.110912 -0.225204 -0.569601
v 0.110377 -0.224937 -0.570939
v 0.110109 -0.213698 -0.565052
v 0.106630 -0.219184 -0.563313
v 0.105025 -0.217712 -0.561172
v 0.109172 -0.211558 -0.562644
v 0.107166 -0.256243 -0.834905
v 0.100610 -0.256645 -0.823399
v 0.100877 -0.260123 -0.833701
v 0.107166 -0.253032 -0.824336
v 0.100610 -0.253835 -0.812964
v 0.107166 -0.250089 -0.813499
v 0.101680 -0.237379 -0.771221
v 0.095392 -0.241527 -0.770552
v 0.091646 -0.229619 -0.730282
v 0.097399 -0.224669 -0.730817
v 0.092449 -0.220522 -0.712220
v 0.087499 -0.226275 -0.711685
v 0.088435 -0.224402 -0.696968
v 0.093653 -0.218916 -0.697771
v 0.095927 -0.227612 -0.676632
v 0.101948 -0.223197 -0.677569
v 0.106764 -0.226810 -0.661514
v 0.100476 -0.230957 -0.660712
v 0.109440 -0.228148 -0.646931
v 0.103152 -0.232295 -0.646262
v 0.110109 -0.227612 -0.633820
v 0.103821 -0.231760 -0.633151
v 0.105025 -0.230823 -0.617632
v 0.111447 -0.226810 -0.618434
v 0.113320 -0.226944 -0.603717
v 0.107166 -0.231091 -0.602513
v 0.114524 -0.225070 -0.590071
v 0.108370 -0.229352 -0.588599
v 0.108771 -0.226542 -0.581642
v 0.114792 -0.222261 -0.583248
v 0.112918 -0.219853 -0.579635
v 0.107701 -0.225070 -0.577896
v 0.115594 -0.260792 -0.601844
v 0.123755 -0.262130 -0.604788
v 0.114658 -0.262398 -0.604119
v 0.124023 -0.258250 -0.603049
v 0.118538 -0.257715 -0.586860
v 0.125093 -0.254370 -0.588332
v 0.120143 -0.255307 -0.575220
v 0.126833 -0.251828 -0.576291
v 0.127100 -0.250490 -0.563046
v 0.120411 -0.254103 -0.563046
v 0.126833 -0.251828 -0.552610
v 0.119876 -0.254772 -0.552476
v 0.126431 -0.252096 -0.540569
v 0.119073 -0.253835 -0.540569
v 0.125628 -0.251962 -0.529598
v 0.118136 -0.253032 -0.530133
v 0.120678 -0.249152 -0.475548
v 0.113320 -0.250624 -0.476216
v 0.111714 -0.248751 -0.460028
v 0.119207 -0.247547 -0.459225
v 0.110109 -0.299992 -0.702588
v 0.102617 -0.288486 -0.689744
v 0.099138 -0.301999 -0.700313
v 0.112785 -0.285944 -0.691884
v 0.104356 -0.277382 -0.677837
v 0.116397 -0.274974 -0.681181
v 0.116665 -0.269488 -0.674492
v 0.104891 -0.271495 -0.671950
v 0.105828 -0.266010 -0.665796
v 0.117200 -0.264404 -0.667669
v 0.117334 -0.261461 -0.658839
v 0.105961 -0.262799 -0.657233
v 0.110109 -0.260525 -0.639305
v 0.119742 -0.259454 -0.640376
v 0.119742 -0.258250 -0.630208
v 0.111581 -0.259187 -0.629271
v 0.113052 -0.256243 -0.619103
v 0.120411 -0.255307 -0.620174
v 0.120009 -0.251159 -0.609337
v 0.113052 -0.253835 -0.608266
v 0.120277 -0.246075 -0.590205
v 0.113721 -0.249420 -0.588867
v 0.115193 -0.246209 -0.576157
v 0.121882 -0.242597 -0.577093
v 0.121213 -0.240189 -0.562243
v 0.114524 -0.243667 -0.562109
v 0.121749 -0.241125 -0.551674
v 0.114792 -0.244069 -0.551540
v 0.117869 -0.247012 -0.539900
v 0.125361 -0.245273 -0.539900
v 0.124960 -0.246477 -0.530267
v 0.112918 -0.249955 -0.530936
v 0.119073 -0.239386 -0.479695
v 0.105426 -0.242195 -0.480096
v 0.109975 -0.239386 -0.467253
v 0.117066 -0.236978 -0.466450
v 0.087365 -0.180652 -0.536154
v 0.083752 -0.182124 -0.517022
v 0.081344 -0.189215 -0.518895
v 0.083752 -0.187342 -0.536555
v 0.086428 -0.180786 -0.557025
v 0.082816 -0.187342 -0.556624
v 0.082281 -0.181455 -0.579769
v 0.078668 -0.188011 -0.579368
v 0.075324 -0.186272 -0.608801
v 0.079337 -0.179850 -0.608935
v 0.071043 -0.182793 -0.633686
v 0.075458 -0.176773 -0.633552
v 0.066494 -0.179047 -0.652417
v 0.070374 -0.172491 -0.652149
v 0.060607 -0.168745 -0.667133
v 0.058199 -0.175970 -0.666732
v 0.047496 -0.173963 -0.681583
v 0.048967 -0.166471 -0.682118
v 0.034251 -0.167675 -0.698708
v 0.034251 -0.175301 -0.698039
v 0.033180 -0.168745 -0.706601
v 0.033448 -0.176237 -0.705531
v 0.034786 -0.182793 -0.796775
v 0.034919 -0.191222 -0.798247
v 0.053918 -0.168076 -0.688807
v 0.042010 -0.175435 -0.704862
v 0.052446 -0.175435 -0.688138
v 0.041877 -0.167943 -0.705531
v 0.040539 -0.176237 -0.711016
v 0.040271 -0.168745 -0.712086
v 0.036926 -0.183730 -0.796775
v 0.036926 -0.192025 -0.798247
v 0.095526 -0.206875 -0.489328
v 0.105426 -0.209016 -0.481969
v 0.099138 -0.213163 -0.483173
v 0.101546 -0.202594 -0.490933
v 0.092315 -0.200721 -0.497756
v 0.097667 -0.195771 -0.499094
v 0.087499 -0.195904 -0.504178
v 0.090977 -0.188546 -0.506586
v 0.081344 -0.185469 -0.506586
v 0.079873 -0.196172 -0.507255
v 0.067163 -0.193362 -0.507389
v 0.065825 -0.186004 -0.506453
v 0.050974 -0.194031 -0.507389
v 0.049502 -0.187208 -0.506319
v 0.032377 -0.194700 -0.508727
v 0.031709 -0.187743 -0.505784
v 0.009767 -0.190954 -0.506586
v 0.010837 -0.197510 -0.510065
v -0.099940 -0.099041 -0.330386
v -0.097398 -0.101851 -0.332527
v -0.097398 -0.178646 -0.283961
v -0.099940 -0.178646 -0.280081
v -0.105291 -0.099309 -0.330654
v -0.105291 -0.178779 -0.280349
v -0.104623 -0.255441 -0.227369
v -0.096194 -0.255441 -0.227101
v -0.104221 -0.251293 -0.263358
v -0.104355 -0.268284 -0.275667
v -0.104355 -0.268284 -0.317275
v -0.104489 -0.237513 -0.336808
v -0.104489 -0.202594 -0.294664
v -0.104489 -0.202594 -0.313663
v -0.109974 -0.160317 -0.459091
v -0.109974 -0.158310 -0.459359
v -0.109974 -0.156570 -0.458690
v -0.109974 -0.155099 -0.457218
v -0.109974 -0.162056 -0.458556
v -0.109974 -0.154028 -0.455613
v -0.109974 -0.171555 -0.413202
v -0.109974 -0.172090 -0.451867
v -0.109974 -0.139445 -0.433270
v -0.109974 -0.105329 -0.380825
v -0.109974 -0.172090 -0.332259
v -0.109974 -0.216374 -0.384169
v -0.109974 -0.216374 -0.360756
v -0.109974 -0.105329 -0.335336
v -0.109974 -0.172090 -0.293059
v -0.060873 -0.291965 -0.428052
v -0.060873 -0.227612 -0.428052
v -0.104623 -0.291697 -0.427919
v -0.104623 -0.227612 -0.427918
v -0.060873 -0.178646 -0.455078
v -0.105291 -0.178512 -0.454810
v -0.060873 -0.165936 -0.463105
v -0.062345 -0.166605 -0.462704
v -0.076393 -0.166605 -0.462704
v -0.078667 -0.166605 -0.462704
v -0.086829 -0.160985 -0.466316
v -0.088300 -0.160317 -0.466851
v -0.089772 -0.160049 -0.466985
v -0.105291 -0.160049 -0.466717
v 0.097265 -0.101851 -0.332527
v 0.099807 -0.099041 -0.330386
v 0.097265 -0.178646 -0.283961
v 0.099807 -0.178646 -0.280081
v 0.105293 -0.099309 -0.330654
v 0.105159 -0.178779 -0.280349
v 0.104490 -0.255441 -0.227369
v 0.096061 -0.255441 -0.227101
v 0.118538 -0.255307 -0.370523
v 0.118538 -0.253835 -0.371058
v 0.116397 -0.253835 -0.371058
v 0.116397 -0.255307 -0.370657
v 0.118538 -0.256778 -0.370657
v 0.116397 -0.256778 -0.370657
v 0.118538 -0.258250 -0.371058
v 0.116397 -0.258250 -0.371192
v 0.118538 -0.259454 -0.371995
v 0.116397 -0.259454 -0.372129
v 0.115996 -0.262531 -0.370657
v 0.117735 -0.263200 -0.370256
v 0.115059 -0.265341 -0.369319
v 0.115862 -0.266545 -0.368650
v 0.113320 -0.268552 -0.367714
v 0.112250 -0.268552 -0.367714
v 0.116397 -0.259320 -0.378818
v 0.116397 -0.257983 -0.379755
v 0.118538 -0.258116 -0.379755
v 0.118538 -0.259320 -0.378952
v 0.116397 -0.260123 -0.377614
v 0.118538 -0.260257 -0.377748
v 0.116397 -0.260658 -0.376276
v 0.118538 -0.260792 -0.376276
v 0.118538 -0.260792 -0.374671
v 0.116397 -0.260658 -0.374671
v 0.115996 -0.263736 -0.373199
v 0.116397 -0.260658 -0.374671
v 0.118538 -0.260792 -0.374671
v 0.117735 -0.264538 -0.372931
v 0.115059 -0.266545 -0.371861
v 0.115862 -0.267749 -0.371326
v 0.113320 -0.269756 -0.370389
v 0.112250 -0.269756 -0.370389
v 0.113721 -0.209283 -0.376142
v 0.113721 -0.146135 -0.418152
v 0.110243 -0.145867 -0.415476
v 0.110243 -0.206875 -0.374804
v 0.113721 -0.209283 -0.370389
v 0.110243 -0.206875 -0.371593
v 0.110243 -0.145867 -0.331055
v 0.113721 -0.146135 -0.328246
v 0.110243 -0.143459 -0.332259
v 0.113721 -0.141185 -0.330788
v 0.110243 -0.143459 -0.414272
v 0.113721 -0.141185 -0.415610
v 0.113721 -0.146135 -0.418152
v 0.110243 -0.145867 -0.415476
v 0.074922 -0.160317 -0.336808
v 0.074922 -0.111082 -0.195125
v 0.074922 -0.111082 -0.336674
v 0.074922 -0.138375 -0.174254
v 0.074922 -0.160317 -0.185626
v 0.074922 -0.160317 -0.174254
v 0.053382 -0.078571 -0.220412
v 0.053382 -0.078571 -0.337076
v 0.062346 -0.078571 -0.336541
v 0.062346 -0.078571 -0.220412
v 0.059938 -0.097703 -0.205561
v 0.074922 -0.111082 -0.195125
v 0.053249 -0.108139 -0.197400
v 0.074922 -0.138375 -0.174254
v 0.000001 -0.138375 -0.174254
v 0.000001 -0.108139 -0.197400
v -0.075055 -0.111082 -0.195125
v -0.075055 -0.160317 -0.336808
v -0.075055 -0.111082 -0.336674
v -0.075055 -0.138375 -0.174254
v -0.075055 -0.160317 -0.185626
v -0.075055 -0.160317 -0.174254
v -0.053248 -0.108139 -0.197400
v -0.060071 -0.097703 -0.205561
v -0.053248 -0.108139 -0.204357
v -0.060071 -0.097703 -0.212117
v -0.053515 -0.078571 -0.220412
v -0.053515 -0.078571 -0.337076
v -0.060071 -0.097703 -0.336674
v -0.081611 -0.138241 -0.284764
v -0.082949 -0.134763 -0.283025
v 0.000001 -0.134763 -0.283025
v 0.000001 -0.138241 -0.284898
v -0.081611 -0.138241 -0.319014
v 0.000001 -0.138241 -0.319014
v 0.082950 -0.134763 -0.283025
v 0.081478 -0.138241 -0.284764
v 0.000001 -0.134763 -0.283025
v 0.000001 -0.138241 -0.284898
v 0.081478 -0.138241 -0.319014
v 0.000001 -0.138241 -0.319014
v 0.096195 -0.144529 -0.433404
v 0.087499 -0.148944 -0.440495
v 0.087499 -0.198313 -0.407984
v 0.096195 -0.195771 -0.399555
v 0.096998 -0.143593 -0.431665
v 0.096998 -0.195236 -0.397682
v 0.096998 -0.078705 -0.334801
v 0.096998 -0.163661 -0.279948
v 0.096329 -0.077902 -0.333731
v 0.096195 -0.163394 -0.278744
v 0.088168 -0.161119 -0.273927
v 0.088034 -0.073621 -0.329048
v 0.086696 -0.073354 -0.328647
v 0.088034 -0.073621 -0.329048
v 0.088168 -0.161119 -0.273927
v 0.086696 -0.161119 -0.273526
v -0.086829 -0.073354 -0.328647
v -0.086829 -0.161119 -0.273526
v -0.088166 -0.161119 -0.273927
v -0.088166 -0.073621 -0.329048
v 0.076929 -0.134763 -0.418821
v -0.077062 -0.134763 -0.418821
v -0.079336 -0.129010 -0.424841
v 0.079204 -0.129010 -0.424841
v 0.079605 -0.134228 -0.418018
v 0.081612 -0.128475 -0.424039
v 0.083084 -0.127137 -0.422166
v 0.080943 -0.133024 -0.416279
v 0.083084 -0.078304 -0.350856
v 0.080943 -0.086064 -0.347110
v 0.080006 -0.084993 -0.345638
v 0.082147 -0.077234 -0.349384
v 0.080274 -0.076832 -0.348582
v 0.077732 -0.084458 -0.344835
v -0.080407 -0.076832 -0.348582
v -0.077865 -0.084458 -0.344835
v -0.080005 -0.084993 -0.345638
v -0.082280 -0.077234 -0.349384
v -0.083216 -0.078304 -0.350856
v -0.081076 -0.086064 -0.347110
v -0.081076 -0.133024 -0.416279
v -0.083216 -0.127137 -0.422166
v -0.079738 -0.134228 -0.418018
v -0.081745 -0.128475 -0.424039
v -0.079336 -0.129010 -0.424841
v -0.077062 -0.134763 -0.418821
v 0.070909 -0.132756 -0.409589
v -0.071041 -0.132756 -0.409589
v -0.071041 -0.130615 -0.411195
v 0.070909 -0.130615 -0.411195
v 0.073183 -0.132355 -0.409054
v 0.073183 -0.130214 -0.410526
v 0.074387 -0.131284 -0.407315
v 0.074387 -0.129010 -0.408787
v 0.074387 -0.093556 -0.352060
v 0.074387 -0.091415 -0.353532
v 0.073585 -0.092753 -0.350722
v 0.073585 -0.090479 -0.352194
v 0.071979 -0.092218 -0.350053
v 0.071979 -0.090077 -0.351525
v -0.072112 -0.090077 -0.351525
v -0.072112 -0.092218 -0.350053
v -0.073717 -0.090479 -0.352194
v -0.073717 -0.092753 -0.350722
v -0.074520 -0.091415 -0.353532
v -0.074520 -0.093556 -0.352060
v -0.074520 -0.129010 -0.408787
v -0.074520 -0.131284 -0.407315
v -0.073316 -0.130214 -0.410526
v -0.073316 -0.132355 -0.409054
v -0.071041 -0.132756 -0.409589
v -0.071041 -0.130615 -0.411195
v 0.106630 -0.134228 -0.438220
v 0.086830 -0.133826 -0.438220
v 0.106497 -0.137706 -0.442635
v 0.086428 -0.138108 -0.442635
v 0.079070 -0.139044 -0.438086
v 0.078802 -0.143325 -0.442635
v 0.070374 -0.144529 -0.444375
v 0.065557 -0.140248 -0.438622
v 0.064487 -0.159781 -0.463105
v 0.068902 -0.160584 -0.463640
v 0.112918 -0.247547 -0.357278
v 0.112785 -0.239520 -0.361292
v 0.100476 -0.247547 -0.357546
v 0.100342 -0.239921 -0.361559
v 0.112651 -0.238316 -0.377079
v 0.100209 -0.238316 -0.376945
v 0.112383 -0.240456 -0.383634
v 0.099941 -0.240322 -0.383501
v 0.100209 -0.248617 -0.392598
v 0.112517 -0.248617 -0.392598
v 0.112651 -0.260391 -0.346174
v 0.113454 -0.269890 -0.346307
v 0.101680 -0.269221 -0.344969
v 0.100209 -0.260391 -0.346174
v 0.112517 -0.243935 -0.346441
v 0.100075 -0.244069 -0.346441
v 0.100209 -0.236309 -0.343498
v 0.112651 -0.236041 -0.343765
v 0.087900 -0.167407 -0.255464
v 0.087499 -0.168210 -0.191112
v 0.075190 -0.168344 -0.191513
v 0.077866 -0.168344 -0.259478
v 0.090041 -0.167407 -0.261886
v 0.078133 -0.168344 -0.266167
v 0.093519 -0.173160 -0.273258
v 0.102884 -0.171555 -0.272188
v 0.099941 -0.182392 -0.281152
v 0.111179 -0.180786 -0.278744
v 0.112250 -0.182124 -0.281553
v 0.099807 -0.182927 -0.283292
v 0.111714 -0.117905 -0.328513
v 0.106764 -0.113490 -0.320753
v 0.099272 -0.116166 -0.330654
v 0.097934 -0.114828 -0.328246
v 0.097399 -0.113223 -0.315803
v 0.073451 -0.113357 -0.317007
v 0.096596 -0.113357 -0.308846
v 0.086963 -0.113223 -0.301889
v 0.078401 -0.113223 -0.298143
v 0.072380 -0.113357 -0.296671
v 0.077063 -0.113223 -0.293193
v 0.071578 -0.113089 -0.284898
v 0.076929 -0.113089 -0.284898
v 0.071578 -0.113624 -0.251986
v 0.076127 -0.113624 -0.251986
v 0.075725 -0.118307 -0.249176
v 0.071578 -0.118307 -0.249176
v 0.107166 -0.119645 -0.317007
v 0.112785 -0.123391 -0.324633
v 0.100342 -0.125933 -0.325436
v 0.098469 -0.125264 -0.324500
v 0.097800 -0.118842 -0.312325
v 0.086294 -0.120314 -0.319282
v 0.095793 -0.118708 -0.305234
v 0.073451 -0.118708 -0.313261
v 0.086294 -0.118441 -0.297742
v 0.079070 -0.117638 -0.296671
v 0.081879 -0.117905 -0.297742
v 0.072380 -0.118173 -0.294129
v 0.077598 -0.117638 -0.291587
v 0.071578 -0.117772 -0.283159
v 0.077197 -0.117772 -0.283159
v 0.075725 -0.118307 -0.249176
v 0.071578 -0.118307 -0.249176
v 0.077197 -0.117772 -0.283159
v 0.075725 -0.118307 -0.249176
v 0.076127 -0.113624 -0.251986
v 0.076929 -0.113089 -0.284898
v 0.077598 -0.117638 -0.291587
v 0.077063 -0.113223 -0.293193
v 0.079070 -0.117638 -0.296671
v 0.078401 -0.113223 -0.298143
v 0.035588 -0.134094 -0.445311
v 0.014182 -0.128073 -0.436213
v 0.014182 -0.124194 -0.438755
v 0.035588 -0.130214 -0.447853
v 0.036257 -0.134361 -0.445712
v 0.036257 -0.130482 -0.448254
v 0.036525 -0.130615 -0.448522
v 0.036525 -0.134495 -0.445980
v 0.036525 -0.134897 -0.446381
v 0.036525 -0.130883 -0.449057
v 0.036525 -0.132355 -0.451198
v 0.036525 -0.136368 -0.448656
v 0.036525 -0.132756 -0.451867
v 0.036525 -0.136770 -0.449191
v 0.036257 -0.136903 -0.449592
v 0.036257 -0.133024 -0.452134
v 0.035588 -0.133157 -0.452536
v 0.035455 -0.137171 -0.449994
v 0.014316 -0.139178 -0.461500
v 0.014316 -0.143058 -0.458958
v 0.013647 -0.139312 -0.461767
v 0.013647 -0.143325 -0.459225
v 0.013112 -0.143192 -0.459225
v 0.013112 -0.139312 -0.461767
v 0.012577 -0.139178 -0.461633
v 0.012577 -0.143058 -0.458958
v 0.011239 -0.142656 -0.458422
v 0.011239 -0.138777 -0.460964
v 0.010837 -0.142523 -0.458155
v 0.010837 -0.138643 -0.460697
v 0.010570 -0.138375 -0.460295
v 0.010570 -0.142255 -0.457753
v 0.010436 -0.141854 -0.457085
v 0.010436 -0.137974 -0.459760
v 0.010436 -0.125398 -0.440495
v 0.010436 -0.129277 -0.437953
v 0.010570 -0.124996 -0.440093
v 0.010570 -0.129010 -0.437418
v 0.010704 -0.128742 -0.437150
v 0.010837 -0.124862 -0.439692
v 0.011105 -0.128609 -0.436882
v 0.011105 -0.124729 -0.439424
v 0.012577 -0.128073 -0.436213
v 0.012710 -0.124194 -0.438755
v 0.013112 -0.128073 -0.435946
v 0.013112 -0.124060 -0.438622
v 0.013513 -0.127940 -0.435946
v 0.013513 -0.124060 -0.438622
v 0.014182 -0.124194 -0.438755
v 0.014182 -0.128073 -0.436213
v 0.063952 -0.161387 -0.464711
v 0.065156 -0.159781 -0.463105
v 0.065557 -0.168745 -0.455345
v 0.064085 -0.170083 -0.456683
v 0.060607 -0.162056 -0.465246
v 0.060741 -0.171421 -0.458021
v 0.029702 -0.172358 -0.460964
v 0.030237 -0.161788 -0.466316
v 0.018999 -0.162190 -0.467520
v 0.018865 -0.173562 -0.462302
v 0.012042 -0.162457 -0.469661
v 0.010436 -0.174364 -0.465112
v 0.004817 -0.163260 -0.472470
v 0.002543 -0.175301 -0.468323
v 0.000001 -0.164464 -0.474343
v -0.002541 -0.175970 -0.471534
v -0.004548 -0.175836 -0.474343
v -0.002274 -0.164330 -0.477688
v -0.005619 -0.176104 -0.478223
v -0.003746 -0.164330 -0.482103
v -0.007893 -0.176505 -0.482772
v -0.006288 -0.165133 -0.488793
v -0.008428 -0.167541 -0.492405
v -0.009900 -0.179716 -0.485314
v -0.012442 -0.172491 -0.495482
v -0.012442 -0.182793 -0.488391
v -0.016456 -0.177575 -0.498559
v -0.015118 -0.185870 -0.491468
v -0.024750 -0.181054 -0.502171
v -0.023546 -0.191222 -0.497355
v -0.030905 -0.191757 -0.498559
v -0.031039 -0.182793 -0.503911
v -0.037460 -0.182793 -0.504312
v -0.038397 -0.192292 -0.499897
v -0.044551 -0.190419 -0.499496
v -0.043213 -0.181990 -0.504312
v -0.049100 -0.189081 -0.498827
v -0.047361 -0.180251 -0.504178
v -0.050037 -0.186272 -0.497890
v -0.050037 -0.177308 -0.503643
v -0.049769 -0.182659 -0.491201
v -0.050170 -0.172759 -0.496686
v -0.050037 -0.180652 -0.487856
v -0.050706 -0.170217 -0.493208
v -0.050304 -0.178646 -0.484645
v -0.051107 -0.167541 -0.489595
v -0.051508 -0.166872 -0.485314
v -0.050170 -0.178244 -0.481969
v -0.051642 -0.166069 -0.481033
v -0.050973 -0.177843 -0.479293
v -0.052846 -0.165534 -0.475547
v -0.051910 -0.177308 -0.472470
v -0.043347 -0.164865 -0.467921
v -0.044150 -0.175970 -0.462436
v -0.027828 -0.173294 -0.463239
v -0.026623 -0.166337 -0.466182
v -0.019800 -0.172625 -0.462837
v -0.018329 -0.167006 -0.465246
v -0.010034 -0.167809 -0.463774
v -0.011773 -0.176906 -0.456282
v 0.069972 -0.165534 -0.469661
v 0.030504 -0.174900 -0.465781
v 0.069972 -0.174766 -0.462035
v 0.031173 -0.164330 -0.471132
v 0.020872 -0.175301 -0.469259
v 0.021005 -0.163795 -0.472604
v 0.014316 -0.175301 -0.471935
v 0.014450 -0.163929 -0.474878
v -0.071844 -0.161788 -0.465246
v -0.069704 -0.159781 -0.462704
v -0.070506 -0.166872 -0.457352
v -0.071443 -0.171555 -0.458556
v -0.089772 -0.162457 -0.465379
v -0.090441 -0.173829 -0.461098
v -0.080273 -0.165133 -0.470463
v -0.082815 -0.176906 -0.468992
v -0.080942 -0.176104 -0.465513
v -0.081745 -0.165401 -0.471935
v -0.082547 -0.177709 -0.476083
v -0.082146 -0.165936 -0.477822
v -0.084554 -0.177977 -0.483173
v -0.085089 -0.166471 -0.487187
v -0.086160 -0.171421 -0.494813
v -0.084554 -0.180385 -0.487053
v -0.083751 -0.184934 -0.492003
v -0.084956 -0.177174 -0.500967
v -0.077998 -0.185870 -0.507122
v -0.078266 -0.193229 -0.497623
v -0.076393 -0.196841 -0.500967
v -0.075724 -0.189884 -0.510600
v -0.060205 -0.177308 -0.472470
v -0.063148 -0.165802 -0.470463
v -0.064084 -0.176104 -0.464844
v -0.060606 -0.166069 -0.474210
v -0.057127 -0.178244 -0.478625
v -0.058331 -0.166872 -0.481969
v -0.055121 -0.179181 -0.484645
v -0.056726 -0.168210 -0.489729
v -0.056994 -0.172893 -0.495348
v -0.055789 -0.184532 -0.490264
v -0.057127 -0.177709 -0.501101
v -0.055789 -0.189750 -0.496017
v -0.056860 -0.187208 -0.512339
v -0.055923 -0.200319 -0.507255
v -0.056860 -0.196573 -0.511002
v -0.056191 -0.186807 -0.515550
v -0.056726 -0.192158 -0.525986
v -0.056860 -0.181455 -0.527993
v -0.057127 -0.188278 -0.538562
v -0.057529 -0.177040 -0.537759
v -0.057529 -0.184265 -0.551004
v -0.058198 -0.172759 -0.547526
v -0.054050 -0.170485 -0.559701
v -0.051776 -0.181857 -0.562109
v -0.050304 -0.167809 -0.572009
v -0.048297 -0.179582 -0.574016
v -0.043748 -0.175702 -0.588332
v -0.045622 -0.164732 -0.586994
v -0.040136 -0.173695 -0.603450
v -0.040671 -0.161922 -0.601978
v -0.036925 -0.170217 -0.616962
v -0.037862 -0.161253 -0.617096
v -0.035721 -0.160049 -0.632214
v -0.034785 -0.171956 -0.631679
v -0.032109 -0.169682 -0.649072
v -0.033447 -0.162457 -0.650142
v -0.031440 -0.164598 -0.667936
v -0.030236 -0.176104 -0.665795
v -0.027426 -0.169682 -0.697905
v -0.026356 -0.182927 -0.695229
v -0.044150 -0.198313 -0.509262
v -0.048030 -0.187208 -0.512875
v -0.048699 -0.200319 -0.510199
v -0.043347 -0.186673 -0.511269
v -0.037728 -0.195637 -0.507791
v -0.036791 -0.186004 -0.509664
v -0.031440 -0.195771 -0.507657
v -0.031707 -0.185870 -0.509128
v -0.026490 -0.185736 -0.508727
v -0.025152 -0.195771 -0.507389
v -0.025152 -0.175970 -0.666598
v -0.024884 -0.169013 -0.697102
v -0.023814 -0.182258 -0.694293
v -0.026356 -0.164330 -0.668739
v -0.025419 -0.168611 -0.650945
v -0.027025 -0.161788 -0.652149
v -0.027828 -0.159380 -0.635425
v -0.026891 -0.171287 -0.634890
v -0.028229 -0.168611 -0.619906
v -0.029299 -0.160049 -0.620040
v -0.031574 -0.161521 -0.604788
v -0.031039 -0.173294 -0.606259
v -0.030637 -0.173428 -0.588332
v -0.035587 -0.164063 -0.588198
v -0.040270 -0.167407 -0.571742
v -0.035989 -0.177308 -0.572544
v -0.040002 -0.180385 -0.559968
v -0.043882 -0.169816 -0.558363
v -0.046959 -0.183863 -0.548462
v -0.047628 -0.172491 -0.544984
v -0.047896 -0.176773 -0.536154
v -0.046959 -0.187877 -0.537492
v -0.048297 -0.181188 -0.527190
v -0.046826 -0.191891 -0.526521
v -0.048699 -0.186673 -0.515818
v -0.047896 -0.196038 -0.512741
v -0.048030 -0.187208 -0.512875
v -0.048699 -0.200319 -0.510199
v -0.112248 -0.236041 -0.343765
v -0.100475 -0.197644 -0.318078
v -0.100341 -0.236309 -0.343498
v -0.112248 -0.197109 -0.318613
v -0.100475 -0.195236 -0.314599
v -0.112382 -0.194567 -0.315268
v -0.112382 -0.192827 -0.310853
v -0.100475 -0.193496 -0.310585
v -0.111847 -0.192426 -0.283828
v -0.100074 -0.192827 -0.283828
v -0.099672 -0.192694 -0.278877
v -0.111446 -0.192025 -0.277138
v -0.110375 -0.190954 -0.273392
v -0.099137 -0.191356 -0.273392
v -0.111847 -0.275375 -0.247972
v -0.101813 -0.271495 -0.337076
v -0.100207 -0.273101 -0.248106
v -0.113319 -0.274305 -0.338146
v -0.102081 -0.269488 -0.339885
v -0.113185 -0.272566 -0.342829
v -0.101813 -0.267749 -0.343096
v -0.113051 -0.269890 -0.346307
v -0.100074 -0.277248 -0.252655
v -0.111847 -0.275375 -0.247972
v -0.100207 -0.273101 -0.248106
v -0.111713 -0.279523 -0.252521
v -0.100207 -0.276847 -0.339083
v -0.111713 -0.279656 -0.340153
v -0.099137 -0.275910 -0.344836
v -0.111178 -0.278987 -0.347779
v -0.111312 -0.274572 -0.354468
v -0.097398 -0.272298 -0.351258
v -0.112382 -0.239520 -0.361292
v -0.112516 -0.245540 -0.357278
v -0.100609 -0.245674 -0.357412
v -0.100475 -0.239921 -0.361559
v -0.112248 -0.238316 -0.377079
v -0.100341 -0.238316 -0.376945
v -0.111981 -0.240456 -0.383634
v -0.100074 -0.240322 -0.383501
v -0.100341 -0.248617 -0.392598
v -0.112115 -0.248617 -0.392598
v -0.111847 -0.229753 -0.395943
v -0.100207 -0.242062 -0.404773
v -0.100074 -0.229619 -0.395675
v -0.112115 -0.242062 -0.404773
v -0.100207 -0.244336 -0.420560
v -0.111981 -0.244470 -0.420828
v -0.100207 -0.225873 -0.422567
v -0.111446 -0.207143 -0.435411
v -0.099539 -0.207544 -0.435411
v -0.112115 -0.226007 -0.422032
v -0.100475 -0.224268 -0.418018
v -0.112382 -0.225338 -0.417082
v -0.112248 -0.213029 -0.407181
v -0.100341 -0.212494 -0.407181
v -0.100475 -0.196038 -0.418553
v -0.112248 -0.213029 -0.407181
v -0.100341 -0.212494 -0.407181
v -0.113185 -0.196172 -0.418821
v -0.098468 -0.193496 -0.439424
v -0.110911 -0.195236 -0.442635
v -0.104756 -0.194834 -0.454676
v -0.093117 -0.193229 -0.451332
v -0.090307 -0.193362 -0.479695
v -0.102081 -0.193764 -0.480899
v -0.101947 -0.190285 -0.483307
v -0.090173 -0.189884 -0.482103
v -0.111847 -0.159514 -0.396478
v -0.112382 -0.148409 -0.390725
v -0.100475 -0.148276 -0.390056
v -0.099940 -0.159648 -0.395809
v -0.111713 -0.190820 -0.388986
v -0.099806 -0.190954 -0.388986
v -0.100743 -0.204735 -0.399957
v -0.112650 -0.204601 -0.399957
v -0.078801 -0.117905 -0.249176
v -0.068499 -0.114293 -0.252655
v -0.068098 -0.118976 -0.249979
v -0.079069 -0.113089 -0.251986
v -0.068366 -0.114561 -0.256401
v -0.080139 -0.113624 -0.255197
v -0.079872 -0.113624 -0.263759
v -0.068232 -0.115363 -0.266301
v -0.078534 -0.113490 -0.298143
v -0.067429 -0.118307 -0.305903
v -0.082146 -0.119110 -0.311121
v -0.086962 -0.113223 -0.301889
v -0.085624 -0.116969 -0.314867
v -0.098067 -0.113357 -0.308846
v -0.098334 -0.113223 -0.315803
v -0.086160 -0.117504 -0.322760
v -0.098067 -0.119110 -0.328246
v -0.106362 -0.113490 -0.320753
v -0.111312 -0.117905 -0.328513
v -0.099405 -0.120581 -0.330654
v -0.111847 -0.193764 -0.405576
v -0.100341 -0.167809 -0.430059
v -0.099940 -0.194031 -0.405576
v -0.112115 -0.167943 -0.430996
v -0.101144 -0.144128 -0.435812
v -0.111178 -0.140783 -0.436213
v -0.106228 -0.134228 -0.438220
v -0.098736 -0.141185 -0.436749
v -0.091511 -0.133559 -0.439157
v -0.090575 -0.138910 -0.436749
v -0.079203 -0.139044 -0.438086
v -0.081343 -0.142523 -0.435812
v -0.110777 -0.170752 -0.439558
v -0.112784 -0.187610 -0.425377
v -0.100207 -0.187208 -0.424574
v -0.099003 -0.170485 -0.438086
v -0.110911 -0.144396 -0.442100
v -0.091779 -0.145734 -0.442234
v -0.106094 -0.137706 -0.442635
v -0.092448 -0.137037 -0.442903
v -0.106228 -0.134228 -0.438220
v -0.091511 -0.133559 -0.439157
v -0.079203 -0.139044 -0.438086
v -0.078935 -0.143325 -0.442635
v -0.080005 -0.147740 -0.441966
v -0.070908 -0.140114 -0.439157
v -0.074252 -0.150282 -0.441164
v -0.071309 -0.143861 -0.442903
v -0.070239 -0.144931 -0.444241
v -0.071041 -0.153360 -0.441565
v -0.012174 -0.127940 -0.433671
v -0.006956 -0.125398 -0.434340
v -0.006956 -0.127271 -0.434474
v -0.012308 -0.124461 -0.433671
v -0.016322 -0.128207 -0.433939
v -0.016589 -0.124461 -0.434073
v -0.020335 -0.124996 -0.435277
v -0.020068 -0.128609 -0.435009
v -0.025687 -0.126334 -0.437819
v -0.025419 -0.129813 -0.437150
v -0.030102 -0.127538 -0.440093
v -0.029968 -0.130883 -0.439023
v -0.037862 -0.128876 -0.443572
v -0.037996 -0.132756 -0.442234
v -0.041206 -0.128609 -0.443438
v -0.041875 -0.132221 -0.441565
v -0.045889 -0.126736 -0.440227
v -0.046290 -0.130348 -0.438755
v -0.054318 -0.124729 -0.437016
v -0.054318 -0.129144 -0.435277
v -0.061007 -0.129277 -0.433003
v -0.063148 -0.124996 -0.434876
v -0.062211 -0.129946 -0.432735
v -0.066359 -0.126736 -0.433671
v -0.067028 -0.130080 -0.432735
v -0.062613 -0.132355 -0.432869
v -0.112382 -0.240991 -0.380156
v -0.115192 -0.244336 -0.378684
v -0.112382 -0.242329 -0.382832
v -0.115192 -0.245540 -0.381092
v -0.116128 -0.247012 -0.377346
v -0.116128 -0.248216 -0.379755
v -0.116530 -0.251293 -0.378283
v -0.116530 -0.250089 -0.375875
v -0.116530 -0.254905 -0.375072
v -0.116530 -0.250223 -0.374269
v -0.116530 -0.252631 -0.379219
v -0.116530 -0.250624 -0.372798
v -0.116530 -0.253969 -0.379755
v -0.116530 -0.251561 -0.371593
v -0.116530 -0.255574 -0.379755
v -0.116530 -0.252765 -0.370791
v -0.116530 -0.256912 -0.379353
v -0.116530 -0.254236 -0.370389
v -0.116530 -0.258116 -0.378550
v -0.116530 -0.255708 -0.370389
v -0.116530 -0.259053 -0.377346
v -0.116530 -0.257180 -0.370925
v -0.116530 -0.259588 -0.375875
v -0.116530 -0.258384 -0.371861
v -0.116530 -0.259588 -0.374269
v -0.116128 -0.262665 -0.372798
v -0.116128 -0.261461 -0.370389
v -0.115192 -0.264271 -0.369051
v -0.115192 -0.265475 -0.371460
v -0.112382 -0.267482 -0.367312
v -0.112382 -0.268686 -0.369988
v -0.116530 -0.252765 -0.370791
v -0.116530 -0.251561 -0.371593
v -0.118670 -0.252765 -0.370657
v -0.118670 -0.251561 -0.371593
v -0.116530 -0.250624 -0.372798
v -0.118670 -0.250624 -0.372798
v -0.116530 -0.250223 -0.374269
v -0.118670 -0.250089 -0.374269
v -0.118670 -0.250089 -0.375741
v -0.116530 -0.250089 -0.375875
v -0.116530 -0.250089 -0.375875
v -0.116128 -0.247012 -0.377346
v -0.118670 -0.250089 -0.375741
v -0.117868 -0.246343 -0.377614
v -0.115192 -0.244336 -0.378684
v -0.115995 -0.242998 -0.379219
v -0.113453 -0.240991 -0.380156
v -0.112382 -0.240991 -0.380156
v -0.118670 -0.257046 -0.379487
v -0.118670 -0.255574 -0.379888
v -0.116530 -0.256912 -0.379353
v -0.116530 -0.255574 -0.379755
v -0.118670 -0.253969 -0.379888
v -0.116530 -0.253969 -0.379755
v -0.118670 -0.252631 -0.379353
v -0.116530 -0.252631 -0.379219
v -0.118670 -0.251293 -0.378417
v -0.116530 -0.251293 -0.378283
v -0.116128 -0.248216 -0.379755
v -0.117868 -0.247547 -0.380290
v -0.115192 -0.245540 -0.381092
v -0.115995 -0.244336 -0.381761
v -0.113453 -0.242329 -0.382832
v -0.112382 -0.242329 -0.382832
v -0.113453 -0.261862 -0.361961
v -0.113453 -0.257447 -0.360489
v -0.106228 -0.261862 -0.361961
v -0.106228 -0.257447 -0.360489
v -0.113453 -0.252899 -0.360355
v -0.106228 -0.252899 -0.360355
v -0.113453 -0.248350 -0.361693
v -0.106228 -0.248350 -0.361693
v -0.113453 -0.244604 -0.364369
v -0.106228 -0.244604 -0.364369
v -0.113453 -0.241794 -0.368115
v -0.106228 -0.241794 -0.368115
v -0.113453 -0.240322 -0.372396
v -0.106228 -0.240322 -0.372396
v -0.113453 -0.240189 -0.377079
v -0.106228 -0.240189 -0.377079
v -0.112382 -0.240991 -0.380156
v -0.113453 -0.240991 -0.380156
v -0.106228 -0.240991 -0.380156
v -0.106228 -0.242329 -0.382832
v -0.112382 -0.242329 -0.382832
v -0.106228 -0.244202 -0.385374
v -0.113453 -0.242329 -0.382832
v -0.113453 -0.244202 -0.385374
v -0.113453 -0.247815 -0.388183
v -0.106228 -0.247815 -0.388183
v -0.113453 -0.252230 -0.389655
v -0.106228 -0.252230 -0.389655
v -0.113453 -0.256912 -0.389789
v -0.106228 -0.256912 -0.389789
v -0.113453 -0.261327 -0.388451
v -0.106228 -0.261327 -0.388451
v -0.113453 -0.265207 -0.385775
v -0.106228 -0.265207 -0.385775
v -0.113453 -0.268017 -0.382029
v -0.106228 -0.268017 -0.382029
v -0.113453 -0.269488 -0.377748
v -0.106228 -0.269488 -0.377748
v -0.113453 -0.269622 -0.373065
v -0.106228 -0.269622 -0.373065
v -0.112382 -0.268686 -0.369988
v -0.113453 -0.268686 -0.369988
v -0.106228 -0.268686 -0.369988
v -0.106228 -0.267482 -0.367312
v -0.112382 -0.267482 -0.367312
v -0.106228 -0.265609 -0.364770
v -0.113453 -0.267482 -0.367312
v -0.113453 -0.265609 -0.364770
v -0.113453 -0.261862 -0.361961
v -0.106228 -0.261862 -0.361961
v -0.118670 -0.254236 -0.370256
v -0.116530 -0.252765 -0.370791
v -0.118670 -0.252765 -0.370657
v -0.116530 -0.254236 -0.370389
v -0.118670 -0.255708 -0.370256
v -0.116530 -0.255708 -0.370389
v -0.118670 -0.257180 -0.370791
v -0.116530 -0.257180 -0.370925
v -0.118670 -0.258384 -0.371727
v -0.116530 -0.258384 -0.371861
v -0.116128 -0.261461 -0.370389
v -0.117868 -0.262130 -0.369854
v -0.115192 -0.264271 -0.369051
v -0.115995 -0.265475 -0.368383
v -0.113453 -0.267482 -0.367312
v -0.112382 -0.267482 -0.367312
v -0.116530 -0.258116 -0.378550
v -0.118670 -0.257046 -0.379487
v -0.116530 -0.256912 -0.379353
v -0.118670 -0.258250 -0.378550
v -0.116530 -0.259053 -0.377346
v -0.118670 -0.259187 -0.377346
v -0.116530 -0.259588 -0.375875
v -0.118670 -0.259722 -0.375875
v -0.118670 -0.259722 -0.374403
v -0.116530 -0.259588 -0.374269
v -0.116128 -0.262665 -0.372798
v -0.118670 -0.259722 -0.374403
v -0.116530 -0.259588 -0.374269
v -0.117868 -0.263468 -0.372530
v -0.115192 -0.265475 -0.371460
v -0.115995 -0.266679 -0.370925
v -0.113453 -0.268686 -0.369988
v -0.112382 -0.268686 -0.369988
v 0.000001 -0.081916 -0.239008
v 0.032645 -0.081916 -0.239142
v 0.000001 -0.081916 -0.220278
v 0.050439 -0.081916 -0.220278
v 0.032645 -0.081916 -0.304297
v 0.000001 -0.081916 -0.304164
v 0.000001 -0.081916 -0.323563
v 0.050171 -0.081916 -0.323563
v 0.056861 -0.086465 -0.323563
v 0.056861 -0.086465 -0.217067
v 0.101145 -0.210889 -0.438622
v 0.103419 -0.231359 -0.431531
v 0.094589 -0.214367 -0.439424
v 0.110510 -0.228549 -0.430728
v 0.114658 -0.245540 -0.430461
v 0.107166 -0.246477 -0.431263
v 0.116397 -0.271629 -0.430996
v 0.108771 -0.271897 -0.431397
v 0.109841 -0.288219 -0.429658
v 0.117467 -0.287818 -0.429524
v 0.110377 -0.295711 -0.426447
v 0.117869 -0.295711 -0.426179
v 0.117200 -0.303471 -0.421497
v 0.109708 -0.303069 -0.421764
v 0.099406 -0.217980 -0.570270
v 0.106497 -0.211959 -0.571608
v 0.103821 -0.210220 -0.566524
v 0.097399 -0.217177 -0.565855
v 0.099138 -0.214902 -0.549800
v 0.106229 -0.207812 -0.551406
v 0.101948 -0.212227 -0.537626
v 0.107166 -0.206741 -0.538027
v 0.105961 -0.205537 -0.535351
v 0.100877 -0.211156 -0.535351
v 0.118939 -0.259053 -0.486251
v 0.116932 -0.254772 -0.459760
v 0.109440 -0.254905 -0.460162
v 0.111447 -0.259187 -0.486920
v 0.113721 -0.261194 -0.502305
v 0.121213 -0.261327 -0.501503
v 0.115327 -0.263869 -0.525986
v 0.122953 -0.264538 -0.525718
v 0.115460 -0.264806 -0.557828
v 0.124157 -0.266813 -0.557694
v 0.116263 -0.265207 -0.573347
v 0.124692 -0.268151 -0.573347
v 0.123889 -0.268686 -0.586057
v 0.115327 -0.266010 -0.585388
v 0.122284 -0.265475 -0.597162
v 0.113454 -0.263602 -0.596894
v 0.114658 -0.262398 -0.604119
v 0.123755 -0.262130 -0.604788
v 0.055924 -0.169548 -0.690814
v 0.053918 -0.168076 -0.688807
v 0.052446 -0.175435 -0.688138
v 0.053918 -0.176773 -0.690279
v 0.054988 -0.179984 -0.715030
v 0.058199 -0.170752 -0.716368
v 0.062346 -0.179716 -0.755167
v 0.057396 -0.189081 -0.755300
v -0.099940 -0.099041 -0.382430
v -0.097398 -0.101851 -0.381628
v -0.097398 -0.101851 -0.332527
v -0.099940 -0.099041 -0.330386
v -0.105291 -0.099309 -0.330654
v -0.105425 -0.099309 -0.382430
v 0.000001 -0.119912 -0.417884
v 0.048834 -0.119912 -0.417884
v 0.000001 -0.147874 -0.399823
v 0.048834 -0.147874 -0.399823
v 0.065691 -0.152423 -0.415476
v 0.065691 -0.128475 -0.430996
v 0.065825 -0.148008 -0.439424
v 0.065825 -0.162591 -0.430059
v 0.065825 -0.147473 -0.443973
v 0.065691 -0.150818 -0.464978
v 0.065825 -0.157908 -0.460028
v 0.065825 -0.158979 -0.461633
v 0.065691 -0.151754 -0.466450
v 0.065156 -0.152824 -0.468055
v 0.065290 -0.160584 -0.463105
v 0.064219 -0.153761 -0.469393
v 0.064353 -0.162323 -0.463908
v 0.062614 -0.154296 -0.470330
v 0.062748 -0.164330 -0.463774
v 0.060607 -0.154564 -0.470597
v 0.060875 -0.165936 -0.463105
v 0.000001 -0.154430 -0.470731
v 0.000001 -0.178646 -0.455078
v 0.060875 -0.178646 -0.455078
v -0.060873 -0.165936 -0.463105
v -0.060873 -0.178646 -0.455078
v -0.060740 -0.154564 -0.470597
v -0.062880 -0.164330 -0.463774
v -0.062747 -0.154296 -0.470330
v -0.064486 -0.162323 -0.463908
v -0.064352 -0.153761 -0.469393
v -0.065422 -0.160584 -0.463105
v -0.065289 -0.152824 -0.468055
v -0.065957 -0.158979 -0.461633
v -0.065824 -0.151754 -0.466450
v -0.065824 -0.150818 -0.464978
v -0.065957 -0.157908 -0.460028
v -0.065957 -0.147473 -0.443973
v -0.065690 -0.128475 -0.430996
v -0.065957 -0.148008 -0.439424
v -0.065690 -0.152423 -0.415476
v -0.065957 -0.162591 -0.430059
v -0.048966 -0.119912 -0.417884
v -0.048966 -0.147874 -0.399823
v 0.000001 -0.147874 -0.399823
v 0.000001 -0.119912 -0.417884
v 0.097265 -0.101851 -0.381628
v 0.099807 -0.099041 -0.382430
v 0.097265 -0.101851 -0.332527
v 0.099807 -0.099041 -0.330386
v 0.105293 -0.099309 -0.330654
v 0.105293 -0.099309 -0.382430
v 0.081478 -0.160317 -0.340287
v 0.081478 -0.160317 -0.184021
v 0.000001 -0.160317 -0.340287
v 0.000001 -0.160317 -0.184021
v 0.000001 -0.161119 -0.180141
v 0.081478 -0.161119 -0.180141
v 0.000001 -0.163260 -0.176796
v 0.081478 -0.163260 -0.176796
v 0.000001 -0.166605 -0.174656
v 0.081478 -0.166605 -0.174656
v 0.000001 -0.170485 -0.173853
v 0.081478 -0.170485 -0.173853
v 0.000001 -0.205002 -0.173853
v 0.053918 -0.205002 -0.173853
v 0.070106 -0.221191 -0.173853
v 0.081478 -0.247146 -0.173853
v 0.070106 -0.247146 -0.173853
v 0.070106 -0.251026 -0.174656
v 0.081478 -0.251026 -0.174656
v 0.070106 -0.254370 -0.176796
v 0.081478 -0.254370 -0.176796
v 0.070106 -0.256511 -0.180141
v 0.081478 -0.256511 -0.180141
v 0.070106 -0.257314 -0.184021
v 0.081478 -0.257314 -0.184021
v 0.081478 -0.257314 -0.340287
v 0.070106 -0.257314 -0.340287
v -0.081611 -0.160317 -0.340287
v 0.000001 -0.160317 -0.340287
v -0.081611 -0.160317 -0.184021
v 0.000001 -0.160317 -0.184021
v 0.000001 -0.161119 -0.180141
v -0.081611 -0.161119 -0.180141
v 0.000001 -0.163260 -0.176796
v -0.081611 -0.163260 -0.176796
v 0.000001 -0.166605 -0.174656
v -0.081611 -0.166605 -0.174656
v 0.000001 -0.170485 -0.173853
v -0.081611 -0.170485 -0.173853
v 0.000001 -0.205002 -0.173853
v -0.054050 -0.205002 -0.173853
v -0.070239 -0.221191 -0.173853
v -0.081611 -0.247146 -0.173853
v -0.070239 -0.247146 -0.173853
v -0.070239 -0.251026 -0.174656
v -0.081611 -0.251026 -0.174656
v -0.070239 -0.254370 -0.176796
v -0.081611 -0.254370 -0.176796
v -0.070239 -0.256511 -0.180141
v -0.081611 -0.256511 -0.180141
v -0.070239 -0.257314 -0.184021
v -0.081611 -0.257314 -0.184021
v -0.081611 -0.257314 -0.340287
v -0.070239 -0.257314 -0.340287
v 0.100209 -0.230154 -0.372798
v 0.112651 -0.230021 -0.372129
v 0.099941 -0.230690 -0.355271
v 0.112383 -0.230422 -0.355271
v 0.112250 -0.227612 -0.351793
v 0.099941 -0.227880 -0.351391
v 0.099540 -0.189081 -0.326908
v 0.111848 -0.188546 -0.327443
v 0.111581 -0.184399 -0.323429
v 0.099138 -0.185068 -0.322760
v 0.099673 -0.183462 -0.318078
v 0.112116 -0.182927 -0.318479
v 0.111848 -0.182392 -0.286637
v 0.099406 -0.182793 -0.286771
v 0.099807 -0.182927 -0.283292
v 0.112250 -0.182124 -0.281553
v 0.111045 -0.212227 -0.364502
v 0.098737 -0.212227 -0.366509
v 0.099941 -0.212762 -0.372530
v 0.112383 -0.212494 -0.371460
v 0.112785 -0.212494 -0.394070
v 0.100342 -0.212494 -0.393936
v 0.100610 -0.204735 -0.399957
v 0.113052 -0.204601 -0.399957
v 0.099941 -0.229619 -0.395675
v 0.112250 -0.229753 -0.395943
v 0.100209 -0.220388 -0.401963
v 0.112651 -0.221057 -0.401963
v 0.110912 -0.231894 -0.412132
v 0.098603 -0.230823 -0.413068
v 0.100075 -0.234569 -0.420828
v 0.112517 -0.234971 -0.420426
v 0.112383 -0.283536 -0.429390
v 0.112116 -0.244871 -0.429524
v 0.099941 -0.283403 -0.429257
v 0.099807 -0.244737 -0.429390
v 0.100209 -0.230288 -0.429792
v 0.112651 -0.230154 -0.429792
v 0.111982 -0.208882 -0.438488
v 0.099673 -0.209417 -0.438622
v 0.111982 -0.208882 -0.438488
v 0.111848 -0.207143 -0.435411
v 0.099673 -0.209417 -0.438622
v 0.099406 -0.207544 -0.435411
v 0.100075 -0.225873 -0.422567
v 0.112517 -0.226007 -0.422032
v 0.100342 -0.224268 -0.418018
v 0.112785 -0.225338 -0.417082
v 0.112651 -0.213029 -0.407181
v 0.100209 -0.212494 -0.407181
v 0.112651 -0.213029 -0.407181
v 0.112785 -0.196172 -0.418821
v 0.100209 -0.212494 -0.407181
v 0.100342 -0.196038 -0.418553
v 0.098469 -0.193496 -0.439424
v 0.110510 -0.195236 -0.442635
v 0.105159 -0.194834 -0.454676
v 0.092984 -0.193229 -0.451332
v 0.090174 -0.193362 -0.479695
v 0.102617 -0.193764 -0.480899
v 0.102349 -0.190285 -0.483307
v 0.090041 -0.189884 -0.482103
v 0.112116 -0.190820 -0.388986
v 0.113052 -0.204601 -0.399957
v 0.100610 -0.204735 -0.399957
v 0.099807 -0.190954 -0.389120
v 0.100342 -0.157106 -0.407716
v 0.112651 -0.156972 -0.407850
v 0.112785 -0.146402 -0.403435
v 0.100342 -0.146269 -0.403034
v 0.112116 -0.145198 -0.332661
v 0.112785 -0.146402 -0.403435
v 0.100342 -0.146269 -0.403034
v 0.099673 -0.145198 -0.332661
v 0.100075 -0.138375 -0.327711
v 0.112517 -0.138375 -0.327844
v 0.112517 -0.187610 -0.425377
v 0.100075 -0.187208 -0.424574
v 0.099138 -0.186941 -0.442635
v 0.111179 -0.188814 -0.445846
v 0.105293 -0.188947 -0.456282
v 0.093118 -0.187342 -0.452937
v 0.090041 -0.189884 -0.482103
v 0.102349 -0.190285 -0.483307
v 0.112517 -0.187610 -0.425377
v 0.111447 -0.170618 -0.439157
v 0.100075 -0.187208 -0.424574
v 0.099004 -0.170351 -0.437819
v 0.099673 -0.147740 -0.438622
v 0.111982 -0.144396 -0.441565
v 0.106497 -0.137706 -0.442635
v 0.086428 -0.138108 -0.442635
v 0.089773 -0.150015 -0.441565
v 0.078936 -0.146670 -0.441833
v 0.078802 -0.143325 -0.442635
v 0.070374 -0.144529 -0.444375
v 0.070909 -0.154296 -0.441833
v -0.062613 -0.168879 -0.454944
v -0.062613 -0.159380 -0.462302
v -0.061944 -0.161654 -0.464978
v -0.063415 -0.171287 -0.458155
v -0.059402 -0.171956 -0.458824
v -0.058733 -0.162323 -0.465513
v -0.043615 -0.172090 -0.458021
v -0.042411 -0.162725 -0.465246
v -0.027828 -0.171153 -0.460295
v -0.026222 -0.164464 -0.464042
v -0.019934 -0.171020 -0.460831
v -0.018061 -0.165401 -0.463373
v -0.010034 -0.167006 -0.462837
v -0.011773 -0.176104 -0.455345
v -0.009231 -0.167541 -0.600640
v -0.008963 -0.156303 -0.597028
v -0.010569 -0.161387 -0.581642
v -0.011104 -0.172625 -0.585388
v -0.012843 -0.175702 -0.575488
v -0.012174 -0.164464 -0.571608
v -0.014315 -0.167274 -0.563447
v -0.015251 -0.178378 -0.567193
v -0.017793 -0.180652 -0.559032
v -0.016589 -0.169548 -0.555286
v -0.021004 -0.184800 -0.546188
v -0.019533 -0.173695 -0.542174
v -0.020871 -0.177977 -0.530267
v -0.022610 -0.189081 -0.534147
v -0.022610 -0.192827 -0.522374
v -0.021138 -0.181589 -0.518627
v -0.021673 -0.185201 -0.509664
v -0.021807 -0.197777 -0.508727
v -0.025152 -0.195771 -0.507389
v -0.026490 -0.185736 -0.508727
v -0.008294 -0.172491 -0.585656
v -0.008027 -0.156303 -0.597295
v -0.008428 -0.167541 -0.601042
v -0.007893 -0.161253 -0.581910
v -0.008696 -0.164732 -0.571608
v -0.009498 -0.175970 -0.575488
v -0.010034 -0.167675 -0.562912
v -0.010970 -0.178913 -0.566658
v -0.012709 -0.181321 -0.558898
v -0.011505 -0.170083 -0.555018
v -0.013512 -0.174632 -0.541907
v -0.014984 -0.185736 -0.545920
v -0.014181 -0.178646 -0.530936
v -0.015920 -0.189750 -0.534816
v -0.015519 -0.193764 -0.523310
v -0.013914 -0.182659 -0.519430
v -0.012308 -0.186004 -0.508593
v -0.014315 -0.199249 -0.506319
v -0.011639 -0.191222 -0.495482
v -0.012040 -0.183194 -0.503643
v -0.008027 -0.186004 -0.491335
v -0.008696 -0.176505 -0.498024
v -0.004147 -0.180519 -0.486786
v -0.004281 -0.169414 -0.494278
v -0.000802 -0.177174 -0.484913
v -0.001070 -0.165802 -0.490933
v 0.001874 -0.164464 -0.485582
v 0.002275 -0.176906 -0.481835
v 0.004014 -0.164330 -0.482371
v 0.003880 -0.176639 -0.479160
v 0.006155 -0.164196 -0.479026
v 0.005486 -0.176371 -0.476618
v 0.008831 -0.175836 -0.474745
v 0.009232 -0.164063 -0.477420
v 0.014450 -0.163929 -0.474878
v 0.014316 -0.175301 -0.471935
v -0.090307 -0.165534 -0.474878
v -0.089772 -0.162457 -0.465379
v -0.090441 -0.173829 -0.461098
v -0.090708 -0.177308 -0.473139
v -0.090040 -0.178110 -0.482772
v -0.090575 -0.166471 -0.486652
v -0.090976 -0.172491 -0.495214
v -0.089371 -0.181455 -0.487455
v -0.089237 -0.180519 -0.502171
v -0.088033 -0.188278 -0.493208
v -0.084688 -0.194968 -0.500298
v -0.084554 -0.187743 -0.509664
v -0.081343 -0.193362 -0.512741
v -0.082012 -0.200319 -0.503242
v -0.069570 -0.139579 -0.440495
v -0.071309 -0.143861 -0.442903
v -0.070239 -0.144931 -0.444241
v -0.070908 -0.140114 -0.439157
v -0.069436 -0.135566 -0.435678
v -0.069302 -0.133960 -0.437150
v -0.068767 -0.133826 -0.433939
v -0.068366 -0.131552 -0.436080
v -0.067964 -0.131686 -0.433003
v -0.067028 -0.130080 -0.432735
v -0.065824 -0.129010 -0.438086
v -0.066359 -0.126736 -0.433671
v -0.063148 -0.124996 -0.434876
v -0.062211 -0.127137 -0.439291
v -0.054318 -0.124729 -0.437016
v -0.054184 -0.126869 -0.440896
v -0.045889 -0.126736 -0.440227
v -0.046959 -0.128341 -0.443438
v -0.041206 -0.128609 -0.443438
v -0.041474 -0.131151 -0.446783
v -0.038397 -0.131418 -0.446783
v -0.037862 -0.128876 -0.443572
v -0.029968 -0.129277 -0.443170
v -0.030102 -0.127538 -0.440093
v -0.025419 -0.127940 -0.441164
v -0.025687 -0.126334 -0.437819
v -0.019934 -0.126468 -0.439023
v -0.020335 -0.124996 -0.435277
v -0.016188 -0.125665 -0.437284
v -0.016589 -0.124461 -0.434073
v -0.012040 -0.125398 -0.436481
v -0.012308 -0.124461 -0.433671
v -0.006956 -0.125398 -0.434340
v -0.006956 -0.125933 -0.435411
v -0.100074 -0.230690 -0.355271
v -0.112248 -0.230021 -0.372129
v -0.100341 -0.230154 -0.372798
v -0.111981 -0.230422 -0.355271
v -0.111847 -0.227612 -0.351793
v -0.100074 -0.227880 -0.351391
v -0.099539 -0.189081 -0.326908
v -0.111446 -0.188546 -0.327443
v -0.111178 -0.184399 -0.323429
v -0.099271 -0.185068 -0.322760
v -0.099806 -0.183462 -0.318078
v -0.111713 -0.182927 -0.318479
v -0.099539 -0.182793 -0.287707
v -0.111446 -0.182392 -0.286637
v -0.100609 -0.182659 -0.283292
v -0.111713 -0.182124 -0.281553
v -0.110643 -0.180786 -0.278744
v -0.100074 -0.181054 -0.281152
v -0.102482 -0.171555 -0.272188
v -0.093652 -0.175970 -0.275265
v -0.089638 -0.167407 -0.261886
v -0.078132 -0.167943 -0.266167
v -0.077731 -0.167006 -0.253324
v -0.088033 -0.167006 -0.249711
v -0.076928 -0.166872 -0.232988
v -0.088568 -0.166471 -0.230446
v -0.076393 -0.166337 -0.218672
v -0.088033 -0.166605 -0.216799
v -0.075590 -0.166872 -0.199942
v -0.088835 -0.167675 -0.199005
v -0.087096 -0.168210 -0.191112
v -0.075323 -0.167140 -0.191513
v -0.091110 -0.181990 -0.269780
v -0.102081 -0.177575 -0.268174
v -0.090173 -0.172358 -0.257605
v -0.078667 -0.173963 -0.261886
v -0.078132 -0.173294 -0.249444
v -0.088434 -0.172224 -0.245831
v -0.077062 -0.172491 -0.229643
v -0.088702 -0.172224 -0.227101
v -0.076393 -0.172759 -0.215729
v -0.088166 -0.172090 -0.213856
v -0.075457 -0.171956 -0.197667
v -0.088835 -0.171956 -0.196731
v -0.086962 -0.171956 -0.188971
v -0.075055 -0.171689 -0.189506
v -0.110643 -0.212227 -0.364502
v -0.100074 -0.212762 -0.372530
v -0.098870 -0.212227 -0.366509
v -0.111981 -0.212494 -0.371460
v -0.112382 -0.212494 -0.394070
v -0.100475 -0.212494 -0.393936
v -0.100743 -0.204735 -0.399957
v -0.112650 -0.204601 -0.399957
v -0.100341 -0.220388 -0.401963
v -0.111847 -0.229753 -0.395943
v -0.100074 -0.229619 -0.395675
v -0.112248 -0.221057 -0.401963
v -0.110509 -0.231894 -0.412132
v -0.098736 -0.230823 -0.413068
v -0.100207 -0.234569 -0.420828
v -0.111981 -0.234971 -0.420426
v -0.111713 -0.244871 -0.429524
v -0.111847 -0.283536 -0.429390
v -0.100074 -0.283403 -0.429257
v -0.099806 -0.244737 -0.429390
v -0.100341 -0.230288 -0.429792
v -0.112248 -0.230154 -0.429792
v -0.111580 -0.208882 -0.438488
v -0.099672 -0.209417 -0.438622
v -0.100609 -0.187074 -0.399288
v -0.111847 -0.193764 -0.405576
v -0.099940 -0.194031 -0.405576
v -0.112382 -0.186941 -0.399288
v -0.110375 -0.150416 -0.410927
v -0.098602 -0.150550 -0.410125
v -0.099405 -0.140917 -0.403569
v -0.110375 -0.150416 -0.410927
v -0.098602 -0.150550 -0.410125
v -0.111178 -0.140917 -0.404505
v -0.111847 -0.139981 -0.392464
v -0.099940 -0.139847 -0.392063
v -0.100609 -0.135967 -0.338547
v -0.112516 -0.136235 -0.338280
v -0.112115 -0.129545 -0.334400
v -0.100207 -0.129545 -0.334400
v -0.100475 -0.148276 -0.390056
v -0.112382 -0.148409 -0.390725
v -0.111580 -0.144529 -0.332527
v -0.099806 -0.144262 -0.332794
v -0.100207 -0.138375 -0.329182
v -0.111981 -0.138375 -0.329182
v -0.112784 -0.187610 -0.425377
v -0.099271 -0.186941 -0.442635
v -0.100207 -0.187208 -0.424574
v -0.111580 -0.188814 -0.445846
v -0.104890 -0.188947 -0.456282
v -0.093250 -0.187342 -0.452937
v -0.090173 -0.189884 -0.482103
v -0.101947 -0.190285 -0.483307
v -0.046157 -0.045526 -0.282891
v -0.046157 -0.045526 -0.310853
v -0.044417 -0.049941 -0.310853
v -0.043882 -0.050877 -0.310050
v -0.044150 -0.050208 -0.253725
v -0.046692 -0.044723 -0.282490
v -0.038397 -0.060777 -0.297073
v -0.045086 -0.050208 -0.252387
v -0.038263 -0.060777 -0.247303
v -0.039601 -0.060777 -0.246233
v -0.037193 -0.062249 -0.296002
v -0.038664 -0.062249 -0.245564
v -0.037327 -0.062249 -0.246768
v -0.035721 -0.063453 -0.295735
v -0.037460 -0.063453 -0.245163
v -0.035989 -0.063453 -0.246500
v -0.035587 -0.064925 -0.245163
v -0.034383 -0.064791 -0.246500
v -0.034249 -0.064657 -0.295869
v -0.025419 -0.072685 -0.245029
v -0.025286 -0.071614 -0.246367
v -0.025286 -0.071614 -0.296136
v -0.023948 -0.072283 -0.246367
v -0.024215 -0.073354 -0.245029
v -0.023948 -0.072283 -0.296136
v -0.022610 -0.072417 -0.246367
v -0.022744 -0.073621 -0.245029
v -0.022610 -0.072417 -0.296136
v 0.000001 -0.073621 -0.245029
v 0.000001 -0.072417 -0.246367
v 0.000001 -0.072417 -0.296136
v 0.022477 -0.072417 -0.296136
v 0.022477 -0.072417 -0.246367
v 0.022611 -0.073621 -0.245029
v 0.024083 -0.073354 -0.245029
v 0.023815 -0.072283 -0.246367
v 0.023815 -0.072283 -0.296136
v 0.025287 -0.072685 -0.245029
v 0.025153 -0.071614 -0.246367
v 0.025153 -0.071614 -0.296136
v 0.034117 -0.064657 -0.295869
v 0.034251 -0.064791 -0.246500
v 0.035455 -0.064925 -0.245163
v 0.035588 -0.063453 -0.295735
v 0.035856 -0.063453 -0.246500
v 0.037461 -0.063453 -0.245163
v 0.037194 -0.062249 -0.246768
v 0.037060 -0.062249 -0.296002
v 0.038532 -0.062249 -0.245564
v 0.038130 -0.060777 -0.247303
v 0.039468 -0.060777 -0.246233
v 0.038264 -0.060777 -0.297073
v 0.044954 -0.050208 -0.252387
v 0.044151 -0.050208 -0.253725
v 0.046559 -0.044723 -0.282490
v 0.043750 -0.050877 -0.310050
v 0.046024 -0.045526 -0.282891
v 0.044285 -0.049941 -0.310853
v 0.046024 -0.045526 -0.310853
v -0.062345 -0.166605 -0.462704
v -0.060873 -0.165936 -0.463105
v -0.062880 -0.164330 -0.463774
v -0.064486 -0.164865 -0.463506
v -0.064486 -0.162323 -0.463908
v -0.076393 -0.166605 -0.462704
v -0.065957 -0.162992 -0.463506
v -0.065422 -0.160584 -0.463105
v -0.075724 -0.164865 -0.463373
v -0.066894 -0.161253 -0.462704
v -0.065957 -0.158979 -0.461633
v -0.075055 -0.162859 -0.463373
v -0.076661 -0.164732 -0.463506
v -0.067429 -0.159648 -0.461232
v -0.065957 -0.157908 -0.460028
v -0.077731 -0.164598 -0.463506
v -0.078266 -0.166605 -0.462704
v -0.075992 -0.162859 -0.463506
v -0.077062 -0.162591 -0.463640
v -0.078534 -0.164330 -0.463774
v -0.079336 -0.166471 -0.462837
v -0.086829 -0.160985 -0.466316
v -0.074654 -0.161119 -0.462570
v -0.086829 -0.158979 -0.467252
v -0.087765 -0.160450 -0.466717
v -0.077998 -0.162190 -0.463908
v -0.076794 -0.160852 -0.462837
v -0.075724 -0.161119 -0.462704
v -0.087765 -0.158577 -0.467520
v -0.088835 -0.160183 -0.466851
v -0.086962 -0.157106 -0.467252
v -0.077731 -0.160450 -0.463105
v -0.088835 -0.158310 -0.467654
v -0.089772 -0.160049 -0.466985
v -0.087899 -0.156704 -0.467520
v -0.086962 -0.155233 -0.466450
v -0.089772 -0.158176 -0.467788
v -0.105291 -0.160049 -0.466717
v -0.105291 -0.158310 -0.467520
v -0.088835 -0.156437 -0.467654
v -0.089906 -0.156303 -0.467788
v -0.105291 -0.156303 -0.467520
v -0.087899 -0.154831 -0.466717
v -0.088835 -0.154697 -0.466851
v -0.089906 -0.154564 -0.466985
v -0.105425 -0.154697 -0.466717
v -0.088033 -0.153493 -0.465379
v -0.089906 -0.153092 -0.465513
v -0.105291 -0.153226 -0.465246
v -0.088969 -0.153226 -0.465513
v -0.089906 -0.152022 -0.463908
v -0.105291 -0.151888 -0.463373
v -0.088969 -0.152155 -0.463908
v -0.088033 -0.152423 -0.463774
v -0.087096 -0.153895 -0.465112
v -0.087096 -0.152824 -0.463506
v -0.077597 -0.158979 -0.461633
v -0.088166 -0.141987 -0.447987
v -0.089237 -0.141586 -0.447719
v -0.090173 -0.141051 -0.447184
v -0.087498 -0.142389 -0.443572
v -0.086561 -0.142924 -0.443706
v -0.088300 -0.141854 -0.443037
v -0.086962 -0.142523 -0.447585
v -0.085223 -0.143459 -0.443438
v -0.100207 -0.136235 -0.439826
v -0.105291 -0.136636 -0.439692
v -0.105425 -0.099309 -0.382430
v -0.097398 -0.136903 -0.436080
v -0.099940 -0.099041 -0.382430
v -0.097398 -0.101851 -0.381628
v -0.077597 -0.157908 -0.460028
v -0.077597 -0.147607 -0.444241
v -0.077597 -0.147874 -0.440361
v -0.076661 -0.158310 -0.459894
v -0.076661 -0.148008 -0.443973
v -0.076661 -0.148409 -0.440093
v -0.076661 -0.159380 -0.461500
v -0.075590 -0.148142 -0.443839
v -0.075590 -0.148677 -0.439960
v -0.075590 -0.158577 -0.459626
v -0.074520 -0.148276 -0.443839
v -0.074520 -0.148811 -0.439826
v -0.075590 -0.159648 -0.461232
v -0.074654 -0.158711 -0.459626
v -0.074654 -0.159648 -0.461232
v -0.067429 -0.158711 -0.459626
v -0.067429 -0.148276 -0.443839
v -0.067429 -0.148811 -0.439826
v -0.065957 -0.147473 -0.443973
v -0.065957 -0.148008 -0.439424
v 0.060875 -0.165936 -0.463105
v 0.062212 -0.166605 -0.462704
v 0.062748 -0.164330 -0.463774
v 0.064353 -0.164865 -0.463506
v 0.064353 -0.162323 -0.463908
v 0.076127 -0.166605 -0.462704
v 0.065825 -0.162992 -0.463506
v 0.065290 -0.160584 -0.463105
v 0.075591 -0.164865 -0.463373
v 0.066761 -0.161253 -0.462704
v 0.065825 -0.158979 -0.461633
v 0.074922 -0.162859 -0.463373
v 0.076528 -0.164732 -0.463506
v 0.077598 -0.166605 -0.462704
v 0.075993 -0.162859 -0.463506
v 0.067296 -0.159648 -0.461232
v 0.065825 -0.157908 -0.460028
v 0.074655 -0.161119 -0.462570
v 0.075591 -0.161119 -0.462704
v 0.076929 -0.162591 -0.463640
v 0.077598 -0.164598 -0.463506
v 0.078401 -0.164330 -0.463774
v 0.079204 -0.166471 -0.462837
v 0.086696 -0.160985 -0.466316
v 0.076662 -0.160852 -0.462837
v 0.077866 -0.162190 -0.463908
v 0.086696 -0.158979 -0.467252
v 0.087632 -0.160450 -0.466717
v 0.077598 -0.160450 -0.463105
v 0.087632 -0.158577 -0.467520
v 0.088703 -0.160183 -0.466851
v 0.086830 -0.157106 -0.467252
v 0.088703 -0.158310 -0.467654
v 0.089639 -0.160049 -0.466985
v 0.087766 -0.156704 -0.467520
v 0.086963 -0.155233 -0.466450
v 0.089639 -0.158176 -0.467788
v 0.105159 -0.160049 -0.466717
v 0.105159 -0.158310 -0.467520
v 0.088703 -0.156437 -0.467654
v 0.089773 -0.156303 -0.467788
v 0.105159 -0.156303 -0.467520
v 0.087766 -0.154831 -0.466717
v 0.088703 -0.154697 -0.466851
v 0.089773 -0.154564 -0.466985
v 0.105293 -0.154697 -0.466717
v 0.087900 -0.153493 -0.465379
v 0.089773 -0.153092 -0.465513
v 0.105293 -0.153226 -0.465246
v 0.088836 -0.153226 -0.465513
v 0.089773 -0.152022 -0.463908
v 0.105159 -0.151888 -0.463373
v 0.088836 -0.152155 -0.463908
v 0.087900 -0.152423 -0.463774
v 0.086963 -0.153895 -0.465112
v 0.086963 -0.152824 -0.463506
v 0.077464 -0.158979 -0.461633
v 0.088034 -0.141987 -0.447987
v 0.089104 -0.141586 -0.447719
v 0.090041 -0.141051 -0.447184
v 0.087365 -0.142389 -0.443572
v 0.086428 -0.142924 -0.443706
v 0.088168 -0.141854 -0.443037
v 0.086830 -0.142523 -0.447585
v 0.085090 -0.143459 -0.443438
v 0.100075 -0.136235 -0.439826
v 0.105293 -0.136636 -0.439692
v 0.105293 -0.099309 -0.382430
v 0.097265 -0.136903 -0.436080
v 0.099807 -0.099041 -0.382430
v 0.097265 -0.101851 -0.381628
v 0.077464 -0.157908 -0.460028
v 0.077464 -0.147607 -0.444241
v 0.077464 -0.147874 -0.440361
v 0.076528 -0.158310 -0.459894
v 0.076528 -0.148008 -0.443973
v 0.076528 -0.148409 -0.440093
v 0.076528 -0.159380 -0.461500
v 0.075458 -0.148142 -0.443839
v 0.075458 -0.148677 -0.439960
v 0.075458 -0.158577 -0.459626
v 0.074521 -0.148276 -0.443839
v 0.074521 -0.148811 -0.439826
v 0.075458 -0.159648 -0.461232
v 0.074521 -0.158711 -0.459626
v 0.074521 -0.159648 -0.461232
v 0.067296 -0.158711 -0.459626
v 0.067296 -0.148276 -0.443839
v 0.067296 -0.148811 -0.439826
v 0.065825 -0.147473 -0.443973
v 0.065825 -0.148008 -0.439424
v 0.115862 -0.245406 -0.382163
v 0.113320 -0.243400 -0.383099
v 0.113320 -0.245273 -0.385641
v 0.115862 -0.246878 -0.384170
v 0.113320 -0.249019 -0.388451
v 0.117735 -0.248751 -0.380557
v 0.115862 -0.249955 -0.386578
v 0.113320 -0.253300 -0.390056
v 0.117735 -0.249420 -0.381628
v 0.118538 -0.252497 -0.378818
v 0.118538 -0.253701 -0.379755
v 0.115862 -0.253701 -0.387916
v 0.117735 -0.251694 -0.383367
v 0.118538 -0.255173 -0.380156
v 0.113320 -0.257983 -0.390056
v 0.117735 -0.254370 -0.384303
v 0.118538 -0.256645 -0.380290
v 0.115862 -0.257715 -0.387916
v 0.113320 -0.262398 -0.388718
v 0.117735 -0.257180 -0.384303
v 0.118538 -0.258116 -0.379755
v 0.115862 -0.261461 -0.386845
v 0.117735 -0.259856 -0.383501
v 0.118538 -0.259320 -0.378952
v 0.115862 -0.264806 -0.384571
v 0.117735 -0.262264 -0.381895
v 0.118538 -0.260257 -0.377748
v 0.113320 -0.266277 -0.386043
v 0.117735 -0.264003 -0.379621
v 0.118538 -0.260792 -0.376276
v 0.115862 -0.267080 -0.381360
v 0.113320 -0.269087 -0.382430
v 0.117735 -0.264806 -0.376945
v 0.115862 -0.268418 -0.377614
v 0.113320 -0.270559 -0.378015
v 0.117735 -0.264940 -0.374135
v 0.118538 -0.260792 -0.374671
v 0.117735 -0.264538 -0.372931
v 0.115862 -0.267749 -0.371326
v 0.115862 -0.268552 -0.373734
v 0.113320 -0.270693 -0.373333
v 0.113320 -0.269756 -0.370389
v 0.115862 -0.266545 -0.368650
v 0.113320 -0.268552 -0.367714
v 0.113320 -0.266679 -0.365172
v 0.115862 -0.265073 -0.366643
v 0.113320 -0.262933 -0.362362
v 0.117735 -0.263200 -0.370256
v 0.115862 -0.261996 -0.364235
v 0.113320 -0.258518 -0.360757
v 0.117735 -0.262531 -0.369185
v 0.118538 -0.259454 -0.371995
v 0.118538 -0.258250 -0.371058
v 0.115862 -0.258250 -0.362897
v 0.117735 -0.260257 -0.367446
v 0.118538 -0.256778 -0.370657
v 0.113320 -0.253969 -0.360757
v 0.117735 -0.257581 -0.366509
v 0.118538 -0.255307 -0.370523
v 0.115862 -0.254236 -0.362897
v 0.113320 -0.249554 -0.362094
v 0.117735 -0.254772 -0.366509
v 0.118538 -0.253835 -0.371058
v 0.115862 -0.250490 -0.363967
v 0.117735 -0.251962 -0.367312
v 0.118538 -0.252631 -0.371861
v 0.115862 -0.247146 -0.366242
v 0.117735 -0.249688 -0.368918
v 0.118538 -0.251694 -0.373065
v 0.113320 -0.245674 -0.364770
v 0.117735 -0.247948 -0.371192
v 0.118538 -0.251159 -0.374537
v 0.115862 -0.244737 -0.369453
v 0.113320 -0.242864 -0.368383
v 0.117735 -0.247012 -0.373868
v 0.115862 -0.243533 -0.373199
v 0.113320 -0.241393 -0.372798
v 0.117735 -0.247012 -0.376677
v 0.118538 -0.251159 -0.376142
v 0.117735 -0.247413 -0.377882
v 0.115862 -0.244069 -0.379487
v 0.115862 -0.243400 -0.377079
v 0.113320 -0.241259 -0.377480
v 0.113320 -0.242062 -0.380424
v -0.081611 -0.138241 -0.319014
v -0.086561 -0.143192 -0.319014
v -0.081611 -0.138241 -0.284764
v -0.086561 -0.143192 -0.281152
v -0.082949 -0.134763 -0.283025
v -0.086561 -0.229352 -0.269245
v -0.089504 -0.142121 -0.278342
v -0.086561 -0.229352 -0.225094
v -0.081611 -0.235238 -0.269245
v -0.089772 -0.229352 -0.221883
v -0.081611 -0.235238 -0.224693
v -0.082815 -0.238048 -0.221883
v -0.101813 -0.281797 -0.266034
v -0.101813 -0.131284 -0.314867
v -0.101813 -0.131284 -0.291454
v -0.101813 -0.231626 -0.230044
v -0.093652 -0.131284 -0.285299
v -0.101813 -0.281797 -0.230044
v -0.093652 -0.229352 -0.221883
v -0.093652 -0.281797 -0.221883
v 0.081478 -0.138241 -0.319014
v 0.081478 -0.138241 -0.284764
v 0.086428 -0.143192 -0.319014
v 0.086428 -0.143192 -0.281152
v 0.082950 -0.134763 -0.283025
v 0.086428 -0.229352 -0.269245
v 0.089372 -0.142121 -0.278342
v 0.086428 -0.229352 -0.225094
v 0.081478 -0.235238 -0.269245
v 0.089639 -0.229352 -0.221883
v 0.081478 -0.235238 -0.224693
v 0.082682 -0.238048 -0.221883
v 0.101680 -0.281797 -0.266034
v 0.101680 -0.131284 -0.291454
v 0.101680 -0.131284 -0.314867
v 0.101680 -0.231626 -0.230044
v 0.093519 -0.131284 -0.285299
v 0.101680 -0.281797 -0.230044
v 0.093519 -0.229352 -0.221883
v 0.093519 -0.281797 -0.221883
v -0.115995 -0.244336 -0.381761
v -0.113453 -0.244202 -0.385374
v -0.113453 -0.242329 -0.382832
v -0.115995 -0.245674 -0.383902
v -0.113453 -0.247815 -0.388183
v -0.117868 -0.247547 -0.380290
v -0.115995 -0.248885 -0.386176
v -0.113453 -0.252230 -0.389655
v -0.117868 -0.248350 -0.381360
v -0.118670 -0.251293 -0.378417
v -0.118670 -0.252631 -0.379353
v -0.115995 -0.252631 -0.387514
v -0.117868 -0.250624 -0.383099
v -0.118670 -0.253969 -0.379888
v -0.113453 -0.256912 -0.389789
v -0.117868 -0.253300 -0.384036
v -0.118670 -0.255574 -0.379888
v -0.115995 -0.256645 -0.387648
v -0.113453 -0.261327 -0.388451
v -0.117868 -0.256110 -0.384036
v -0.118670 -0.257046 -0.379487
v -0.115995 -0.260391 -0.386444
v -0.117868 -0.258785 -0.383233
v -0.118670 -0.258250 -0.378550
v -0.115995 -0.263602 -0.384170
v -0.117868 -0.261194 -0.381628
v -0.118670 -0.259187 -0.377346
v -0.113453 -0.265207 -0.385775
v -0.117868 -0.262799 -0.379353
v -0.118670 -0.259722 -0.375875
v -0.115995 -0.266010 -0.381092
v -0.113453 -0.268017 -0.382029
v -0.117868 -0.263736 -0.376677
v -0.115995 -0.267348 -0.377346
v -0.113453 -0.269488 -0.377748
v -0.117868 -0.263869 -0.373868
v -0.118670 -0.259722 -0.374403
v -0.117868 -0.263468 -0.372530
v -0.115995 -0.266679 -0.370925
v -0.115995 -0.267482 -0.373333
v -0.113453 -0.269622 -0.373065
v -0.113453 -0.268686 -0.369988
v -0.115995 -0.265475 -0.368383
v -0.113453 -0.265609 -0.364770
v -0.113453 -0.267482 -0.367312
v -0.115995 -0.264003 -0.366242
v -0.113453 -0.261862 -0.361961
v -0.117868 -0.262130 -0.369854
v -0.115995 -0.260792 -0.363967
v -0.113453 -0.257447 -0.360489
v -0.117868 -0.261327 -0.368784
v -0.118670 -0.258384 -0.371727
v -0.118670 -0.257180 -0.370791
v -0.115995 -0.257046 -0.362630
v -0.117868 -0.259187 -0.367045
v -0.118670 -0.255708 -0.370256
v -0.113453 -0.252899 -0.360355
v -0.117868 -0.256511 -0.366108
v -0.118670 -0.254236 -0.370256
v -0.115995 -0.253166 -0.362496
v -0.113453 -0.248350 -0.361693
v -0.117868 -0.253701 -0.366108
v -0.118670 -0.252765 -0.370657
v -0.115995 -0.249286 -0.363700
v -0.117868 -0.250892 -0.366911
v -0.118670 -0.251561 -0.371593
v -0.115995 -0.246075 -0.365974
v -0.117868 -0.248617 -0.368516
v -0.118670 -0.250624 -0.372798
v -0.113453 -0.244604 -0.364369
v -0.117868 -0.246878 -0.370791
v -0.118670 -0.250089 -0.374269
v -0.115995 -0.243667 -0.369051
v -0.113453 -0.241794 -0.368115
v -0.117868 -0.245942 -0.373466
v -0.115995 -0.242463 -0.372798
v -0.113453 -0.240322 -0.372396
v -0.117868 -0.245942 -0.376276
v -0.118670 -0.250089 -0.375741
v -0.117868 -0.246343 -0.377614
v -0.115995 -0.242998 -0.379219
v -0.115995 -0.242329 -0.376811
v -0.113453 -0.240189 -0.377079
v -0.113453 -0.240991 -0.380156
v 0.048834 -0.048201 -0.312191
v 0.050707 -0.048603 -0.312191
v 0.050707 -0.048603 -0.315134
v 0.048834 -0.048201 -0.315134
v 0.050707 -0.048201 -0.315536
v 0.047094 -0.047131 -0.312191
v 0.048967 -0.047800 -0.315536
v 0.047094 -0.047131 -0.315134
v 0.047362 -0.046863 -0.315536
v 0.046425 -0.045258 -0.315536
v 0.046024 -0.045526 -0.315134
v 0.046024 -0.045526 -0.310853
v 0.046024 -0.043519 -0.315536
v 0.045623 -0.043519 -0.315134
v 0.045623 -0.043519 -0.282891
v 0.046024 -0.045526 -0.282891
v 0.046559 -0.044723 -0.282490
v 0.046158 -0.043519 -0.282623
v 0.046024 -0.041512 -0.315134
v 0.046425 -0.041646 -0.315536
v 0.046024 -0.041512 -0.282891
v 0.046559 -0.041779 -0.282623
v 0.047496 -0.040308 -0.282623
v 0.047094 -0.039906 -0.315134
v 0.047362 -0.040174 -0.315536
v 0.047094 -0.039906 -0.282891
v 0.048967 -0.039371 -0.282623
v 0.048967 -0.039104 -0.315536
v 0.048834 -0.038836 -0.282891
v 0.050707 -0.038970 -0.282623
v 0.048834 -0.038836 -0.315134
v 0.050707 -0.038435 -0.315134
v 0.050707 -0.038836 -0.315536
v 0.050707 -0.038435 -0.282891
v 0.052446 -0.039371 -0.282623
v 0.052713 -0.038836 -0.315134
v 0.052580 -0.039104 -0.315536
v 0.052713 -0.038836 -0.282891
v 0.054319 -0.039906 -0.315134
v 0.054051 -0.040174 -0.315536
v 0.054319 -0.039906 -0.282891
v 0.053918 -0.040308 -0.282623
v 0.054988 -0.041779 -0.282623
v 0.055523 -0.041512 -0.315134
v 0.055122 -0.041646 -0.315536
v 0.055523 -0.041512 -0.282891
v 0.055255 -0.043519 -0.282623
v 0.055389 -0.043519 -0.315536
v 0.055791 -0.043519 -0.282891
v 0.054854 -0.045124 -0.282623
v 0.055523 -0.045526 -0.282891
v 0.055523 -0.045526 -0.310853
v 0.055791 -0.043519 -0.315134
v 0.055523 -0.045526 -0.315134
v 0.055122 -0.045258 -0.315536
v 0.054319 -0.047131 -0.312191
v 0.054319 -0.047131 -0.315134
v 0.054051 -0.046863 -0.315536
v 0.052580 -0.047800 -0.315536
v 0.052713 -0.048201 -0.315134
v 0.052713 -0.048201 -0.312191
v 0.050707 -0.048603 -0.312191
v 0.050707 -0.048603 -0.315134
v 0.050707 -0.048201 -0.315536
v -0.025955 -0.091281 -0.246099
v -0.025955 -0.091281 -0.296136
v -0.025955 -0.084860 -0.296136
v -0.025955 -0.084860 -0.246099
v -0.025553 -0.091281 -0.245029
v -0.025553 -0.084860 -0.245029
v -0.045889 -0.065059 -0.295869
v -0.044551 -0.065059 -0.245296
v -0.046023 -0.065059 -0.246367
v -0.047495 -0.063453 -0.295869
v -0.046157 -0.063453 -0.245430
v -0.047762 -0.063453 -0.246367
v -0.047227 -0.062249 -0.245564
v -0.048699 -0.062249 -0.246634
v -0.048565 -0.062249 -0.296136
v -0.048164 -0.060777 -0.246099
v -0.049501 -0.060911 -0.247303
v -0.049501 -0.060777 -0.297073
v -0.052846 -0.050476 -0.252521
v -0.053649 -0.050877 -0.253993
v -0.054987 -0.045124 -0.282623
v -0.055522 -0.045526 -0.282891
v -0.053916 -0.050877 -0.310050
v -0.054318 -0.049941 -0.310853
v -0.055522 -0.045526 -0.310853
v 0.025822 -0.091281 -0.246099
v 0.025420 -0.091281 -0.245029
v 0.025420 -0.084860 -0.245029
v 0.025822 -0.084860 -0.246099
v 0.025822 -0.091281 -0.296136
v 0.025822 -0.084860 -0.296136
v 0.044419 -0.065059 -0.245296
v 0.045756 -0.065059 -0.295869
v 0.045890 -0.065059 -0.246367
v 0.046024 -0.063453 -0.245430
v 0.047629 -0.063453 -0.246367
v 0.047362 -0.063453 -0.295869
v 0.047094 -0.062249 -0.245564
v 0.048566 -0.062249 -0.246634
v 0.048432 -0.062249 -0.296136
v 0.048031 -0.060777 -0.246099
v 0.049369 -0.060911 -0.247303
v 0.049502 -0.060777 -0.297073
v 0.052847 -0.050476 -0.252521
v 0.053516 -0.050877 -0.253993
v 0.054854 -0.045124 -0.282623
v 0.055523 -0.045526 -0.282891
v 0.053784 -0.050877 -0.310050
v 0.054185 -0.049941 -0.310853
v 0.055523 -0.045526 -0.310853
v 0.078936 -0.226810 -0.208371
v 0.078936 -0.215304 -0.208371
v 0.078936 -0.228950 -0.209039
v 0.078936 -0.230556 -0.211046
v 0.078936 -0.231091 -0.213722
v 0.078936 -0.231091 -0.340287
v 0.078936 -0.213297 -0.208504
v 0.078936 -0.211290 -0.209173
v 0.078936 -0.209283 -0.210244
v 0.078936 -0.192560 -0.221214
v 0.078936 -0.190820 -0.222820
v 0.078936 -0.189616 -0.224827
v 0.078936 -0.189215 -0.227101
v 0.078936 -0.189215 -0.340287
v -0.079069 -0.226810 -0.208371
v -0.079069 -0.228950 -0.209039
v -0.079069 -0.215304 -0.208371
v -0.079069 -0.230556 -0.211046
v -0.079069 -0.231091 -0.213722
v -0.079069 -0.231091 -0.340287
v -0.079069 -0.213297 -0.208504
v -0.079069 -0.211290 -0.209173
v -0.079069 -0.209283 -0.210244
v -0.079069 -0.192560 -0.221214
v -0.079069 -0.190820 -0.222820
v -0.079069 -0.189616 -0.224827
v -0.079069 -0.189215 -0.227101
v -0.079069 -0.189215 -0.340287
v 0.013513 -0.137840 -0.461366
v 0.011373 -0.136770 -0.459894
v 0.011908 -0.137305 -0.460697
v 0.014450 -0.137706 -0.461232
v 0.016189 -0.134897 -0.456951
v 0.028230 -0.131552 -0.451867
v 0.014717 -0.134495 -0.456282
v 0.034786 -0.132087 -0.452669
v 0.014717 -0.127271 -0.445311
v 0.028498 -0.130348 -0.449994
v 0.011506 -0.124729 -0.441431
v 0.035455 -0.131552 -0.451867
v 0.016189 -0.126736 -0.444508
v 0.035455 -0.130080 -0.449592
v 0.011908 -0.124327 -0.440762
v 0.034786 -0.129679 -0.448923
v 0.013379 -0.123792 -0.440093
v 0.014316 -0.123926 -0.440093
v -0.013646 -0.137840 -0.461366
v -0.012040 -0.137305 -0.460697
v -0.011505 -0.136770 -0.459894
v -0.014449 -0.137706 -0.461232
v -0.016322 -0.134897 -0.456951
v -0.028363 -0.131552 -0.451867
v -0.014850 -0.134495 -0.456282
v -0.034918 -0.132087 -0.452669
v -0.014850 -0.127271 -0.445311
v -0.028630 -0.130348 -0.449994
v -0.011505 -0.124729 -0.441431
v -0.035587 -0.131552 -0.451867
v -0.016322 -0.126736 -0.444508
v -0.035587 -0.130080 -0.449592
v -0.012040 -0.124327 -0.440762
v -0.034918 -0.129679 -0.448923
v -0.013512 -0.123792 -0.440093
v -0.014315 -0.123926 -0.440093
v -0.046157 -0.045526 -0.310853
v -0.047227 -0.047131 -0.312191
v -0.044417 -0.049941 -0.310853
v -0.046023 -0.049941 -0.312191
v -0.048832 -0.048201 -0.312191
v -0.050839 -0.048603 -0.312191
v -0.045488 -0.050877 -0.311656
v -0.043882 -0.050877 -0.310050
v -0.053649 -0.049941 -0.312191
v -0.052846 -0.048201 -0.312191
v -0.054452 -0.047131 -0.312191
v -0.055522 -0.045526 -0.310853
v -0.054318 -0.049941 -0.310853
v -0.053248 -0.050877 -0.311656
v -0.053916 -0.050877 -0.310050
v -0.039735 -0.060911 -0.298812
v -0.048431 -0.060911 -0.298812
v -0.049501 -0.060777 -0.297073
v -0.038397 -0.060777 -0.297073
v -0.047628 -0.062249 -0.297474
v -0.048565 -0.062249 -0.296136
v -0.047495 -0.063453 -0.295869
v -0.038664 -0.062249 -0.297474
v -0.037193 -0.062249 -0.296002
v -0.046558 -0.063453 -0.296939
v -0.045889 -0.065059 -0.295869
v -0.037327 -0.063453 -0.296939
v -0.035721 -0.063453 -0.295735
v -0.045220 -0.064791 -0.297073
v -0.025955 -0.084860 -0.296136
v -0.035721 -0.064791 -0.297073
v -0.034249 -0.064657 -0.295869
v -0.024483 -0.084860 -0.297206
v -0.025955 -0.091281 -0.296136
v -0.024483 -0.091281 -0.297206
v -0.025687 -0.072551 -0.297073
v -0.025286 -0.071614 -0.296136
v 0.000001 -0.091281 -0.297206
v -0.023948 -0.072283 -0.296136
v -0.024349 -0.073220 -0.297206
v -0.022877 -0.073487 -0.297206
v -0.022610 -0.072417 -0.296136
v 0.000001 -0.073487 -0.297206
v 0.000001 -0.072417 -0.296136
v 0.022477 -0.072417 -0.296136
v 0.024350 -0.084860 -0.297206
v 0.022745 -0.073487 -0.297206
v 0.023815 -0.072283 -0.296136
v 0.024350 -0.091281 -0.297206
v 0.024216 -0.073220 -0.297206
v 0.025822 -0.091281 -0.296136
v 0.025822 -0.084860 -0.296136
v 0.025554 -0.072551 -0.297073
v 0.025153 -0.071614 -0.296136
v 0.034117 -0.064657 -0.295869
v 0.045087 -0.064791 -0.297073
v 0.045756 -0.065059 -0.295869
v 0.035588 -0.064791 -0.297073
v 0.035588 -0.063453 -0.295735
v 0.046425 -0.063453 -0.296939
v 0.037194 -0.063453 -0.296939
v 0.037060 -0.062249 -0.296002
v 0.047362 -0.063453 -0.295869
v 0.038666 -0.062249 -0.297474
v 0.038264 -0.060777 -0.297073
v 0.047496 -0.062249 -0.297474
v 0.048432 -0.062249 -0.296136
v 0.049502 -0.060777 -0.297073
v 0.039602 -0.060911 -0.298812
v 0.043750 -0.050877 -0.310050
v 0.048298 -0.060911 -0.298812
v 0.053784 -0.050877 -0.310050
v 0.045355 -0.050877 -0.311656
v 0.044285 -0.049941 -0.310853
v 0.053115 -0.050877 -0.311656
v 0.054185 -0.049941 -0.310853
v 0.046024 -0.045526 -0.310853
v 0.047094 -0.047131 -0.312191
v 0.055523 -0.045526 -0.310853
v 0.054319 -0.047131 -0.312191
v 0.045890 -0.049941 -0.312191
v 0.048834 -0.048201 -0.312191
v 0.050707 -0.048603 -0.312191
v 0.053516 -0.049941 -0.312191
v 0.052713 -0.048201 -0.312191
v -0.052846 -0.048201 -0.312191
v -0.050839 -0.048603 -0.312191
v -0.050839 -0.048603 -0.315134
v -0.052846 -0.048201 -0.315134
v -0.054452 -0.047131 -0.312191
v -0.050839 -0.048201 -0.315536
v -0.052712 -0.047800 -0.315536
v -0.054452 -0.047131 -0.315134
v -0.054184 -0.046863 -0.315536
v -0.055254 -0.045258 -0.315536
v -0.055522 -0.045526 -0.315134
v -0.055522 -0.045526 -0.310853
v -0.055522 -0.043519 -0.315536
v -0.055923 -0.043519 -0.315134
v -0.055923 -0.043519 -0.282891
v -0.055522 -0.045526 -0.282891
v -0.054987 -0.045124 -0.282623
v -0.055388 -0.043519 -0.282623
v -0.055522 -0.041512 -0.315134
v -0.055254 -0.041646 -0.315536
v -0.054184 -0.040174 -0.315536
v -0.055522 -0.041512 -0.282891
v -0.055121 -0.041779 -0.282623
v -0.054452 -0.039906 -0.315134
v -0.052712 -0.039104 -0.315536
v -0.054452 -0.039906 -0.282891
v -0.054050 -0.040308 -0.282623
v -0.052846 -0.038836 -0.315134
v -0.050839 -0.038836 -0.315536
v -0.052579 -0.039371 -0.282623
v -0.050839 -0.038435 -0.315134
v -0.052846 -0.038836 -0.282891
v -0.049100 -0.039104 -0.315536
v -0.050839 -0.038435 -0.282891
v -0.050839 -0.038970 -0.282623
v -0.048966 -0.038836 -0.315134
v -0.048966 -0.038836 -0.282891
v -0.049100 -0.039371 -0.282623
v -0.047227 -0.039906 -0.315134
v -0.047495 -0.040174 -0.315536
v -0.046558 -0.041646 -0.315536
v -0.047227 -0.039906 -0.282891
v -0.047628 -0.040308 -0.282623
v -0.046157 -0.041512 -0.315134
v -0.046157 -0.043519 -0.315536
v -0.046157 -0.041512 -0.282891
v -0.046692 -0.041779 -0.282623
v -0.046290 -0.043519 -0.282623
v -0.045755 -0.043519 -0.315134
v -0.045755 -0.043519 -0.282891
v -0.046692 -0.044723 -0.282490
v -0.046157 -0.045526 -0.282891
v -0.046157 -0.045526 -0.310853
v -0.046157 -0.045526 -0.315134
v -0.046558 -0.045258 -0.315536
v -0.047227 -0.047131 -0.312191
v -0.047227 -0.047131 -0.315134
v -0.047495 -0.046863 -0.315536
v -0.048832 -0.048201 -0.312191
v -0.048966 -0.047800 -0.315536
v -0.048832 -0.048201 -0.315134
v -0.050839 -0.048603 -0.312191
v -0.050839 -0.048201 -0.315536
v -0.050839 -0.048603 -0.315134
v 0.070106 -0.221191 -0.340287
v 0.070106 -0.257314 -0.184021
v 0.070106 -0.257314 -0.340287
v 0.070106 -0.256511 -0.180141
v 0.070106 -0.254370 -0.176796
v 0.070106 -0.251026 -0.174656
v 0.070106 -0.247146 -0.173853
v 0.070106 -0.221191 -0.173853
v 0.053918 -0.205002 -0.173853
v 0.053918 -0.205002 -0.340287
v -0.070239 -0.221191 -0.340287
v -0.070239 -0.257314 -0.340287
v -0.070239 -0.257314 -0.184021
v -0.070239 -0.256511 -0.180141
v -0.070239 -0.254370 -0.176796
v -0.070239 -0.251026 -0.174656
v -0.070239 -0.247146 -0.173853
v -0.070239 -0.221191 -0.173853
v -0.054050 -0.205002 -0.173853
v -0.054050 -0.205002 -0.340287
v -0.046290 -0.043519 -0.282623
v -0.046692 -0.044723 -0.282490
v -0.046692 -0.041779 -0.282623
v -0.047628 -0.040308 -0.282623
v -0.049100 -0.039371 -0.282623
v -0.050839 -0.038970 -0.282623
v -0.052579 -0.039371 -0.282623
v -0.054050 -0.040308 -0.282623
v -0.055121 -0.041779 -0.282623
v -0.055388 -0.043519 -0.282623
v -0.054987 -0.045124 -0.282623
v 0.046158 -0.043519 -0.282623
v 0.046559 -0.041779 -0.282623
v 0.046559 -0.044723 -0.282490
v 0.047496 -0.040308 -0.282623
v 0.048967 -0.039371 -0.282623
v 0.050707 -0.038970 -0.282623
v 0.052446 -0.039371 -0.282623
v 0.053918 -0.040308 -0.282623
v 0.054988 -0.041779 -0.282623
v 0.055255 -0.043519 -0.282623
v 0.054854 -0.045124 -0.282623
v 0.050439 -0.081916 -0.220278
v 0.049502 -0.083120 -0.217201
v 0.000001 -0.081916 -0.220278
v 0.000001 -0.083120 -0.217334
v 0.056861 -0.086465 -0.217067
v 0.000001 -0.105463 -0.199942
v 0.054988 -0.086866 -0.214391
v 0.060473 -0.097703 -0.208772
v 0.058199 -0.096901 -0.206631
v 0.053650 -0.108139 -0.201146
v 0.052178 -0.105463 -0.199942
v 0.000001 -0.108139 -0.201146
v 0.000001 -0.083120 -0.217334
v -0.049635 -0.083120 -0.217201
v 0.000001 -0.081916 -0.220278
v -0.050572 -0.081916 -0.220278
v -0.056994 -0.086465 -0.217067
v 0.000001 -0.105463 -0.199942
v -0.055121 -0.086866 -0.214391
v -0.060606 -0.097703 -0.208772
v -0.058331 -0.096901 -0.206631
v -0.053783 -0.108139 -0.201146
v -0.052311 -0.105463 -0.199942
v 0.000001 -0.108139 -0.201146
v 0.134592 -0.145867 -0.339484
v 0.129776 -0.141185 -0.330788
v 0.129776 -0.141185 -0.415610
v 0.129776 -0.146135 -0.328246
v 0.134592 -0.145867 -0.406914
v 0.134592 -0.150818 -0.336942
v 0.129776 -0.146135 -0.418152
v 0.129776 -0.209283 -0.370389
v 0.134592 -0.150818 -0.409456
v 0.134592 -0.200988 -0.370389
v 0.129776 -0.209283 -0.376142
v 0.134592 -0.200988 -0.376142
v 0.134592 -0.200988 -0.376142
v 0.134592 -0.194700 -0.376142
v 0.134592 -0.154697 -0.402766
v 0.134592 -0.194700 -0.370523
v 0.134592 -0.150818 -0.409456
v 0.134592 -0.200988 -0.370389
v 0.134592 -0.149747 -0.400224
v 0.134592 -0.154697 -0.343765
v 0.134592 -0.145867 -0.406914
v 0.134592 -0.150818 -0.336942
v 0.134592 -0.145867 -0.339484
v 0.134592 -0.149747 -0.346173
v 0.012577 -0.139178 -0.461633
v 0.013112 -0.137840 -0.461366
v 0.011908 -0.137439 -0.460697
v 0.013513 -0.137840 -0.461500
v 0.011239 -0.138777 -0.460964
v 0.013112 -0.139312 -0.461767
v 0.011640 -0.137305 -0.460563
v 0.013647 -0.139312 -0.461767
v 0.010837 -0.138643 -0.460697
v 0.013915 -0.137840 -0.461500
v 0.010570 -0.138375 -0.460295
v 0.014316 -0.139178 -0.461500
v 0.011506 -0.137171 -0.460295
v 0.014450 -0.137706 -0.461232
v 0.010436 -0.137974 -0.459760
v 0.035588 -0.133157 -0.452536
v 0.011373 -0.136770 -0.459894
v 0.034652 -0.132087 -0.452669
v 0.010436 -0.125398 -0.440495
v 0.035321 -0.131953 -0.452268
v 0.011373 -0.124729 -0.441431
v 0.036257 -0.133024 -0.452134
v 0.011506 -0.124595 -0.441164
v 0.035455 -0.131819 -0.452134
v 0.010570 -0.124996 -0.440093
v 0.036525 -0.132756 -0.451867
v 0.011640 -0.124461 -0.441030
v 0.036525 -0.132355 -0.451198
v 0.010837 -0.124862 -0.439692
v 0.035455 -0.131552 -0.451733
v 0.011105 -0.124729 -0.439424
v 0.035455 -0.130080 -0.449726
v 0.011908 -0.124327 -0.440762
v 0.036525 -0.130883 -0.449057
v 0.012710 -0.124194 -0.438755
v 0.035455 -0.129946 -0.449325
v 0.013246 -0.123926 -0.440093
v 0.036525 -0.130615 -0.448522
v 0.013112 -0.124060 -0.438622
v 0.036257 -0.130482 -0.448254
v 0.013513 -0.123792 -0.439960
v 0.035321 -0.129813 -0.449191
v 0.013513 -0.124060 -0.438622
v 0.035588 -0.130214 -0.447853
v 0.013781 -0.123792 -0.439960
v 0.034786 -0.129679 -0.448923
v 0.014182 -0.124194 -0.438755
v 0.014316 -0.123926 -0.440093
v 0.014851 -0.133960 -0.456683
v 0.015520 -0.133024 -0.456549
v 0.014717 -0.133826 -0.456549
v 0.014985 -0.133960 -0.456817
v 0.015386 -0.132890 -0.456416
v 0.015654 -0.133024 -0.456683
v 0.014717 -0.126736 -0.445712
v 0.015788 -0.134228 -0.457352
v 0.015520 -0.126468 -0.446649
v 0.016323 -0.133291 -0.456951
v 0.015520 -0.126468 -0.446515
v 0.016055 -0.134361 -0.457352
v 0.014851 -0.126602 -0.445579
v 0.016457 -0.133291 -0.457085
v 0.014985 -0.126468 -0.445445
v 0.016323 -0.134361 -0.457352
v 0.015654 -0.126334 -0.446381
v 0.016590 -0.133291 -0.457085
v 0.015788 -0.126200 -0.445044
v 0.028230 -0.131017 -0.452268
v 0.016323 -0.126067 -0.446114
v 0.027427 -0.130348 -0.452402
v 0.016055 -0.126200 -0.444910
v 0.027695 -0.130214 -0.452268
v 0.016457 -0.126067 -0.445980
v 0.028498 -0.130883 -0.452001
v 0.016323 -0.126200 -0.444910
v 0.028631 -0.130749 -0.451733
v 0.016590 -0.126067 -0.445980
v 0.027829 -0.130080 -0.452134
v 0.028498 -0.129545 -0.450127
v 0.028631 -0.129946 -0.450663
v 0.027695 -0.129144 -0.450663
v 0.027829 -0.129411 -0.451064
v 0.027695 -0.129277 -0.450796
v 0.028498 -0.129679 -0.450261
v -0.013245 -0.137840 -0.461366
v -0.012709 -0.139178 -0.461633
v -0.012040 -0.137439 -0.460697
v -0.013512 -0.137840 -0.461500
v -0.011372 -0.138777 -0.460964
v -0.013245 -0.139312 -0.461767
v -0.011773 -0.137305 -0.460563
v -0.013780 -0.139312 -0.461767
v -0.010970 -0.138643 -0.460697
v -0.014047 -0.137840 -0.461500
v -0.010703 -0.138375 -0.460295
v -0.014449 -0.139178 -0.461500
v -0.011639 -0.137171 -0.460295
v -0.014449 -0.137706 -0.461232
v -0.010569 -0.137974 -0.459760
v -0.035587 -0.133157 -0.452536
v -0.011505 -0.136770 -0.459894
v -0.034785 -0.132087 -0.452669
v -0.010569 -0.125398 -0.440495
v -0.035454 -0.131953 -0.452268
v -0.011505 -0.124729 -0.441431
v -0.036390 -0.133024 -0.452134
v -0.011639 -0.124595 -0.441164
v -0.035587 -0.131819 -0.452134
v -0.010703 -0.124996 -0.440093
v -0.036524 -0.132756 -0.451867
v -0.011773 -0.124461 -0.441030
v -0.036658 -0.132355 -0.451198
v -0.010836 -0.124862 -0.439692
v -0.035587 -0.131552 -0.451733
v -0.011238 -0.124729 -0.439424
v -0.035587 -0.130080 -0.449726
v -0.012040 -0.124327 -0.440762
v -0.036658 -0.130883 -0.449057
v -0.012709 -0.124194 -0.438755
v -0.035587 -0.129946 -0.449325
v -0.013378 -0.123926 -0.440093
v -0.036524 -0.130615 -0.448522
v -0.013245 -0.124060 -0.438622
v -0.036390 -0.130482 -0.448254
v -0.013646 -0.123792 -0.439960
v -0.035454 -0.129813 -0.449191
v -0.013646 -0.124060 -0.438622
v -0.035721 -0.130214 -0.447853
v -0.013914 -0.123792 -0.439960
v -0.034918 -0.129679 -0.448923
v -0.014315 -0.124194 -0.438755
v -0.014315 -0.123926 -0.440093
v -0.015653 -0.133024 -0.456549
v -0.014984 -0.133960 -0.456683
v -0.014850 -0.133826 -0.456549
v -0.015118 -0.133960 -0.456817
v -0.015519 -0.132890 -0.456416
v -0.016054 -0.133157 -0.456817
v -0.014850 -0.126736 -0.445712
v -0.015920 -0.134228 -0.457352
v -0.015519 -0.126468 -0.446649
v -0.016188 -0.134361 -0.457352
v -0.015653 -0.126468 -0.446515
v -0.016589 -0.133291 -0.457085
v -0.014984 -0.126602 -0.445579
v -0.016456 -0.134361 -0.457352
v -0.015118 -0.126468 -0.445445
v -0.016723 -0.133291 -0.457085
v -0.015787 -0.126334 -0.446381
v -0.028363 -0.131017 -0.452268
v -0.015920 -0.126200 -0.445044
v -0.027560 -0.130348 -0.452402
v -0.016456 -0.126067 -0.446114
v -0.027828 -0.130214 -0.452268
v -0.016188 -0.126200 -0.444910
v -0.028630 -0.130883 -0.452001
v -0.016589 -0.126067 -0.445980
v -0.028764 -0.130749 -0.451733
v -0.016456 -0.126200 -0.444910
v -0.027828 -0.130080 -0.452134
v -0.016723 -0.126067 -0.445980
v -0.028764 -0.129946 -0.450663
v -0.028497 -0.129545 -0.450127
v -0.027828 -0.129411 -0.451064
v -0.027828 -0.129144 -0.450663
v -0.027828 -0.129277 -0.450796
v -0.028630 -0.129679 -0.450261
v -0.116396 -0.195637 -0.388183
v -0.116396 -0.194968 -0.388718
v -0.119072 -0.194031 -0.385507
v -0.116396 -0.194031 -0.388585
v -0.119072 -0.194567 -0.385106
v -0.116396 -0.197376 -0.385775
v -0.119072 -0.193095 -0.385374
v -0.116262 -0.191088 -0.387782
v -0.119072 -0.195102 -0.384303
v -0.116396 -0.199383 -0.381226
v -0.119072 -0.190285 -0.384705
v -0.119072 -0.196841 -0.380423
v -0.119072 -0.197109 -0.379487
v -0.116396 -0.200186 -0.378417
v -0.119072 -0.197109 -0.378818
v -0.116396 -0.200186 -0.377480
v -0.116396 -0.199517 -0.376945
v -0.119072 -0.196440 -0.378283
v -0.116262 -0.196975 -0.375072
v -0.119072 -0.194165 -0.376410
v -0.119072 -0.194299 -0.370924
v -0.116262 -0.197109 -0.370791
v -0.119072 -0.186405 -0.376410
v -0.119072 -0.194031 -0.366643
v -0.116262 -0.196707 -0.366242
v -0.116262 -0.195904 -0.361961
v -0.119072 -0.187074 -0.373600
v -0.119072 -0.187074 -0.367981
v -0.118670 -0.185469 -0.376008
v -0.119072 -0.187342 -0.370791
v -0.118670 -0.186138 -0.373466
v -0.118670 -0.186272 -0.370791
v -0.118670 -0.186138 -0.368115
v -0.118670 -0.185469 -0.365573
v -0.119072 -0.185201 -0.378952
v -0.118670 -0.184265 -0.378417
v -0.119072 -0.186405 -0.365305
v -0.118670 -0.184265 -0.363165
v -0.119072 -0.183596 -0.381226
v -0.118670 -0.182793 -0.380557
v -0.119072 -0.185201 -0.362629
v -0.119072 -0.181589 -0.383233
v -0.118670 -0.182793 -0.361024
v -0.118670 -0.180920 -0.382564
v -0.119072 -0.186138 -0.388451
v -0.116262 -0.187743 -0.390725
v -0.116262 -0.184131 -0.393267
v -0.119072 -0.179181 -0.384972
v -0.118670 -0.178646 -0.384036
v -0.118670 -0.176237 -0.385106
v -0.119072 -0.182659 -0.390993
v -0.116262 -0.180251 -0.395408
v -0.119072 -0.176639 -0.386176
v -0.118670 -0.173695 -0.385775
v -0.119072 -0.177709 -0.393535
v -0.119072 -0.173963 -0.386845
v -0.119072 -0.171153 -0.387113
v -0.118670 -0.171153 -0.386043
v -0.119072 -0.177308 -0.396478
v -0.116396 -0.179984 -0.398485
v -0.119072 -0.168210 -0.386845
v -0.118670 -0.168478 -0.385909
v -0.118670 -0.165936 -0.385240
v -0.119072 -0.177040 -0.397281
v -0.116396 -0.179716 -0.399421
v -0.116396 -0.179047 -0.399823
v -0.119072 -0.176505 -0.397682
v -0.116396 -0.176104 -0.400492
v -0.119072 -0.175569 -0.397950
v -0.119072 -0.171421 -0.398217
v -0.116396 -0.171287 -0.401027
v -0.119072 -0.168611 -0.394337
v -0.119072 -0.170485 -0.398217
v -0.116396 -0.168344 -0.400759
v -0.119072 -0.169414 -0.397147
v -0.119072 -0.169816 -0.397950
v -0.116396 -0.167541 -0.400492
v -0.116396 -0.167140 -0.399689
v -0.116262 -0.166337 -0.396612
v -0.119072 -0.163394 -0.392732
v -0.116262 -0.162323 -0.395274
v -0.119072 -0.165668 -0.386176
v -0.118670 -0.163394 -0.384036
v -0.119072 -0.159112 -0.390725
v -0.116262 -0.157908 -0.393267
v -0.119072 -0.162859 -0.384838
v -0.116262 -0.154296 -0.390993
v -0.119072 -0.160584 -0.383233
v -0.118670 -0.161253 -0.382564
v -0.118670 -0.159380 -0.380691
v -0.119072 -0.154564 -0.387916
v -0.119072 -0.158577 -0.381226
v -0.119072 -0.156972 -0.378952
v -0.118670 -0.157908 -0.378417
v -0.119072 -0.151888 -0.388986
v -0.116396 -0.151486 -0.392331
v -0.119072 -0.155768 -0.376410
v -0.118670 -0.156704 -0.376008
v -0.119072 -0.151085 -0.389253
v -0.116396 -0.150684 -0.392598
v -0.116396 -0.149881 -0.392197
v -0.119072 -0.150416 -0.388852
v -0.116396 -0.147874 -0.390056
v -0.119072 -0.149747 -0.388183
v -0.116396 -0.145065 -0.386043
v -0.119072 -0.149346 -0.380423
v -0.119072 -0.147339 -0.384838
v -0.119072 -0.146938 -0.383902
v -0.116396 -0.143727 -0.383367
v -0.119072 -0.147339 -0.382564
v -0.119072 -0.146938 -0.383233
v -0.116396 -0.143593 -0.382430
v -0.116396 -0.144128 -0.381761
v -0.116262 -0.146269 -0.379487
v -0.119072 -0.148142 -0.374938
v -0.116262 -0.145466 -0.375206
v -0.119072 -0.155099 -0.373600
v -0.118670 -0.156035 -0.373466
v -0.119072 -0.147740 -0.370657
v -0.116262 -0.145065 -0.370791
v -0.119072 -0.154831 -0.370791
v -0.118670 -0.155768 -0.370791
v -0.116262 -0.145198 -0.366376
v -0.118670 -0.156035 -0.368249
v -0.119072 -0.155099 -0.367981
v -0.118670 -0.156704 -0.365573
v -0.119072 -0.148008 -0.365038
v -0.119072 -0.155768 -0.365305
v -0.118670 -0.157908 -0.363165
v -0.119072 -0.145734 -0.363298
v -0.116396 -0.142523 -0.364636
v -0.119072 -0.156972 -0.362763
v -0.119072 -0.145065 -0.362629
v -0.116396 -0.141987 -0.363967
v -0.116396 -0.141987 -0.363165
v -0.119072 -0.145065 -0.361961
v -0.116396 -0.142790 -0.360221
v -0.119072 -0.145332 -0.361024
v -0.119072 -0.147071 -0.357278
v -0.116396 -0.144797 -0.355806
v -0.119072 -0.151888 -0.356743
v -0.119072 -0.147607 -0.356475
v -0.116396 -0.146536 -0.353398
v -0.119072 -0.158577 -0.360355
v -0.118670 -0.159380 -0.361024
v -0.119072 -0.148142 -0.356074
v -0.116396 -0.147205 -0.352863
v -0.116396 -0.148008 -0.352863
v -0.119072 -0.149078 -0.356074
v -0.116262 -0.151085 -0.353666
v -0.119072 -0.160584 -0.358348
v -0.118670 -0.161253 -0.359151
v -0.119072 -0.156035 -0.352997
v -0.116262 -0.154296 -0.350856
v -0.116262 -0.158042 -0.348180
v -0.119072 -0.162992 -0.356743
v -0.118670 -0.163394 -0.357679
v -0.118670 -0.165802 -0.356475
v -0.119072 -0.159514 -0.350455
v -0.116262 -0.161922 -0.346173
v -0.119072 -0.165534 -0.355539
v -0.118670 -0.168478 -0.355806
v -0.119072 -0.164464 -0.347913
v -0.119072 -0.168210 -0.354870
v -0.119072 -0.171020 -0.354602
v -0.118670 -0.171020 -0.355539
v -0.119072 -0.164865 -0.344969
v -0.116396 -0.162190 -0.342962
v -0.119072 -0.173829 -0.354870
v -0.118670 -0.173695 -0.355806
v -0.119072 -0.165133 -0.344167
v -0.116396 -0.162323 -0.342160
v -0.116396 -0.163126 -0.341625
v -0.119072 -0.165668 -0.343765
v -0.116396 -0.166069 -0.340956
v -0.119072 -0.166605 -0.343631
v -0.119072 -0.170752 -0.343230
v -0.116396 -0.170886 -0.340554
v -0.119072 -0.173562 -0.347110
v -0.119072 -0.171689 -0.343230
v -0.116396 -0.173829 -0.340688
v -0.119072 -0.172759 -0.344300
v -0.119072 -0.172358 -0.343631
v -0.116396 -0.174632 -0.341089
v -0.116396 -0.175033 -0.341892
v -0.116262 -0.175836 -0.344969
v -0.119072 -0.178913 -0.348849
v -0.116262 -0.179984 -0.346307
v -0.116262 -0.184131 -0.348180
v -0.119072 -0.176639 -0.355539
v -0.118670 -0.176237 -0.356475
v -0.119072 -0.182793 -0.350588
v -0.116262 -0.187743 -0.350455
v -0.119072 -0.179181 -0.356743
v -0.118670 -0.178646 -0.357679
v -0.118670 -0.180920 -0.359151
v -0.119072 -0.181589 -0.358348
v -0.119072 -0.187610 -0.353666
v -0.119072 -0.183596 -0.360355
v -0.119072 -0.190285 -0.352461
v -0.116396 -0.190687 -0.349117
v -0.119072 -0.192827 -0.361158
v -0.119072 -0.191088 -0.352328
v -0.116396 -0.191489 -0.348983
v -0.116396 -0.192292 -0.349384
v -0.119072 -0.191757 -0.352595
v -0.116396 -0.194299 -0.351525
v -0.119072 -0.192292 -0.353264
v -0.119072 -0.194834 -0.359017
v -0.119072 -0.194700 -0.356743
v -0.116396 -0.197109 -0.355539
v -0.116396 -0.198045 -0.359820
v -0.119072 -0.195236 -0.357545
v -0.116396 -0.198446 -0.358214
v -0.119072 -0.195236 -0.358214
v -0.116396 -0.198580 -0.359017
v 0.062614 -0.154296 -0.470330
v 0.064219 -0.153761 -0.469393
v 0.063818 -0.152958 -0.469661
v 0.065156 -0.152824 -0.468055
v 0.062212 -0.153493 -0.470463
v 0.060607 -0.154564 -0.470597
v 0.064888 -0.152022 -0.468323
v 0.065691 -0.151754 -0.466450
v 0.058734 -0.147473 -0.468724
v 0.060206 -0.153627 -0.470865
v 0.000001 -0.154430 -0.470731
v 0.065290 -0.150951 -0.466717
v 0.065691 -0.150818 -0.464978
v 0.059804 -0.146670 -0.467386
v 0.056995 -0.148008 -0.469527
v 0.065290 -0.149881 -0.465112
v 0.065691 -0.128475 -0.430996
v 0.060339 -0.145600 -0.465781
v 0.058065 -0.146938 -0.468323
v 0.059002 -0.146135 -0.467119
v 0.065290 -0.127806 -0.431531
v 0.048834 -0.119912 -0.417884
v 0.060339 -0.144262 -0.463640
v 0.059403 -0.145198 -0.465781
v 0.048700 -0.119377 -0.418687
v 0.000001 -0.119912 -0.417884
v 0.060339 -0.125398 -0.435009
v 0.059537 -0.143593 -0.463239
v 0.000001 -0.118441 -0.424841
v 0.059537 -0.125398 -0.435411
v 0.046960 -0.118173 -0.423905
v 0.000001 -0.119377 -0.418687
v 0.046559 -0.118441 -0.424841
v 0.000001 -0.118173 -0.423905
v -0.048832 -0.119377 -0.418687
v -0.048966 -0.119912 -0.417884
v -0.047093 -0.118173 -0.423905
v -0.046692 -0.118441 -0.424841
v -0.065422 -0.127806 -0.431531
v -0.065690 -0.128475 -0.430996
v -0.059669 -0.125398 -0.435411
v -0.060472 -0.125398 -0.435009
v -0.059669 -0.143593 -0.463239
v -0.060472 -0.144262 -0.463640
v -0.065422 -0.149881 -0.465112
v -0.065824 -0.150818 -0.464978
v -0.059536 -0.145198 -0.465781
v -0.060472 -0.145600 -0.465781
v -0.065422 -0.150951 -0.466717
v -0.065824 -0.151754 -0.466450
v -0.059134 -0.146135 -0.467119
v -0.059937 -0.146670 -0.467386
v -0.065021 -0.152022 -0.468323
v -0.065289 -0.152824 -0.468055
v -0.058198 -0.146938 -0.468323
v -0.058867 -0.147473 -0.468724
v -0.063951 -0.152958 -0.469661
v -0.064352 -0.153761 -0.469393
v -0.062747 -0.154296 -0.470330
v -0.062345 -0.153493 -0.470463
v -0.060740 -0.154564 -0.470597
v -0.057127 -0.148008 -0.469527
v -0.060338 -0.153627 -0.470865
v -0.056592 -0.147473 -0.468992
v -0.054987 -0.148276 -0.469794
v 0.000001 -0.153627 -0.470865
v -0.054585 -0.147607 -0.469259
v 0.000001 -0.148409 -0.469794
v 0.054854 -0.148276 -0.469794
v 0.000001 -0.147607 -0.469393
v 0.054453 -0.147607 -0.469259
v 0.056460 -0.147473 -0.468992
v -0.074252 -0.089542 -0.352194
v -0.080005 -0.084993 -0.345638
v -0.081076 -0.086064 -0.347110
v -0.077865 -0.084458 -0.344835
v -0.075323 -0.090479 -0.353666
v -0.081076 -0.133024 -0.416279
v -0.072246 -0.088873 -0.351391
v 0.077732 -0.084458 -0.344835
v -0.073717 -0.090479 -0.352194
v -0.074520 -0.091415 -0.353532
v -0.072112 -0.090077 -0.351525
v -0.074520 -0.129010 -0.408787
v 0.072113 -0.088873 -0.351391
v 0.071979 -0.090077 -0.351525
v 0.073585 -0.090479 -0.352194
v -0.075323 -0.128609 -0.409723
v -0.073316 -0.130214 -0.410526
v 0.074120 -0.089542 -0.352194
v 0.080006 -0.084993 -0.345638
v 0.080943 -0.086064 -0.347110
v -0.073851 -0.129813 -0.411462
v -0.079738 -0.134228 -0.418018
v -0.077062 -0.134763 -0.418821
v 0.075324 -0.090479 -0.353666
v 0.074387 -0.091415 -0.353532
v 0.080943 -0.133024 -0.416279
v 0.074387 -0.129010 -0.408787
v -0.071175 -0.130348 -0.412265
v -0.071041 -0.130615 -0.411195
v 0.070909 -0.130615 -0.411195
v 0.075324 -0.128609 -0.409723
v 0.073183 -0.130214 -0.410526
v 0.071043 -0.130348 -0.412265
v 0.076929 -0.134763 -0.418821
v 0.073852 -0.129813 -0.411462
v 0.079605 -0.134228 -0.418018
v -0.050839 -0.043519 -0.315536
v -0.046558 -0.041646 -0.315536
v -0.047495 -0.040174 -0.315536
v -0.049100 -0.039104 -0.315536
v -0.046157 -0.043519 -0.315536
v -0.050839 -0.038836 -0.315536
v -0.046558 -0.045258 -0.315536
v -0.052712 -0.039104 -0.315536
v -0.047495 -0.046863 -0.315536
v -0.054184 -0.040174 -0.315536
v -0.048966 -0.047800 -0.315536
v -0.055254 -0.041646 -0.315536
v -0.050839 -0.048201 -0.315536
v -0.055522 -0.043519 -0.315536
v -0.052712 -0.047800 -0.315536
v -0.055254 -0.045258 -0.315536
v -0.054184 -0.046863 -0.315536
v 0.050707 -0.043519 -0.315536
v 0.047362 -0.040174 -0.315536
v 0.046425 -0.041646 -0.315536
v 0.048967 -0.039104 -0.315536
v 0.046024 -0.043519 -0.315536
v 0.050707 -0.038836 -0.315536
v 0.046425 -0.045258 -0.315536
v 0.052580 -0.039104 -0.315536
v 0.047362 -0.046863 -0.315536
v 0.054051 -0.040174 -0.315536
v 0.048967 -0.047800 -0.315536
v 0.055122 -0.041646 -0.315536
v 0.050707 -0.048201 -0.315536
v 0.055389 -0.043519 -0.315536
v 0.052580 -0.047800 -0.315536
v 0.055122 -0.045258 -0.315536
v 0.054051 -0.046863 -0.315536
v -0.096461 -0.077902 -0.333731
v -0.097130 -0.078705 -0.334801
v -0.095659 -0.076297 -0.335738
v -0.088166 -0.073621 -0.329048
v -0.096461 -0.077234 -0.336541
v -0.097130 -0.143593 -0.431665
v -0.087899 -0.072417 -0.331189
v -0.086829 -0.073354 -0.328647
v -0.096060 -0.141319 -0.432735
v -0.096194 -0.144529 -0.433404
v -0.086427 -0.072016 -0.330788
v 0.086696 -0.073354 -0.328647
v -0.095257 -0.142389 -0.434340
v -0.087631 -0.148944 -0.440495
v 0.086294 -0.072016 -0.330788
v -0.087230 -0.146269 -0.440762
v -0.085624 -0.149346 -0.441164
v 0.087766 -0.072417 -0.331189
v 0.088034 -0.073621 -0.329048
v -0.083618 -0.071481 -0.341625
v 0.083485 -0.071481 -0.341625
v 0.095526 -0.076297 -0.335738
v 0.096329 -0.077902 -0.333731
v 0.096998 -0.078705 -0.334801
v 0.084823 -0.071748 -0.342026
v 0.096329 -0.077234 -0.336541
v 0.096998 -0.143593 -0.431665
v 0.089505 -0.073889 -0.345237
v 0.082682 -0.072016 -0.344033
v 0.096061 -0.141319 -0.432735
v 0.096195 -0.144529 -0.433404
v -0.084956 -0.071748 -0.342026
v 0.090308 -0.074825 -0.346173
v 0.095125 -0.142389 -0.434340
v 0.087499 -0.148944 -0.440495
v 0.090041 -0.134629 -0.433939
v -0.082815 -0.072016 -0.344033
v -0.089638 -0.073889 -0.345237
v -0.084287 -0.072283 -0.344434
v -0.081343 -0.074692 -0.347913
v -0.090307 -0.074825 -0.346173
v -0.087765 -0.074023 -0.346842
v -0.090173 -0.134629 -0.433939
v -0.088702 -0.074825 -0.347645
v -0.088300 -0.133291 -0.433404
v -0.082681 -0.075093 -0.348448
v -0.084287 -0.076029 -0.349786
v -0.080407 -0.076832 -0.348582
v -0.082280 -0.077234 -0.349384
v 0.080274 -0.076832 -0.348582
v -0.083216 -0.078304 -0.350856
v 0.081210 -0.074692 -0.347913
v -0.084956 -0.076832 -0.350990
v -0.084956 -0.126468 -0.423503
v -0.083216 -0.127137 -0.422166
v 0.084154 -0.072283 -0.344434
v -0.083751 -0.127806 -0.425510
v -0.081745 -0.128475 -0.424039
v 0.082548 -0.075093 -0.348448
v 0.082147 -0.077234 -0.349384
v 0.087632 -0.074023 -0.346842
v 0.084288 -0.076029 -0.349786
v 0.083084 -0.078304 -0.350856
v 0.088569 -0.074825 -0.347645
v 0.084823 -0.076832 -0.350990
v 0.083084 -0.127137 -0.422166
v 0.088168 -0.133291 -0.433404
v 0.084823 -0.126468 -0.423503
v 0.083619 -0.127806 -0.425510
v 0.081612 -0.128475 -0.424039
v 0.086963 -0.134495 -0.435277
v 0.082013 -0.128475 -0.426447
v 0.079204 -0.129010 -0.424841
v 0.088970 -0.135699 -0.435544
v 0.080006 -0.128876 -0.426982
v -0.079336 -0.129010 -0.424841
v 0.084823 -0.135298 -0.436347
v 0.085358 -0.137037 -0.437685
v 0.082816 -0.135566 -0.436882
v 0.087097 -0.146269 -0.440762
v 0.085492 -0.149346 -0.441164
v 0.083351 -0.137305 -0.438220
v 0.085090 -0.146670 -0.441431
v -0.085223 -0.146670 -0.441431
v -0.083484 -0.137305 -0.438220
v -0.085491 -0.137037 -0.437685
v -0.082949 -0.135566 -0.436882
v -0.089103 -0.135699 -0.435544
v -0.080139 -0.128876 -0.426982
v -0.087096 -0.134495 -0.435277
v -0.084956 -0.135298 -0.436347
v -0.082146 -0.128475 -0.426447
vn -0.0022 1.0000 -0.0051
vn -0.0443 0.9990 -0.0040
vn 0.0384 0.9993 -0.0038
vn 0.2823 -0.1826 -0.9418
vn 0.2830 -0.1837 -0.9413
vn 0.2850 -0.1811 -0.9413
vn 0.2836 -0.1809 -0.9417
vn -0.5116 0.8590 -0.0201
vn -0.5123 0.8585 -0.0204
vn -0.5122 0.8586 -0.0203
vn 0.0760 0.0216 -0.9969
vn 0.0785 0.0237 -0.9966
vn 0.0717 0.0208 -0.9972
vn 0.0771 0.0255 -0.9967
vn 0.6247 -0.4904 -0.6077
vn 0.6250 -0.4897 -0.6079
vn 0.6250 -0.4899 -0.6078
vn 0.6248 -0.4903 -0.6077
vn 0.0257 -0.3457 -0.9380
vn 0.0257 -0.3456 -0.9380
vn -0.0553 -0.6380 -0.7680
vn -0.0542 -0.6340 -0.7714
vn -0.0545 -0.6370 -0.7689
vn -0.0541 -0.6360 -0.7698
vn 0.0285 0.1617 -0.9864
vn 0.0286 0.1619 -0.9864
vn 0.0284 0.1617 -0.9864
vn 0.1130 -0.0506 -0.9923
vn 0.1129 -0.0506 -0.9923
vn -0.9704 -0.0310 -0.2393
vn -0.9705 -0.0316 -0.2389
vn -0.9706 -0.0318 -0.2387
vn -0.9704 -0.0307 -0.2395
vn -0.5076 0.3310 -0.7955
vn -0.5092 0.3305 -0.7947
vn -0.5081 0.3307 -0.7953
vn -0.5086 0.3305 -0.7951
vn -0.8128 -0.3183 -0.4879
vn -0.8167 -0.3137 -0.4843
vn -0.8155 -0.3149 -0.4856
vn -0.8130 -0.3181 -0.4877
vn -0.7669 -0.3583 0.5325
vn -0.7661 -0.3596 0.5327
vn -0.7973 -0.3282 0.5065
vn -0.7973 -0.3283 0.5065
vn -0.7688 0.3382 0.5427
vn -0.7002 0.3927 0.5963
vn -0.7059 0.3885 0.5923
vn -0.7705 0.3369 0.5411
vn -0.7356 0.3773 -0.5626
vn -0.7318 0.3804 -0.5655
vn -0.7744 0.3433 -0.5314
vn -0.7655 0.3510 -0.5393
vn -0.6417 0.7670 -0.0003
vn -0.6402 0.7682 -0.0000
vn -0.6478 0.7618 -0.0018
vn -0.6485 0.7612 -0.0019
vn -0.7576 0.3862 -0.5263
vn -0.7546 0.3865 -0.5303
vn -0.7555 0.3864 -0.5291
vn -0.7588 0.3860 -0.5246
vn -0.7708 -0.3547 0.5292
vn -0.7700 -0.3554 0.5299
vn -0.7701 -0.3554 0.5298
vn -0.7711 -0.3543 0.5290
vn -0.6852 -0.7284 -0.0043
vn -0.7372 -0.3684 -0.5664
vn -0.7353 -0.3702 -0.5677
vn -0.7556 -0.3624 -0.5457
vn -0.7577 -0.3615 -0.5433
vn -0.7680 0.3393 0.5432
vn -0.7696 0.3372 0.5423
vn -0.6995 0.3604 0.6171
vn -0.7013 0.3588 0.6160
vn -0.8368 -0.5475 0.0061
vn -0.8402 -0.5422 0.0075
vn -0.8129 -0.5824 -0.0034
vn -0.8091 -0.5877 -0.0048
vn -0.8370 0.2927 0.4624
vn -0.8375 0.2924 0.4617
vn -0.8375 0.2923 0.4616
vn -0.7815 -0.6239 -0.0026
vn -0.8113 -0.5846 -0.0088
vn -0.8093 -0.5873 -0.0080
vn -0.7824 -0.6228 -0.0019
vn -0.7970 0.6040 0.0002
vn -0.7979 0.6028 -0.0000
vn -0.7907 0.6122 0.0019
vn -0.7901 0.6129 0.0020
vn -0.8204 -0.0000 -0.5718
vn -0.8089 -0.2910 -0.5109
vn -0.8084 -0.2912 -0.5115
vn -0.8147 -0.3145 -0.4871
vn -0.8148 -0.3145 -0.4871
vn -0.7155 0.6986 -0.0071
vn -0.8386 -0.3269 0.4359
vn -0.8363 -0.3261 0.4407
vn -0.7157 0.6983 -0.0059
vn -0.7157 0.6984 -0.0058
vn -0.7150 0.6991 -0.0064
vn -0.7150 0.6991 -0.0060
vn -0.7954 0.3398 0.5019
vn -0.7958 0.3396 0.5014
vn -0.7987 0.3372 0.4983
vn -0.7988 0.3372 0.4982
vn -0.0315 -0.9995 -0.0040
vn -0.0314 -0.9995 -0.0039
vn -0.7786 -0.6275 -0.0005
vn -0.7785 -0.6277 -0.0005
vn -0.7832 -0.6217 -0.0000
vn -0.7835 -0.6214 -0.0000
vn -0.0302 -0.5664 0.8236
vn -0.0301 -0.5661 0.8238
vn -0.0301 -0.5664 0.8236
vn -0.8051 -0.5932 -0.0017
vn -0.8054 -0.5928 0.0002
vn -0.7822 -0.6231 -0.0012
vn -0.7826 -0.6225 -0.0000
vn -0.7150 0.6991 -0.0056
vn -0.7594 0.6505 0.0116
vn -0.7151 0.6990 -0.0057
vn 0.8155 -0.3149 -0.4856
vn 0.8167 -0.3137 -0.4843
vn 0.8128 -0.3183 -0.4879
vn 0.8130 -0.3181 -0.4876
vn 0.7971 -0.3278 0.5071
vn 0.7720 -0.3553 0.5271
vn 0.7717 -0.3583 0.5255
vn 0.7974 -0.3282 0.5064
vn 0.7661 0.3342 0.5490
vn 0.7906 0.3259 0.5184
vn 0.7143 0.3839 0.5852
vn 0.6860 0.3955 0.6107
vn 0.7356 0.3773 -0.5626
vn 0.7718 0.3463 -0.5333
vn 0.7682 0.3496 -0.5364
vn 0.7318 0.3804 -0.5655
vn 0.6287 0.7776 0.0119
vn 0.6286 0.7776 0.0120
vn 0.6286 0.7777 0.0120
vn 0.7555 0.3864 -0.5291
vn 0.7546 0.3865 -0.5303
vn 0.7576 0.3862 -0.5262
vn 0.7588 0.3860 -0.5246
vn 0.7708 -0.3547 0.5292
vn 0.7711 -0.3543 0.5290
vn 0.7701 -0.3554 0.5298
vn 0.7700 -0.3554 0.5299
vn 0.6764 -0.7365 -0.0000
vn 0.7579 -0.3609 -0.5435
vn 0.7577 -0.3615 -0.5433
vn 0.7556 -0.3624 -0.5457
vn 0.7353 -0.3702 -0.5677
vn 0.7680 0.3393 0.5432
vn 0.6906 0.3623 0.6260
vn 0.6995 0.3604 0.6171
vn 0.7696 0.3372 0.5423
vn 0.8359 -0.5488 0.0058
vn 0.8017 -0.5977 -0.0076
vn 0.8065 -0.5912 -0.0058
vn 0.8402 -0.5422 0.0075
vn 0.8521 0.2835 0.4400
vn 0.8519 0.2836 0.4402
vn 0.7746 -0.6319 -0.0244
vn 0.7746 -0.6319 -0.0245
vn 0.8014 -0.5981 -0.0081
vn 0.8034 -0.5953 -0.0089
vn 0.7894 0.6139 -0.0000
vn 0.8204 -0.0000 -0.5718
vn 0.8089 -0.2910 -0.5109
vn 0.8148 -0.3145 -0.4871
vn 0.8147 -0.3145 -0.4871
vn 0.8084 -0.2912 -0.5115
vn 0.7273 0.6862 0.0098
vn 0.7268 0.6867 0.0110
vn 0.7272 0.6863 0.0080
vn 0.7272 0.6864 0.0078
vn 0.8363 -0.3261 0.4407
vn 0.8386 -0.3269 0.4359
vn 0.7973 -0.3283 0.5065
vn 0.7265 0.6872 0.0057
vn 0.7274 0.6861 0.0101
vn 0.7279 0.6856 0.0077
vn 0.7264 0.6873 0.0057
vn 0.7911 0.3262 0.5175
vn 0.7908 0.3264 0.5177
vn 0.7909 0.3264 0.5177
vn 0.7911 0.3261 0.5175
vn 0.0087 -0.9999 -0.0146
vn 0.0066 -0.9999 -0.0113
vn 0.7747 -0.6319 -0.0244
vn 0.0230 -0.5752 0.8177
vn 0.0237 -0.5753 0.8176
vn 0.0188 -0.5735 0.8190
vn 0.0184 -0.5731 0.8193
vn 0.8017 -0.5977 -0.0056
vn 0.8010 -0.5986 -0.0058
vn 0.7248 0.6889 0.0098
vn 0.7255 0.6882 0.0097
vn 0.7237 0.6901 0.0065
vn 0.7239 0.6898 0.0061
vn 0.8801 0.2169 -0.4224
vn 0.6596 0.7516 -0.0000
vn 0.6555 -0.4215 0.6266
vn 0.6554 -0.4209 0.6272
vn 0.6525 -0.4219 0.6295
vn 0.6526 -0.4216 0.6295
vn 0.8801 0.2082 0.4267
vn 0.8801 0.2081 0.4268
vn 0.6380 -0.4240 -0.6428
vn 0.6377 -0.4241 -0.6430
vn 0.6378 -0.4241 -0.6429
vn 0.8405 -0.5419 -0.0000
vn -0.0000 0.4668 -0.8844
vn -0.0000 1.0000 -0.0000
vn -0.0000 -0.5378 -0.8431
vn -0.0326 0.4624 0.8861
vn -0.0292 -0.5656 0.8241
vn 0.9318 0.3617 -0.0307
vn -0.0000 0.0227 0.9997
vn -0.9327 0.3608 -0.0000
vn 0.0333 -0.3085 0.9506
vn 0.0834 -0.3153 0.9453
vn -0.0092 -0.3017 0.9534
vn -0.0489 -0.2948 0.9543
vn -0.0303 0.4606 0.8871
vn -0.0312 0.4612 0.8867
vn -0.0654 0.4386 0.8963
vn -0.0632 0.4373 0.8971
vn 0.0164 0.9988 -0.0467
vn 0.0315 0.9960 -0.0831
vn -0.0005 1.0000 0.0010
vn -0.0798 -0.3764 0.9230
vn -0.1514 -0.3382 0.9288
vn -0.0815 -0.3764 0.9229
vn -0.0361 -0.3910 0.9197
vn 0.0069 0.4840 0.8751
vn 0.0070 0.4841 0.8750
vn 0.0069 0.4839 0.8751
vn 0.0049 -0.0417 0.9991
vn -0.0000 -0.0425 0.9991
vn 0.0013 -0.0425 0.9991
vn 0.0063 -0.0412 0.9991
vn -0.0315 -0.9995 -0.0037
vn -0.0315 -0.9995 -0.0039
vn 0.0005 -0.0343 0.9994
vn -0.0653 0.0236 0.9976
vn -0.0002 0.0229 0.9997
vn -0.0036 -0.0249 0.9997
vn -0.0039 -0.2230 0.9748
vn -0.0063 -0.2230 0.9748
vn -0.0041 -0.2228 0.9749
vn -0.0045 -0.1765 0.9843
vn 0.1080 0.3605 -0.9265
vn -0.0000 0.4681 -0.8837
vn 0.0988 0.3686 -0.9243
vn 0.2047 0.2712 -0.9405
vn -0.9989 -0.0041 0.0461
vn -0.9989 -0.0046 0.0463
vn -0.9990 -0.0020 0.0451
vn -0.9990 -0.0013 0.0447
vn -0.0344 -0.9982 0.0483
vn 0.0168 -0.9998 -0.0067
vn -0.0036 0.3709 -0.9287
vn -0.0000 0.3408 -0.9401
vn 0.9945 0.0132 -0.1038
vn 0.9967 -0.0578 -0.0561
vn 0.9944 -0.0303 -0.1010
vn 0.9958 0.0455 -0.0789
vn -0.1191 -0.6774 -0.7259
vn -0.1202 -0.6777 -0.7255
vn -0.1199 -0.6775 -0.7257
vn -0.1193 -0.6774 -0.7259
vn -0.3880 0.2938 -0.8736
vn -0.3906 0.2942 -0.8723
vn -0.3883 0.2940 -0.8734
vn -0.3905 0.2942 -0.8723
vn 0.5900 -0.6725 -0.4468
vn 0.5923 -0.6703 -0.4471
vn 0.5946 -0.6680 -0.4474
vn 0.5878 -0.6747 -0.4465
vn 0.9855 -0.1548 0.0695
vn 0.3636 -0.1816 -0.9137
vn 0.3657 -0.1805 -0.9131
vn 0.3659 -0.1808 -0.9129
vn 0.3637 -0.1819 -0.9136
vn 1.0000 -0.0002 -0.0041
vn 1.0000 -0.0001 -0.0040
vn 1.0000 -0.0002 -0.0043
vn 0.0026 -0.4528 -0.8916
vn 0.0149 -0.4383 -0.8987
vn 0.0084 -0.4533 -0.8913
vn 0.0118 -0.4495 -0.8932
vn -0.0831 0.6088 0.7889
vn -0.0819 0.6081 0.7897
vn -0.0791 0.6062 0.7914
vn -0.0852 0.6102 0.7877
vn 0.1158 0.6756 0.7281
vn 0.1178 0.6762 0.7272
vn 0.1164 0.6759 0.7277
vn 0.1175 0.6762 0.7273
vn -0.4215 0.4968 0.7586
vn -0.4215 0.4969 0.7586
vn -0.4216 0.4967 0.7586
vn -0.4214 0.4970 0.7585
vn 0.0009 -0.3694 0.9293
vn 0.0007 -0.3696 0.9292
vn 0.0010 -0.3692 0.9294
vn -0.0005 0.4335 0.9011
vn -0.0008 0.4383 0.8988
vn 0.0003 0.4359 0.9000
vn -0.0003 0.4338 0.9010
vn 0.0183 -0.9998 -0.0064
vn 0.0177 -0.9998 -0.0070
vn 0.0186 -0.9998 -0.0049
vn 0.0161 -0.9998 -0.0071
vn 0.0004 1.0000 0.0009
vn 0.0002 1.0000 0.0004
vn 0.0001 1.0000 0.0003
vn 0.0965 -0.3702 0.9239
vn 0.0998 -0.3684 0.9243
vn 0.0974 -0.3699 0.9240
vn 0.0983 -0.3693 0.9241
vn -0.0085 0.3338 -0.9426
vn -0.0082 0.3339 -0.9426
vn -0.0070 0.3351 -0.9422
vn -0.0092 0.3363 -0.9417
vn -0.0314 0.4611 0.8868
vn -0.0313 0.4612 0.8868
vn -0.0315 0.4610 0.8868
vn 0.0279 -0.9996 -0.0044
vn 0.0279 -0.9996 -0.0045
vn -0.0013 -0.0425 0.9991
vn -0.0052 -0.0416 0.9991
vn -0.0066 -0.0411 0.9991
vn 0.0001 -0.0425 0.9991
vn -0.0009 -0.0339 0.9994
vn -0.0015 -0.0315 0.9995
vn -0.0010 -0.0291 0.9996
vn 0.0036 -0.0250 0.9997
vn 0.0432 0.8627 -0.5039
vn 0.0435 0.8628 -0.5036
vn 0.0433 0.8626 -0.5040
vn 0.0436 0.8628 -0.5036
vn 0.0648 -0.2470 0.9668
vn 0.0579 -0.2430 0.9683
vn 0.0602 -0.2461 0.9674
vn 0.0613 -0.2470 0.9671
vn -0.0329 0.4248 -0.9047
vn -0.0305 0.4219 -0.9061
vn -0.0349 0.4249 -0.9045
vn -0.0361 0.4264 -0.9038
vn 0.9951 0.0119 -0.0981
vn 0.9953 0.0090 -0.0960
vn 0.9952 0.0111 -0.0967
vn 0.9951 0.0118 -0.0979
vn -0.9930 0.0619 -0.1007
vn -0.9930 0.0613 -0.1007
vn -0.9930 0.0611 -0.1006
vn -0.9930 0.0621 -0.1007
vn 0.9993 -0.0353 0.0157
vn 0.0823 -0.6093 -0.7887
vn 0.0810 -0.6084 -0.7895
vn 0.0848 -0.6109 -0.7871
vn 0.0777 -0.6062 -0.7915
vn -0.0484 0.9827 0.1787
vn -0.0504 0.9827 0.1783
vn -0.0531 0.9821 0.1809
vn -0.0538 0.9820 0.1810
vn 0.0449 0.9855 0.1635
vn 0.0494 0.9848 0.1663
vn 0.0493 0.9849 0.1657
vn 0.0434 0.9855 0.1641
vn -0.0085 0.7181 0.6959
vn 0.0059 0.7647 0.6444
vn 0.0059 0.7646 0.6444
vn -0.6390 0.7692 -0.0000
vn -0.0024 1.0000 -0.0000
vn -0.0025 1.0000 -0.0000
vn 0.0080 0.7623 -0.6472
vn -0.0028 0.7364 -0.6766
vn -0.0024 0.7373 -0.6756
vn 0.0080 0.7621 -0.6474
vn 0.0054 0.7647 0.6444
vn 0.0055 0.7647 0.6443
vn 0.6286 0.7776 0.0116
vn 0.6286 0.7776 0.0115
vn 0.0025 1.0000 -0.0000
vn 0.0081 0.7622 -0.6473
vn 0.0079 0.7621 -0.6474
vn 0.0024 0.7372 -0.6756
vn 0.0028 0.7364 -0.6766
vn 0.7795 -0.5748 -0.2488
vn 0.7818 -0.5698 -0.2533
vn 0.7516 -0.6572 -0.0560
vn 0.7516 -0.6573 -0.0560
vn 0.7517 -0.6571 -0.0561
vn -0.2712 0.4810 -0.8337
vn -0.2709 0.4816 -0.8335
vn -0.1925 0.4971 -0.8460
vn -0.1926 0.4972 -0.8460
vn -0.0936 0.4603 -0.8828
vn -0.0935 0.4603 -0.8828
vn -0.0665 0.4140 -0.9079
vn -0.0671 0.4167 -0.9065
vn -0.0676 0.4049 -0.9118
vn -0.0678 0.4055 -0.9116
vn -0.4996 0.4666 0.7299
vn -0.4997 0.4666 0.7298
vn -0.1089 0.5354 0.8376
vn -0.1090 0.5351 0.8377
vn -0.0235 0.5265 0.8499
vn -0.0234 0.5265 0.8499
vn -0.0234 0.5265 0.8498
vn 0.1756 0.5325 0.8280
vn 0.2262 0.5291 0.8178
vn 0.5367 0.4584 0.7084
vn 0.5366 0.4585 0.7084
vn 0.6862 0.3953 0.6106
vn 0.6861 0.3954 0.6106
vn 0.9939 0.0583 0.0933
vn 0.9982 0.0237 0.0550
vn 1.0000 -0.0000 -0.0055
vn -0.9995 -0.0323 -0.0048
vn -0.9995 -0.0319 -0.0046
vn -0.9995 -0.0314 -0.0040
vn -0.9995 -0.0316 -0.0043
vn -0.9995 -0.0314 -0.0042
vn -0.9995 -0.0318 -0.0045
vn -0.9995 -0.0316 -0.0046
vn -0.9995 -0.0314 -0.0045
vn -0.9995 -0.0314 -0.0048
vn -0.9995 -0.0317 -0.0045
vn -0.9995 -0.0313 -0.0049
vn -0.9995 -0.0316 -0.0045
vn -0.7580 -0.3617 -0.5427
vn -0.7810 -0.3425 -0.5222
vn -0.7804 -0.3424 -0.5232
vn -0.7804 -0.3425 -0.5232
vn -0.8493 -0.1288 -0.5119
vn -0.8523 -0.0902 -0.5152
vn -0.8680 0.0527 -0.4938
vn -0.8729 0.0788 -0.4815
vn -0.8586 0.2704 -0.4355
vn -0.8496 0.3082 -0.4279
vn -0.8197 0.4354 -0.3722
vn -0.8072 0.4693 -0.3580
vn -0.7904 0.5098 -0.3398
vn -0.7890 0.5147 -0.3355
vn -0.7822 0.5217 -0.3405
vn -0.7820 0.5215 -0.3412
vn -0.7921 0.5116 -0.3330
vn -0.7931 0.5106 -0.3322
vn 0.4958 0.4678 0.7316
vn 0.4955 0.4679 0.7318
vn 0.1370 0.5427 0.8287
vn 0.0923 0.5363 0.8390
vn -0.0232 0.5264 0.8499
vn -0.0235 0.5264 0.8499
vn -0.0233 0.5264 0.8499
vn -0.1785 0.5322 0.8276
vn -0.2289 0.5288 0.8173
vn -0.5376 0.4581 0.7079
vn -0.5375 0.4582 0.7079
vn -0.7047 0.3903 0.5926
vn -0.7048 0.3902 0.5924
vn -0.9939 0.0583 0.0933
vn 1.0000 -0.0008 -0.0043
vn 1.0000 0.0001 -0.0049
vn 1.0000 -0.0001 -0.0051
vn 1.0000 0.0004 -0.0049
vn 1.0000 0.0008 -0.0044
vn 1.0000 0.0009 -0.0048
vn 1.0000 -0.0024 -0.0065
vn 1.0000 0.0011 -0.0058
vn 1.0000 0.0005 -0.0063
vn 1.0000 0.0009 -0.0049
vn 1.0000 0.0006 -0.0052
vn 1.0000 0.0002 -0.0051
vn 1.0000 0.0009 -0.0052
vn 1.0000 0.0002 -0.0050
vn 1.0000 0.0007 -0.0053
vn 1.0000 -0.0001 -0.0055
vn 0.7841 0.5202 -0.3384
vn 0.7844 0.5199 -0.3382
vn 0.7814 0.5227 -0.3409
vn 0.7813 0.5227 -0.3410
vn 0.7823 0.5206 -0.3420
vn 0.7839 0.5226 -0.3351
vn 0.8058 0.4719 -0.3576
vn 0.8170 0.4398 -0.3730
vn 0.8548 0.3099 -0.4164
vn 0.8606 0.2709 -0.4313
vn 0.8771 0.0508 -0.4777
vn 0.8670 0.0814 -0.4917
vn 0.8692 -0.0955 -0.4851
vn 0.8426 -0.1313 -0.5223
vn 0.7807 -0.3366 -0.5265
vn 0.7807 -0.3365 -0.5266
vn 0.7617 -0.3584 -0.5398
vn 0.7611 -0.3592 -0.5401
vn -0.0063 -0.0001 -1.0000
vn -0.0063 -0.0000 -1.0000
vn -0.0039 -0.2398 -0.9708
vn -0.0069 -0.4916 -0.8708
vn -0.0073 -0.5345 -0.8452
vn -0.0031 -0.5357 -0.8444
vn -0.0000 -0.5351 -0.8448
vn 0.0049 -0.5419 -0.8405
vn -0.0006 -0.5372 -0.8435
vn -0.0005 -0.5371 -0.8435
vn 0.0020 -0.5366 -0.8439
vn 0.0023 -0.5371 -0.8435
vn 0.7907 0.5496 -0.2697
vn 0.7927 0.5465 -0.2699
vn 0.8689 0.4448 -0.2172
vn 0.8689 0.4448 -0.2170
vn 0.9819 0.1709 -0.0815
vn 0.9985 0.0222 -0.0494
vn 0.9992 -0.0354 0.0158
vn 0.9794 -0.1861 0.0784
vn 0.9795 -0.1854 0.0783
vn 0.8691 -0.4458 0.2143
vn 0.8692 -0.4457 0.2142
vn 0.7875 -0.5586 0.2607
vn 0.7894 -0.5553 0.2615
vn 0.0436 -0.5725 -0.8188
vn 0.0447 -0.5720 -0.8190
vn 0.0456 -0.6912 -0.7212
vn 0.0420 -0.6933 -0.7194
vn 0.0481 -0.8797 -0.4732
vn 0.0465 -0.8795 -0.4737
vn 0.0438 -0.9848 -0.1683
vn 0.0417 -0.9847 -0.1692
vn 0.0131 -0.9999 -0.0041
vn 0.0268 -0.4133 -0.9102
vn 0.0252 -0.4133 -0.9103
vn 0.0270 -0.4115 -0.9110
vn 0.0267 -0.4111 -0.9112
vn 0.0267 -0.4103 -0.9116
vn 0.0263 -0.4098 -0.9118
vn -0.0169 -0.4135 -0.9104
vn -0.0166 -0.4133 -0.9105
vn 0.0450 0.2885 0.9564
vn 0.0450 0.2887 0.9564
vn 0.0444 0.1286 0.9907
vn 0.0425 0.1286 0.9908
vn 0.0457 -0.1770 0.9832
vn 0.0438 -0.4734 0.8798
vn 0.0472 -0.4780 0.8771
vn 0.0427 0.1317 0.9904
vn 0.0428 0.1316 0.9904
vn 0.0480 0.4707 0.8810
vn 0.0480 0.4706 0.8811
vn 0.0473 0.4676 0.8827
vn 0.0457 0.4617 0.8859
vn -0.0010 0.4320 0.9019
vn -0.0323 0.4627 0.8859
vn -0.0000 -0.4729 0.8811
vn -0.0000 -0.1851 0.9827
vn -0.0000 0.1396 0.9902
vn -0.0000 0.4437 0.8962
vn -0.0000 0.6866 0.7271
vn -0.0000 0.8817 0.4719
vn -0.0000 0.9847 0.1743
vn 0.0319 0.9962 -0.0813
vn -0.0020 0.9435 -0.3314
vn -0.0000 0.9608 -0.2774
vn -0.0033 0.9411 -0.3381
vn -0.0000 0.8529 -0.5221
vn -0.0000 0.8376 -0.5463
vn -0.0000 0.6814 -0.7319
vn -0.0000 0.8051 -0.5932
vn -0.0000 0.4777 -0.8785
vn 0.0337 0.1610 -0.9864
vn 0.0336 0.1610 -0.9864
vn -0.0000 -0.1349 -0.9909
vn -0.0171 -0.4148 -0.9097
vn -0.0000 -0.6975 -0.7166
vn -0.0000 -0.8817 -0.4719
vn -0.0039 -0.9774 -0.2115
vn -0.0039 -0.9774 -0.2114
vn -0.0040 -0.9967 0.0814
vn -0.0039 -0.9967 0.0815
vn -0.0000 -0.9443 0.3291
vn -0.0040 -0.9649 0.2627
vn -0.0000 -0.9434 0.3316
vn -0.0000 -0.8462 0.5328
vn -0.0000 -0.8507 0.5257
vn -0.0000 -0.6821 0.7312
vn -0.0000 -0.8051 0.5932
vn -0.0000 -0.4736 0.8807
vn 0.7071 -0.7071 -0.0000
vn 0.7071 -0.7071 -0.0007
vn 0.7071 -0.7071 -0.0008
vn 0.7137 -0.6575 0.2414
vn 0.7138 -0.6573 0.2417
vn 0.7136 -0.5086 0.4818
vn 0.7138 -0.5082 0.4819
vn 0.7144 -0.2534 0.6522
vn 0.7119 -0.2580 0.6532
vn 0.7085 -0.0065 0.7057
vn 0.7085 -0.0064 0.7057
vn 0.7085 -0.0048 0.7057
vn 0.7149 0.2428 0.6557
vn 0.7150 0.2435 0.6553
vn 0.7142 0.4807 0.5087
vn 0.7142 0.4808 0.5086
vn 0.7144 0.6478 0.2645
vn 0.7137 0.6489 0.2639
vn 0.7255 0.6882 0.0050
vn 0.7255 0.6882 0.0051
vn 0.7266 0.6870 0.0061
vn 0.7623 0.6472 -0.0062
vn 0.7627 0.6468 -0.0058
vn 0.7931 0.6090 -0.0005
vn 0.8779 0.4436 -0.1806
vn 0.8900 0.3948 -0.2283
vn 0.9058 0.2440 -0.3463
vn 0.9057 0.2437 -0.3470
vn 0.8721 0.0503 -0.4868
vn 0.8680 0.0108 -0.4964
vn 0.8678 0.0092 -0.4968
vn 0.8679 0.0086 -0.4967
vn 0.8648 -0.0918 -0.4937
vn 0.8679 -0.0909 -0.4883
vn 0.8601 -0.2090 -0.4654
vn 0.8602 -0.2089 -0.4653
vn 0.8363 -0.3073 -0.4541
vn 0.8357 -0.3082 -0.4545
vn 0.8153 -0.3169 -0.4846
vn 0.8202 -0.3440 -0.4571
vn 0.8446 -0.4104 -0.3438
vn 0.8432 -0.4372 -0.3129
vn 0.8340 -0.5228 -0.1766
vn 0.8340 -0.5228 -0.1765
vn 0.8351 -0.5501 0.0023
vn 0.8350 -0.5502 0.0019
vn 0.8330 -0.5533 0.0025
vn -0.7071 -0.7071 -0.0000
vn -0.7071 -0.7071 -0.0007
vn -0.7071 -0.7071 -0.0008
vn -0.7137 -0.6575 0.2414
vn -0.7138 -0.6573 0.2417
vn -0.7136 -0.5086 0.4818
vn -0.7138 -0.5082 0.4819
vn -0.7144 -0.2534 0.6522
vn -0.7119 -0.2580 0.6532
vn -0.7085 -0.0096 0.7056
vn -0.7085 -0.0095 0.7056
vn -0.7085 -0.0073 0.7057
vn -0.7085 -0.0074 0.7057
vn -0.7149 0.2428 0.6557
vn -0.7150 0.2435 0.6553
vn -0.7143 0.4807 0.5087
vn -0.7142 0.4808 0.5086
vn -0.7147 0.6487 0.2616
vn -0.7160 0.6432 0.2713
vn -0.7155 0.6986 -0.0057
vn -0.7159 0.6982 -0.0059
vn -0.8383 -0.5453 0.0059
vn -0.8383 -0.5453 0.0060
vn -0.8394 -0.5435 0.0053
vn -0.8395 -0.5433 0.0056
vn -0.8474 -0.5020 -0.1727
vn -0.8473 -0.5023 -0.1726
vn -0.8432 -0.4372 -0.3129
vn -0.8447 -0.4103 -0.3438
vn -0.8202 -0.3440 -0.4571
vn -0.8153 -0.3169 -0.4846
vn -0.8363 -0.3073 -0.4541
vn -0.8357 -0.3082 -0.4545
vn -0.8616 -0.2071 -0.4635
vn -0.8628 -0.2047 -0.4622
vn -0.8548 -0.0903 -0.5110
vn -0.8550 -0.0900 -0.5108
vn -0.8678 0.0092 -0.4968
vn -0.8679 0.0086 -0.4967
vn -0.8680 0.0108 -0.4964
vn -0.8721 0.0503 -0.4868
vn -0.9058 0.2440 -0.3463
vn -0.9057 0.2437 -0.3470
vn -0.8900 0.3948 -0.2283
vn -0.8745 0.4488 -0.1838
vn -0.7931 0.6090 -0.0005
vn -0.7935 0.6085 -0.0018
vn -0.7876 0.6162 -0.0000
vn -0.8419 0.5397 -0.0000
vn -0.9791 0.2036 -0.0000
vn -0.9464 -0.3231 -0.0000
vn -0.9499 -0.3125 -0.0000
vn 0.0078 0.9926 0.1209
vn -0.0000 0.9848 0.1739
vn -0.0020 0.6092 0.7930
vn 0.0007 0.6103 0.7922
vn -0.0001 0.6101 0.7923
vn 0.0003 0.6077 0.7942
vn -0.0000 0.6078 0.7941
vn -0.0000 0.6975 0.7166
vn -0.0000 0.6977 0.7164
vn -0.0000 0.9983 0.0590
vn -0.0000 0.9983 0.0589
vn -0.0000 0.6976 0.7165
vn -0.0001 0.9983 0.0589
vn -0.7013 -0.3770 -0.6050
vn -0.7014 -0.3769 -0.6050
vn -0.7334 -0.3724 -0.5687
vn -0.7335 -0.3710 -0.5695
vn -0.9996 -0.0272 -0.0035
vn -0.9996 -0.0276 -0.0042
vn -0.9996 -0.0275 -0.0041
vn -0.6423 0.4211 0.6404
vn -0.5808 0.4384 0.6859
vn -0.5401 0.4562 0.7072
vn -0.5797 0.4391 0.6864
vn 0.3624 -0.5121 -0.7787
vn 0.3611 -0.5040 -0.7846
vn 0.0003 -0.5363 -0.8441
vn -0.0003 -0.5363 -0.8441
vn -0.0004 -0.5363 -0.8441
vn -0.3602 -0.5001 -0.7875
vn -0.3593 -0.5018 -0.7868
vn 0.0089 0.8350 -0.5502
vn 0.0113 0.8348 -0.5504
vn 0.0122 0.8296 -0.5582
vn 0.0080 0.8297 -0.5581
vn 0.0132 0.8308 -0.5564
vn 0.0061 0.8331 -0.5531
vn 0.0072 0.8299 -0.5579
vn 0.0069 0.8341 -0.5516
vn 0.0066 0.8337 -0.5521
vn 0.0057 0.8331 -0.5531
vn 0.0087 0.8349 -0.5503
vn 0.0109 0.8349 -0.5503
vn 0.9827 0.0763 0.1687
vn 0.9863 0.1266 0.1062
vn 0.8206 0.2797 0.4984
vn 0.6603 0.3775 0.6493
vn 0.4171 0.4976 0.7606
vn 0.3512 0.5298 0.7720
vn 0.2596 0.5133 0.8180
vn 0.3002 0.5089 0.8068
vn 0.7669 0.3399 0.5444
vn 0.7910 0.3256 0.5180
vn 0.7770 0.5056 -0.3750
vn 0.7863 0.4735 -0.3969
vn 0.9782 0.1649 -0.1265
vn 0.9878 0.0888 -0.1277
vn 0.9961 -0.0280 -0.0833
vn 0.9897 -0.0636 -0.1283
vn 0.9991 -0.0358 -0.0224
vn 1.0000 -0.0003 -0.0041
vn 1.0000 -0.0003 -0.0040
vn 0.9823 -0.1267 -0.1383
vn 0.9541 -0.1731 -0.2444
vn 0.9597 -0.1166 -0.2556
vn 0.9674 -0.0721 -0.2428
vn 0.9953 -0.0305 -0.0918
vn 0.9953 -0.0302 -0.0922
vn 1.0000 0.0003 -0.0026
vn 0.9982 0.0298 -0.0528
vn 0.9984 0.0221 0.0529
vn 0.9983 0.0224 0.0547
vn 1.0000 -0.0007 -0.0033
vn 0.9984 0.0257 -0.0511
vn 0.9984 0.0245 -0.0514
vn 0.9988 0.0275 -0.0397
vn 1.0000 -0.0000 -0.0037
vn 0.9987 0.0265 -0.0434
vn 1.0000 0.0001 -0.0036
vn 0.9974 -0.0727 0.0012
vn 0.9939 -0.1027 0.0402
vn 1.0000 0.0002 -0.0040
vn 1.0000 -0.0003 -0.0039
vn 0.9799 0.1807 0.0847
vn 0.9487 0.2817 0.1437
vn 0.6711 0.4378 0.5983
vn 0.6450 0.4153 0.6415
vn 0.4143 0.4996 0.7608
vn 0.4152 0.4973 0.7618
vn 0.9941 -0.1016 0.0369
vn 0.9792 -0.1845 0.0840
vn 0.9972 -0.0562 0.0493
vn 1.0000 0.0003 -0.0036
vn 1.0000 -0.0004 -0.0035
vn 1.0000 0.0002 -0.0038
vn 0.9984 0.0495 0.0258
vn 0.9984 0.0495 0.0277
vn 1.0000 -0.0003 -0.0048
vn 0.9985 0.0262 -0.0480
vn 1.0000 -0.0000 -0.0036
vn 1.0000 0.0011 -0.0025
vn 1.0000 -0.0005 -0.0047
vn 1.0000 -0.0006 -0.0046
vn 1.0000 0.0002 -0.0035
vn 0.9987 -0.0400 -0.0300
vn 0.9981 0.0233 0.0572
vn 1.0000 -0.0001 -0.0034
vn 0.9982 0.0232 0.0556
vn 1.0000 -0.0004 -0.0034
vn 0.9827 0.0180 0.1842
vn 1.0000 -0.0002 -0.0044
vn 0.9984 0.0487 0.0300
vn 1.0000 -0.0002 -0.0040
vn 1.0000 -0.0001 -0.0042
vn 1.0000 -0.0002 -0.0042
vn 0.9985 0.0235 -0.0503
vn 0.9984 0.0255 -0.0497
vn 0.9898 -0.0604 -0.1293
vn 0.9985 0.0225 -0.0498
vn 0.9532 -0.1770 -0.2453
vn 0.9955 0.0421 -0.0848
vn 0.9100 -0.2714 -0.3135
vn 0.9956 0.0417 -0.0837
vn 0.9328 -0.2467 -0.2627
vn 0.9987 0.0209 -0.0474
vn 0.9397 -0.2694 -0.2104
vn 0.9957 0.0398 -0.0841
vn 0.9527 -0.2986 -0.0568
vn 0.9980 0.0584 -0.0244
vn 0.9462 -0.3237 0.0006
vn 0.9982 0.0516 0.0294
vn 0.9983 0.0505 0.0300
vn 0.9983 0.0490 0.0305
vn 0.9950 0.0488 0.0877
vn 0.9827 0.0767 0.1688
vn 0.7129 0.3849 0.5862
vn 0.7124 0.3844 0.5871
vn 0.7142 0.4822 0.5074
vn 0.7583 0.4698 0.4520
vn 0.9942 0.1055 0.0197
vn 1.0000 0.0002 -0.0041
vn 0.9993 -0.0352 0.0157
vn 0.0250 -0.5691 0.8219
vn 0.0244 -0.5685 0.8223
vn 0.0258 -0.5653 0.8245
vn 0.0257 -0.5653 0.8245
vn 0.0671 -0.8762 0.4773
vn 0.0693 -0.8764 0.4765
vn 0.0430 -0.9969 0.0663
vn 0.0352 -0.9990 0.0280
vn 0.0140 -0.9999 -0.0063
vn 0.0430 -0.9969 0.0655
vn 0.0417 -0.9970 0.0652
vn 0.0664 -0.9916 0.1113
vn 0.0665 -0.9918 0.1095
vn 0.0377 0.9993 -0.0015
vn 0.0377 0.9993 -0.0022
vn 0.0439 0.8543 0.5180
vn 0.0459 0.8804 0.4720
vn 0.0812 0.7281 0.6807
vn 0.1131 0.7829 0.6118
vn -0.1139 -0.7682 0.6300
vn -0.0252 -0.8931 0.4491
vn -0.1737 -0.9845 0.0234
vn -0.2065 -0.9783 -0.0189
vn -0.2059 -0.9784 -0.0192
vn -0.2760 -0.9228 -0.2690
vn -0.2850 -0.9089 -0.3045
vn -0.2878 -0.8437 -0.4530
vn -0.2921 -0.8402 -0.4570
vn -0.1334 -0.1448 -0.9804
vn -0.3028 -0.2921 -0.9072
vn -0.0671 -0.1384 -0.9881
vn 0.0036 -0.0806 -0.9967
vn -0.0005 -0.1411 -0.9900
vn 0.0011 -0.0869 -0.9962
vn 0.0636 -0.9980 0.0057
vn 0.0648 -0.9979 0.0055
vn 0.0355 -0.9990 0.0271
vn 0.0528 -0.9608 0.2720
vn 0.0634 -0.8974 0.4367
vn 0.0993 -0.8344 0.5421
vn 0.1024 -0.8336 0.5429
vn -0.0111 0.5901 -0.8072
vn -0.0063 0.5870 -0.8095
vn -0.0026 0.8551 -0.5184
vn 0.0017 0.8553 -0.5181
vn -0.0085 0.9872 -0.1593
vn -0.0082 0.9871 -0.1600
vn -0.0522 0.4808 -0.8753
vn -0.0525 0.4811 -0.8751
vn -0.0430 -0.0929 -0.9947
vn -0.0429 -0.0928 -0.9948
vn -0.0067 -0.4921 -0.8705
vn -0.0071 -0.4917 -0.8708
vn -0.0038 -0.2397 -0.9708
vn 0.0149 -0.3092 -0.9509
vn -0.0004 0.6844 -0.7291
vn 0.0004 0.6835 -0.7300
vn 0.0056 0.5590 -0.8291
vn 0.0265 0.5224 -0.8523
vn 0.0389 0.9915 -0.1242
vn 0.0312 0.9961 -0.0820
vn 0.0384 0.9993 -0.0046
vn 0.0381 0.9993 -0.0048
vn -0.0000 1.0000 0.0005
vn -0.0482 0.9974 -0.0539
vn -0.0018 0.6868 0.7269
vn 0.0023 0.6853 0.7283
vn 0.0488 0.4705 0.8810
vn 0.0784 0.4934 0.8663
vn 0.0813 0.3000 0.9505
vn 0.1643 0.2514 0.9538
vn 0.0445 0.4287 0.9023
vn -0.0620 0.3874 0.9198
vn -0.1164 0.4232 0.8985
vn -0.2110 0.5783 0.7880
vn -0.1164 0.4235 0.8984
vn -0.1178 0.4222 0.8988
vn 0.0075 0.8352 -0.5499
vn 0.0112 0.8388 -0.5443
vn 0.0078 0.8352 -0.5500
vn 0.0071 0.8353 -0.5498
vn 0.0065 0.8357 -0.5492
vn 0.0105 0.8363 -0.5482
vn 0.0103 0.8356 -0.5493
vn -0.0629 -0.5916 0.8038
vn -0.0643 -0.5945 0.8016
vn -0.0002 -0.6192 0.7852
vn -0.0001 -0.6193 0.7852
vn 0.1012 -0.6473 0.7555
vn 0.1014 -0.6476 0.7552
vn 0.1519 -0.7294 0.6670
vn 0.1517 -0.7296 0.6668
vn 0.0194 -0.9796 0.2001
vn 0.0193 -0.9796 0.2001
vn -0.0464 -0.9837 0.1738
vn -0.0467 -0.9833 0.1759
vn -0.0717 -0.9712 0.2271
vn -0.0321 -0.9123 0.4082
vn 0.0001 -0.8469 0.5318
vn 0.0005 -0.8479 0.5301
vn 0.0005 -0.8475 0.5307
vn 0.0201 0.9506 0.3098
vn 0.0201 0.9507 0.3096
vn 0.0194 0.9506 0.3100
vn 0.0525 0.9432 0.3280
vn 0.0517 0.9443 0.3251
vn 0.0957 0.9475 0.3050
vn 0.0956 0.9476 0.3050
vn 0.0946 0.9474 0.3057
vn 0.0942 0.9466 0.3082
vn 0.1396 0.9350 0.3261
vn 0.1396 0.9350 0.3260
vn 0.1401 0.9351 0.3256
vn 0.0975 0.9473 0.3051
vn 0.0971 0.9474 0.3049
vn 0.0351 0.9705 -0.2385
vn 0.1689 0.9692 -0.1790
vn 0.1251 0.7638 -0.6332
vn 0.0004 0.7347 -0.6784
vn -0.0569 0.5861 -0.8082
vn -0.1294 0.8384 -0.5294
vn -0.0585 0.5483 -0.8343
vn -0.0999 0.8365 -0.5388
vn -0.0772 0.6389 -0.7654
vn 0.0074 0.8366 -0.5477
vn -0.0772 0.6366 -0.7673
vn 0.0105 0.8361 -0.5485
vn -0.0292 0.9277 -0.3721
vn 0.0443 0.8625 -0.5040
vn -0.0039 0.9417 -0.3365
vn 0.0441 0.8624 -0.5043
vn -0.0144 0.9936 -0.1117
vn 0.1531 0.8105 -0.5654
vn 0.0319 0.9961 -0.0824
vn 0.1518 0.8101 -0.5663
vn -0.0441 0.9990 -0.0032
vn 0.1299 0.7192 -0.6825
vn -0.0442 0.9990 -0.0044
vn 0.1127 0.8208 -0.5600
vn -0.0493 0.9971 -0.0574
vn -0.0545 0.9971 -0.0531
vn -0.0434 0.9825 -0.1809
vn -0.0093 0.9865 -0.1636
vn 0.0354 0.9692 -0.2437
vn 0.0331 0.9703 -0.2395
vn 0.0554 0.9391 -0.3392
vn 0.0554 0.9389 -0.3398
vn 0.0440 0.8627 -0.5039
vn 0.0441 0.8627 -0.5038
vn 0.0109 0.8336 -0.5522
vn 0.0100 0.8344 -0.5511
vn -0.0479 0.7334 -0.6781
vn 0.0064 0.7614 -0.6482
vn 0.0671 0.7812 -0.6207
vn -0.1234 0.7630 -0.6345
vn 0.0096 0.8353 -0.5497
vn -0.2403 0.7625 -0.6007
vn -0.0398 0.9306 0.3639
vn -0.1910 0.7469 -0.6369
vn -0.0395 0.9307 0.3637
vn -0.1211 0.7615 -0.6367
vn -0.0709 0.9091 0.4104
vn -0.1231 0.7624 -0.6352
vn -0.0736 0.9079 0.4128
vn -0.1116 0.9063 -0.4077
vn -0.0716 0.9091 0.4103
vn -0.1080 0.8884 -0.4462
vn -0.1028 0.9031 0.4169
vn -0.1061 0.9806 -0.1647
vn -0.0977 0.9594 0.2645
vn -0.1063 0.9792 -0.1729
vn -0.0968 0.9592 0.2658
vn -0.1059 0.9794 -0.1720
vn -0.0608 0.9817 0.1803
vn -0.1043 0.9798 -0.1708
vn -0.0615 0.9818 0.1799
vn -0.0530 0.9969 -0.0580
vn -0.0545 0.9823 0.1794
vn -0.0032 0.8550 -0.5186
vn -0.0509 0.9824 0.1796
vn -0.0502 0.9822 0.1810
vn -0.0001 0.9848 0.1738
vn -0.0386 0.9910 0.1281
vn -0.0583 0.9937 0.0953
vn -0.0788 0.9957 0.0479
vn -0.1200 0.9913 0.0548
vn -0.1048 0.9943 -0.0215
vn -0.1230 0.9872 -0.1013
vn -0.1313 0.9804 -0.1469
vn -0.1025 0.9801 -0.1701
vn -0.1069 0.9795 -0.1705
vn -0.1068 0.9797 -0.1694
vn -0.0947 0.9682 -0.2317
vn 0.0623 0.8364 -0.5446
vn 0.0334 0.7996 -0.5996
vn 0.0678 0.7818 -0.6199
vn 0.1202 0.7623 -0.6360
vn 0.0001 0.8064 -0.5914
vn 0.1202 0.7623 -0.6359
vn 0.1873 0.7479 -0.6369
vn 0.1873 0.7478 -0.6369
vn 0.1889 0.7461 -0.6385
vn 0.1916 0.7452 -0.6387
vn -0.0010 0.7623 -0.6472
vn 0.0076 0.7683 -0.6401
vn 0.0100 0.8335 -0.5524
vn 0.0100 0.8355 -0.5493
vn 0.0285 0.9191 -0.3931
vn 0.0332 0.9703 -0.2398
vn 0.0351 0.9868 -0.1583
vn 0.0400 0.9912 -0.1264
vn -0.0346 0.9663 -0.2550
vn -0.0338 0.9662 -0.2556
vn -0.1236 0.7623 -0.6353
vn -0.1533 0.7359 -0.6596
vn -0.0798 0.6348 -0.7685
vn -0.0801 0.6344 -0.7688
vn -0.0001 0.6169 -0.7870
vn -0.0002 0.6169 -0.7870
vn 0.0608 0.5893 -0.8057
vn 0.0600 0.5902 -0.8050
vn -0.9938 0.0575 0.0949
vn -0.9941 0.0603 0.0899
vn -0.8375 0.2915 0.4623
vn -0.6751 0.3957 0.6227
vn -0.5002 0.4665 0.7295
vn -0.4179 0.4980 0.7599
vn -0.3027 0.5082 0.8063
vn -0.3031 0.5084 0.8060
vn -0.9940 -0.0652 -0.0879
vn -0.9940 -0.0653 -0.0877
vn -0.9654 -0.1060 -0.2383
vn -0.9405 -0.1218 -0.3173
vn -0.9558 -0.1580 -0.2480
vn -0.9834 -0.1120 -0.1429
vn -0.9998 0.0150 -0.0132
vn -0.9987 0.0013 0.0508
vn -0.9988 0.0018 0.0498
vn -0.9995 -0.0315 -0.0047
vn -0.9971 0.0044 -0.0755
vn -0.9930 -0.0042 -0.1178
vn -0.9875 0.0658 -0.1433
vn -0.9777 0.1192 -0.1727
vn -0.7782 0.5007 -0.3790
vn -0.7765 0.5042 -0.3780
vn -0.9996 0.0195 -0.0179
vn -0.9997 0.0193 -0.0146
vn -0.9997 0.0190 -0.0152
vn -0.9997 0.0196 -0.0166
vn -0.9997 0.0195 -0.0164
vn -0.9995 -0.0307 -0.0034
vn -0.9996 -0.0286 -0.0029
vn -0.9974 0.0073 -0.0714
vn -0.9996 -0.0286 -0.0034
vn -0.9996 -0.0261 -0.0060
vn -0.9997 -0.0260 -0.0046
vn -0.9996 -0.0265 -0.0068
vn -0.9998 0.0184 -0.0104
vn -0.9813 0.1511 0.1193
vn -0.9612 0.2117 0.1770
vn -0.8496 0.3514 0.3934
vn -0.8510 0.3503 0.3912
vn -0.9998 -0.0190 -0.0025
vn -0.9944 -0.0908 0.0537
vn -0.9936 -0.0968 0.0578
vn -0.9996 -0.0268 -0.0062
vn -0.9995 -0.0314 -0.0010
vn -0.9988 -0.0000 0.0498
vn -0.9997 -0.0251 0.0013
vn -0.9997 0.0205 -0.0146
vn -0.9997 0.0206 -0.0145
vn -0.9997 0.0185 -0.0143
vn -0.9995 -0.0306 -0.0013
vn -0.9995 -0.0303 -0.0021
vn -0.9995 -0.0320 -0.0034
vn -0.9995 -0.0310 -0.0044
vn -0.9986 0.0010 0.0524
vn -0.9961 0.0240 0.0850
vn -0.9837 -0.0006 0.1800
vn -0.9997 0.0187 -0.0139
vn -0.9996 -0.0285 0.0009
vn -0.9995 -0.0304 -0.0032
vn -0.9995 -0.0309 -0.0045
vn -0.9995 -0.0325 -0.0049
vn -0.9995 -0.0309 -0.0017
vn -0.9997 0.0161 -0.0161
vn -0.9997 0.0202 -0.0138
vn -0.9997 0.0206 -0.0137
vn -0.9997 0.0194 -0.0142
vn -0.9995 -0.0297 -0.0052
vn -0.9973 -0.0479 -0.0552
vn -0.9997 0.0161 -0.0187
vn -0.9938 -0.0643 -0.0903
vn -0.9996 0.0240 -0.0161
vn -0.9562 -0.1572 -0.2469
vn -0.9997 0.0201 -0.0170
vn -0.9562 -0.1573 -0.2468
vn -0.9997 0.0206 -0.0163
vn -0.9267 -0.2508 -0.2800
vn -0.9971 0.0557 -0.0527
vn -0.9266 -0.2508 -0.2801
vn -0.9965 0.0597 -0.0581
vn -0.9827 -0.1850 0.0039
vn -0.9997 0.0201 -0.0166
vn -0.9989 0.0450 0.0135
vn -0.9988 0.0476 0.0138
vn -0.9988 0.0488 0.0108
vn -0.9942 0.0584 0.0907
vn -0.9880 0.0581 0.1428
vn -0.8298 0.2493 0.4993
vn -0.8483 0.2328 0.4756
vn -0.7435 0.3584 0.5646
vn -0.7427 0.3580 0.5659
vn -0.7645 0.4106 0.4969
vn -0.8515 0.3505 0.3901
vn -0.9898 0.1270 0.0649
vn -0.9989 0.0458 0.0114
vn -0.9997 0.0211 -0.0131
vn -0.9987 0.0496 0.0095
vn -0.9997 0.0203 -0.0139
vn -0.9995 -0.0300 -0.0032
vn -0.9996 -0.0286 -0.0050
vn -0.9987 0.0005 0.0515
vn -0.9720 0.0874 0.2181
vn -0.9723 0.0888 0.2164
vn 0.0432 -0.1361 -0.9898
vn 0.0474 -0.1370 -0.9894
vn 0.1074 -0.1605 -0.9812
vn 0.1086 -0.1617 -0.9808
vn 0.2018 -0.1221 -0.9718
vn 0.2021 -0.1221 -0.9717
vn -0.2142 0.1948 0.9572
vn -0.2131 0.1959 0.9572
vn -0.1135 0.0853 0.9899
vn -0.1123 0.0861 0.9899
vn -0.0433 -0.1033 0.9937
vn -0.0441 -0.1039 0.9936
vn -0.0135 -0.3419 0.9397
vn -0.0192 -0.3379 0.9410
vn -0.1067 -0.8735 0.4749
vn -0.1057 -0.8730 0.4760
vn -0.1054 -0.8731 0.4760
vn -0.1057 -0.8730 0.4762
vn -0.1826 -0.9320 0.3130
vn -0.1822 -0.9319 0.3136
vn -0.3049 -0.9373 0.1686
vn -0.3008 -0.9386 0.1691
vn -0.1452 -0.9026 0.4053
vn -0.1453 -0.9019 0.4067
vn -0.2234 -0.9661 0.1291
vn -0.2235 -0.9661 0.1292
vn -0.2501 -0.9680 0.0228
vn -0.2501 -0.9680 0.0227
vn -0.1260 -0.9918 0.0212
vn -0.1259 -0.9918 0.0224
vn -0.0811 -0.9880 0.1315
vn -0.0814 -0.9880 0.1316
vn 0.1164 -0.2663 -0.9568
vn 0.1163 -0.2664 -0.9568
vn 0.1638 -0.2796 -0.9460
vn 0.1637 -0.2828 -0.9451
vn 0.3177 -0.3298 -0.8890
vn 0.3161 -0.3328 -0.8884
vn 0.4171 -0.3703 -0.8300
vn 0.4095 -0.3640 -0.8365
vn 0.4392 -0.4105 -0.7991
vn 0.4344 -0.4103 -0.8018
vn 0.4509 -0.4886 -0.7470
vn 0.4507 -0.4884 -0.7472
vn 0.3137 -0.5475 -0.7758
vn 0.3136 -0.5475 -0.7758
vn -0.4811 -0.4783 -0.7347
vn -0.4729 -0.5101 -0.7185
vn -0.4463 -0.4080 -0.7965
vn -0.4466 -0.4071 -0.7968
vn -0.2328 -0.2705 -0.9342
vn -0.2342 -0.2684 -0.9344
vn -0.1655 -0.1963 -0.9665
vn -0.1646 -0.2007 -0.9657
vn -0.2655 -0.0692 -0.9616
vn -0.1885 0.2733 -0.9433
vn -0.1705 0.3753 -0.9111
vn -0.3059 0.0262 -0.9517
vn -0.1470 0.6622 -0.7348
vn -0.1272 0.5031 -0.8548
vn -0.1479 0.7423 -0.6536
vn -0.1491 0.7413 -0.6544
vn -0.1488 0.7414 -0.6544
vn -0.9541 0.0938 0.2843
vn -0.9541 0.0938 0.2845
vn -0.9961 0.0233 0.0856
vn -0.9986 0.0001 0.0523
vn -0.9997 0.0187 -0.0158
vn -0.9997 0.0185 -0.0158
vn -0.9997 0.0202 -0.0158
vn 0.0272 -0.5642 0.8252
vn -0.0000 -0.6195 0.7850
vn 0.0015 -0.6176 0.7865
vn -0.0027 -0.9288 0.3706
vn -0.0002 -0.9252 0.3795
vn -0.0038 -0.9774 -0.2111
vn -0.0038 -0.9775 -0.2111
vn 0.0073 -0.9290 -0.3700
vn 0.0063 -0.9293 -0.3694
vn 0.0010 -0.8799 -0.4751
vn 0.0006 -0.8806 -0.4739
vn 0.0064 -0.8026 -0.5965
vn 0.0063 -0.8028 -0.5963
vn -0.0186 -0.3093 -0.9508
vn -0.0185 -0.3093 -0.9508
vn -0.0121 0.2150 -0.9765
vn -0.0115 0.2147 -0.9766
vn 0.0051 -0.6185 -0.7857
vn 0.0051 -0.6169 -0.7870
vn 0.0033 -0.5348 -0.8450
vn 0.0024 -0.5348 -0.8450
vn 0.0063 -0.8046 -0.5938
vn 0.0065 -0.8053 -0.5928
vn 0.0079 -0.9919 -0.1269
vn 0.0080 -0.9919 -0.1265
vn 0.0065 -0.8006 -0.5991
vn 0.0083 -0.7979 -0.6027
vn -0.0186 -0.3096 -0.9507
vn -0.0186 -0.3095 -0.9507
vn -0.0006 -0.1384 -0.9904
vn -0.0000 -0.1385 -0.9904
vn -0.0070 -0.0000 -1.0000
vn -0.0073 -0.0002 -1.0000
vn 0.0317 0.1602 -0.9866
vn -0.0039 0.1323 -0.9912
vn -0.0001 0.6828 -0.7306
vn -0.0004 0.6831 -0.7303
vn -0.0000 0.9636 -0.2672
vn -0.0000 0.9635 -0.2676
vn -0.0000 0.6819 -0.7314
vn -0.0000 0.6818 -0.7316
vn -0.0013 0.3718 -0.9283
vn -0.0020 0.3688 -0.9295
vn 0.0043 0.4737 -0.8807
vn 0.0047 0.4738 -0.8806
vn -0.0039 0.1320 -0.9912
vn -0.0039 0.1319 -0.9913
vn -0.0072 -0.3709 -0.9287
vn -0.0046 -0.3708 -0.9287
vn -0.0035 0.1326 -0.9912
vn -0.0038 0.1320 -0.9912
vn -0.0000 0.6825 -0.7309
vn 0.0056 0.7720 -0.6356
vn -0.0000 0.7661 -0.6427
vn 0.0093 0.8362 -0.5483
vn 0.0094 0.8362 -0.5483
vn 0.0288 0.9191 -0.3929
vn 0.0289 0.9191 -0.3930
vn -0.0039 0.9660 0.2586
vn -0.0059 0.9669 0.2553
vn -0.0085 0.7182 0.6958
vn -0.0087 0.9872 -0.1594
vn -0.0101 0.9872 -0.1593
vn 0.0198 0.9989 -0.0415
vn 0.0290 0.9192 -0.3927
vn -0.0050 0.5883 -0.8087
vn -0.0062 0.5877 -0.8090
vn 0.0289 0.9192 -0.3927
vn -0.0000 0.9848 0.1737
vn 0.0077 0.9775 0.2108
vn -0.0000 0.9239 0.3825
vn -0.0003 0.9238 0.3829
vn 0.0003 0.8817 0.4718
vn 0.0004 0.8816 0.4720
vn 0.0063 0.8062 0.5916
vn 0.0038 0.3022 0.9532
vn -0.0038 -0.2246 0.9745
vn -0.0037 -0.2245 0.9745
vn 0.0037 0.3028 0.9530
vn -0.0024 0.6080 0.7939
vn -0.0025 0.6080 0.7939
vn -0.0234 0.5266 0.8498
vn -0.0235 0.5266 0.8498
vn 0.0063 0.8067 0.5910
vn 0.0077 0.9926 0.1210
vn 0.0079 0.9922 0.1245
vn 0.0063 0.8060 0.5918
vn 0.0064 0.8066 0.5910
vn 0.0037 0.3025 0.9531
vn 0.0037 0.3026 0.9531
vn 0.0010 0.1369 0.9906
vn 0.0005 0.1370 0.9906
vn 0.0056 0.0237 0.9997
vn 0.0012 0.0221 0.9998
vn 0.0039 -0.1085 0.9941
vn 0.0038 -0.1082 0.9941
vn -0.0008 -0.6818 0.7316
vn -0.0000 -0.6855 0.7281
vn -0.0038 -0.9646 0.2639
vn -0.0038 -0.9646 0.2638
vn 0.0001 -0.6829 0.7305
vn -0.0000 -0.6826 0.7307
vn -0.0000 -0.3661 0.9306
vn -0.0027 -0.3690 0.9294
vn 0.0022 -0.4744 0.8803
vn 0.0015 -0.4733 0.8809
vn 0.0079 -0.1430 0.9897
vn 0.0078 -0.1430 0.9897
vn -0.0026 0.3831 0.9237
vn -0.0001 0.3816 0.9243
vn -0.0043 -0.1070 0.9942
vn 0.0042 -0.1064 0.9943
vn -0.0000 -0.6844 0.7291
vn -0.0001 -0.6846 0.7290
vn 0.0060 -0.7839 0.6209
vn 0.0059 -0.7845 0.6201
vn -0.0000 -0.8459 0.5333
vn -0.0000 -0.9242 0.3818
vn -0.0000 -0.9245 0.3811
vn -0.0056 -0.9776 -0.2103
vn -0.0039 -0.9776 -0.2105
vn 0.0055 -0.7326 -0.6806
vn 0.0057 -0.7329 -0.6803
vn -0.0039 -0.9775 -0.2107
vn -0.0039 -0.9776 -0.2106
vn 0.0112 -0.9877 0.1563
vn 0.0113 -0.9877 0.1562
vn 0.0347 -0.9990 0.0275
vn 0.0349 -0.9990 0.0276
vn 0.0171 -0.9999 0.0020
vn 0.0220 -0.9997 -0.0055
vn -0.4486 0.8937 -0.0036
vn -0.4486 0.8937 -0.0034
vn -0.4527 0.8781 0.1549
vn -0.4495 0.8804 0.1511
vn -0.4484 0.8418 0.3005
vn -0.4505 0.8417 0.2976
vn -0.4479 0.7777 0.4410
vn -0.4500 0.7762 0.4415
vn -0.4536 0.6893 0.5649
vn -0.4489 0.6852 0.5736
vn -0.4558 0.5731 0.6810
vn -0.4569 0.5737 0.6798
vn -0.4500 0.4521 0.7701
vn -0.4513 0.4495 0.7709
vn -0.4452 0.3037 0.8424
vn -0.4464 0.3017 0.8424
vn -0.4361 0.1363 0.8895
vn -0.4438 0.0008 0.8961
vn -0.4503 0.0037 0.8929
vn -0.4507 -0.1606 0.8781
vn -0.4563 -0.1414 0.8785
vn -0.4536 -0.3011 0.8388
vn -0.4557 -0.3020 0.8373
vn -0.4579 -0.4474 0.7682
vn -0.4488 -0.4456 0.7746
vn -0.4560 -0.5723 0.6816
vn -0.4603 -0.5816 0.6707
vn -0.4602 -0.6820 0.5684
vn -0.4533 -0.6860 0.5691
vn -0.4500 -0.7701 0.4522
vn -0.4506 -0.7699 0.4518
vn -0.4556 -0.8354 0.3074
vn -0.4554 -0.8345 0.3102
vn -0.4524 -0.8780 0.1565
vn -0.4557 -0.8760 0.1579
vn -0.4605 -0.8876 -0.0032
vn -0.4559 -0.8900 -0.0023
vn -0.4572 -0.8756 -0.1560
vn -0.4536 -0.8777 -0.1548
vn -0.4441 -0.8438 -0.3012
vn -0.4439 -0.8439 -0.3014
vn -0.4573 -0.7731 -0.4396
vn -0.4540 -0.7688 -0.4504
vn -0.4471 -0.6827 -0.5779
vn -0.4484 -0.6782 -0.5823
vn -0.4536 -0.5722 -0.6833
vn -0.4468 -0.5796 -0.6815
vn -0.4466 -0.4525 -0.7719
vn -0.4501 -0.4428 -0.7755
vn -0.4403 -0.3020 -0.8455
vn -0.4387 -0.3051 -0.8453
vn -0.4489 -0.1546 -0.8801
vn -0.4488 -0.1532 -0.8804
vn -0.4466 -0.0023 -0.8948
vn -0.4559 -0.0017 -0.8900
vn -0.4489 0.1528 -0.8804
vn -0.4489 0.1537 -0.8802
vn -0.4723 0.3049 -0.8270
vn -0.4712 0.3059 -0.8273
vn -0.4238 0.4524 -0.7847
vn -0.4229 0.4533 -0.7846
vn -0.4500 0.5751 -0.6832
vn -0.4489 0.5730 -0.6856
vn -0.4529 0.6833 -0.5727
vn -0.4504 0.6837 -0.5742
vn -0.4455 0.7714 -0.4544
vn -0.4449 0.7739 -0.4507
vn -0.4447 0.8407 -0.3089
vn -0.4458 0.8406 -0.3077
vn -0.4512 0.8786 -0.1564
vn -0.4512 0.8790 -0.1542
vn -0.4486 0.8937 -0.0033
vn 0.9985 0.0243 -0.0486
vn 1.0000 -0.0001 -0.0037
vn 1.0000 -0.0001 -0.0031
vn 1.0000 0.0001 -0.0037
vn 1.0000 0.0003 -0.0032
vn 1.0000 -0.0006 -0.0036
vn 1.0000 0.0006 -0.0040
vn 1.0000 0.0006 -0.0037
vn 1.0000 0.0002 -0.0039
vn 1.0000 -0.0006 -0.0039
vn 1.0000 -0.0004 -0.0042
vn 1.0000 -0.0002 -0.0038
vn 1.0000 -0.0002 -0.0039
vn 1.0000 0.0004 -0.0042
vn 1.0000 -0.0003 -0.0043
vn 1.0000 -0.0001 -0.0043
vn 0.9983 0.0231 0.0539
vn 1.0000 -0.0000 -0.0044
vn 1.0000 0.0003 -0.0043
vn 1.0000 -0.0000 -0.0041
vn 1.0000 -0.0001 -0.0041
vn 1.0000 -0.0000 -0.0056
vn 1.0000 0.0001 -0.0041
vn -0.0234 0.5268 0.8497
vn -0.0231 0.5268 0.8497
vn 0.0069 0.4838 0.8751
vn 0.0034 0.3036 0.9528
vn 0.0042 0.3024 0.9532
vn -0.0074 0.0856 0.9963
vn -0.0002 0.0239 0.9997
vn -0.0006 0.0238 0.9997
vn 0.0025 -0.0311 0.9995
vn -0.0003 0.0228 0.9997
vn -0.0001 0.0227 0.9997
vn 0.0001 0.0227 0.9997
vn 0.0003 0.0228 0.9997
vn 0.0006 0.0238 0.9997
vn -0.0025 -0.0311 0.9995
vn 0.0002 0.0239 0.9997
vn -0.0101 0.0878 0.9961
vn 0.0033 0.3022 0.9532
vn 0.0043 0.3033 0.9529
vn -0.0323 0.4629 0.8858
vn 0.0068 0.4838 0.8751
vn 0.0416 0.5313 0.8461
vn -0.2671 0.9637 -0.0038
vn -0.5535 0.8327 0.0150
vn -0.5536 0.8327 0.0136
vn -0.2338 0.9723 -0.0038
vn 0.0129 0.8353 -0.5497
vn 0.0114 0.8350 -0.5501
vn 0.0140 0.8354 -0.5495
vn 0.0186 0.8403 -0.5418
vn 0.0086 0.8359 -0.5489
vn 0.0092 0.8355 -0.5494
vn -0.4541 0.4883 0.7453
vn -0.4553 0.4898 0.7435
vn -0.6764 0.3917 0.6237
vn -0.6753 0.3949 0.6229
vn -0.9574 0.1610 0.2396
vn -0.9573 0.1612 0.2401
vn -0.9998 0.0182 -0.0118
vn -0.9997 0.0198 -0.0151
vn -0.9996 -0.0270 -0.0024
vn -0.9995 -0.0305 -0.0029
vn -0.9565 -0.1566 -0.2461
vn -0.9565 -0.1555 -0.2468
vn -0.6411 -0.4079 -0.6501
vn -0.6409 -0.4080 -0.6502
vn -0.4818 -0.4782 -0.7343
vn -0.4805 -0.4799 -0.7340
vn -0.4815 -0.4782 -0.7345
vn -0.4821 -0.4782 -0.7341
vn -0.2624 -0.5243 -0.8101
vn -0.2626 -0.5241 -0.8102
vn 0.2113 -0.5355 -0.8177
vn 0.2123 -0.5354 -0.8175
vn 0.4501 -0.4893 -0.7470
vn 0.4516 -0.4897 -0.7458
vn 0.5284 -0.4450 -0.7230
vn 0.5296 -0.4440 -0.7227
vn 0.7547 -0.3595 -0.5488
vn 0.7550 -0.3615 -0.5471
vn 0.9539 -0.1729 -0.2452
vn 0.9538 -0.1729 -0.2458
vn 1.0000 -0.0000 -0.0039
vn 1.0000 -0.0000 -0.0038
vn 1.0000 -0.0012 -0.0030
vn 0.9641 0.1464 0.2213
vn 0.9649 0.1458 0.2186
vn 0.7666 0.3400 0.5448
vn 0.7668 0.3399 0.5446
vn 0.5406 0.4588 0.7052
vn 0.5402 0.4587 0.7055
vn 0.4970 0.4676 0.7310
vn 0.4974 0.4674 0.7309
vn 0.2265 0.5290 0.8179
vn 0.2286 0.5286 0.8175
vn -0.1785 0.5323 0.8276
vn -0.3466 0.5161 0.7832
vn -0.3475 0.5159 0.7830
vn 0.9971 -0.0541 0.0528
vn 0.9984 0.0228 0.0525
vn 0.9983 0.0225 0.0536
vn 0.9984 0.0523 0.0220
vn 0.9983 0.0485 0.0317
vn 0.9983 0.0252 0.0533
vn 0.9982 0.0251 0.0543
vn 0.9982 0.0228 0.0551
vn 0.9858 0.1280 0.1086
vn 0.9981 0.0229 0.0575
vn 0.9869 0.1229 0.1049
vn 0.9982 0.0230 0.0558
vn 0.9276 0.3614 0.0943
vn 0.9939 -0.0144 0.1097
vn 0.9931 -0.0221 0.1153
vn 0.9940 -0.1020 0.0392
vn 0.9940 -0.1024 0.0394
vn 0.9668 -0.2551 0.0155
vn 0.9669 -0.2549 0.0154
vn 0.9135 -0.4068 0.0062
vn 0.9134 -0.4069 0.0104
vn 0.9333 -0.3482 -0.0877
vn 0.9334 -0.3480 -0.0878
vn 0.9694 -0.2446 -0.0211
vn 0.9694 -0.2445 -0.0226
vn 0.9968 -0.0592 -0.0545
vn 0.9957 0.0444 -0.0815
vn 0.9879 0.0846 -0.1302
vn 0.9782 0.1639 -0.1273
vn 0.9820 0.1701 -0.0815
vn 0.9137 0.3760 -0.1540
vn 0.9819 0.1707 -0.0819
vn 0.9137 0.3761 -0.1543
vn 0.9860 0.1282 -0.1068
vn 0.8742 0.4459 -0.1920
vn 0.9860 0.1286 -0.1058
vn 0.8776 0.4425 -0.1844
vn 0.9879 0.0873 -0.1282
vn 0.8722 0.4743 -0.1199
vn 0.9870 0.1217 -0.1047
vn 0.8719 0.4753 -0.1175
vn 0.9858 0.1291 -0.1078
vn 0.8812 0.4728 -0.0063
vn 0.9856 0.1317 -0.1058
vn 0.8811 0.4726 -0.0175
vn 0.9881 0.0860 -0.1277
vn 0.9170 0.3986 -0.0106
vn 0.9881 0.0871 -0.1266
vn 0.9164 0.4000 -0.0119
vn 0.9686 0.0363 -0.2458
vn 0.9623 0.2710 -0.0222
vn 0.9684 0.0346 -0.2469
vn 0.9622 0.2713 -0.0224
vn 0.9799 0.1805 0.0845
vn 0.9674 -0.0720 -0.2428
vn 0.9755 -0.1149 -0.1874
vn 0.9798 0.1809 0.0847
vn 0.9799 0.1808 0.0845
vn 0.9406 0.3268 0.0922
vn 0.8811 0.4630 0.0967
vn 0.8811 0.4630 0.0968
vn 0.8554 0.4978 0.1434
vn 0.8546 0.4991 0.1433
vn 0.8054 0.5745 0.1459
vn 0.8224 0.5383 0.1841
vn 0.7736 0.6256 0.1008
vn 0.8046 0.5928 0.0337
vn 0.8060 0.5909 0.0338
vn 0.7781 0.6220 0.0880
vn 0.8186 0.5707 -0.0645
vn 0.8190 0.5700 -0.0661
vn 0.8388 0.5329 -0.1116
vn 0.8244 0.5473 -0.1445
vn 0.6984 0.6863 -0.2032
vn 0.7638 0.6354 0.1137
vn 0.7406 0.6501 0.1697
vn 0.7637 0.6455 -0.0052
vn 0.5980 0.7735 0.2098
vn 0.7255 0.6882 0.0063
vn 0.5335 0.8238 0.1915
vn 0.6285 0.7777 0.0121
vn 0.7148 0.6984 -0.0351
vn 0.5784 0.8154 0.0228
vn 0.7150 0.6981 -0.0366
vn 0.5784 0.8155 0.0227
vn 0.5660 0.8145 -0.1276
vn 0.6734 0.7368 -0.0607
vn 0.5295 0.8366 -0.1408
vn 0.6735 0.7367 -0.0605
vn 0.5019 0.8475 -0.1729
vn 0.7010 0.7089 -0.0779
vn 0.5019 0.8475 -0.1728
vn 0.5920 0.7818 -0.1958
vn 0.5918 0.7818 -0.1965
vn 0.7274 0.6557 -0.2024
vn 0.7959 0.5681 -0.2091
vn 0.7960 0.5681 -0.2091
vn 0.8272 0.5436 -0.1425
vn 0.8252 0.5464 -0.1432
vn 0.8383 0.5332 -0.1135
vn 0.8383 0.5336 -0.1121
vn 0.8229 0.5641 -0.0677
vn 0.8228 0.5647 -0.0646
vn 0.8390 0.5324 -0.1125
vn 0.8388 0.5325 -0.1129
vn 0.8392 0.5323 -0.1117
vn 0.8392 0.5323 -0.1115
vn 0.7927 0.5968 -0.1243
vn 0.7927 0.5969 -0.1243
vn 0.7097 0.6961 -0.1086
vn 0.6459 0.7592 -0.0798
vn 0.7650 0.6401 -0.0717
vn 0.7647 0.6404 -0.0718
vn 0.8189 0.5698 -0.0682
vn 0.8188 0.5699 -0.0683
vn 0.8588 0.5084 -0.0640
vn 0.8741 0.4702 -0.1222
vn 0.8737 0.4708 -0.1225
vn 0.8460 0.5079 -0.1623
vn 0.8458 0.5082 -0.1622
vn 0.3502 0.9051 0.2411
vn 0.2015 0.9376 0.2835
vn 0.4735 0.8784 0.0648
vn -0.0445 0.9425 0.3313
vn 0.4759 0.8770 0.0659
vn -0.0474 0.9474 0.3165
vn 0.4766 0.8761 -0.0724
vn -0.0400 0.9287 0.3685
vn 0.4767 0.8761 -0.0724
vn -0.0401 0.9292 0.3673
vn 0.4780 0.8753 -0.0727
vn -0.0713 0.9094 0.4098
vn 0.4778 0.8755 -0.0725
vn 0.5169 0.8560 -0.0107
vn -0.1316 0.8832 0.4502
vn 0.5181 0.8553 -0.0101
vn 0.5792 0.8149 0.0220
vn 0.5793 0.8148 0.0220
vn 0.5090 0.8602 0.0309
vn 0.5101 0.8595 0.0316
vn 0.3374 0.9410 -0.0247
vn 0.3029 0.9520 -0.0451
vn 0.2514 0.9653 -0.0713
vn 0.3011 0.9524 -0.0469
vn 0.1691 0.9826 -0.0769
vn 0.3010 0.9492 -0.0917
vn 0.1695 0.9825 -0.0771
vn 0.2992 0.9496 -0.0939
vn 0.0326 0.9961 -0.0822
vn 0.3398 0.9215 -0.1879
vn 0.0319 0.9961 -0.0822
vn -0.0126 0.9867 -0.1621
vn -0.0127 0.9867 -0.1622
vn -0.0112 0.9866 -0.1626
vn -0.0111 0.9870 -0.1601
vn 0.4381 -0.6255 -0.6456
vn 0.0277 0.1654 -0.9858
vn 0.0293 0.1596 -0.9867
vn 0.4483 -0.6495 -0.6142
vn 0.5176 -0.8408 -0.1585
vn 0.5180 -0.8406 -0.1586
vn 0.5272 -0.8382 0.1398
vn 0.5388 -0.8312 0.1368
vn 0.5628 -0.8226 0.0811
vn 0.5642 -0.8215 0.0829
vn 0.5682 -0.8183 0.0869
vn 0.5687 -0.8180 0.0868
vn 0.5668 -0.8194 0.0859
vn 0.5668 -0.8194 0.0858
vn 0.5728 -0.8184 0.0448
vn 0.5755 -0.8166 0.0434
vn 0.5708 -0.8202 0.0380
vn 0.5710 -0.8200 0.0381
vn 0.5431 -0.8395 0.0141
vn 0.5440 -0.8390 0.0137
vn 0.5473 -0.8369 0.0097
vn 0.5466 -0.8373 0.0107
vn 0.5408 -0.8324 -0.1209
vn 0.5385 -0.8336 -0.1232
vn 0.5019 -0.8090 -0.3060
vn 0.5016 -0.8081 -0.3087
vn 0.5438 -0.7612 -0.3533
vn 0.5443 -0.7606 -0.3537
vn 0.6436 -0.7183 -0.2642
vn 0.6435 -0.7183 -0.2644
vn 0.7215 -0.6907 0.0480
vn 0.7218 -0.6904 0.0484
vn 0.6356 -0.7339 0.2394
vn 0.6345 -0.7363 0.2351
vn 0.5478 -0.7905 0.2740
vn 0.5458 -0.7924 0.2724
vn 0.5115 -0.8176 0.2644
vn 0.5115 -0.8176 0.2643
vn 0.5005 -0.8465 0.1817
vn 0.4977 -0.8487 0.1791
vn 0.5026 -0.8449 0.1832
vn 0.5018 -0.8455 0.1829
vn -0.0018 -0.9776 -0.2106
vn -0.0318 -0.9951 -0.0934
vn -0.0315 -0.9951 -0.0935
vn -0.0049 -0.9779 -0.2090
vn 0.0372 -0.9192 -0.3920
vn 0.0383 -0.9191 -0.3922
vn 0.0391 -0.9191 -0.3920
vn 0.0391 -0.9191 -0.3921
vn 0.0398 -0.9183 -0.3938
vn 0.0399 -0.9183 -0.3938
vn -0.0166 -0.9855 -0.1691
vn -0.0166 -0.9854 -0.1695
vn -0.1111 -0.9933 -0.0312
vn -0.1079 -0.9936 -0.0332
vn -0.2064 -0.9783 -0.0190
vn -0.2849 -0.9585 0.0124
vn -0.2837 -0.9589 0.0085
vn -0.2721 -0.9613 -0.0436
vn -0.2839 -0.9583 -0.0309
vn -0.1937 -0.9388 -0.2850
vn -0.1987 -0.9387 -0.2817
vn -0.0938 -0.9205 -0.3794
vn -0.0941 -0.9206 -0.3790
vn 0.0668 -0.9915 -0.1114
vn 0.0663 -0.9915 -0.1121
vn 0.1624 -0.9840 0.0735
vn 0.1622 -0.9840 0.0734
vn 0.2310 -0.9667 0.1101
vn 0.2312 -0.9667 0.1100
vn 0.2952 -0.9351 0.1958
vn 0.2955 -0.9352 0.1952
vn 0.3952 -0.7952 0.4599
vn 0.4045 -0.7911 0.4589
vn 0.4282 -0.7384 0.5209
vn 0.4287 -0.7379 0.5212
vn 0.4287 -0.7381 0.5210
vn 0.4286 -0.7381 0.5211
vn 0.4439 -0.7071 0.5504
vn 0.4457 -0.7067 0.5494
vn 0.4169 -0.6787 0.6046
vn 0.4161 -0.6791 0.6047
vn -0.5786 0.8112 -0.0847
vn -0.5783 0.8119 -0.0799
vn -0.5786 0.8112 -0.0846
vn -0.5823 0.8089 -0.0810
vn -0.5792 0.8105 -0.0869
vn -0.5792 0.8106 -0.0868
vn -0.5590 0.8278 -0.0473
vn -0.5617 0.8260 -0.0468
vn -0.6207 0.7152 -0.3213
vn -0.6943 0.6426 0.3241
vn -0.6155 0.7207 -0.3189
vn -0.6865 0.6220 0.3765
vn -0.7144 0.5600 0.4195
vn -0.7145 0.5599 0.4196
vn -0.7608 0.6489 0.0122
vn -0.7610 0.6487 0.0121
vn -0.7488 0.6607 -0.0529
vn -0.5695 0.4807 -0.6668
vn -0.5671 0.4767 -0.6717
vn 0.7354 -0.4586 -0.4990
vn 0.6343 -0.4262 -0.6450
vn 0.6345 -0.4258 -0.6451
vn 0.7354 -0.4585 -0.4989
vn 0.8687 -0.4796 -0.1239
vn 0.8687 -0.4797 -0.1232
vn 0.8686 -0.4804 -0.1215
vn 0.8685 -0.4806 -0.1214
vn 0.8682 -0.4806 -0.1236
vn 0.8683 -0.4805 -0.1236
vn 0.8344 -0.5226 -0.1751
vn 0.8342 -0.5227 -0.1758
vn 0.8072 -0.5333 -0.2529
vn 0.8069 -0.5338 -0.2530
vn 0.8042 -0.4532 -0.3845
vn 0.8083 -0.4399 -0.3913
vn 0.8707 -0.3406 -0.3548
vn 0.8706 -0.3408 -0.3549
vn 0.9527 -0.2985 -0.0567
vn 0.9528 -0.2984 -0.0565
vn 0.9316 -0.3600 0.0511
vn 0.9314 -0.3603 0.0512
vn 0.9142 -0.3975 0.0788
vn 0.9142 -0.3976 0.0788
vn 0.8023 -0.5933 -0.0664
vn 0.7746 -0.6320 -0.0243
vn 0.8032 -0.5920 -0.0661
vn 0.7745 -0.6321 -0.0243
vn 0.7190 -0.6932 0.0509
vn 0.7196 -0.6926 0.0495
vn 0.6619 -0.7492 0.0262
vn 0.6609 -0.7502 0.0222
vn 0.6344 -0.7725 -0.0299
vn 0.6363 -0.7708 -0.0317
vn -0.4025 0.7284 0.5544
vn 0.5872 -0.1854 0.7880
vn -0.4030 0.7285 0.5540
vn 0.5871 -0.1855 0.7880
vn 0.6819 -0.3226 0.6564
vn 0.6807 -0.3216 0.6582
vn 0.7252 -0.2982 0.6207
vn 0.7254 -0.2993 0.6198
vn -0.5040 0.8283 -0.2450
vn -0.5061 0.8253 -0.2503
vn -0.5059 0.8256 -0.2499
vn -0.5036 0.8276 -0.2478
vn -0.5101 0.8107 -0.2873
vn -0.5099 0.8108 -0.2875
vn -0.5585 0.7734 -0.3001
vn -0.5581 0.7741 -0.2989
vn -0.6239 0.7129 -0.3202
vn -0.6253 0.7124 -0.3187
vn -0.7206 0.6682 -0.1850
vn -0.7204 0.6683 -0.1857
vn -0.6608 0.7201 0.2118
vn -0.6607 0.7201 0.2119
vn -0.5508 0.7598 0.3454
vn -0.5516 0.7593 0.3453
vn -0.5163 0.8204 0.2457
vn -0.5159 0.8192 0.2506
vn -0.5390 0.8366 0.0983
vn -0.5382 0.8371 0.0978
vn -0.5553 0.8315 0.0150
vn -0.5550 0.8317 0.0151
vn -0.5554 0.8315 0.0122
vn -0.5553 0.8315 0.0124
vn -0.5608 0.8279 0.0105
vn -0.5503 0.8349 0.0116
vn -0.5860 0.7983 -0.1392
vn -0.5860 0.7982 -0.1396
vn -0.6207 0.6903 -0.3717
vn -0.6203 0.6907 -0.3716
vn -0.6271 0.5657 -0.5355
vn -0.6282 0.5662 -0.5337
vn 0.1754 -0.6128 0.7705
vn 0.3506 -0.8775 0.3273
vn 0.1751 -0.6134 0.7701
vn 0.3633 -0.8910 0.2722
vn 0.4265 -0.8935 0.1407
vn 0.4253 -0.8941 0.1405
vn 0.4719 -0.8763 0.0972
vn 0.4714 -0.8765 0.0977
vn 0.4527 -0.8916 0.0120
vn 0.4523 -0.8918 0.0151
vn 0.3688 -0.9295 -0.0113
vn 0.3656 -0.9307 -0.0086
vn 0.2598 -0.9647 0.0432
vn 0.2492 -0.9673 0.0462
vn 0.1618 -0.9841 0.0729
vn 0.1618 -0.9841 0.0733
vn 0.1622 -0.9840 0.0735
vn 0.1684 -0.9791 0.1137
vn 0.1620 -0.9798 0.1175
vn -0.3132 0.6608 -0.6821
vn -0.2945 0.6214 -0.7260
vn -0.2952 0.6211 -0.7260
vn -0.3038 0.6617 -0.6855
vn -0.3133 0.7183 -0.6213
vn -0.3083 0.7150 -0.6275
vn -0.2665 0.7422 -0.6149
vn -0.2673 0.7406 -0.6165
vn -0.2067 0.8569 -0.4723
vn -0.2051 0.8599 -0.4675
vn -0.1417 0.9718 -0.1884
vn -0.1412 0.9719 -0.1882
vn -0.1237 0.9869 -0.1034
vn -0.1212 0.9872 -0.1040
vn -0.1358 0.9731 -0.1859
vn -0.1328 0.9741 -0.1829
vn -0.2123 0.9376 -0.2755
vn -0.2157 0.9375 -0.2730
vn -0.3696 0.8984 -0.2371
vn -0.3758 0.8972 -0.2320
vn -0.4505 0.8723 -0.1903
vn -0.4498 0.8725 -0.1907
vn -0.4792 0.8611 -0.1699
vn -0.4793 0.8612 -0.1690
vn -0.4611 0.8845 -0.0707
vn -0.4623 0.8839 -0.0707
vn -0.3581 0.9053 0.2284
vn -0.3584 0.9054 0.2276
vn -0.2783 0.9307 0.2374
vn -0.2800 0.9303 0.2371
vn -0.2341 0.9627 -0.1359
vn -0.2257 0.9588 -0.1727
vn -0.2238 0.9592 -0.1726
vn -0.2251 0.9589 -0.1728
vn -0.2263 0.9585 -0.1732
vn -0.2258 0.9587 -0.1731
vn -0.9060 0.4075 -0.1142
vn -0.8914 0.4521 -0.0312
vn -0.9064 0.4064 -0.1149
vn -0.8934 0.4480 -0.0336
vn -0.8755 0.4720 0.1031
vn -0.8766 0.4707 0.1005
vn -0.8601 0.4942 0.1265
vn -0.8601 0.4940 0.1272
vn -0.8370 0.5218 0.1649
vn -0.8341 0.5271 0.1627
vn -0.8079 0.5334 0.2505
vn -0.8078 0.5336 0.2505
vn -0.7857 0.4380 0.4368
vn -0.7854 0.4392 0.4362
vn -0.7608 0.2924 0.5793
vn -0.7609 0.2925 0.5792
vn -0.7622 0.1775 0.6225
vn -0.7623 0.1771 0.6225
vn -0.8527 0.0870 0.5151
vn -0.9996 -0.0277 -0.0059
vn -0.9996 -0.0274 -0.0061
vn -0.9995 -0.0323 -0.0002
vn -0.9995 -0.0322 -0.0006
vn 0.8680 -0.0957 -0.4873
vn 0.8215 -0.1235 -0.5567
vn 0.8214 -0.1231 -0.5569
vn 0.8680 -0.0957 -0.4872
vn 0.9958 0.0436 -0.0807
vn 0.9984 0.0285 -0.0484
vn 0.9984 0.0282 -0.0483
vn -0.3796 0.6254 0.6817
vn -0.3795 0.6256 0.6816
vn -0.3797 0.6254 0.6817
vn -0.3785 0.5745 0.7257
vn -0.3775 0.5758 0.7252
vn -0.2884 0.3408 0.8948
vn -0.2365 0.2939 0.9261
vn -0.0904 -0.0177 0.9958
vn -0.0890 -0.0155 0.9959
vn 0.0140 -0.1014 0.9947
vn 0.0022 -0.1045 0.9945
vn -0.0041 -0.2244 0.9745
vn -0.0044 -0.2235 0.9747
vn -0.0015 -0.3680 0.9298
vn -0.0006 -0.3679 0.9299
vn 0.0146 -0.4234 0.9058
vn 0.0145 -0.4243 0.9054
vn 0.7932 0.3255 0.5147
vn 0.3010 0.5086 0.8067
vn 0.7905 0.3272 0.5178
vn 0.1378 0.5427 0.8286
vn -0.0232 0.5265 0.8498
vn -0.0474 0.5474 0.8355
vn -0.0531 0.5488 0.8342
vn -0.9995 -0.0306 -0.0043
vn -0.9995 -0.0312 -0.0047
vn -0.9995 -0.0315 -0.0050
vn -0.9995 -0.0315 -0.0049
vn -0.0031 -0.0000 -1.0000
vn -0.0068 -0.4916 -0.8708
vn 0.0034 -0.5356 -0.8445
vn 0.0065 -0.5345 -0.8452
vn -0.0049 -0.5419 -0.8404
vn 0.0006 -0.5372 -0.8435
vn 0.0005 -0.5371 -0.8435
vn -0.0020 -0.5366 -0.8439
vn -0.0023 -0.5371 -0.8435
vn -0.3047 0.5085 0.8054
vn -0.7663 0.3402 0.5450
vn -0.7997 0.3351 0.4982
vn -0.1092 0.5355 0.8375
vn 0.0456 0.5334 0.8447
vn 0.0236 0.5668 0.8235
vn 0.0179 0.5585 0.8293
vn 0.0234 0.5557 0.8311
vn 0.0141 -0.3112 -0.9502
vn 0.0426 -0.1373 -0.9896
vn 0.0173 -0.3078 -0.9513
vn 0.0427 -0.1376 -0.9896
vn 0.0381 0.1637 -0.9858
vn 0.0370 0.1648 -0.9856
vn 0.0438 0.4734 -0.8798
vn 0.0472 0.4780 -0.8771
vn 0.0427 -0.1358 -0.9898
vn 0.0427 -0.1359 -0.9898
vn 0.0516 -0.4659 -0.8833
vn 0.0515 -0.4658 -0.8834
vn 0.0498 -0.4638 -0.8846
vn 0.0457 -0.4617 -0.8859
vn -0.0068 -0.4918 -0.8707
vn -0.0068 -0.4917 -0.8707
vn 0.0217 0.5625 0.8265
vn 0.0453 0.6907 0.7217
vn 0.0217 0.5664 0.8238
vn 0.0454 0.6906 0.7218
vn 0.0493 0.8807 0.4711
vn 0.0471 0.8807 0.4714
vn 0.0438 0.9848 0.1683
vn 0.0417 0.9847 0.1692
vn 0.0405 0.9992 -0.0037
vn 0.0474 0.4282 0.9024
vn 0.0503 0.3961 0.9168
vn 0.0478 0.4290 0.9020
vn 0.0501 0.3959 0.9169
vn 0.0501 0.3958 0.9170
vn -0.0002 0.4368 0.8996
vn -0.0000 0.4369 0.8995
vn -0.5613 -0.4591 -0.6886
vn -0.5707 -0.4906 -0.6585
vn -0.5614 -0.4591 -0.6885
vn -0.5707 -0.4906 0.6585
vn -0.5721 -0.4198 0.7047
vn -0.5720 -0.4198 0.7047
vn -0.5546 0.8320 0.0130
vn -0.5740 0.8176 0.0449
vn -0.5675 0.8221 -0.0453
vn -0.5675 0.8221 -0.0454
vn -0.5594 0.3744 -0.7395
vn -0.5587 0.3737 -0.7404
vn -0.0003 0.9848 0.1739
vn -0.0025 0.6097 0.7927
vn -0.0007 0.6103 0.7922
vn 0.0001 0.6101 0.7923
vn -0.0003 0.6077 0.7942
vn 0.9827 0.1852 -0.0077
vn 0.8370 0.5472 -0.0000
vn 0.9464 -0.3231 -0.0000
vn 0.9499 -0.3125 -0.0000
vn 0.0156 -0.4236 0.9057
vn -0.0000 -0.9966 0.0820
vn 0.0014 -0.4733 0.8809
vn -0.0039 -0.9966 0.0820
vn -0.0014 -0.4733 0.8809
vn -0.0010 -0.9966 0.0820
vn 0.7013 -0.3769 -0.6051
vn 0.7335 -0.3711 -0.5695
vn 0.7013 -0.3770 -0.6050
vn 0.7598 -0.3599 -0.5414
vn 1.0000 -0.0008 -0.0035
vn 1.0000 -0.0000 -0.0040
vn 1.0000 0.0001 -0.0038
vn 0.6423 0.4211 0.6404
vn 0.5803 0.4386 0.6862
vn 0.5388 0.4570 0.7077
vn 0.5846 0.4360 0.6842
vn 0.3014 0.5089 0.8063
vn -0.0232 0.5266 0.8498
vn 0.2602 0.5132 0.8179
vn -0.0233 0.5266 0.8498
vn -0.2665 0.5122 0.8165
vn -0.3056 0.5083 0.8051
vn -0.0000 0.6940 0.7200
vn -0.0009 0.6918 0.7221
vn -0.0085 0.7183 0.6957
vn -0.5801 0.6783 0.4510
vn -0.6124 0.6638 0.4293
vn -0.9667 0.2195 -0.1318
vn -0.9665 0.2201 -0.1324
vn -0.9665 0.2196 -0.1330
vn -0.6291 -0.1780 -0.7567
vn -0.6875 -0.1437 -0.7119
vn -0.0181 -0.4140 -0.9101
vn -0.0182 -0.4140 -0.9101
vn -0.0176 -0.4140 -0.9101
vn 0.6320 -0.1805 -0.7536
vn 0.6910 -0.1450 -0.7081
vn 0.9659 0.2216 -0.1340
vn 0.9665 0.2196 -0.1330
vn 0.9659 0.2217 -0.1339
vn 0.9665 0.2201 -0.1324
vn 0.5836 0.6778 0.4473
vn 0.6166 0.6616 0.4267
vn 0.3486 0.7337 0.5833
vn 0.3440 0.7334 0.5864
vn 0.0268 0.5643 0.8251
vn 0.0263 0.5656 0.8243
vn 0.0262 0.5656 0.8243
vn -0.6439 0.4186 0.6404
vn -0.6453 0.4168 0.6402
vn -0.9997 0.0198 -0.0154
vn -0.9996 -0.0272 -0.0036
vn -0.7014 -0.3768 -0.6050
vn -0.0003 -0.5363 -0.8440
vn 0.0003 -0.5363 -0.8440
vn 0.7014 -0.3769 -0.6050
vn 0.7014 -0.3768 -0.6050
vn 0.6441 0.4185 0.6402
vn 0.6444 0.4191 0.6396
vn 0.3161 0.5339 0.7843
vn 0.3172 0.5334 0.7842
vn -0.1137 0.7263 -0.6779
vn 0.0098 0.7668 -0.6418
vn 0.0102 0.7732 -0.6341
vn -0.1791 0.7123 -0.6787
vn -0.2292 0.7284 -0.6456
vn -0.1133 0.7263 -0.6780
vn -0.0687 0.7816 -0.6199
vn -0.0671 0.7820 -0.6196
vn 0.0120 0.7647 -0.6442
vn 0.0776 0.7475 -0.6597
vn 0.0249 -0.9059 -0.4227
vn 0.0192 -0.4469 -0.8944
vn 0.0498 -0.4664 -0.8831
vn 0.0396 -0.9188 -0.3927
vn 0.0157 -0.9999 -0.0049
vn 0.0159 -0.9999 -0.0050
vn -0.0000 -0.8463 0.5327
vn 0.0001 -0.8465 0.5325
vn -0.0004 -0.7392 0.6735
vn -0.0000 -0.7394 0.6732
vn 0.1105 -0.0051 0.9939
vn 0.0005 0.0237 0.9997
vn 0.0464 0.0782 0.9959
vn -0.0000 0.0239 0.9997
vn 0.0037 -0.1072 0.9942
vn 0.0040 -0.1074 0.9942
vn -0.0004 -0.3690 0.9294
vn 0.0273 -0.3213 0.9466
vn -0.0443 0.9990 -0.0045
vn -0.0419 0.9991 -0.0036
vn -0.0446 0.9990 -0.0048
vn -0.0799 0.9968 0.0012
vn -0.0038 0.9420 -0.3355
vn 0.0001 0.9631 -0.2692
vn -0.0418 0.8354 -0.5480
vn -0.0014 0.7342 -0.6790
vn 0.0527 0.7061 -0.7062
vn 0.0527 0.7060 -0.7063
vn -0.0282 0.8952 -0.4447
vn 0.0016 0.9629 -0.2698
vn 0.0799 0.9616 -0.2625
vn 0.1929 0.9006 -0.3894
vn 0.1944 0.8999 -0.3903
vn -0.0110 0.9866 -0.1631
vn -0.0191 0.9932 -0.1147
vn 0.0197 0.9990 -0.0406
vn 0.0007 1.0000 -0.0022
vn -0.0002 1.0000 0.0014
vn -0.0449 0.9990 -0.0039
vn -0.0450 0.9990 -0.0034
vn 0.0004 1.0000 0.0005
vn 0.0035 1.0000 0.0015
vn -0.0000 1.0000 0.0054
vn 0.0078 0.9926 0.1208
vn 0.0104 0.9926 0.1209
vn 0.1436 -0.8550 0.4983
vn 0.1404 -0.8552 0.4990
vn 0.1011 -0.8337 0.5429
vn -0.0342 -0.8745 0.4838
vn -0.0003 -0.9429 0.3332
vn -0.0715 -0.9712 0.2274
vn -0.0049 -0.9965 0.0829
vn -0.0021 -0.9967 0.0816
vn -0.0281 -0.9988 0.0411
vn -0.0049 -0.9966 0.0827
vn 0.0355 -0.9990 0.0275
vn 0.0140 -0.9999 -0.0048
vn 0.0242 -0.9997 0.0075
vn 0.0202 -0.9998 -0.0005
vn 0.9973 -0.0601 0.0422
vn 0.9978 0.0576 0.0333
vn 0.9978 -0.0513 0.0411
vn 0.9943 0.1047 0.0198
vn 0.9865 0.1254 0.1056
vn 0.9757 0.1624 0.1469
vn 0.7911 0.3256 0.5179
vn 0.7669 0.3398 0.5443
vn 0.4541 0.4883 0.7453
vn 0.4528 0.4905 0.7446
vn 0.6861 0.3955 0.6107
vn 0.6861 0.3954 0.6107
vn 0.9493 0.1739 0.2619
vn 0.9498 0.1733 0.2603
vn 0.9557 -0.1614 -0.2461
vn 0.9555 -0.1699 -0.2414
vn 0.6359 -0.4256 -0.6438
vn 0.6364 -0.4243 -0.6442
vn 0.4517 -0.4888 -0.7464
vn 0.4517 -0.4891 -0.7461
vn 0.4497 -0.4893 -0.7472
vn 0.4527 -0.4879 -0.7464
vn 0.2608 -0.5244 -0.8105
vn 0.2607 -0.5245 -0.8105
vn -0.2113 -0.5355 -0.8177
vn -0.2123 -0.5354 -0.8175
vn -0.4814 -0.4782 -0.7346
vn -0.4815 -0.4777 -0.7348
vn -0.5616 -0.4590 -0.6885
vn -0.5616 -0.4590 -0.6884
vn -0.7330 -0.3713 -0.5699
vn -0.7329 -0.3714 -0.5701
vn -0.9556 -0.1584 -0.2485
vn -0.9555 -0.1586 -0.2488
vn -0.9996 -0.0270 -0.0023
vn -0.9996 -0.0270 -0.0026
vn -0.9996 -0.0279 -0.0044
vn -0.9996 -0.0279 -0.0045
vn -0.9572 0.1614 0.2402
vn -0.9568 0.1623 0.2413
vn -0.7666 0.3399 0.5448
vn -0.7665 0.3397 0.5451
vn -0.5380 0.4590 0.7070
vn -0.5368 0.4584 0.7083
vn -0.5001 0.4665 0.7296
vn -0.5001 0.4666 0.7296
vn -0.2294 0.5285 0.8174
vn -0.2324 0.5266 0.8178
vn 0.1752 0.5326 0.8280
vn 0.1751 0.5327 0.8280
vn 0.3157 0.5329 0.7851
vn 0.3176 0.5323 0.7847
vn -0.8331 0.3588 0.4210
vn -0.5899 0.5198 0.6179
vn -0.8323 0.3598 0.4217
vn -0.5893 0.5196 0.6186
vn -0.1088 0.5358 0.8373
vn -0.1088 0.5355 0.8375
vn -0.0812 0.5040 0.8599
vn -0.0806 0.5043 0.8598
vn -0.2129 0.4081 0.8877
vn -0.2101 0.4142 0.8856
vn -0.3373 0.3821 0.8603
vn -0.3490 0.3750 0.8588
vn -0.4258 0.3585 0.8308
vn -0.4276 0.3577 0.8302
vn -0.6150 0.3400 0.7115
vn -0.6061 0.3340 0.7219
vn -0.8746 0.2629 0.4073
vn -0.8748 0.2617 0.4077
vn -0.9092 0.2740 0.3136
vn -0.8933 0.2888 0.3445
vn -0.8892 0.2901 0.3539
vn -0.8930 0.2911 0.3431
vn -0.8547 0.3181 0.4103
vn -0.8542 0.3194 0.4103
vn -0.8362 0.2939 0.4630
vn -0.8439 0.2898 0.4515
vn -0.7026 0.3588 0.6145
vn -0.7032 0.3578 0.6144
vn -0.4766 0.4004 0.7826
vn -0.4780 0.3981 0.7830
vn -0.1874 0.4506 0.8728
vn -0.1849 0.4552 0.8710
vn -0.0326 0.4618 0.8864
vn -0.0317 0.4629 0.8858
vn 0.1742 0.4503 0.8757
vn 0.1756 0.4493 0.8760
vn 0.4026 0.4284 0.8090
vn 0.5079 0.4014 0.7622
vn 0.9747 0.1109 0.1942
vn 0.9984 0.0491 0.0292
vn 0.9980 0.0553 0.0322
vn 0.9981 0.0533 0.0323
vn 0.9981 0.0521 0.0320
vn 0.9943 0.1049 0.0189
vn 0.9943 0.1052 0.0200
vn 0.9915 0.1045 0.0770
vn 0.9920 0.1071 0.0674
vn 0.9849 0.1003 0.1409
vn 0.9852 0.1005 0.1388
vn 0.9101 -0.1322 -0.3927
vn 0.8690 -0.1636 -0.4669
vn 0.4188 -0.3583 -0.8344
vn 0.4111 -0.3625 -0.8364
vn 0.0263 -0.4109 -0.9113
vn 0.0261 -0.4107 -0.9114
vn 0.1544 -0.5167 -0.8421
vn 0.1548 -0.5175 -0.8416
vn 0.2013 -0.5776 -0.7911
vn 0.2014 -0.5819 -0.7880
vn 0.0834 -0.5152 -0.8530
vn 0.0452 -0.5722 -0.8189
vn 0.0451 -0.5720 -0.8190
vn 0.0836 -0.5153 -0.8529
vn 0.2707 -0.3267 -0.9056
vn 0.2698 -0.3265 -0.9058
vn 0.3316 -0.2599 -0.9069
vn 0.3350 -0.2610 -0.9054
vn -0.9090 0.2707 0.3171
vn -0.2453 0.4536 0.8568
vn -0.9087 0.2713 0.3174
vn -0.1848 0.4545 0.8714
vn -0.1003 0.4551 0.8848
vn -0.1006 0.4546 0.8850
vn 0.9755 -0.1148 -0.1875
vn 0.8232 -0.2421 -0.5135
vn 0.8234 -0.2422 -0.5132
vn 0.9756 -0.1139 -0.1878
vn 0.9818 -0.0806 -0.1720
vn 0.9816 -0.0785 -0.1739
vn 0.9817 -0.0184 -0.1895
vn 0.9811 -0.0240 -0.1920
vn 0.9931 0.1054 -0.0513
vn 0.9931 0.1054 -0.0506
vn 0.9360 0.3085 0.1694
vn 0.9362 0.3082 0.1690
vn 0.8830 0.3761 0.2807
vn 0.8834 0.3751 0.2808
vn 0.9360 0.2398 0.2578
vn 0.9362 0.2406 0.2563
vn -0.8687 -0.1467 -0.4731
vn -0.9045 -0.1454 -0.4008
vn -0.8684 -0.1464 -0.4738
vn -0.9452 -0.1781 -0.2737
vn -0.9449 -0.1777 -0.2750
vn -0.9895 -0.1387 -0.0419
vn -0.9899 -0.1350 -0.0436
vn -0.9925 -0.0700 0.0998
vn -0.9928 -0.0681 0.0990
vn -0.9967 -0.0613 0.0530
vn -0.9966 -0.0629 0.0538
vn -0.9970 -0.0585 0.0499
vn -0.9970 -0.0581 0.0518
vn -0.9987 0.0002 0.0515
vn -0.9988 0.0474 0.0126
vn -0.9988 0.0022 0.0485
vn -0.9988 -0.0039 0.0491
vn -0.9972 -0.0566 0.0495
vn -0.9974 -0.0552 0.0466
vn -0.9727 -0.0233 -0.2309
vn -0.9725 -0.0228 -0.2318
vn -0.9338 -0.0739 -0.3501
vn -0.9335 -0.0730 -0.3512
vn -0.9407 -0.1208 -0.3169
vn -0.9406 -0.1212 -0.3170
vn -0.9406 -0.1217 -0.3169
vn -0.9406 -0.1215 -0.3170
vn -0.9651 -0.0630 -0.2540
vn -0.9651 -0.0634 -0.2539
vn -0.9807 -0.0707 -0.1823
vn -0.9808 -0.0722 -0.1812
vn -0.9837 -0.1094 -0.1426
vn -0.9835 -0.1111 -0.1428
vn -0.9866 -0.1256 -0.1043
vn -0.9867 -0.1247 -0.1043
vn -0.9870 -0.1264 -0.0991
vn -0.9875 -0.1218 -0.1001
vn -0.9872 -0.1196 -0.1052
vn -0.9871 -0.1207 -0.1048
vn 0.3157 -0.1935 -0.9289
vn 0.2839 -0.1803 -0.9418
vn 0.3067 -0.1981 -0.9310
vn 0.2838 -0.1806 -0.9417
vn 0.1678 -0.1930 -0.9667
vn 0.1613 -0.1925 -0.9680
vn 0.0421 -0.1342 -0.9901
vn 0.0420 -0.1357 -0.9899
vn 0.0412 -0.1357 -0.9899
vn 0.0429 -0.1392 -0.9893
vn 0.9943 0.1044 0.0202
vn 0.9943 0.1049 0.0183
vn 0.9943 0.1045 0.0199
vn 0.9942 0.1060 0.0189
vn 0.9942 0.1055 0.0195
vn 0.9872 0.1225 0.1023
vn 0.9870 0.1224 0.1040
vn 0.9824 0.0767 0.1703
vn 0.9852 0.0997 0.1394
vn 0.9765 0.1592 0.1451
vn 0.9763 0.1602 0.1452
vn 0.9199 0.3112 0.2386
vn 0.9201 0.3108 0.2384
vn 0.8709 0.3485 0.3464
vn 0.8727 0.3489 0.3415
vn 0.9067 0.1958 0.3736
vn 0.9081 0.1964 0.3698
vn 0.9637 0.0789 0.2549
vn 0.9634 0.0789 0.2563
vn 0.9981 0.0522 0.0334
vn 0.9913 0.1063 0.0778
vn 0.9871 0.1235 0.1023
vn 0.9869 0.1251 0.1021
vn 0.9869 0.1236 0.1038
vn 0.9940 0.0586 0.0929
vn 0.9982 0.0235 0.0544
vn 0.9982 0.0235 0.0552
vn -0.0291 -0.5657 0.8241
vn -0.0290 -0.5658 0.8241
vn -0.0291 -0.5658 0.8240
vn -0.0347 -0.8746 0.4836
vn -0.0346 -0.8746 0.4836
vn -0.0508 -0.9942 0.0943
vn -0.0507 -0.9943 0.0943
vn -0.0314 -0.9995 -0.0040
vn -0.0502 -0.9942 0.0950
vn -0.0387 -0.9904 0.1326
vn 0.0008 -0.9646 0.2637
vn -0.0022 -0.9640 0.2660
vn -0.2144 0.9761 0.0346
vn -0.2313 0.9729 -0.0029
vn -0.2313 0.9729 -0.0030
vn -0.3195 0.8254 0.4654
vn -0.3129 0.8243 0.4718
vn -0.3324 0.7849 0.5229
vn -0.3322 0.7846 0.5235
vn 0.1539 -0.7315 0.6643
vn 0.2033 -0.9782 0.0420
vn 0.2108 -0.9775 -0.0077
vn 0.2108 -0.9775 -0.0076
vn 0.2995 -0.9136 -0.2752
vn 0.2972 -0.9145 -0.2746
vn 0.3174 -0.8432 -0.4339
vn 0.3170 -0.8437 -0.4333
vn -0.0293 -0.5657 -0.8241
vn -0.0221 -0.9368 -0.3493
vn -0.0290 -0.5652 -0.8244
vn -0.0313 -0.9995 -0.0038
vn -0.0323 -0.9984 0.0454
vn -0.0001 -0.8464 0.5325
vn 0.0004 -0.7392 0.6735
vn 0.0027 0.8551 -0.5185
vn 0.0097 0.5600 -0.8285
vn 0.0098 0.5599 -0.8285
vn -0.0017 0.8548 -0.5190
vn -0.0092 0.9876 -0.1568
vn -0.0093 0.9880 -0.1539
vn 0.0277 0.5605 0.8277
vn -0.0000 0.6916 0.7223
vn 0.0296 0.5612 0.8271
vn -0.0818 0.7466 -0.6603
vn -0.0821 0.7464 -0.6604
vn -0.0750 0.6410 -0.7638
vn -0.0765 0.6372 -0.7669
vn 0.0439 -0.5716 -0.8194
vn 0.0440 -0.8794 -0.4740
vn 0.0438 -0.5716 -0.8194
vn 0.0449 -0.8791 -0.4746
vn 0.1046 -0.9938 -0.0365
vn 0.1047 -0.9939 -0.0358
vn 0.0669 -0.9978 0.0040
vn 0.1024 -0.9947 0.0047
vn 0.0640 -0.9915 -0.1130
vn 0.0661 -0.9914 -0.1127
vn 0.0991 -0.5619 -0.8213
vn -0.0520 -0.4618 0.8854
vn -0.0665 0.0231 0.9975
vn -0.0521 -0.4618 0.8855
vn -0.0664 0.0231 0.9975
vn 0.0040 -0.1084 0.9941
vn -0.0431 -0.1045 0.9936
vn -0.0027 -0.6204 0.7843
vn 0.1205 0.8306 0.5437
vn 0.1175 0.5118 0.8510
vn 0.1135 0.5110 0.8521
vn 0.1193 0.8686 0.4810
vn 0.1172 0.9900 -0.0783
vn 0.1168 0.9901 -0.0776
vn 0.1998 0.9785 -0.0500
vn 0.2460 0.9669 -0.0681
vn 0.2414 0.9612 -0.1332
vn 0.2412 0.9613 -0.1332
vn 0.2179 0.9110 -0.3501
vn 0.2173 0.9111 -0.3503
vn 0.3326 0.9338 -0.1317
vn 0.3332 0.9336 -0.1318
vn 0.2050 0.9338 -0.2933
vn 0.2053 0.9337 -0.2935
vn 0.1046 0.8886 -0.4466
vn 0.1049 0.8887 -0.4463
vn 0.1094 0.8450 -0.5235
vn -0.0007 0.6863 0.7273
vn 0.0086 0.6864 0.7272
vn -0.0156 0.2180 0.9758
vn -0.0156 0.2181 0.9758
vn 0.0450 0.2890 0.9563
vn 0.0453 0.2889 0.9563
vn 0.0338 0.3445 0.9382
vn 0.1076 0.4501 0.8865
vn 0.1077 0.4508 0.8861
vn 0.0866 -0.6388 -0.7645
vn 0.0258 -0.3458 -0.9380
vn 0.0858 -0.6394 -0.7641
vn -0.0005 -0.1413 -0.9900
vn 0.0005 -0.1409 -0.9900
vn -0.0452 0.3409 -0.9390
vn 0.0835 0.4364 -0.8959
vn -0.0803 0.7477 -0.6591
vn 0.1298 0.7192 -0.6826
vn 0.2443 0.6918 -0.6795
vn 0.0778 0.2665 -0.9607
vn -0.0011 -0.1392 -0.9903
vn 0.0009 0.7343 -0.6788
vn -0.2114 -0.1924 -0.9583
vn -0.1161 0.2803 -0.9529
vn -0.4798 -0.1357 -0.8668
vn -0.4789 -0.1365 -0.8672
vn 0.1396 -0.0030 0.9902
vn 0.0003 0.0232 0.9997
vn 0.1396 -0.0034 0.9902
vn 0.0006 0.0229 0.9997
vn -0.1892 0.0229 0.9817
vn -0.2001 0.0209 0.9796
vn -0.3673 0.0647 0.9278
vn -0.3656 0.0648 0.9285
vn -0.4362 0.1357 0.8895
vn -0.4360 0.1363 0.8896
vn -0.4362 0.2571 0.8623
vn -0.4364 0.2569 0.8623
vn -0.2506 0.3287 0.9106
vn -0.2503 0.3285 0.9107
vn 0.4214 0.3225 0.8476
vn 0.4225 0.3234 0.8467
vn 0.4861 0.3043 0.8192
vn 0.4861 0.3040 0.8193
vn 0.3291 0.3772 0.8657
vn 0.3293 0.3769 0.8657
vn 0.2044 0.4196 0.8844
vn 0.2044 0.4197 0.8844
vn 0.0450 0.2888 0.9563
vn -0.0001 0.1366 0.9906
vn -0.0000 0.1357 0.9908
vn -0.8690 0.4445 -0.2174
vn -0.8050 0.5294 -0.2680
vn -0.9780 0.1686 -0.1230
vn -0.9996 0.0227 -0.0163
vn -0.9996 0.0225 -0.0163
vn -0.9996 -0.0256 -0.0077
vn -0.9996 -0.0256 -0.0076
vn -0.9794 -0.1852 0.0806
vn -0.9792 -0.1863 0.0809
vn -0.8691 -0.4457 0.2145
vn -0.8691 -0.4457 0.2144
vn -0.8047 -0.5329 0.2618
vn -0.8046 -0.5329 0.2619
vn -0.0459 -0.6920 -0.7204
vn -0.0289 -0.5657 -0.8241
vn -0.0291 -0.5655 -0.8242
vn -0.0469 -0.6924 -0.7200
vn -0.0538 -0.8684 -0.4930
vn -0.0533 -0.8685 -0.4928
vn -0.0122 -0.9857 -0.1683
vn -0.0144 -0.9853 -0.1700
vn -0.0313 -0.9995 -0.0039
vn -0.0703 -0.4476 -0.8914
vn -0.0702 -0.4479 -0.8913
vn -0.0703 -0.4478 -0.8913
vn -0.0703 -0.4477 -0.8914
vn -0.0551 -0.4045 -0.9129
vn -0.0543 -0.3685 -0.9280
vn -0.0168 -0.4129 -0.9106
vn -0.0459 0.1319 0.9902
vn -0.0496 0.2880 0.9564
vn -0.0505 0.2876 0.9564
vn -0.0461 0.1315 0.9902
vn -0.0554 -0.1820 0.9817
vn -0.0538 -0.1816 0.9819
vn -0.0521 -0.4618 0.8854
vn -0.0466 0.1319 0.9902
vn -0.0466 0.1320 0.9902
vn -0.0305 0.4622 0.8862
vn -0.0305 0.4622 0.8863
vn -0.0292 0.4621 0.8863
vn -0.0310 0.4583 0.8883
vn -0.0324 0.4616 0.8865
vn -0.0324 0.4617 0.8864
vn -0.0000 -0.1859 0.9826
vn -0.0000 -0.4730 0.8811
vn -0.0000 0.1286 0.9917
vn -0.0000 0.1283 0.9917
vn -0.0000 0.4276 0.9040
vn -0.0000 0.6988 0.7153
vn -0.0000 0.8836 0.4682
vn -0.0000 0.9847 0.1742
vn 0.0320 0.9962 -0.0813
vn -0.0032 0.9427 -0.3336
vn -0.0000 0.9620 -0.2731
vn -0.0030 0.9408 -0.3389
vn -0.0000 0.6816 -0.7317
vn -0.0000 0.4719 -0.8817
vn 0.0339 0.1613 -0.9863
vn -0.0000 -0.1444 -0.9895
vn -0.0000 -0.6839 -0.7296
vn -0.0000 -0.8836 -0.4682
vn -0.0039 -0.9774 -0.2116
vn -0.0040 -0.9967 0.0813
vn -0.0000 -0.9406 0.3395
vn -0.0042 -0.9651 0.2619
vn -0.0000 -0.9435 0.3313
vn -0.0187 -0.3094 -0.9508
vn -0.0733 -0.1429 -0.9870
vn -0.0738 -0.1427 -0.9870
vn -0.0526 0.1732 -0.9835
vn -0.0527 0.1737 -0.9834
vn -0.0547 0.4804 -0.8753
vn -0.0558 0.4824 -0.8742
vn -0.0430 -0.0931 -0.9947
vn -0.0697 -0.1396 -0.9878
vn -0.0693 -0.4473 -0.8917
vn -0.0694 -0.4473 -0.8917
vn -0.0707 -0.4467 -0.8919
vn -0.0702 -0.4473 -0.8916
vn -0.0069 -0.4919 -0.8706
vn -0.0069 -0.4918 -0.8707
vn -0.0523 0.5489 0.8343
vn -0.0457 0.6913 0.7211
vn -0.0514 0.5493 0.8340
vn -0.0483 0.6896 0.7226
vn -0.0482 0.8816 0.4696
vn -0.0480 0.8817 0.4694
vn -0.0614 0.9828 0.1744
vn -0.0614 0.9832 0.1720
vn -0.0407 0.9992 -0.0044
vn -0.0623 0.4373 0.8972
vn -0.0636 0.4380 0.8967
vn -0.0626 0.4370 0.8973
vn -0.0643 0.4376 0.8968
vn -0.0667 0.3874 0.9195
vn -0.0668 0.3879 0.9193
vn 0.0002 0.4368 0.8996
vn 0.2637 0.9646 -0.0038
vn 0.2283 0.9736 -0.0039
vn 0.5579 0.8299 -0.0039
vn 0.5786 0.8153 0.0207
vn -0.1836 0.1655 0.9690
vn -0.2325 0.2948 0.9269
vn -0.2335 0.2946 0.9266
vn -0.1838 0.1651 0.9690
vn -0.0841 -0.0145 0.9964
vn -0.0822 -0.0152 0.9965
vn -0.0656 0.0250 0.9975
vn -0.0657 0.0250 0.9975
vn -0.0465 0.1978 0.9791
vn -0.0467 0.1979 0.9791
vn -0.0355 0.4648 0.8847
vn -0.0310 0.4660 0.8843
vn -0.0238 0.5264 0.8499
vn -0.6462 0.5981 -0.4741
vn -0.6465 0.5981 -0.4737
vn -0.7158 0.6878 -0.1207
vn -0.7158 0.6878 -0.1206
vn -0.7160 0.6981 -0.0065
vn -0.7159 0.6982 -0.0062
vn -0.7148 0.6952 -0.0760
vn -0.6279 0.5604 -0.5401
vn -0.6262 0.5651 -0.5371
vn -0.0090 0.9870 -0.1602
vn -0.0086 0.9873 -0.1583
vn -0.0081 0.9871 -0.1599
vn -0.0097 0.9875 -0.1574
vn 0.0459 0.9912 -0.1242
vn 0.0436 0.9926 -0.1134
vn 0.1169 0.9901 -0.0777
vn 0.1175 0.9900 -0.0776
vn 0.1986 0.9788 -0.0508
vn 0.1989 0.9787 -0.0499
vn 0.3021 0.9523 -0.0425
vn 0.3015 0.9524 -0.0441
vn 0.2865 0.9566 0.0533
vn 0.2834 0.9573 0.0576
vn 0.1893 0.9522 0.2399
vn 0.1906 0.9523 0.2385
vn 0.0987 0.9477 0.3035
vn 0.0963 0.9475 0.3050
vn -0.7203 0.1218 -0.6829
vn -0.9466 0.2821 -0.1560
vn -0.7194 0.1209 -0.6839
vn -0.9233 0.3569 -0.1418
vn -0.9234 0.3567 -0.1415
vn -0.9088 0.3837 -0.1639
vn -0.9087 0.3839 -0.1639
vn 0.7240 0.6898 0.0062
vn 0.2639 0.9646 -0.0038
vn -0.0388 0.9992 -0.0064
vn -0.0388 0.9992 -0.0070
vn 0.2273 0.5287 0.8178
vn 0.8515 0.2839 0.4409
vn 0.8738 0.2641 0.4082
vn 1.0000 -0.0002 -0.0045
vn 1.0000 -0.0004 -0.0046
vn 0.9985 0.0241 -0.0490
vn 0.9985 0.0241 -0.0492
vn 0.9891 -0.0632 -0.1332
vn 0.9892 -0.0617 -0.1330
vn 0.9237 -0.1962 -0.3289
vn 0.9119 -0.2105 -0.3524
vn 0.7014 -0.3768 -0.6051
vn 0.6390 -0.4194 -0.6448
vn 0.3641 -0.5020 -0.7845
vn 0.2594 -0.5240 -0.8112
vn 0.0005 -0.5363 -0.8440
vn 0.0010 -0.5364 -0.8439
vn -0.0000 -0.5416 -0.8406
vn -0.0000 -0.5340 -0.8455
vn -0.0000 -0.5415 -0.8407
vn -0.0010 -0.5365 -0.8439
vn -0.0004 -0.5363 -0.8440
vn -0.2603 -0.5280 -0.8084
vn -0.3583 -0.5026 -0.7868
vn -0.6461 -0.4093 -0.6442
vn -0.7014 -0.3768 -0.6051
vn -0.9119 -0.2105 -0.3524
vn -0.9237 -0.1962 -0.3289
vn -0.9891 -0.0632 -0.1332
vn -0.9892 -0.0617 -0.1330
vn -0.9999 0.0140 -0.0085
vn -0.9999 0.0129 -0.0085
vn -0.9998 0.0177 -0.0063
vn -0.8738 0.2641 0.4082
vn -0.9995 -0.0302 -0.0048
vn -0.8375 0.2917 0.4621
vn -0.9995 -0.0300 -0.0051
vn -0.2303 0.5286 0.8170
vn -0.1786 0.5339 0.8265
vn -0.2673 0.9636 -0.0038
vn -0.7153 0.6988 -0.0056
vn -0.7153 0.6988 -0.0057
vn -0.2337 0.9723 -0.0038
vn 0.0426 0.9991 -0.0025
vn 0.0425 0.9991 -0.0025
vn -0.0000 0.9209 0.3899
vn -0.0000 0.3899 0.9209
vn -0.0000 0.0238 0.9997
vn -0.0000 -0.0258 0.9997
vn -0.0000 -0.3659 0.9306
vn -0.0000 -0.6819 0.7314
vn -0.0000 -0.6819 0.7315
vn -0.0000 -0.9209 0.3899
vn -0.0000 0.6976 0.7164
vn 0.0002 1.0000 -0.0004
vn -0.0195 0.9929 -0.1174
vn -0.0194 0.9929 -0.1174
vn -0.0588 0.5495 -0.8334
vn -0.0589 0.5496 -0.8333
vn -0.0702 0.5178 -0.8526
vn -0.0444 0.8389 -0.5425
vn -0.0922 0.8335 -0.5447
vn -0.0509 0.9971 -0.0558
vn -0.0508 0.9971 -0.0559
vn -0.0430 0.9991 -0.0018
vn -0.0449 0.9990 -0.0061
vn -0.0434 0.9990 -0.0058
vn -0.0576 0.9972 -0.0479
vn 0.0336 0.9961 -0.0815
vn 0.0184 0.9991 -0.0375
vn -0.0439 0.9990 -0.0033
vn -0.0445 0.9990 -0.0029
vn -0.0038 0.9663 0.2576
vn -0.0038 0.9663 0.2575
vn 0.0021 0.6065 0.7951
vn -0.0036 0.6061 0.7954
vn -0.0309 -0.5659 -0.8239
vn -0.0296 -0.5659 -0.8239
vn -0.0516 -0.9943 0.0931
vn -0.0755 -0.8015 0.5932
vn -0.1123 -0.7958 0.5950
vn -0.0832 -0.9189 0.3856
vn -0.0516 -0.9407 0.3354
vn -0.0079 -0.0012 -1.0000
vn -0.0108 -0.0035 -0.9999
vn -0.0080 -0.0010 -1.0000
vn -0.0038 -0.2399 -0.9708
vn -0.0062 -0.3720 -0.9282
vn -0.0064 -0.3718 -0.9283
vn -0.0000 0.6915 0.7224
vn -0.0464 0.8629 -0.5032
vn -0.0460 0.8625 -0.5039
vn -0.0084 0.7183 0.6957
vn 0.0789 0.7464 -0.6608
vn 0.0791 0.7464 -0.6608
vn 0.0641 0.6554 -0.7525
vn -0.0015 0.6826 -0.7308
vn -0.0532 -0.8666 -0.4962
vn -0.0297 -0.5653 -0.8244
vn -0.0298 -0.5653 -0.8244
vn -0.0530 -0.8677 -0.4943
vn -0.1139 -0.9931 -0.0281
vn -0.1580 -0.9874 -0.0100
vn -0.1305 -0.9911 0.0278
vn -0.1283 -0.9917 0.0111
vn -0.0736 -0.9880 -0.1355
vn -0.0736 -0.9880 -0.1356
vn -0.1000 -0.5620 -0.8211
vn -0.1000 -0.5617 -0.8213
vn 0.0028 -0.6205 0.7842
vn -0.0027 0.1358 0.9907
vn 0.0034 -0.6209 0.7839
vn 0.0037 0.3027 0.9531
vn -0.0005 -0.3676 0.9300
vn 0.0243 -0.3922 0.9196
vn -0.0039 -0.9966 0.0821
vn 0.0033 -0.5834 0.8122
vn 0.0289 -0.5636 0.8256
vn 0.0386 0.9993 -0.0022
vn 0.0796 0.9968 -0.0105
vn 0.1171 0.9900 -0.0786
vn 0.1156 0.9902 -0.0777
vn 0.1171 0.9901 -0.0772
vn 0.1168 0.9902 -0.0771
vn 0.0300 0.9961 -0.0833
vn 0.0314 0.9960 -0.0835
vn -0.0964 -0.3478 -0.9326
vn -0.0553 -0.6362 -0.7695
vn -0.0549 -0.6363 -0.7695
vn -0.0978 -0.3467 -0.9329
vn -0.0834 -0.1916 -0.9779
vn -0.2055 -0.1328 -0.9696
vn -0.0549 -0.3673 -0.9285
vn 0.0803 -0.1925 -0.9780
vn 0.1787 -0.0382 -0.9832
vn 0.1086 -0.1621 -0.9808
vn 0.1642 -0.1985 -0.9662
vn 0.2082 -0.2357 -0.9493
vn 0.2076 -0.2345 -0.9497
vn 0.9970 -0.0582 0.0511
vn 0.9970 -0.0592 0.0503
vn 0.7908 0.3258 0.5182
vn 0.7911 0.3255 0.5180
vn 0.0246 0.5657 0.8242
vn 0.0249 0.5656 0.8243
vn 0.0257 0.5639 0.8255
vn 0.0257 0.5633 0.8259
vn 0.0257 0.5668 0.8234
vn 0.0427 0.5329 0.8451
vn -0.0233 0.5267 0.8497
vn -0.0233 0.5265 0.8499
vn -0.0512 0.5478 0.8351
vn -0.0523 0.5493 0.8340
vn -0.9925 0.0669 -0.1019
vn -0.9923 0.0619 -0.1072
vn -0.9937 0.0591 -0.0949
vn -0.9937 0.0598 -0.0951
vn -0.9764 0.1223 -0.1779
vn -0.9788 0.1164 -0.1683
vn -0.9645 0.1691 -0.2027
vn -0.9645 0.1699 -0.2021
vn -0.9634 0.1697 -0.2077
vn -0.9645 0.1770 -0.1962
vn -0.9779 0.1681 -0.1243
vn -0.9779 0.1687 -0.1235
vn -0.9887 0.1488 -0.0159
vn -0.9872 0.1588 -0.0118
vn -0.9945 0.0996 0.0315
vn -0.9943 0.1020 0.0306
vn -0.9828 0.0347 -0.1813
vn -0.9678 0.0227 -0.2508
vn -0.2843 -0.1155 -0.9518
vn -0.2832 -0.1159 -0.9520
vn 0.9927 -0.0941 0.0757
vn 0.9924 -0.0886 0.0857
vn 0.9800 -0.1579 0.1208
vn 0.9804 -0.1561 0.1203
vn 0.9808 -0.1570 0.1154
vn 0.9785 -0.1621 0.1275
vn 0.9854 -0.1551 0.0702
vn 0.9856 -0.1534 0.0704
vn 0.9902 -0.1367 -0.0270
vn 0.9899 -0.1385 -0.0301
vn 0.9820 -0.1272 -0.1400
vn 0.9819 -0.1281 -0.1394
vn 0.9819 -0.1278 -0.1399
vn 0.9822 -0.1263 -0.1390
vn 0.9543 -0.1738 -0.2431
vn 0.9549 -0.1713 -0.2426
vn 0.8818 -0.2522 -0.3986
vn 0.8820 -0.2529 -0.3976
vn 0.8127 -0.3163 -0.4893
vn 0.8151 -0.3142 -0.4867
vn 0.7777 -0.2748 -0.5654
vn 0.7786 -0.2745 -0.5643
vn 0.8235 -0.1805 -0.5379
vn 0.8225 -0.1805 -0.5393
vn 0.8475 -0.1282 -0.5151
vn 0.8488 -0.1329 -0.5118
vn 0.6895 -0.1840 -0.7006
vn 0.6896 -0.1840 -0.7005
vn 0.4628 -0.2156 -0.8599
vn 0.4616 -0.2158 -0.8605
vn 0.4617 -0.2159 -0.8604
vn 0.4621 -0.2168 -0.8599
vn -0.9989 0.0457 0.0106
vn -0.9997 0.0200 -0.0125
vn -0.9990 0.0451 0.0078
vn -0.9996 0.0215 -0.0186
vn -0.9997 -0.0242 -0.0043
vn -0.9996 -0.0273 -0.0062
vn -0.9908 -0.1350 0.0030
vn -0.9906 -0.1366 -0.0002
vn -0.9575 -0.2581 -0.1291
vn -0.9588 -0.2563 -0.1223
vn -0.9164 -0.3181 -0.2429
vn -0.9149 -0.3235 -0.2416
vn -0.9015 -0.3247 -0.2863
vn -0.9029 -0.3205 -0.2864
vn -0.5486 0.5704 -0.6113
vn -0.7686 0.4614 -0.4432
vn -0.5487 0.5704 -0.6112
vn -0.7962 0.4401 -0.4152
vn -0.9384 0.3161 -0.1394
vn -0.9463 0.3119 -0.0856
vn -0.9405 0.3199 0.1149
vn -0.9189 0.3927 -0.0361
vn -0.9153 0.3880 0.1080
vn -0.9056 0.4088 -0.1127
vn -0.7113 0.6197 -0.3318
vn -0.7111 0.6184 -0.3345
vn -0.3472 0.8245 -0.4468
vn -0.2493 0.8475 -0.4686
vn -0.0480 0.8814 -0.4699
vn -0.0489 0.8815 -0.4696
vn 0.0439 0.8627 -0.5038
vn 0.0438 0.8628 -0.5037
vn 0.0386 0.8210 -0.5696
vn 0.0352 0.7990 -0.6003
vn 0.0364 0.7990 -0.6002
vn 0.0623 0.8364 -0.5445
vn 0.0434 0.8624 -0.5044
vn 0.0438 0.8627 -0.5039
vn -0.0303 0.8945 -0.4460
vn -0.0547 0.9101 -0.4108
vn -0.0307 0.9276 -0.3722
vn -0.0337 0.9294 -0.3676
vn -0.0278 0.9286 -0.3701
vn -0.0008 0.9389 -0.3441
vn 0.0542 0.9390 -0.3395
vn 0.0548 0.9390 -0.3395
vn 0.1407 0.9205 -0.3645
vn 0.1408 0.9205 -0.3646
vn -0.0002 1.0000 -0.0004
vn 0.0098 0.5595 -0.8288
vn 0.0098 0.5594 -0.8288
vn 0.0490 0.5490 -0.8344
vn 0.0489 0.5489 -0.8344
vn 0.0623 0.8365 -0.5444
vn 0.0624 0.8365 -0.5444
vn 0.0311 0.9962 -0.0816
vn 0.0311 0.9962 -0.0814
vn 0.0386 0.9992 -0.0057
vn 0.0390 0.9992 -0.0051
vn -0.0036 0.9752 -0.2213
vn -0.0044 0.9753 -0.2208
vn -0.0431 0.7307 -0.6814
vn -0.0441 0.7307 -0.6813
vn 0.0104 0.7640 -0.6452
vn -0.0051 0.9423 -0.3349
vn -0.0040 0.9420 -0.3357
vn 0.0206 0.9989 -0.0411
vn -0.0000 1.0000 0.0007
vn 0.0386 0.9992 -0.0048
vn 0.0383 0.9993 -0.0046
vn -0.0444 0.9990 -0.0043
vn -0.0437 0.9990 -0.0052
vn -0.0472 0.9978 0.0470
vn -0.0470 0.9978 0.0471
vn -0.0854 0.9952 0.0478
vn -0.0799 0.9953 0.0552
vn -0.0493 -0.7844 0.6183
vn -0.0491 -0.7844 0.6183
vn -0.0828 -0.9203 0.3824
vn -0.0829 -0.9203 0.3824
vn -0.0684 -0.9973 0.0262
vn -0.0636 -0.9976 0.0267
vn -0.0311 -0.9995 -0.0041
vn -0.0308 -0.9995 -0.0047
vn -0.0313 -0.9995 -0.0040
vn 0.0186 -0.9998 -0.0097
vn 0.0149 -0.9999 -0.0072
vn 0.0387 0.9992 -0.0044
vn 0.0321 0.9960 -0.0830
vn 0.0322 0.9961 -0.0820
vn 0.0382 0.9993 -0.0048
vn -0.0020 0.6063 0.7952
vn -0.0022 0.6066 0.7950
vn 0.0439 -0.5714 -0.8195
vn 0.0661 -0.9914 0.1131
vn 0.0441 -0.5714 -0.8195
vn 0.0818 -0.9942 0.0695
vn 0.0749 -0.7959 0.6008
vn 0.0741 -0.7962 0.6005
vn 0.0742 -0.9256 0.3712
vn 0.0769 -0.9242 0.3742
vn -0.0070 -0.0001 -1.0000
vn -0.0072 -0.0005 -1.0000
vn -0.0071 -0.0001 -1.0000
vn -0.0074 -0.0004 -1.0000
vn -0.0038 -0.2398 -0.9708
vn -0.0179 -0.4131 -0.9105
vn -0.0182 -0.4131 -0.9105
vn -0.0022 0.6838 -0.7297
vn -0.0015 0.6834 -0.7300
vn -0.0000 -0.1398 -0.9902
vn 0.0166 -0.3086 -0.9511
vn 0.0162 -0.3089 -0.9510
vn 0.0600 0.5904 -0.8049
vn 0.0428 0.8628 -0.5037
vn 0.0600 0.5905 -0.8048
vn 0.0428 0.8633 -0.5028
vn -0.0188 0.9974 -0.0692
vn -0.0146 0.9976 -0.0670
vn -0.0116 0.9866 -0.1629
vn -0.0116 0.9866 -0.1628
vn -0.0122 0.5197 -0.8542
vn -0.0135 0.5191 -0.8546
vn -0.0050 -0.9965 0.0836
vn -0.0051 -0.9965 0.0834
vn 0.0145 -0.9878 0.1549
vn 0.0116 -0.9878 0.1550
vn 0.0004 -0.4739 0.8806
vn -0.0000 -0.4775 0.8786
vn -0.0997 0.9937 -0.0512
vn -0.0834 0.9965 -0.0022
vn -0.0827 0.9966 -0.0041
vn -0.1000 0.9935 -0.0535
vn -0.0883 0.9923 -0.0866
vn -0.0873 0.9924 -0.0867
vn -0.0498 0.9967 -0.0645
vn -0.0455 0.9975 -0.0542
vn 0.9317 0.3620 -0.0308
vn 0.9171 0.3986 -0.0110
vn 0.9175 0.3977 -0.0109
vn 0.8791 0.4764 -0.0152
vn 0.8424 0.5389 0.0002
vn 0.8089 0.5870 0.0347
vn 0.8818 0.4714 -0.0171
vn 0.5850 0.7425 0.3264
vn 0.8601 0.5094 0.0272
vn 0.4958 0.6083 0.6198
vn 0.7276 0.6860 0.0091
vn 0.5296 0.6122 0.5871
vn 0.7467 0.6648 0.0235
vn 0.6288 0.7775 0.0115
vn 0.5029 0.6583 0.5601
vn 0.6284 0.7778 0.0124
vn 0.5054 0.6556 0.5611
vn 0.5787 0.8152 0.0227
vn 0.6280 0.7781 0.0116
vn 0.4570 0.6562 0.6005
vn 0.5786 0.8153 0.0226
vn 0.5782 0.8156 0.0221
vn 0.3161 0.9484 0.0228
vn 0.2322 0.7343 0.6379
vn 0.3384 0.9407 -0.0254
vn 0.0068 0.7658 0.6430
vn 0.0422 0.9991 -0.0028
vn 0.0057 0.7646 0.6445
vn -0.0000 1.0000 0.0002
vn 0.0053 0.7656 0.6433
vn -0.2354 0.7335 0.6376
vn -0.3195 0.9473 0.0224
vn -0.3194 0.9474 0.0222
vn -0.4610 0.6539 0.5998
vn -0.5740 0.8176 0.0448
vn -0.5941 0.8044 -0.0000
vn -0.5986 0.8010 0.0003
vn -0.5955 0.8034 0.0006
vn -0.5075 0.6561 0.5585
vn -0.6389 0.7693 0.0012
vn -0.6428 0.7660 0.0003
vn -0.5033 0.6545 0.5643
vn -0.7600 0.6498 0.0122
vn -0.7149 0.6992 -0.0061
vn -0.5243 0.6107 0.5935
vn -0.8601 0.5094 0.0272
vn -0.5024 0.5942 0.6280
vn -0.8600 0.5095 0.0268
vn -0.5863 0.7407 0.3279
vn -0.8424 0.5389 0.0002
vn -0.8085 0.5871 0.0413
vn -0.8792 0.4763 -0.0145
vn -0.9333 0.3592 0.0001
vn -0.9332 0.3593 -0.0001
vn -0.9304 0.3665 -0.0000
vn -0.0704 -0.4478 -0.8914
vn -0.0186 -0.4155 -0.9094
vn -0.0944 -0.3472 -0.9330
vn -0.0188 -0.3093 -0.9508
vn -0.2831 -0.0122 -0.9590
vn -0.0005 -0.3737 -0.9275
vn -0.0536 0.1168 -0.9917
vn -0.4350 0.3565 -0.8268
vn -0.0700 0.5182 -0.8524
vn -0.4874 0.6194 -0.6155
vn 0.0298 0.1607 -0.9866
vn 0.0593 -0.2332 -0.9706
vn -0.0830 0.7458 -0.6609
vn -0.5057 0.7261 -0.4659
vn 0.1161 -0.2665 -0.9568
vn 0.0265 -0.4100 -0.9117
vn 0.1319 0.1653 -0.9774
vn 0.2577 0.1116 -0.9597
vn 0.1784 -0.3245 -0.9289
vn 0.0886 -0.4401 -0.8936
vn 0.1317 -0.3834 -0.9141
vn 0.0109 0.5592 -0.8290
vn 0.2687 -0.1493 -0.9516
vn 0.1005 -0.3747 -0.9217
vn 0.3828 0.0620 -0.9217
vn 0.3520 0.5012 -0.7905
vn 0.1770 0.5444 -0.8199
vn 0.1609 -0.1956 -0.9674
vn 0.4381 0.2411 -0.8660
vn 0.5057 0.4500 -0.7360
vn 0.0789 -0.1917 -0.9783
vn -0.0066 -0.3718 -0.9283
vn 0.2879 0.2116 -0.9340
vn 0.5139 0.5110 -0.6891
vn -0.0155 -0.2035 -0.9790
vn -0.0074 -0.3721 -0.9282
vn -0.0154 -0.2026 -0.9791
vn 0.1423 0.2234 -0.9643
vn -0.0118 0.2145 -0.9767
vn -0.0111 0.2136 -0.9769
vn 0.3512 0.5421 -0.7634
vn 0.1765 0.5434 -0.8207
vn 0.0103 0.5592 -0.8289
vn 0.0092 0.5596 -0.8287
vn 0.3699 0.7075 -0.6022
vn 0.0117 0.7652 -0.6437
vn 0.0039 0.7643 -0.6449
vn 0.1886 0.7481 -0.6362
vn 0.0122 0.8350 -0.5502
vn 0.0070 0.8340 -0.5518
vn 0.1865 0.8204 -0.5405
vn 0.3659 0.7776 -0.5112
vn 0.5340 0.6405 -0.5519
vn 0.5355 0.7052 -0.4646
vn 0.5340 0.6402 -0.5522
vn 0.3434 0.8260 -0.4470
vn 0.1933 0.8785 -0.4370
vn 0.0441 0.8626 -0.5039
vn 0.4819 0.8758 -0.0280
vn 0.3983 0.9162 0.0429
vn 0.4138 0.9092 -0.0464
vn 0.5292 0.7378 -0.4191
vn 0.4689 0.8829 0.0243
vn -0.0803 0.8365 -0.5421
vn -0.0427 0.8384 -0.5433
vn 0.6332 0.6748 -0.3791
vn 0.2583 0.8111 -0.5248
vn 0.7305 0.5726 -0.3721
vn 0.5349 0.7055 -0.4648
vn 0.5365 0.7520 -0.3830
vn 0.4749 0.8773 0.0687
vn 0.3778 0.7731 -0.5095
vn 0.3737 0.8293 -0.4156
vn 0.3089 0.9446 0.1113
vn 0.3593 0.7058 -0.6105
vn 0.1928 0.8785 -0.4370
vn 0.1512 0.9818 0.1147
vn 0.0106 0.8938 -0.4483
vn 0.0084 0.9926 0.1208
vn 0.1874 0.7488 -0.6357
vn 0.0120 0.8355 -0.5494
vn 0.0065 0.7681 -0.6403
vn -0.0955 0.8313 -0.5475
vn -0.1081 0.8885 -0.4459
vn -0.1154 0.9861 0.1199
vn -0.5146 0.7676 -0.3820
vn -0.5017 0.8587 0.1044
vn -0.0172 -0.4142 -0.9100
vn 0.0881 -0.4434 -0.8920
vn 0.1004 -0.3717 -0.9229
vn 0.0163 -0.3084 -0.9511
vn 0.2781 -0.0107 -0.9605
vn -0.0078 -0.3795 -0.9252
vn 0.0503 0.1167 -0.9919
vn 0.4274 0.3592 -0.8296
vn 0.0670 0.5182 -0.8526
vn 0.4874 0.6194 -0.6155
vn -0.0075 0.1699 -0.9854
vn -0.0595 -0.2305 -0.9712
vn -0.0184 -0.4128 -0.9106
vn -0.1366 0.1612 -0.9774
vn 0.0796 0.7460 -0.6611
vn 0.5015 0.7253 -0.4715
vn 0.0092 0.5592 -0.8290
vn -0.1801 0.5448 -0.8190
vn -0.2593 0.1131 -0.9592
vn -0.1219 -0.2691 -0.9554
vn -0.1820 -0.3242 -0.9283
vn -0.0699 -0.4480 -0.8913
vn -0.1355 -0.3822 -0.9141
vn -0.3544 0.5005 -0.7899
vn -0.3866 0.0607 -0.9202
vn -0.2723 -0.1489 -0.9506
vn -0.0951 -0.3480 -0.9326
vn -0.5112 0.4486 -0.7331
vn -0.1685 -0.1981 -0.9656
vn -0.0542 -0.3685 -0.9281
vn -0.4399 0.2401 -0.8653
vn -0.0884 -0.1922 -0.9774
vn 0.0257 -0.3458 -0.9380
vn -0.2950 0.2130 -0.9315
vn -0.5161 0.5107 -0.6877
vn -0.0150 -0.2036 -0.9789
vn -0.0157 -0.2033 -0.9790
vn -0.1476 0.2229 -0.9636
vn -0.0111 0.2144 -0.9767
vn -0.0120 0.2142 -0.9767
vn -0.3548 0.5410 -0.7625
vn -0.1791 0.5423 -0.8208
vn 0.0093 0.5592 -0.8290
vn 0.0100 0.5599 -0.8285
vn -0.3734 0.7014 -0.6071
vn 0.0070 0.7649 -0.6441
vn 0.0159 0.7632 -0.6459
vn -0.1872 0.7470 -0.6379
vn 0.0082 0.8350 -0.5502
vn 0.0117 0.8316 -0.5553
vn -0.1901 0.8198 -0.5401
vn -0.3816 0.7708 -0.5101
vn -0.5354 0.6400 -0.5511
vn -0.5353 0.7053 -0.4647
vn -0.5357 0.6394 -0.5515
vn -0.3463 0.8253 -0.4460
vn -0.2057 0.8594 -0.4682
vn -0.0475 0.8625 -0.5038
vn -0.5112 0.8592 -0.0205
vn -0.4098 0.9111 0.0433
vn -0.4148 0.9087 -0.0460
vn -0.5313 0.7368 -0.4182
vn -0.4724 0.8811 0.0243
vn -0.0953 0.8319 -0.5467
vn 0.0625 0.8364 -0.5445
vn 0.0128 0.8354 -0.5495
vn -0.6203 0.6912 -0.3709
vn -0.2606 0.8106 -0.5245
vn -0.7305 0.5726 -0.3721
vn -0.5357 0.7051 -0.4645
vn -0.5147 0.7676 -0.3820
vn -0.4664 0.8797 0.0921
vn -0.3644 0.7777 -0.5122
vn -0.3765 0.8280 -0.4154
vn -0.3117 0.9437 0.1112
vn -0.3776 0.7033 -0.6024
vn -0.1961 0.8779 -0.4368
vn -0.1539 0.9814 0.1150
vn -0.1900 0.8198 -0.5401
vn 0.0104 0.8938 -0.4483
vn 0.0073 0.9927 0.1208
vn -0.1924 0.7450 -0.6387
vn 0.0083 0.8353 -0.5498
vn 0.1095 0.8449 -0.5235
vn 0.1047 0.8889 -0.4460
vn 0.1119 0.9865 0.1199
vn 0.5365 0.7519 -0.3830
vn 0.4975 0.8615 0.1014
vn 0.6628 0.6040 -0.4427
vn 0.7868 0.5157 -0.3392
vn 0.6580 0.5205 -0.5442
vn 0.7791 0.4310 -0.4552
vn 0.6565 0.3499 -0.6682
vn 0.9305 0.2991 -0.2115
vn 0.7753 0.2982 -0.5568
vn 0.6568 0.1251 -0.7436
vn 0.9326 0.2408 -0.2687
vn 0.9822 0.0893 -0.1652
vn 0.9817 0.0838 -0.1712
vn 0.7753 0.1073 -0.6224
vn 0.9336 0.1616 -0.3198
vn 0.9831 0.0287 -0.1807
vn 0.6593 -0.1075 -0.7442
vn 0.9331 0.0589 -0.3547
vn 0.9816 -0.0285 -0.1887
vn 0.7740 -0.0905 -0.6267
vn 0.6583 -0.3302 -0.6765
vn 0.9342 -0.0552 -0.3525
vn 0.9812 -0.0856 -0.1731
vn 0.7768 -0.2738 -0.5670
vn 0.9371 -0.1525 -0.3140
vn 0.9835 -0.1205 -0.1351
vn 0.7791 -0.4310 -0.4553
vn 0.9349 -0.2434 -0.2581
vn 0.9822 -0.1644 -0.0914
vn 0.6510 -0.5243 -0.5490
vn 0.9338 -0.3118 -0.1753
vn 0.9827 -0.1806 -0.0399
vn 0.7785 -0.5549 -0.2935
vn 0.6548 -0.6636 -0.3619
vn 0.9336 -0.3475 -0.0874
vn 0.7792 -0.6158 -0.1164
vn 0.6570 -0.7405 -0.1417
vn 0.9318 -0.3594 0.0509
vn 0.9821 -0.1885 -0.0011
vn 0.9384 -0.3293 0.1045
vn 0.7694 -0.6140 0.1761
vn 0.7814 -0.6215 0.0566
vn 0.6579 -0.7495 0.0731
vn 0.6630 -0.7222 0.1971
vn 0.6599 -0.6074 0.4422
vn 0.7766 -0.5147 0.3634
vn 0.6588 -0.5210 0.5427
vn 0.7782 -0.4381 0.4499
vn 0.6559 -0.3526 0.6674
vn 0.9311 -0.3011 0.2057
vn 0.7800 -0.2928 0.5531
vn 0.6540 -0.1285 0.7455
vn 0.9329 -0.2450 0.2640
vn 0.9825 -0.0924 0.1619
vn 0.9825 -0.0926 0.1616
vn 0.7770 -0.1085 0.6201
vn 0.9333 -0.1670 0.3179
vn 0.9820 -0.0366 0.1852
vn 0.6587 0.1041 0.7452
vn 0.9336 -0.0638 0.3525
vn 0.9821 0.0241 0.1869
vn 0.7740 0.0905 0.6267
vn 0.6530 0.3285 0.6824
vn 0.9345 0.0524 0.3521
vn 0.9830 0.0736 0.1683
vn 0.7808 0.2724 0.5622
vn 0.9386 0.1499 0.3108
vn 0.9865 0.1241 0.1065
vn 0.7828 0.4273 0.4523
vn 0.9340 0.2446 0.2604
vn 0.9800 0.1802 0.0847
vn 0.6583 0.5178 0.5463
vn 0.9360 0.3086 0.1691
vn 0.9832 0.1800 0.0303
vn 0.7761 0.5562 0.2972
vn 0.6578 0.6620 0.3594
vn 0.9414 0.3236 0.0953
vn 0.7733 0.6245 0.1091
vn 0.6497 0.7483 0.1340
vn 0.9323 0.3600 -0.0341
vn 0.9823 0.1869 -0.0084
vn 0.9379 0.3313 -0.1029
vn 0.7728 0.6112 -0.1711
vn 0.7683 0.6360 -0.0724
vn 0.6736 0.7367 -0.0603
vn 0.6612 0.7228 -0.2008
vn 0.9972 -0.0746 -0.0000
vn 0.7204 -0.6919 0.0483
vn 0.9982 0.0234 0.0550
vn 0.6576 -0.1248 0.7430
vn 0.9982 0.0513 0.0313
vn 0.7123 0.3853 0.5867
vn 0.9868 0.1239 0.1046
vn 0.7615 0.6481 -0.0099
vn 0.6435 0.4186 0.6408
vn 0.7567 0.6499 0.0717
vn 0.5642 0.4920 0.6630
vn -0.9939 0.0584 0.0933
vn -0.5375 0.4568 0.7089
vn -0.9834 -0.0000 0.1815
vn -0.7152 0.2399 0.6564
vn -0.7071 -0.0000 0.7071
vn -0.7292 -0.6805 0.0717
vn -0.9972 -0.0746 -0.0000
vn -0.9987 -0.0001 0.0512
vn -0.6546 -0.1038 0.7488
vn -0.9997 0.0199 -0.0157
vn -0.7028 0.3580 0.6147
vn -0.9814 0.1502 0.1194
vn -0.7615 0.6481 0.0087
vn -0.6435 0.4186 0.6408
vn -0.7566 0.6499 0.0717
vn -0.5526 0.4876 0.6759
vn 0.9939 0.0585 0.0933
vn 0.5368 0.4558 0.7100
vn 0.9825 0.0192 0.1853
vn 0.7152 0.2399 0.6564
vn 0.7071 -0.0000 0.7071
vn -0.6802 0.5098 -0.5267
vn -0.7850 0.5185 -0.3389
vn -0.6734 0.6126 -0.4138
vn -0.7812 0.4224 -0.4596
vn -0.6601 0.3470 -0.6662
vn -0.9297 0.2990 -0.2151
vn -0.7797 0.2879 -0.5560
vn -0.6539 0.1363 -0.7442
vn -0.9262 0.2398 -0.2910
vn -0.9783 0.1186 -0.1700
vn -0.9781 0.1171 -0.1720
vn -0.7776 0.0896 -0.6224
vn -0.9268 0.1851 -0.3269
vn -0.9831 0.0351 -0.1799
vn -0.6548 -0.1056 -0.7484
vn -0.9271 0.0651 -0.3691
vn -0.9821 -0.0251 -0.1868
vn -0.7735 -0.0872 -0.6278
vn -0.6611 -0.3153 -0.6808
vn -0.9332 -0.0736 -0.3516
vn -0.9807 -0.0718 -0.1819
vn -0.7763 -0.2810 -0.5642
vn -0.9405 -0.1220 -0.3171
vn -0.9834 -0.1128 -0.1423
vn -0.7787 -0.4325 -0.4545
vn -0.9262 -0.2511 -0.2814
vn -0.9820 -0.1663 -0.0897
vn -0.6630 -0.5167 -0.5418
vn -0.9293 -0.3311 -0.1639
vn -0.9833 -0.1783 -0.0369
vn -0.7795 -0.5492 -0.3012
vn -0.6592 -0.6558 -0.3680
vn -0.9250 -0.3744 -0.0653
vn -0.7785 -0.6121 -0.1387
vn -0.6499 -0.7476 -0.1371
vn -0.9336 -0.3584 0.0007
vn -0.9830 -0.1837 0.0022
vn -0.9377 -0.3328 0.0998
vn -0.7694 -0.6142 0.1756
vn -0.7813 -0.6215 0.0568
vn -0.6605 -0.7477 0.0684
vn -0.6645 -0.7207 0.1974
vn -0.6587 -0.5211 0.5428
vn -0.7750 -0.5170 0.3633
vn -0.6629 -0.6028 0.4441
vn -0.7804 -0.4265 0.4572
vn -0.6586 -0.3496 0.6664
vn -0.9289 -0.3088 0.2043
vn -0.7801 -0.2953 0.5516
vn -0.6548 -0.1241 0.7455
vn -0.9251 -0.2471 0.2883
vn -0.9825 -0.0924 0.1619
vn -0.9825 -0.0936 0.1611
vn -0.7777 -0.0964 0.6213
vn -0.9276 -0.1883 0.3227
vn -0.9827 -0.0365 0.1818
vn -0.6544 0.1021 0.7493
vn -0.9281 -0.0653 0.3666
vn -0.9834 0.0005 0.1814
vn -0.7736 0.0838 0.6282
vn -0.6636 0.3183 0.6770
vn -0.9375 0.0392 0.3459
vn -0.9880 0.0578 0.1430
vn -0.7609 0.2926 0.5791
vn -0.9396 0.1478 0.3086
vn -0.9816 0.1480 0.1209
vn -0.7862 0.4385 0.4354
vn -0.9271 0.2401 0.2877
vn -0.9815 0.1508 0.1176
vn -0.6589 0.5170 0.5464
vn -0.9313 0.3270 0.1606
vn -0.9833 0.1796 0.0304
vn -0.7761 0.5549 0.2995
vn -0.6610 0.6588 0.3592
vn -0.9263 0.3717 0.0620
vn -0.7804 0.6093 0.1405
vn -0.6576 0.7409 0.1366
vn -0.9336 0.3584 -0.0006
vn -0.9790 0.2037 0.0002
vn -0.9476 0.3086 -0.0825
vn -0.7713 0.6116 -0.1762
vn -0.7799 0.6224 -0.0662
vn -0.6605 0.7473 -0.0723
vn -0.6536 0.7275 -0.2087
vn -0.2070 -0.9781 -0.0205
vn -0.3836 -0.9235 -0.0000
vn -0.1876 -0.9764 -0.1069
vn -0.3751 -0.9198 -0.1154
vn -0.1191 -0.6773 -0.7260
vn -0.7293 -0.6840 0.0132
vn -0.2493 -0.6107 -0.7516
vn -0.7032 -0.7032 -0.1047
vn -0.4811 -0.4782 -0.7348
vn -0.6097 -0.2530 -0.7511
vn -0.9252 -0.3737 -0.0653
vn -0.9827 -0.1849 0.0039
vn -0.6624 -0.0029 -0.7492
vn -0.9961 0.0859 -0.0196
vn -0.9997 0.0196 -0.0156
vn -0.5129 -0.1061 0.8519
vn -0.5338 -0.0000 0.8456
vn -0.9334 0.3588 -0.0001
vn -0.6120 0.2532 -0.7492
vn -0.9334 0.3587 0.0001
vn -0.4931 0.2052 0.8454
vn -0.3785 0.3719 0.8476
vn -0.4365 0.4783 -0.7620
vn -0.7155 0.6986 -0.0056
vn -0.2056 0.4908 0.8467
vn -0.2592 0.6067 -0.7515
vn -0.3838 0.9233 -0.0146
vn -0.3838 0.9233 -0.0144
vn -0.0003 0.6818 -0.7316
vn 0.2057 0.4878 0.8484
vn 0.3807 0.9246 -0.0142
vn 0.2507 0.6107 -0.7512
vn 0.3807 0.9246 -0.0147
vn 0.7254 0.6883 0.0057
vn 0.4649 0.4650 -0.7534
vn 0.7254 0.6883 0.0056
vn 0.3786 0.3689 0.8489
vn 0.4910 0.2024 0.8473
vn 0.9168 0.3991 -0.0108
vn 0.6065 0.2563 -0.7527
vn 0.5316 0.0067 0.8470
vn 0.6589 -0.0029 -0.7522
vn 1.0000 0.0001 -0.0040
vn 0.4938 -0.1048 0.8632
vn 0.9820 -0.1887 0.0038
vn 0.9821 -0.1881 0.0039
vn 0.9980 0.0586 -0.0236
vn 0.9334 -0.3478 -0.0880
vn 0.6060 -0.2631 -0.7507
vn 0.7524 -0.6587 -0.0000
vn 0.7128 -0.6932 -0.1061
vn 0.4513 -0.4892 -0.7463
vn 0.2604 -0.6038 -0.7534
vn 0.3875 -0.9151 -0.1114
vn 0.3696 -0.9291 -0.0099
vn 0.2110 -0.9775 -0.0077
vn 0.1875 -0.9759 -0.1113
vn 0.1255 -0.6524 -0.7474
vn -0.9996 -0.0275 -0.0044
vn -0.8082 -0.5888 -0.0063
vn -0.8081 -0.5890 -0.0060
vn -0.9263 -0.0040 0.3768
vn -0.7769 -0.5147 0.3625
vn -0.6814 -0.7319 -0.0029
vn -0.4731 -0.4729 0.7433
vn -0.6823 -0.7310 -0.0028
vn -0.7058 -0.7084 0.0001
vn -0.4512 -0.4453 0.7734
vn -0.7324 -0.6806 0.0175
vn -0.5398 -0.2387 0.8072
vn -0.8396 -0.5432 0.0067
vn -0.8069 -0.5907 -0.0017
vn -0.6578 0.1044 0.7459
vn -0.9255 -0.3737 0.0618
vn -0.9333 -0.3592 -0.0000
vn -0.8931 0.1856 0.4098
vn -0.9464 -0.3230 -0.0001
vn -0.5748 0.7965 0.1874
vn -0.9464 -0.3230 -0.0000
vn -0.9331 -0.3596 0.0008
vn -0.9453 -0.3263 -0.0032
vn -0.9595 -0.2818 -0.0000
vn 0.9193 -0.0000 0.3937
vn 0.7770 -0.5147 0.3625
vn 0.8020 -0.5972 -0.0092
vn 0.8021 -0.5971 -0.0094
vn 0.4701 -0.4731 0.7450
vn 0.6845 -0.7290 -0.0028
vn 0.6808 -0.7325 -0.0024
vn 0.4693 -0.4269 0.7730
vn 0.7203 -0.6920 0.0482
vn 0.7058 -0.7084 0.0002
vn 0.5398 -0.2387 0.8072
vn 0.8351 -0.5502 0.0034
vn 0.8002 -0.5996 -0.0086
vn 0.6563 0.1058 0.7470
vn 0.9310 -0.3613 0.0514
vn 0.9139 -0.4059 0.0072
vn 0.8819 0.2106 0.4219
vn 0.9464 -0.3230 -0.0000
vn 0.5699 0.7999 0.1878
vn 0.9331 -0.3597 0.0007
vn 0.9478 -0.3189 -0.0038
vn 0.9665 -0.2563 0.0142
vn 0.0167 0.8349 -0.5501
vn 0.0093 0.8343 -0.5512
vn 0.0112 0.8354 -0.5495
vn 0.0075 0.8324 -0.5542
vn -0.0006 0.8395 -0.5434
vn 0.0014 0.8375 -0.5465
vn 0.0120 0.8411 -0.5407
vn -0.0023 0.8350 -0.5503
vn 0.0015 0.8365 -0.5479
vn 0.0023 0.8398 -0.5429
vn 0.0108 0.8378 -0.5459
vn -0.0027 0.8366 -0.5477
vn 0.0050 0.8412 -0.5407
vn 0.0074 0.8373 -0.5467
vn 0.0039 0.8353 -0.5497
vn 0.0088 0.8366 -0.5477
vn 0.0160 0.8367 -0.5474
vn 0.0108 0.8353 -0.5496
vn 0.0086 0.8353 -0.5497
vn 0.0100 0.8342 -0.5513
vn 0.0057 0.8350 -0.5501
vn 0.0079 0.8326 -0.5538
vn 0.0006 0.8395 -0.5434
vn -0.0014 0.8375 -0.5465
vn 0.0058 0.8362 -0.5484
vn 0.0023 0.8350 -0.5503
vn -0.0014 0.8365 -0.5480
vn 0.0015 0.8383 -0.5452
vn 0.0071 0.8364 -0.5481
vn 0.0027 0.8366 -0.5477
vn 0.0047 0.8372 -0.5469
vn 0.0079 0.8377 -0.5461
vn 0.0095 0.8362 -0.5484
vn 0.0090 0.8367 -0.5476
vn 0.0076 0.8354 -0.5496
vn 0.0090 0.8352 -0.5498
vn 0.4395 0.1696 -0.8821
vn 0.5956 0.2185 -0.7730
vn 0.6564 0.1254 -0.7439
vn -0.0055 -0.0000 -1.0000
vn 0.0512 -0.7664 -0.6403
vn 0.6361 -0.4228 -0.6454
vn -0.2869 -0.3220 -0.9022
vn -0.8115 -0.2384 -0.5336
vn -0.8422 -0.3583 -0.4028
vn -0.8765 -0.2508 -0.4110
vn -0.0923 -0.7804 -0.6184
vn -0.6628 -0.6873 -0.2973
vn 0.1688 -0.7290 -0.6634
vn -0.1128 -0.7983 -0.5916
vn -0.5653 -0.7314 -0.3814
vn 0.7274 -0.2711 -0.6304
vn -0.1196 -0.6774 -0.7258
vn -0.5893 -0.6712 -0.4496
vn -0.5999 -0.6299 -0.4933
vn 0.1274 -0.4136 -0.9015
vn 0.5966 0.3297 -0.7317
vn -0.1315 -0.3397 -0.9313
vn -0.6012 -0.6014 -0.5262
vn 0.1131 0.0469 -0.9925
vn 0.4824 0.5995 -0.6386
vn -0.2108 -0.1919 -0.9585
vn -0.5305 -0.4419 -0.7234
vn 0.0506 0.1167 -0.9919
vn 0.4834 0.5936 -0.6434
vn -0.0080 -0.0001 -1.0000
vn -0.5882 -0.0000 -0.8087
vn -0.0430 -0.0001 -0.9991
vn 0.0156 0.0311 -0.9994
vn 0.4105 0.5764 -0.7065
vn 0.2153 0.6579 -0.7217
vn 0.0078 0.0780 -0.9969
vn -0.0008 0.6818 -0.7316
vn 0.0078 0.0781 -0.9969
vn -0.0000 0.6813 -0.7320
vn 0.0008 0.6818 -0.7316
vn 0.0316 -0.0236 -0.9992
vn -0.2189 0.6565 -0.7218
vn 0.0316 -0.0235 -0.9992
vn 0.5803 -0.0171 -0.8142
vn 0.5297 -0.4425 -0.7236
vn -0.0079 0.0002 -1.0000
vn -0.4138 0.5757 -0.7052
vn -0.4832 0.5950 -0.6423
vn 0.2119 -0.2343 -0.9488
vn 0.6012 -0.6014 -0.5262
vn -0.0544 0.1166 -0.9917
vn -0.4825 0.5928 -0.6449
vn 0.1280 -0.3399 -0.9317
vn -0.1166 0.0466 -0.9921
vn -0.5986 0.3300 -0.7299
vn 0.5911 -0.6447 -0.4847
vn -0.1306 -0.4135 -0.9011
vn -0.7274 -0.2712 -0.6304
vn 0.1258 -0.6530 -0.7468
vn 0.5929 -0.6714 -0.4445
vn 0.5644 -0.7319 -0.3817
vn -0.1716 -0.7287 -0.6630
vn -0.6593 -0.4235 -0.6213
vn 0.1095 -0.7985 -0.5919
vn 0.6583 -0.6912 -0.2981
vn -0.0542 -0.7663 -0.6402
vn -0.6581 0.1243 -0.7426
vn 0.0894 -0.7806 -0.6186
vn 0.8422 -0.3583 -0.4029
vn -0.5983 0.2215 -0.7700
vn -0.4487 0.1519 -0.8807
vn 0.8821 -0.2525 -0.3977
vn -0.2720 -0.1493 -0.9507
vn 0.2702 -0.3268 -0.9056
vn -0.2077 -0.9780 -0.0202
vn -0.3689 -0.9295 -0.0000
vn -0.7306 -0.6828 0.0060
vn -0.2494 -0.6105 -0.7517
vn -0.7238 -0.6785 -0.1253
vn -0.6112 -0.2583 -0.7481
vn -0.6622 -0.0029 -0.7494
vn -0.9827 -0.1850 0.0038
vn -0.5136 -0.1067 0.8514
vn -0.5339 -0.0000 0.8455
vn -0.9334 0.3587 -0.0002
vn -0.6118 0.2530 -0.7495
vn -0.4699 0.4610 -0.7527
vn -0.9334 0.3587 -0.0000
vn -0.4928 0.2042 0.8458
vn -0.2593 0.6068 -0.7514
vn -0.3784 0.3719 0.8476
vn 0.0003 0.6818 -0.7316
vn -0.2056 0.4909 0.8466
vn -0.0000 1.0000 -0.0001
vn -0.3844 0.9231 -0.0146
vn 0.2508 0.6106 -0.7512
vn 0.2057 0.4875 0.8485
vn 0.7253 0.6884 0.0057
vn 0.4650 0.4649 -0.7535
vn 0.6067 0.2561 -0.7526
vn 0.3786 0.3688 0.8489
vn 0.9168 0.3991 -0.0109
vn 0.5316 0.0066 0.8470
vn 0.9980 0.0586 -0.0237
vn 0.4931 -0.1023 0.8639
vn 0.9820 -0.1887 0.0039
vn 0.9821 -0.1885 0.0039
vn 0.6064 -0.2652 -0.7496
vn 0.7521 -0.6590 -0.0000
vn 0.7128 -0.6933 -0.1061
vn 0.4744 -0.4625 -0.7490
vn 0.2605 -0.6039 -0.7533
vn 0.3876 -0.9151 -0.1114
vn 0.1256 -0.6523 -0.7475
vn -0.9468 -0.3218 -0.0000
vn -0.9329 -0.3601 -0.0000
vn 0.9468 -0.3218 -0.0000
vn 0.9329 -0.3601 -0.0000
vn 0.0005 0.0235 0.9997
vn 0.1021 -0.0074 0.9947
vn 0.0002 0.0236 0.9997
vn 0.0015 0.0244 0.9997
vn -0.0016 0.0221 0.9998
vn -0.0014 0.0222 0.9998
vn -0.0008 0.0227 0.9997
vn -0.0005 0.0229 0.9997
vn -0.0003 0.0230 0.9997
vn -0.0674 0.0249 0.9974
vn -0.0670 0.0235 0.9975
vn -0.0005 0.0235 0.9997
vn -0.0015 0.0244 0.9997
vn 0.0016 0.0221 0.9998
vn 0.0014 0.0222 0.9998
vn 0.0008 0.0227 0.9997
vn 0.0005 0.0229 0.9997
vn 0.0003 0.0230 0.9997
vn 0.0005 0.6919 0.7220
vn 0.0470 0.9185 0.3925
vn 0.0031 0.9208 0.3901
vn -0.0017 0.6521 0.7581
vn 0.5035 0.7124 0.4889
vn -0.0233 0.5265 0.8498
vn 0.0400 0.6261 0.7787
vn 0.6859 0.3955 0.6108
vn 0.0398 0.6260 0.7788
vn 0.1758 -0.3145 0.9328
vn -0.0001 0.4345 0.9007
vn 0.0163 -0.4280 0.9036
vn -0.0005 0.6918 0.7221
vn -0.0000 0.6522 0.7580
vn -0.0034 0.9208 0.3899
vn -0.0715 0.9092 0.4102
vn -0.5067 0.7093 0.4901
vn -0.0433 0.6262 0.7784
vn -0.7033 0.3905 0.5940
vn -0.0839 0.6072 0.7901
vn -0.1793 -0.3143 0.9322
vn -0.0000 0.4345 0.9007
vn 0.0164 -0.4279 0.9037
vn 0.7744 0.6251 0.0975
vn 0.7253 0.6884 0.0056
vn 0.7834 0.6142 -0.0954
vn 0.7796 -0.2934 0.5533
vn 0.7166 0.6965 -0.0367
vn 0.7221 -0.3627 0.5891
vn 0.7784 -0.2744 -0.5646
vn 0.7571 -0.4364 0.4862
vn 0.7335 -0.3710 -0.5695
vn 0.7200 -0.4151 0.5562
vn 0.7354 -0.4586 -0.4988
vn 0.7190 -0.4145 -0.5580
vn -0.3242 0.3029 -0.8962
vn -0.3232 0.3023 -0.8968
vn -0.3606 0.3166 -0.8773
vn -0.1565 0.2647 -0.9515
vn -0.3615 0.3169 -0.8769
vn -0.1566 0.2648 -0.9515
vn -0.4899 0.3798 -0.7847
vn 0.1437 0.2236 -0.9640
vn -0.4911 0.3792 -0.7843
vn 0.1667 0.1899 -0.9676
vn -0.6530 0.4815 -0.5846
vn 0.3437 0.1620 -0.9250
vn -0.6810 0.5072 -0.5281
vn 0.3426 0.1612 -0.9255
vn -0.7303 0.5727 -0.3725
vn 0.3442 0.1590 -0.9253
vn 0.3439 0.1584 -0.9255
vn -0.7303 0.5729 -0.3722
vn 0.4381 0.2412 -0.8660
vn 0.4719 0.3097 -0.8255
vn -0.6779 0.6890 -0.2564
vn 0.6583 0.5190 -0.5452
vn -0.6536 0.7262 -0.2131
vn 0.6583 0.5190 -0.5453
vn -0.5119 0.8588 -0.0205
vn 0.6995 0.5963 -0.3938
vn -0.5117 0.8589 -0.0201
vn 0.6993 0.5968 -0.3935
vn -0.3646 0.9296 0.0547
vn 0.6986 0.5966 -0.3950
vn 0.6987 0.5964 -0.3951
vn -0.3256 0.9427 0.0734
vn 0.6363 0.7306 -0.2474
vn -0.3255 0.9427 0.0739
vn 0.6356 0.7310 -0.2482
vn -0.1548 0.9807 0.1192
vn 0.4780 0.8758 0.0667
vn -0.1559 0.9806 0.1190
vn 0.4795 0.8750 0.0669
vn 0.1201 0.9714 0.2049
vn 0.3476 0.9058 0.2421
vn 0.1899 0.9524 0.2385
vn 0.3484 0.9054 0.2428
vn 0.3488 0.9055 0.2417
vn 0.3490 0.9052 0.2425
vn -0.4244 0.4522 -0.7844
vn -0.4363 0.4782 -0.7622
vn -0.6731 0.6124 -0.4145
vn -0.3178 0.4147 -0.8526
vn -0.6985 0.5972 -0.3943
vn -0.3178 0.4148 -0.8526
vn -0.6731 0.6125 -0.4144
vn -0.2834 0.3999 -0.8716
vn -0.6985 0.5970 -0.3945
vn -0.2840 0.4001 -0.8714
vn -0.4401 0.8905 -0.1152
vn -0.1452 0.3486 -0.9260
vn -0.4401 0.8905 -0.1153
vn -0.1453 0.3497 -0.9255
vn -0.3158 0.9479 -0.0407
vn 0.3449 0.1595 -0.9250
vn -0.3158 0.9480 -0.0407
vn 0.3453 0.1595 -0.9248
vn -0.2691 0.9631 -0.0040
vn 0.3444 0.1593 -0.9252
vn -0.2701 0.9628 -0.0045
vn 0.3448 0.1579 -0.9253
vn -0.1203 0.9912 0.0545
vn 0.5268 0.4130 -0.7429
vn -0.1204 0.9912 0.0545
vn 0.5679 0.4669 -0.6779
vn 0.3416 0.9172 0.2050
vn 0.6082 0.6629 -0.4366
vn 0.6083 0.6628 -0.4366
vn 0.3417 0.9172 0.2050
vn 0.6081 0.6627 -0.4370
vn 0.3418 0.9172 0.2049
vn 0.6083 0.6628 -0.4367
vn 0.6181 0.7199 -0.3159
vn 0.6181 0.7197 -0.3161
vn 0.3183 0.3014 -0.8988
vn 0.3533 0.3180 -0.8798
vn 0.3501 0.3184 -0.8809
vn 0.1533 0.2559 -0.9545
vn 0.3532 0.3187 -0.8796
vn 0.1489 0.2573 -0.9548
vn 0.4795 0.3736 -0.7940
vn -0.1474 0.2229 -0.9636
vn -0.1716 0.1894 -0.9668
vn 0.6530 0.4815 -0.5846
vn -0.3469 0.1605 -0.9241
vn 0.6583 0.5188 -0.5454
vn -0.3473 0.1594 -0.9241
vn 0.7303 0.5727 -0.3725
vn -0.3475 0.1591 -0.9241
vn -0.3472 0.1591 -0.9242
vn 0.7303 0.5728 -0.3722
vn -0.4416 0.2422 -0.8639
vn 0.7303 0.5729 -0.3722
vn -0.4737 0.3050 -0.8262
vn 0.6760 0.6908 -0.2564
vn -0.6810 0.5078 -0.5277
vn 0.6621 0.7219 -0.2011
vn -0.6564 0.5096 -0.5563
vn 0.4861 0.8735 -0.0265
vn -0.6988 0.5974 -0.3934
vn 0.4776 0.8756 -0.0723
vn -0.6993 0.5968 -0.3935
vn 0.3492 0.9350 0.0617
vn -0.6986 0.5967 -0.3950
vn 0.3508 0.9346 0.0593
vn -0.6985 0.5969 -0.3947
vn 0.3227 0.9435 0.0746
vn -0.6375 0.7291 -0.2491
vn 0.3500 0.9348 0.0611
vn -0.6376 0.7291 -0.2489
vn 0.1467 0.9822 0.1175
vn -0.5049 0.8630 0.0171
vn 0.1525 0.9811 0.1191
vn -0.4676 0.8788 0.0953
vn -0.1251 0.9708 0.2045
vn -0.3583 0.9054 0.2276
vn -0.2031 0.9559 0.2119
vn -0.3590 0.9051 0.2277
vn -0.3589 0.9053 0.2273
vn -0.3587 0.9053 0.2277
vn 0.4658 0.4644 -0.7533
vn 0.4209 0.4513 -0.7869
vn 0.6634 0.6034 -0.4425
vn 0.3066 0.4109 -0.8586
vn 0.6985 0.5972 -0.3943
vn 0.3068 0.4109 -0.8585
vn 0.6733 0.6226 -0.3989
vn 0.3062 0.4109 -0.8587
vn 0.6985 0.5971 -0.3944
vn 0.1417 0.3488 -0.9264
vn 0.4364 0.8924 -0.1147
vn 0.1019 0.3659 -0.9250
vn 0.4375 0.8917 -0.1159
vn -0.3478 0.1594 -0.9239
vn 0.3395 0.9402 -0.0263
vn -0.3480 0.1594 -0.9238
vn 0.3396 0.9402 -0.0262
vn 0.3026 0.9521 -0.0449
vn -0.3479 0.1588 -0.9240
vn 0.3027 0.9520 -0.0450
vn -0.5289 0.4127 -0.7415
vn 0.1426 0.9887 0.0470
vn -0.5640 0.4833 -0.6696
vn 0.1425 0.9887 0.0471
vn -0.6101 0.6612 -0.4365
vn -0.3323 0.9212 0.2023
vn -0.6100 0.6612 -0.4367
vn -0.3586 0.9054 0.2273
vn -0.6096 0.6626 -0.4351
vn -0.3324 0.9212 0.2022
vn -0.6094 0.6627 -0.4354
vn -0.3587 0.9054 0.2272
vn -0.6218 0.7135 -0.3230
vn -0.6057 0.7404 -0.2915
vn -0.7794 -0.1830 -0.5992
vn -0.7217 -0.5336 -0.4410
vn -0.8047 -0.1388 -0.5772
vn -0.7193 0.1208 -0.6841
vn -0.7785 -0.4940 -0.3873
vn -0.6985 -0.6298 -0.3397
vn -0.8538 0.1072 -0.5094
vn -0.7539 -0.2384 -0.6122
vn -0.9289 -0.3318 -0.1644
vn -0.6984 -0.6637 -0.2679
vn -0.9898 -0.0621 -0.1278
vn -0.9703 -0.2209 -0.0990
vn -0.7791 -0.6103 -0.1434
vn -0.7244 -0.6783 -0.1235
vn -0.8045 -0.5331 0.2618
vn -0.7786 -0.5827 0.2329
vn -0.7536 -0.4111 0.5129
vn -0.8543 -0.3214 0.4084
vn -0.7547 -0.6213 0.2108
vn -0.9907 -0.1362 0.0002
vn -0.9467 -0.3220 -0.0001
vn -0.7077 -0.7065 -0.0031
vn -0.9997 0.0200 -0.0155
vn -0.9574 -0.2857 0.0413
vn -0.7049 -0.7027 0.0964
vn -0.7548 -0.6480 -0.1018
vn -0.9997 0.0201 -0.0156
vn -0.9997 0.0201 -0.0157
vn -0.9300 0.3467 0.1221
vn -0.9279 0.3680 0.0605
vn -0.9363 0.3511 -0.0000
vn -0.9269 0.3694 -0.0656
vn -0.9246 0.3509 -0.1483
vn -0.9988 0.0468 0.0116
vn -0.9310 0.3272 0.1615
vn -0.9997 0.0201 -0.0158
vn -0.9277 0.3226 -0.1882
vn -0.9988 0.0468 0.0115
vn -0.9279 0.2843 0.2411
vn -0.9997 0.0201 -0.0159
vn -0.9987 0.0005 0.0512
vn -0.9277 0.2388 0.2868
vn -0.9558 -0.1580 -0.2478
vn -0.7034 -0.4393 -0.5588
vn -0.7011 -0.3771 -0.6051
vn -0.9987 0.0004 0.0514
vn -0.9264 0.1881 0.3262
vn -0.9279 0.1266 0.3508
vn -0.9558 -0.1578 -0.2480
vn -0.7545 -0.4942 -0.4319
vn -0.9987 0.0003 0.0516
vn -0.9369 0.0394 0.3475
vn -0.9867 -0.1245 -0.1048
vn -0.9987 0.0002 0.0516
vn -0.9987 -0.0000 0.0516
vn -0.9262 -0.0046 0.3769
vn -0.8538 -0.5153 -0.0736
vn -0.7534 -0.6491 -0.1054
vn -0.9987 -0.0002 0.0515
vn -0.9273 -0.0644 0.3688
vn -0.9299 -0.1286 0.3447
vn -0.8047 -0.4950 -0.3279
vn -0.7835 -0.4905 -0.3814
vn -0.7231 -0.2354 -0.6494
vn -0.7795 -0.1834 -0.5989
vn -0.7020 -0.1080 -0.7039
vn -0.9334 -0.0732 -0.3512
vn -0.9722 -0.0229 -0.2332
vn -0.6910 -0.0194 -0.7226
vn -0.9934 0.0617 -0.0970
vn -0.7780 0.0884 -0.6220
vn -0.7196 0.1209 -0.6838
vn -0.8551 0.4929 -0.1609
vn -0.7961 0.4402 -0.4153
vn -0.7808 0.4237 -0.4592
vn -0.7545 0.6195 -0.2165
vn -0.7556 0.4130 -0.5085
vn -0.9560 0.1051 -0.2739
vn -0.7021 0.2628 -0.6619
vn -0.9987 -0.0003 0.0515
vn -0.9259 -0.1902 0.3263
vn -0.9575 0.1349 -0.2549
vn -0.7026 0.3291 -0.6309
vn -0.9987 -0.0004 0.0514
vn -0.7559 0.1211 -0.6434
vn -0.9996 -0.0272 -0.0043
vn -0.9271 -0.2462 0.2825
vn -0.9270 -0.2902 0.2375
vn -0.9907 0.0311 -0.1322
vn -0.9996 -0.0271 -0.0043
vn -0.9996 -0.0269 -0.0043
vn -0.9293 -0.3063 0.2066
vn -0.8595 -0.2054 -0.4681
vn -0.7510 -0.2425 -0.6142
vn -0.9996 -0.0269 -0.0042
vn -0.9292 -0.3474 0.1257
vn -0.8047 0.0347 -0.5927
vn -0.7779 0.0876 -0.6222
vn -0.7247 0.4421 -0.5286
vn -0.7812 0.4227 -0.4595
vn -0.7036 0.5491 -0.4509
vn -0.9663 0.2201 -0.1331
vn -0.6985 0.5963 -0.3957
vn -0.9943 0.1017 0.0313
vn -0.7784 0.5823 -0.2347
vn -0.7244 0.6467 -0.2387
vn -0.8545 0.3853 0.3484
vn -0.8061 0.5685 0.1642
vn -0.7807 0.6088 0.1411
vn -0.7565 0.4926 0.4303
vn -0.7567 0.6497 0.0725
vn -0.9575 0.2850 -0.0450
vn -0.7160 0.6875 -0.1209
vn -0.9996 -0.0269 -0.0041
vn -0.9255 -0.3736 0.0616
vn -0.9592 0.2825 -0.0075
vn -0.7156 0.6985 -0.0055
vn -0.9996 -0.0269 -0.0039
vn -0.9331 -0.3596 -0.0000
vn -0.7561 0.6192 -0.2120
vn -0.9267 -0.3698 -0.0667
vn -0.9996 -0.0268 -0.0038
vn -0.9244 -0.3572 -0.1337
vn -0.9887 0.1483 -0.0203
vn -0.9996 -0.0269 -0.0037
vn -0.9291 -0.3312 -0.1646
vn -0.8530 0.3078 -0.4216
vn -0.7557 0.4146 -0.5071
vn -0.9996 -0.0269 -0.0036
vn -0.8045 0.5301 -0.2680
vn -0.7789 0.5839 -0.2288
vn -0.7255 0.6772 0.1227
vn -0.7806 0.6090 0.1407
vn -0.7147 0.6464 0.2671
vn -0.9715 0.2169 0.0952
vn -0.9303 0.3291 0.1617
vn -0.6940 0.6432 0.3235
vn -0.9940 0.0584 0.0930
vn -0.7794 0.4919 0.3880
vn -0.7241 0.5311 0.4401
vn -0.9996 -0.0270 -0.0035
vn -0.9280 -0.2847 -0.2405
vn -0.8062 0.1391 0.5751
vn -0.7629 0.1767 0.6219
vn -0.7551 -0.1299 0.6427
vn -0.8552 -0.1106 0.5063
vn -0.7557 0.2370 0.6105
vn -0.9996 -0.0271 -0.0034
vn -0.9260 -0.2532 -0.2800
vn -0.7005 0.4431 0.5594
vn -0.7048 0.3893 0.5930
vn -0.9996 -0.0272 -0.0034
vn -0.9293 -0.1894 -0.3171
vn -0.9300 -0.1321 -0.3431
vn -0.9572 0.1614 0.2403
vn -0.7565 0.4926 0.4301
vn -0.9996 -0.0273 -0.0034
vn -0.9335 -0.0733 -0.3510
vn -0.9901 0.1010 0.0971
vn -0.9990 -0.0078 -0.0430
vn -0.9996 -0.0275 -0.0035
vn -0.9263 0.0001 -0.3767
vn -0.8556 0.5128 0.0704
vn -0.7254 0.6773 0.1227
vn -0.9997 0.0196 -0.0161
vn -0.9243 0.0656 -0.3759
vn -0.8058 0.4927 0.3285
vn -0.7793 0.4921 0.3879
vn -0.7154 0.2416 0.6556
vn -0.7629 0.1765 0.6220
vn -0.6971 0.1003 0.7099
vn -0.9358 0.0372 0.3506
vn -0.9679 0.0152 0.2508
vn -0.7078 -0.0049 0.7064
vn -0.9927 -0.0704 0.0975
vn -0.7795 -0.0916 0.6197
vn -0.7236 -0.1202 0.6797
vn -0.8541 -0.4958 0.1574
vn -0.8046 -0.4323 0.4071
vn -0.7791 -0.4274 0.4587
vn -0.7543 -0.6214 0.2118
vn -0.7554 -0.4132 0.5085
vn -0.9591 -0.1051 0.2628
vn -0.7153 -0.2607 0.6483
vn -0.7058 -0.3355 0.6240
vn -0.9997 0.0197 -0.0162
vn -0.9310 0.1248 -0.3429
vn -0.9577 -0.1390 0.2518
vn -0.7551 -0.1299 0.6426
vn -0.9997 0.0198 -0.0161
vn -0.9268 0.1852 -0.3268
vn -0.9260 0.2404 -0.2912
vn -0.9997 0.0199 -0.0161
vn -0.9911 -0.0350 0.1283
vn -0.9997 0.0200 -0.0160
vn -0.8556 0.1946 0.4797
vn -0.7557 0.2371 0.6105
vn -0.9907 -0.1363 -0.0002
vn -0.8062 -0.0379 0.5904
vn -0.7829 -0.0902 0.6155
vn -0.7245 -0.4459 0.5256
vn -0.7802 -0.4284 0.4559
vn -0.7009 -0.5563 0.4464
vn -0.9708 -0.1943 0.1410
vn -0.8422 -0.4158 -0.3432
vn -0.9312 -0.3037 0.2014
vn -0.7011 -0.6099 0.3693
vn -0.7545 -0.4942 -0.4318
vn -0.7787 -0.5829 0.2319
vn -0.7139 -0.6577 0.2404
vn -0.8038 -0.5701 -0.1701
vn -0.7832 -0.6062 -0.1383
vn 0.6237 0.0793 -0.7777
vn 0.3477 -0.0877 -0.9335
vn 0.4222 0.4524 -0.7855
vn 0.8098 0.2149 -0.5460
vn 0.2500 0.3287 -0.9107
vn -0.0037 -0.2398 -0.9708
vn 0.5470 0.5438 -0.6365
vn 0.8893 0.3111 -0.3352
vn 0.3528 0.5021 -0.7896
vn 0.0073 0.0785 -0.9969
vn -0.0155 -0.2037 -0.9789
vn 0.6255 0.5973 -0.5019
vn 0.9164 0.3329 -0.2221
vn 0.4821 0.5949 -0.6432
vn 0.1645 0.3757 -0.9120
vn 0.6983 0.5973 -0.3945
vn 0.8587 0.5085 -0.0638
vn 0.5729 0.6572 -0.4897
vn 0.0103 0.8346 -0.5507
vn 0.0105 0.8348 -0.5505
vn 0.6363 0.7303 -0.2485
vn 0.2136 0.8256 0.5222
vn 0.6084 0.6627 -0.4366
vn 0.0105 0.8349 -0.5502
vn 0.1629 0.9619 0.2197
vn -0.0000 0.8321 0.5547
vn 0.5513 0.7818 -0.2913
vn 0.0104 0.8350 -0.5501
vn 0.0098 0.8355 -0.5493
vn 0.0106 0.8352 -0.5498
vn 0.1537 0.9808 0.1197
vn -0.0038 0.9664 0.2572
vn 0.0101 0.8354 -0.5496
vn 0.0078 0.9927 0.1205
vn -0.1660 0.9616 0.2187
vn -0.2176 0.8254 0.5210
vn -0.1158 0.9860 0.1203
vn 0.0096 0.8354 -0.5496
vn -0.6376 0.7291 -0.2487
vn -0.8598 0.5090 -0.0401
vn 0.0092 0.8352 -0.5499
vn -0.5553 0.7773 -0.2957
vn 0.0092 0.8350 -0.5501
vn -0.6093 0.6622 -0.4362
vn -0.6983 0.5973 -0.3946
vn -0.9165 0.3328 -0.2221
vn 0.0091 0.8350 -0.5502
vn -0.5747 0.6562 -0.4890
vn -0.6255 0.5973 -0.5019
vn -0.8893 0.3111 -0.3352
vn 0.0092 0.8349 -0.5504
vn -0.4834 0.5947 -0.6424
vn -0.5483 0.5435 -0.6356
vn -0.8098 0.2149 -0.5460
vn 0.0093 0.8347 -0.5507
vn -0.3554 0.5016 -0.7887
vn -0.4245 0.4522 -0.7844
vn -0.6261 0.0791 -0.7757
vn -0.3510 -0.0878 -0.9323
vn -0.2533 0.3286 -0.9099
vn -0.0039 -0.2397 -0.9708
vn -0.1717 0.3745 -0.9112
vn 0.0083 0.0785 -0.9969
vn 0.0097 0.8345 -0.5510
vn -0.0115 0.2145 -0.9767
vn 0.0097 0.8345 -0.5509
vn -0.0115 0.2144 -0.9767
vn 0.0098 0.8347 -0.5506
vn 0.0099 0.8346 -0.5508
vn 0.0098 0.8345 -0.5509
vn 0.0082 0.8333 -0.5527
vn 0.0376 0.7983 -0.6011
vn 0.0080 0.8337 -0.5521
vn 0.0071 0.8322 -0.5544
vn 0.0091 0.8306 -0.5568
vn -0.0000 0.8063 -0.5915
vn 0.0071 0.8323 -0.5543
vn 0.4735 0.3009 -0.8278
vn 0.6985 0.5973 -0.3942
vn 0.6985 0.5969 -0.3946
vn -0.4729 0.3030 -0.8274
vn 0.4098 0.9114 0.0373
vn -0.0409 0.7980 -0.6012
vn 0.0091 0.8330 -0.5533
vn 0.0101 0.8329 -0.5533
vn 0.0048 0.8290 -0.5593
vn 0.0008 0.8307 -0.5568
vn -0.0433 0.8372 -0.5453
vn -0.6985 0.5972 -0.3942
vn 0.0065 0.8334 -0.5527
vn -0.6986 0.5969 -0.3945
vn -0.0033 0.8547 -0.5191
vn 0.0001 0.9848 0.1739
vn -0.0001 0.9848 0.1737
vn -0.0955 0.8314 -0.5474
vn -0.4139 0.9095 0.0385
vn -0.0034 0.8546 -0.5192
vn 0.0009 0.8298 -0.5581
vn -0.0430 0.8376 -0.5446
vn 0.0052 0.8326 -0.5538
vn -0.9554 0.2475 -0.1609
vn -0.6193 0.7106 0.3341
vn -0.5047 0.8631 0.0170
vn -0.5526 0.7586 0.3453
vn -0.8437 0.4465 -0.2981
vn -0.9297 0.2989 -0.2152
vn -0.4137 0.9095 0.0392
vn -0.0031 0.8530 0.5219
vn -0.8064 0.4710 -0.3575
vn -0.6901 -0.0195 -0.7234
vn -0.0001 0.9848 0.1739
vn -0.0035 0.8530 0.5218
vn -0.5729 0.2509 -0.7803
vn -0.5817 -0.0160 -0.8132
vn -0.4717 0.2637 -0.8414
vn 0.0001 -0.1398 -0.9902
vn 0.4108 0.9109 0.0384
vn 0.5370 0.7586 0.3690
vn 0.5193 0.8546 -0.0101
vn 0.6175 0.7118 0.3347
vn 0.9554 0.2475 -0.1609
vn 0.3671 0.9273 -0.0728
vn 0.8437 0.4465 -0.2981
vn 0.9304 0.2991 -0.2118
vn 0.4372 0.8918 -0.1163
vn 0.0107 0.8940 -0.4480
vn 0.8064 0.4710 -0.3575
vn 0.6882 -0.0200 -0.7253
vn -0.3701 0.9261 -0.0728
vn 0.7302 0.5729 -0.3723
vn 0.5706 0.2514 -0.7818
vn 0.5809 -0.0159 -0.8138
vn 0.0102 0.8939 -0.4482
vn -0.4400 0.8905 -0.1153
vn -0.1080 0.8883 -0.4463
vn 0.0002 0.7350 -0.6781
vn -0.7302 0.5729 -0.3723
vn -0.1183 0.8617 -0.4934
vn -0.6985 0.5971 -0.3943
vn -0.2998 0.7866 -0.5398
vn -0.3061 0.7833 -0.5411
vn 0.0794 0.7456 -0.6616
vn 0.1204 0.7631 -0.6350
vn -0.0004 0.2679 -0.9634
vn 0.4206 0.4536 -0.7857
vn 0.0004 0.2679 -0.9634
vn 0.6083 0.6629 -0.4366
vn -0.0002 0.7351 -0.6780
vn 0.1127 0.8207 -0.5601
vn 0.6070 0.6631 -0.4380
vn 0.1046 0.8891 -0.4456
vn 0.3324 0.9338 -0.1325
vn -0.0825 0.7451 -0.6618
vn -0.4248 0.4520 -0.7843
vn 0.1093 0.8450 -0.5235
vn -0.1223 0.7633 -0.6343
vn -0.6096 0.6616 -0.4366
vn 0.3010 0.7854 -0.5409
vn -0.0956 0.8310 -0.5480
vn -0.6096 0.6623 -0.4356
vn 0.3033 0.7840 -0.5416
vn -0.0957 0.8314 -0.5473
vn -0.0476 0.8625 -0.5038
vn -0.3323 0.9332 -0.1367
vn 0.0677 0.7819 -0.6197
vn -0.0475 0.8626 -0.5037
vn -0.0002 0.9983 0.0587
vn 0.4318 0.3587 -0.8276
vn -0.0034 0.8547 -0.5191
vn 0.0002 0.9983 0.0586
vn 0.0001 0.8063 -0.5915
vn 0.3883 0.3625 -0.8472
vn 0.4690 0.2638 -0.8429
vn -0.0001 -0.1398 -0.9902
vn -0.0035 0.3716 -0.9284
vn -0.0038 0.3716 -0.9284
vn -0.3911 0.3620 -0.8462
vn -0.4346 0.3567 -0.8270
vn -0.0711 0.7815 -0.6198
vn -0.0001 0.8063 -0.5915
vn 0.0441 0.8627 -0.5039
vt 0.483432 0.894478
vt 0.479880 0.892776
vt 0.481252 0.893433
vt 0.504729 0.832597
vt 0.494880 0.821495
vt 0.504729 0.821495
vt 0.494880 0.832597
vt 0.151717 0.390294
vt 0.191792 0.386758
vt 0.191792 0.390294
vt 0.151717 0.386758
vt 0.575511 0.667412
vt 0.584103 0.662131
vt 0.582831 0.671585
vt 0.575487 0.657830
vt 0.590124 0.670337
vt 0.594690 0.682983
vt 0.590667 0.685300
vt 0.594691 0.667903
vt 0.490689 0.804021
vt 0.488067 0.815157
vt 0.488066 0.804128
vt 0.490690 0.815051
vt 0.219135 0.534685
vt 0.206962 0.529992
vt 0.221344 0.529994
vt 0.204756 0.534681
vt 0.399011 0.601220
vt 0.395288 0.614301
vt 0.395288 0.599607
vt 0.399011 0.615916
vt 0.149448 0.528482
vt 0.160042 0.525537
vt 0.160170 0.528481
vt 0.149319 0.525539
vt 0.409703 0.623890
vt 0.414490 0.635337
vt 0.409704 0.636096
vt 0.414487 0.623132
vt 0.405038 0.623025
vt 0.400392 0.635716
vt 0.400182 0.626027
vt 0.404996 0.633485
vt 0.064142 0.842589
vt 0.031027 0.842589
vt 0.034162 0.847389
vt 0.066851 0.847140
vt 0.071933 0.830027
vt 0.076993 0.830777
vt 0.065041 0.799407
vt 0.059494 0.799195
vt 0.068861 0.848526
vt 0.035271 0.848664
vt 0.038170 0.853422
vt 0.071425 0.853577
vt 0.072763 0.800846
vt 0.066973 0.800294
vt 0.079087 0.832085
vt 0.085192 0.832194
vt 0.136544 0.805971
vt 0.130779 0.806448
vt 0.117907 0.825863
vt 0.119525 0.830869
vt 0.136994 0.805557
vt 0.130634 0.789515
vt 0.127043 0.794956
vt 0.131109 0.806045
vt 0.096893 0.825555
vt 0.088295 0.804223
vt 0.082809 0.804483
vt 0.092808 0.830480
vt 0.091387 0.789795
vt 0.082612 0.803717
vt 0.088086 0.803458
vt 0.093673 0.795025
vt 0.092025 0.789564
vt 0.094360 0.794905
vt 0.126754 0.794905
vt 0.130279 0.789564
vt 0.119135 0.830882
vt 0.117542 0.825958
vt 0.097491 0.825958
vt 0.093405 0.830882
vt 0.033737 0.847893
vt 0.030603 0.843094
vt 0.017306 0.863818
vt 0.020022 0.868370
vt 0.072571 0.777542
vt 0.081240 0.772496
vt 0.021536 0.771245
vt 0.023295 0.776762
vt 0.066595 0.798863
vt 0.083285 0.772532
vt 0.074616 0.777577
vt 0.061049 0.798652
vt 0.001273 0.799837
vt 0.005964 0.801345
vt 0.022265 0.777651
vt 0.020507 0.772133
vt 0.092846 0.888713
vt 0.061012 0.869323
vt 0.058522 0.875949
vt 0.094547 0.897072
vt 0.030100 0.865884
vt 0.021343 0.870419
vt 0.057816 0.875831
vt 0.060307 0.869207
vt 0.029837 0.865188
vt 0.037877 0.853667
vt 0.034977 0.848909
vt 0.021079 0.869723
vt 0.142025 0.779032
vt 0.150545 0.800883
vt 0.158072 0.800761
vt 0.146004 0.772696
vt 0.086632 0.779111
vt 0.084584 0.773299
vt 0.067669 0.799985
vt 0.073459 0.800536
vt 0.141808 0.777783
vt 0.145807 0.771541
vt 0.084979 0.772275
vt 0.086958 0.778051
vt 0.154108 0.893528
vt 0.154138 0.892232
vt 0.187730 0.892231
vt 0.187773 0.900604
vt 0.094717 0.887366
vt 0.096387 0.895572
vt 0.158566 0.802293
vt 0.151175 0.802412
vt 0.142722 0.927556
vt 0.141771 0.913445
vt 0.146554 0.913445
vt 0.146555 0.927556
vt 0.064573 0.842504
vt 0.067282 0.847054
vt 0.077190 0.831553
vt 0.072130 0.830804
vt 0.079396 0.832703
vt 0.069301 0.848526
vt 0.071865 0.853577
vt 0.085501 0.832814
vt 0.031027 0.842589
vt 0.020022 0.868370
vt 0.022265 0.777651
vt 0.005964 0.801345
vt 0.029837 0.865188
vt 0.021079 0.869723
vt 0.290397 0.828913
vt 0.283321 0.795248
vt 0.291695 0.795291
vt 0.291694 0.828883
vt 0.254437 0.847051
vt 0.254437 0.851834
vt 0.240326 0.850884
vt 0.240326 0.847051
vt 0.284143 0.881071
vt 0.282444 0.884421
vt 0.275239 0.880511
vt 0.276937 0.877160
vt 0.253584 0.881189
vt 0.275609 0.881189
vt 0.282814 0.885099
vt 0.246363 0.885099
vt 0.262250 0.853618
vt 0.262243 0.860489
vt 0.251402 0.876754
vt 0.244181 0.880664
vt 0.253214 0.880511
vt 0.245993 0.884421
vt 0.244297 0.881069
vt 0.251518 0.877159
vt 0.277431 0.876914
vt 0.266636 0.860650
vt 0.266642 0.853780
vt 0.284637 0.880824
vt 0.262555 0.860071
vt 0.262561 0.853200
vt 0.266345 0.853203
vt 0.266339 0.860074
vt 0.500861 0.969105
vt 0.497691 0.969105
vt 0.497692 0.959902
vt 0.500861 0.959902
vt 0.448511 0.959902
vt 0.496854 0.959902
vt 0.496853 0.969105
vt 0.448511 0.969105
vt 0.352304 0.959902
vt 0.395557 0.959901
vt 0.395557 0.969106
vt 0.352304 0.969106
vt 0.396387 0.959901
vt 0.399632 0.959901
vt 0.399632 0.969106
vt 0.396387 0.969106
vt 0.447732 0.969105
vt 0.444564 0.969105
vt 0.444564 0.959902
vt 0.447732 0.959902
vt 0.400413 0.959901
vt 0.443667 0.959902
vt 0.443667 0.969105
vt 0.400413 0.969106
vt 0.002362 0.728499
vt 0.058679 0.728499
vt 0.058679 0.746776
vt 0.002362 0.746776
vt 0.002362 0.728499
vt 0.002362 0.746776
vt 0.018525 0.885393
vt 0.018525 0.879072
vt 0.060109 0.879070
vt 0.060109 0.885392
vt 0.281301 0.767378
vt 0.281187 0.785622
vt 0.201809 0.767378
vt 0.215994 0.785622
vt 0.018884 0.887585
vt 0.060467 0.887585
vt 0.060467 0.899766
vt 0.018884 0.899766
vt 0.138238 0.929260
vt 0.134377 0.929260
vt 0.134377 0.899724
vt 0.138238 0.899724
vt 0.060109 0.879070
vt 0.018525 0.879072
vt 0.018525 0.885393
vt 0.060109 0.885392
vt 0.201809 0.767378
vt 0.281187 0.785622
vt 0.281301 0.767378
vt 0.215994 0.785622
vt 0.060467 0.899766
vt 0.060467 0.887585
vt 0.018884 0.887585
vt 0.018884 0.899766
vt 0.134377 0.899724
vt 0.134377 0.929260
vt 0.138238 0.929260
vt 0.138238 0.899724
vt 0.454994 0.684502
vt 0.451451 0.685692
vt 0.451423 0.679232
vt 0.455506 0.677624
vt 0.348858 0.134239
vt 0.352195 0.134239
vt 0.352195 0.144731
vt 0.348858 0.144731
vt 0.357357 0.132272
vt 0.362872 0.132272
vt 0.362872 0.142794
vt 0.357357 0.142794
vt 0.441103 0.692191
vt 0.436143 0.692546
vt 0.436143 0.684918
vt 0.441182 0.684569
vt 0.427427 0.684926
vt 0.431873 0.684806
vt 0.431764 0.689846
vt 0.427424 0.689968
vt 0.857754 0.045297
vt 0.857754 0.060166
vt 0.852713 0.060166
vt 0.852713 0.045297
vt 0.965954 0.645252
vt 0.960913 0.645252
vt 0.960913 0.630059
vt 0.965954 0.630059
vt 0.502799 0.241994
vt 0.503077 0.255031
vt 0.492378 0.254906
vt 0.492378 0.241885
vt 0.456313 0.688612
vt 0.456313 0.694977
vt 0.451282 0.693771
vt 0.451266 0.688481
vt 0.483385 0.689750
vt 0.483385 0.695046
vt 0.478334 0.695046
vt 0.478334 0.689750
vt 0.443233 0.677437
vt 0.448265 0.677439
vt 0.446486 0.689974
vt 0.443784 0.690778
vt 0.502951 0.290786
vt 0.514832 0.290435
vt 0.514821 0.306506
vt 0.502949 0.306751
vt 0.486488 0.694381
vt 0.486488 0.689343
vt 0.491010 0.689343
vt 0.491010 0.694381
vt 0.432709 0.675048
vt 0.441126 0.674263
vt 0.441516 0.678964
vt 0.430850 0.678935
vt 0.652137 0.428445
vt 0.655116 0.433144
vt 0.652376 0.433451
vt 0.654976 0.428123
vt 0.552090 0.147348
vt 0.567317 0.148466
vt 0.552148 0.148465
vt 0.567258 0.147349
vt 0.576935 0.303160
vt 0.580840 0.313230
vt 0.577220 0.313561
vt 0.580555 0.302830
vt 0.540531 0.305890
vt 0.524838 0.304172
vt 0.540630 0.304169
vt 0.524740 0.305893
vt 0.600027 0.287160
vt 0.584975 0.290646
vt 0.584488 0.287320
vt 0.600512 0.290486
vt 0.971276 0.542529
vt 0.974756 0.546966
vt 0.971644 0.546957
vt 0.974823 0.542198
vt 0.612914 0.107173
vt 0.608579 0.113670
vt 0.608579 0.107064
vt 0.612967 0.113905
vt 0.564510 0.328732
vt 0.567387 0.324818
vt 0.567330 0.328558
vt 0.563592 0.324584
vt 0.569036 0.255426
vt 0.572649 0.258122
vt 0.568604 0.257823
vt 0.573084 0.255848
vt 0.566288 0.788943
vt 0.569172 0.784254
vt 0.569173 0.788653
vt 0.566552 0.784490
vt 0.632239 0.447802
vt 0.626938 0.443446
vt 0.632476 0.443445
vt 0.625551 0.448101
vt 0.596991 0.431779
vt 0.608633 0.428233
vt 0.608219 0.431776
vt 0.597402 0.428235
vt 0.576802 0.803018
vt 0.581717 0.796567
vt 0.581727 0.802842
vt 0.576803 0.796376
vt 0.532272 0.854005
vt 0.517802 0.846343
vt 0.532434 0.846347
vt 0.517643 0.854123
vt 0.578143 0.811855
vt 0.583173 0.804481
vt 0.583172 0.812216
vt 0.578063 0.804128
vt 0.442808 0.394778
vt 0.431990 0.382650
vt 0.442815 0.382463
vt 0.431747 0.394983
vt 0.402031 0.377894
vt 0.397481 0.383038
vt 0.397476 0.377775
vt 0.402123 0.383161
vt 0.565987 0.735983
vt 0.570897 0.721195
vt 0.570899 0.735982
vt 0.565985 0.721165
vt 0.461151 0.375937
vt 0.456238 0.361448
vt 0.461151 0.361448
vt 0.456238 0.375937
vt 0.393820 0.451971
vt 0.383681 0.439405
vt 0.394091 0.439284
vt 0.383680 0.452078
vt 0.791240 0.084579
vt 0.782074 0.081592
vt 0.791364 0.081752
vt 0.781950 0.084418
vt 0.395681 0.383861
vt 0.390690 0.378743
vt 0.395697 0.378613
vt 0.390690 0.385058
vt 0.630558 0.439311
vt 0.626276 0.434067
vt 0.630232 0.434142
vt 0.625502 0.439317
vt 0.608121 0.356985
vt 0.613008 0.369733
vt 0.608124 0.370476
vt 0.613066 0.357543
vt 0.578458 0.784116
vt 0.582040 0.793632
vt 0.578515 0.793632
vt 0.582096 0.784660
vt 0.648617 0.434366
vt 0.645215 0.429649
vt 0.647889 0.427834
vt 0.645011 0.436123
vt 0.638046 0.435703
vt 0.634721 0.430375
vt 0.639636 0.430447
vt 0.634428 0.435203
vt 0.011644 0.895878
vt 0.007613 0.895878
vt 0.007613 0.880878
vt 0.011644 0.880878
vt 0.001626 0.895880
vt 0.001626 0.880880
vt 0.005657 0.880880
vt 0.005657 0.895880
vt 0.016292 0.675841
vt 0.013458 0.678976
vt 0.013504 0.661429
vt 0.016338 0.661429
vt 0.046041 0.676018
vt 0.048876 0.679154
vt 0.013853 0.679154
vt 0.016688 0.676018
vt 0.017456 0.661261
vt 0.045364 0.661261
vt 0.045320 0.674963
vt 0.017412 0.674963
vt 0.049301 0.661416
vt 0.049255 0.678747
vt 0.046455 0.675650
vt 0.046501 0.661416
vt 0.016293 0.675841
vt 0.016338 0.661429
vt 0.013504 0.661429
vt 0.013458 0.678976
vt 0.046041 0.676018
vt 0.016688 0.676018
vt 0.017412 0.674963
vt 0.046501 0.661416
vt 0.235978 0.495168
vt 0.238526 0.495069
vt 0.235978 0.497641
vt 0.238526 0.497806
vt 0.235978 0.519115
vt 0.238526 0.519154
vt 0.242990 0.523507
vt 0.239938 0.522232
vt 0.242990 0.515803
vt 0.239938 0.515081
vt 0.242990 0.508560
vt 0.239938 0.508189
vt 0.242990 0.500546
vt 0.239938 0.500539
vt 0.242990 0.491482
vt 0.239938 0.491564
vt 0.201147 0.874135
vt 0.201149 0.877925
vt 0.201520 0.877837
vt 0.201519 0.874135
vt 0.203211 0.877843
vt 0.203244 0.874135
vt 0.203825 0.874135
vt 0.203647 0.877943
vt 0.203867 0.878069
vt 0.205617 0.874135
vt 0.205619 0.879303
vt 0.205906 0.874135
vt 0.205908 0.879442
vt 0.206156 0.874135
vt 0.206155 0.879543
vt 0.206396 0.879571
vt 0.206397 0.874135
vt 0.209262 0.879655
vt 0.209269 0.874135
vt 0.224102 0.879597
vt 0.233555 0.874134
vt 0.040367 0.854694
vt 0.032964 0.864061
vt 0.061659 0.866932
vt 0.072329 0.854907
vt 0.092187 0.885518
vt 0.086576 0.832878
vt 0.092243 0.831808
vt 0.120016 0.831808
vt 0.081449 0.803746
vt 0.147470 0.802445
vt 0.075064 0.802766
vt 0.138089 0.805369
vt 0.087079 0.782187
vt 0.131473 0.788681
vt 0.090942 0.788681
vt 0.139286 0.781457
vt 0.019276 0.868366
vt 0.016559 0.863813
vt 0.008649 0.863670
vt 0.004418 0.868366
vt 0.007527 0.863338
vt 0.003175 0.867721
vt 0.006416 0.862574
vt 0.002128 0.867029
vt 0.001449 0.865999
vt 0.005763 0.861841
vt 0.001049 0.864717
vt 0.005493 0.860586
vt 0.000826 0.863175
vt 0.005471 0.859367
vt 0.000600 0.844695
vt 0.005431 0.842233
vt 0.001390 0.800892
vt 0.006081 0.802399
vt 0.201149 0.877925
vt 0.201519 0.874135
vt 0.203211 0.877843
vt 0.203825 0.874135
vt 0.203647 0.877943
vt 0.203868 0.878069
vt 0.205617 0.874135
vt 0.205619 0.879303
vt 0.205906 0.874135
vt 0.206156 0.874135
vt 0.206155 0.879543
vt 0.206396 0.879571
vt 0.206397 0.874135
vt 0.233555 0.874134
vt 0.130032 0.806270
vt 0.117548 0.825098
vt 0.126169 0.795735
vt 0.097782 0.825098
vt 0.094828 0.795735
vt 0.089307 0.804068
vt 0.120016 0.831808
vt 0.008223 0.860880
vt 0.007588 0.859954
vt 0.009305 0.861412
vt 0.007324 0.858733
vt 0.010397 0.861736
vt 0.007303 0.857546
vt 0.030451 0.841902
vt 0.017604 0.861874
vt 0.007264 0.841080
vt 0.007897 0.802302
vt 0.057812 0.800511
vt 0.063176 0.841902
vt 0.070633 0.830523
vt 0.023766 0.779237
vt 0.071018 0.779994
vt 0.006415 0.862574
vt 0.007527 0.863338
vt 0.146067 0.945776
vt 0.146128 0.961624
vt 0.122831 0.961604
vt 0.122826 0.945754
vt 0.102571 0.961617
vt 0.102548 0.945564
vt 0.097447 0.961120
vt 0.097155 0.961629
vt 0.097434 0.956053
vt 0.097379 0.955230
vt 0.094975 0.952267
vt 0.094693 0.951748
vt 0.094573 0.951197
vt 0.094612 0.945561
vt 0.636552 0.265719
vt 0.634318 0.265719
vt 0.634396 0.262986
vt 0.636476 0.262986
vt 0.634396 0.260698
vt 0.636476 0.260698
vt 0.636476 0.258102
vt 0.634396 0.258102
vt 0.635436 0.254652
vt 0.633322 0.257561
vt 0.637550 0.257562
vt 0.632527 0.256766
vt 0.638346 0.256766
vt 0.632016 0.255763
vt 0.638857 0.255764
vt 0.631840 0.254652
vt 0.639033 0.254652
vt 0.632016 0.253540
vt 0.638857 0.253541
vt 0.632527 0.252537
vt 0.638346 0.252538
vt 0.633322 0.251742
vt 0.637551 0.251742
vt 0.634397 0.251202
vt 0.636476 0.251202
vt 0.636476 0.248605
vt 0.634397 0.248605
vt 0.634397 0.246318
vt 0.636477 0.246318
vt 0.634321 0.243585
vt 0.636555 0.243585
vt 0.912821 0.354526
vt 0.910679 0.354436
vt 0.910679 0.353616
vt 0.912821 0.353688
vt 0.910679 0.352472
vt 0.912821 0.352519
vt 0.910679 0.351116
vt 0.912821 0.351133
vt 0.912821 0.349643
vt 0.910679 0.349581
vt 0.924933 0.429816
vt 0.923132 0.429099
vt 0.923963 0.426515
vt 0.925650 0.426557
vt 0.924161 0.423998
vt 0.925283 0.423274
vt 0.924033 0.420783
vt 0.923133 0.420375
vt 0.928971 0.436130
vt 0.927034 0.436094
vt 0.927083 0.434826
vt 0.929019 0.434888
vt 0.927134 0.433501
vt 0.929069 0.433591
vt 0.927182 0.432249
vt 0.929116 0.432366
vt 0.927224 0.431180
vt 0.929159 0.431265
vt 0.929569 0.428583
vt 0.928039 0.427944
vt 0.930518 0.426244
vt 0.929835 0.425171
vt 0.932068 0.423502
vt 0.933054 0.423540
vt 0.332241 0.483990
vt 0.336465 0.483989
vt 0.336466 0.486551
vt 0.332241 0.486551
vt 0.336466 0.489262
vt 0.332241 0.489262
vt 0.336466 0.491856
vt 0.332241 0.491856
vt 0.336466 0.493405
vt 0.332241 0.493405
vt 0.336466 0.495566
vt 0.332241 0.495566
vt 0.336466 0.498128
vt 0.332241 0.498128
vt 0.336466 0.500839
vt 0.332241 0.500839
vt 0.335803 0.502614
vt 0.336466 0.502614
vt 0.332241 0.502614
vt 0.332241 0.504170
vt 0.335803 0.504170
vt 0.332241 0.505659
vt 0.336466 0.505659
vt 0.336466 0.504170
vt 0.336466 0.507296
vt 0.332241 0.507296
vt 0.336466 0.509857
vt 0.332241 0.509857
vt 0.336466 0.512568
vt 0.332241 0.512568
vt 0.336466 0.515162
vt 0.332241 0.515162
vt 0.336466 0.516711
vt 0.332241 0.516711
vt 0.336466 0.518873
vt 0.332241 0.518873
vt 0.336466 0.521434
vt 0.332241 0.521434
vt 0.336466 0.524145
vt 0.332241 0.524145
vt 0.335803 0.525920
vt 0.336466 0.525920
vt 0.332241 0.525920
vt 0.332241 0.527477
vt 0.335803 0.527477
vt 0.332241 0.528964
vt 0.336466 0.528964
vt 0.336466 0.527477
vt 0.336466 0.530602
vt 0.332241 0.530602
vt 0.252226 0.877046
vt 0.262463 0.861687
vt 0.253827 0.880211
vt 0.266036 0.861690
vt 0.274625 0.880211
vt 0.276230 0.877047
vt 0.393178 0.719405
vt 0.393178 0.722778
vt 0.290241 0.722778
vt 0.289917 0.719405
vt 0.288636 0.723105
vt 0.287355 0.719929
vt 0.287550 0.723851
vt 0.285183 0.721420
vt 0.286824 0.724967
vt 0.283732 0.723651
vt 0.283222 0.726283
vt 0.286505 0.726615
vt 0.283222 0.778335
vt 0.286505 0.778003
vt 0.286824 0.779651
vt 0.283732 0.780967
vt 0.287550 0.780767
vt 0.285183 0.783198
vt 0.288636 0.781513
vt 0.287355 0.784689
vt 0.289917 0.785213
vt 0.290241 0.781840
vt 0.393178 0.785213
vt 0.393178 0.781840
vt 0.393178 0.732076
vt 0.393178 0.738074
vt 0.313023 0.738074
vt 0.304747 0.732076
vt 0.311295 0.738447
vt 0.303018 0.732449
vt 0.310029 0.739464
vt 0.301752 0.733466
vt 0.301290 0.734856
vt 0.309565 0.740854
vt 0.301290 0.749543
vt 0.309565 0.748116
vt 0.309700 0.749445
vt 0.301436 0.750870
vt 0.301874 0.752164
vt 0.310099 0.750744
vt 0.302647 0.753464
vt 0.310786 0.752027
vt 0.317723 0.762627
vt 0.314465 0.769755
vt 0.318744 0.763750
vt 0.315521 0.770821
vt 0.320045 0.764478
vt 0.316836 0.771506
vt 0.318285 0.771742
vt 0.321487 0.764728
vt 0.393178 0.771742
vt 0.393178 0.764728
vt 0.392436 0.772583
vt 0.392436 0.781183
vt 0.315433 0.772583
vt 0.290931 0.781183
vt 0.313944 0.772338
vt 0.312592 0.771623
vt 0.311507 0.770512
vt 0.289349 0.780862
vt 0.288278 0.780133
vt 0.287562 0.779042
vt 0.287247 0.777431
vt 0.299356 0.753529
vt 0.298561 0.752173
vt 0.298112 0.750824
vt 0.297960 0.749440
vt 0.297960 0.734129
vt 0.287247 0.727187
vt 0.298436 0.732680
vt 0.287562 0.725576
vt 0.288278 0.724485
vt 0.299738 0.731619
vt 0.289349 0.723756
vt 0.290931 0.723435
vt 0.301515 0.731231
vt 0.392436 0.723435
vt 0.392436 0.731231
vt 0.393178 0.722778
vt 0.393178 0.719405
vt 0.393178 0.785213
vt 0.393178 0.781840
vt 0.393178 0.771742
vt 0.393178 0.764728
vt 0.393178 0.732076
vt 0.393178 0.738074
vt 0.392436 0.781183
vt 0.392436 0.772583
vt 0.313944 0.772338
vt 0.312592 0.771623
vt 0.311507 0.770512
vt 0.289349 0.780862
vt 0.287562 0.779042
vt 0.287247 0.777431
vt 0.299356 0.753529
vt 0.298561 0.752173
vt 0.298112 0.750824
vt 0.297960 0.749440
vt 0.297960 0.734129
vt 0.287247 0.727187
vt 0.298436 0.732680
vt 0.287562 0.725576
vt 0.299738 0.731619
vt 0.289349 0.723756
vt 0.301515 0.731231
vt 0.392436 0.723435
vt 0.392436 0.731231
vt 0.231453 0.802762
vt 0.235427 0.802762
vt 0.230780 0.808735
vt 0.227039 0.808735
vt 0.222310 0.819620
vt 0.155826 0.819620
vt 0.155826 0.808735
vt 0.239576 0.691031
vt 0.239213 0.685100
vt 0.162438 0.691031
vt 0.162438 0.685100
vt 0.152628 0.686759
vt 0.145755 0.676835
vt 0.147245 0.691197
vt 0.131893 0.676832
vt 0.131893 0.726414
vt 0.147245 0.726414
vt 0.129400 0.741493
vt 0.129400 0.725061
vt 0.077498 0.741492
vt 0.072985 0.725061
vt 0.072985 0.738079
vt 0.095144 0.677453
vt 0.095144 0.723426
vt 0.096718 0.677453
vt 0.096718 0.723426
vt 0.121655 0.677453
vt 0.121655 0.723426
vt 0.187283 0.741465
vt 0.187283 0.739314
vt 0.158226 0.739314
vt 0.182497 0.745327
vt 0.158226 0.791216
vt 0.182497 0.791216
vt 0.119730 0.675841
vt 0.119730 0.673532
vt 0.073719 0.675864
vt 0.067827 0.673537
vt 0.070096 0.680680
vt 0.067834 0.738331
vt 0.069984 0.738330
vt 0.077498 0.741492
vt 0.095144 0.723426
vt 0.095144 0.677453
vt 0.182497 0.791216
vt 0.158226 0.791216
vt 0.182497 0.745327
vt 0.158226 0.739314
vt 0.187283 0.741465
vt 0.187283 0.739314
vt 0.119730 0.673532
vt 0.119731 0.675841
vt 0.149167 0.905048
vt 0.149168 0.939585
vt 0.155960 0.905048
vt 0.155960 0.940709
vt 0.157151 0.905048
vt 0.157151 0.940978
vt 0.222957 0.905048
vt 0.223299 0.958315
vt 0.223782 0.905048
vt 0.224093 0.958552
vt 0.229555 0.958773
vt 0.229558 0.905048
vt 0.302510 0.900872
vt 0.302506 0.919973
vt 0.301746 0.920065
vt 0.301751 0.901030
vt 0.235565 0.920065
vt 0.235560 0.901030
vt 0.234802 0.900872
vt 0.234806 0.919973
vt 0.329345 0.856272
vt 0.367162 0.856278
vt 0.328444 0.856758
vt 0.368300 0.856977
vt 0.328000 0.857686
vt 0.368728 0.858254
vt 0.368717 0.938526
vt 0.327989 0.939083
vt 0.328432 0.940010
vt 0.368288 0.939803
vt 0.367150 0.940502
vt 0.329334 0.940497
vt 0.476853 0.710495
vt 0.479419 0.709438
vt 0.478894 0.712348
vt 0.476356 0.713517
vt 0.478289 0.715355
vt 0.476093 0.716586
vt 0.478982 0.717465
vt 0.477071 0.718189
vt 0.479419 0.718793
vt 0.477687 0.719197
vt 0.319756 0.479343
vt 0.318046 0.477168
vt 0.321518 0.476042
vt 0.322991 0.478849
vt 0.334307 0.473460
vt 0.335731 0.477733
vt 0.344007 0.471096
vt 0.347028 0.461533
vt 0.348162 0.467955
vt 0.347652 0.479510
vt 0.344476 0.481024
vt 0.347382 0.485343
vt 0.344510 0.486085
vt 0.346804 0.498063
vt 0.345131 0.499182
vt 0.356312 0.462331
vt 0.352299 0.458816
vt 0.345620 0.453487
vt 0.343697 0.458494
vt 0.356113 0.456026
vt 0.329152 0.462554
vt 0.330867 0.465924
vt 0.324323 0.469334
vt 0.324035 0.460396
vt 0.320148 0.466978
vt 0.319637 0.459424
vt 0.319293 0.428769
vt 0.323365 0.426004
vt 0.320349 0.424354
vt 0.316051 0.426887
vt 0.313102 0.422081
vt 0.310457 0.423967
vt 0.308459 0.420141
vt 0.311206 0.418489
vt 0.305880 0.416479
vt 0.308167 0.415074
vt 0.360226 0.459861
vt 0.362274 0.467219
vt 0.365448 0.464798
vt 0.366913 0.468810
vt 0.360228 0.454394
vt 0.362574 0.469609
vt 0.364499 0.456949
vt 0.353421 0.476005
vt 0.354276 0.477530
vt 0.364598 0.473373
vt 0.371709 0.473301
vt 0.371514 0.469030
vt 0.390432 0.473285
vt 0.370414 0.461288
vt 0.373610 0.455365
vt 0.390591 0.455935
vt 0.369686 0.451047
vt 0.365310 0.451602
vt 0.360021 0.446619
vt 0.368659 0.447815
vt 0.356161 0.445038
vt 0.365175 0.448543
vt 0.356042 0.441696
vt 0.364683 0.445431
vt 0.369326 0.440205
vt 0.364934 0.437235
vt 0.372259 0.438257
vt 0.371465 0.432984
vt 0.379665 0.433198
vt 0.367663 0.431705
vt 0.381017 0.437371
vt 0.363558 0.435531
vt 0.384076 0.432975
vt 0.348837 0.419368
vt 0.386292 0.436950
vt 0.344662 0.423637
vt 0.388435 0.433732
vt 0.347623 0.417756
vt 0.385391 0.431354
vt 0.342663 0.421686
vt 0.388785 0.430049
vt 0.341966 0.419260
vt 0.386196 0.429041
vt 0.346832 0.415629
vt 0.388962 0.387586
vt 0.386950 0.385393
vt 0.341801 0.403847
vt 0.346658 0.401362
vt 0.341716 0.401372
vt 0.346482 0.398553
vt 0.341035 0.400018
vt 0.346276 0.396833
vt 0.339499 0.394912
vt 0.336592 0.396814
vt 0.334596 0.391819
vt 0.337013 0.389731
vt 0.334649 0.388708
vt 0.337013 0.386717
vt 0.335184 0.357498
vt 0.337013 0.356486
vt 0.211682 0.207455
vt 0.211682 0.212242
vt 0.200928 0.207455
vt 0.200928 0.212242
vt 0.199482 0.207455
vt 0.199482 0.212242
vt 0.197682 0.212242
vt 0.197682 0.207455
vt 0.185287 0.212242
vt 0.185287 0.207455
vt 0.182790 0.212242
vt 0.182790 0.207455
vt 0.181454 0.212242
vt 0.181454 0.207455
vt 0.209245 0.674385
vt 0.209245 0.679249
vt 0.171214 0.674385
vt 0.171214 0.679249
vt 0.169600 0.674385
vt 0.169600 0.679249
vt 0.168220 0.674385
vt 0.168220 0.679249
vt 0.431969 0.672228
vt 0.431969 0.667361
vt 0.433882 0.667361
vt 0.433882 0.672228
vt 0.470870 0.667361
vt 0.470870 0.672228
vt 0.473684 0.672228
vt 0.473684 0.667361
vt 0.476468 0.672228
vt 0.476468 0.667361
vt 0.959331 0.641865
vt 0.954420 0.641865
vt 0.954420 0.637531
vt 0.959331 0.637531
vt 0.954420 0.630064
vt 0.959331 0.630064
vt 0.794227 0.095684
vt 0.799256 0.095657
vt 0.799187 0.123668
vt 0.794227 0.122215
vt 0.799181 0.126461
vt 0.794227 0.124860
vt 0.793053 0.129262
vt 0.789360 0.129624
vt 0.486739 0.676357
vt 0.491781 0.676357
vt 0.486739 0.680177
vt 0.491781 0.680177
vt 0.486739 0.686933
vt 0.491781 0.686933
vt 0.844076 0.045185
vt 0.849113 0.045185
vt 0.844076 0.048867
vt 0.849113 0.048867
vt 0.844076 0.054586
vt 0.849113 0.054586
vt 0.844076 0.065783
vt 0.849113 0.065783
vt 0.849113 0.068724
vt 0.844076 0.068724
vt 0.382341 0.388132
vt 0.382341 0.393167
vt 0.380640 0.388132
vt 0.380640 0.393167
vt 0.353900 0.388132
vt 0.353900 0.393167
vt 0.347365 0.393167
vt 0.347365 0.388132
vt 0.554298 0.789891
vt 0.559339 0.789859
vt 0.554689 0.801124
vt 0.559726 0.800946
vt 0.554730 0.810827
vt 0.559723 0.812148
vt 0.557470 0.815233
vt 0.549292 0.815533
vt 0.545932 0.812178
vt 0.545949 0.813420
vt 0.540187 0.813026
vt 0.540209 0.810457
vt 0.158424 0.846320
vt 0.158937 0.846726
vt 0.158844 0.858750
vt 0.157755 0.846021
vt 0.157752 0.859356
vt 0.146702 0.851637
vt 0.146471 0.853309
vt 0.453155 0.431208
vt 0.456072 0.432361
vt 0.451800 0.432734
vt 0.455151 0.434073
vt 0.449904 0.436384
vt 0.452344 0.436998
vt 0.449077 0.439342
vt 0.451860 0.439592
vt 0.451869 0.441555
vt 0.448711 0.441809
vt 0.452920 0.445233
vt 0.448414 0.446757
vt 0.452800 0.448920
vt 0.448621 0.452954
vt 0.453775 0.450669
vt 0.458649 0.454296
vt 0.462470 0.451040
vt 0.631817 0.300980
vt 0.639649 0.302008
vt 0.631614 0.302367
vt 0.626464 0.300990
vt 0.626314 0.302776
vt 0.621898 0.301314
vt 0.622001 0.303547
vt 0.617763 0.301772
vt 0.617662 0.304417
vt 0.610828 0.302304
vt 0.610762 0.305426
vt 0.605134 0.302252
vt 0.604509 0.305635
vt 0.599183 0.301613
vt 0.598481 0.304773
vt 0.594202 0.305307
vt 0.593581 0.300349
vt 0.588749 0.298797
vt 0.587951 0.302185
vt 0.587485 0.297171
vt 0.589775 0.306967
vt 0.586512 0.300422
vt 0.593113 0.307743
vt 0.586222 0.295545
vt 0.590169 0.310116
vt 0.585072 0.298659
vt 0.593160 0.310432
vt 0.583555 0.296800
vt 0.590564 0.313265
vt 0.584889 0.293831
vt 0.593207 0.313122
vt 0.582269 0.291962
vt 0.590282 0.316417
vt 0.580470 0.295194
vt 0.593917 0.316587
vt 0.580713 0.290852
vt 0.590079 0.318687
vt 0.578638 0.294241
vt 0.594429 0.319082
vt 0.579157 0.289742
vt 0.576806 0.293287
vt 0.575599 0.290606
vt 0.578305 0.288047
vt 0.574391 0.287925
vt 0.577453 0.286353
vt 0.573493 0.282468
vt 0.576263 0.281636
vt 0.573335 0.276586
vt 0.575853 0.276339
vt 0.573964 0.260769
vt 0.576608 0.256140
vt 0.573850 0.259015
vt 0.573079 0.258122
vt 0.573514 0.255848
vt 0.589587 0.319797
vt 0.593783 0.323653
vt 0.587909 0.323311
vt 0.595261 0.323819
vt 0.585917 0.319684
vt 0.595782 0.319165
vt 0.584971 0.323141
vt 0.601716 0.319532
vt 0.584081 0.319628
vt 0.601738 0.324549
vt 0.582034 0.322970
vt 0.606416 0.319822
vt 0.582246 0.319572
vt 0.606870 0.325128
vt 0.579979 0.319730
vt 0.611117 0.320112
vt 0.577935 0.323595
vt 0.612001 0.325706
vt 0.577712 0.319889
vt 0.618496 0.324160
vt 0.573837 0.324221
vt 0.618199 0.318732
vt 0.574857 0.320071
vt 0.624990 0.322614
vt 0.571789 0.325573
vt 0.625281 0.317351
vt 0.632983 0.320695
vt 0.634034 0.315745
vt 0.640976 0.318776
vt 0.642786 0.314139
vt 0.648925 0.318089
vt 0.650797 0.313771
vt 0.656873 0.317402
vt 0.658808 0.313403
vt 0.666222 0.316985
vt 0.667507 0.313690
vt 0.675570 0.316567
vt 0.676206 0.313977
vt 0.691275 0.315664
vt 0.690924 0.314366
vt 0.571279 0.314900
vt 0.569401 0.322791
vt 0.569919 0.314287
vt 0.570861 0.306151
vt 0.568978 0.324405
vt 0.569914 0.305821
vt 0.570652 0.301777
vt 0.569911 0.301588
vt 0.570443 0.297403
vt 0.569908 0.297355
vt 0.567543 0.324818
vt 0.567486 0.328558
vt 0.568727 0.329539
vt 0.571107 0.334137
vt 0.568057 0.339086
vt 0.571825 0.334943
vt 0.573002 0.339807
vt 0.574877 0.335397
vt 0.579088 0.340453
vt 0.579583 0.337301
vt 0.583499 0.338141
vt 0.583538 0.340955
vt 0.586793 0.337713
vt 0.587223 0.340211
vt 0.590206 0.334426
vt 0.591294 0.337893
vt 0.592099 0.333359
vt 0.593034 0.336376
vt 0.796984 0.088736
vt 0.799260 0.083220
vt 0.803242 0.087611
vt 0.805757 0.082154
vt 0.809710 0.086312
vt 0.812355 0.081592
vt 0.817104 0.088738
vt 0.817970 0.085012
vt 0.697537 0.224983
vt 0.698565 0.223364
vt 0.710031 0.225274
vt 0.710672 0.222520
vt 0.714854 0.225190
vt 0.716224 0.222129
vt 0.724324 0.225410
vt 0.727222 0.221379
vt 0.733368 0.222312
vt 0.732394 0.213484
vt 0.722005 0.234619
vt 0.718015 0.233419
vt 0.717176 0.245644
vt 0.719935 0.247186
vt 0.717023 0.248707
vt 0.719135 0.250286
vt 0.735835 0.217227
vt 0.741067 0.223469
vt 0.736340 0.225416
vt 0.738033 0.238027
vt 0.731498 0.242408
vt 0.738406 0.213529
vt 0.740867 0.243098
vt 0.734576 0.246718
vt 0.740153 0.247007
vt 0.765224 0.247988
vt 0.767764 0.244045
vt 0.769406 0.246880
vt 0.767091 0.251034
vt 0.771738 0.253734
vt 0.770002 0.256297
vt 0.773635 0.258216
vt 0.775263 0.255355
vt 0.734658 0.209698
vt 0.727600 0.207915
vt 0.729834 0.204834
vt 0.725978 0.203531
vt 0.739868 0.209570
vt 0.725316 0.207684
vt 0.737336 0.205559
vt 0.719431 0.216552
vt 0.717958 0.215772
vt 0.721683 0.205841
vt 0.721588 0.199064
vt 0.725662 0.199152
vt 0.721175 0.181223
vt 0.733065 0.200022
vt 0.747281 0.209588
vt 0.748876 0.213231
vt 0.752063 0.213267
vt 0.748306 0.205119
vt 0.742412 0.204664
vt 0.745330 0.204722
vt 0.738635 0.196841
vt 0.737702 0.180673
vt 0.742840 0.200481
vt 0.745942 0.201385
vt 0.753179 0.200575
vt 0.756110 0.204692
vt 0.754968 0.197736
vt 0.760011 0.198371
vt 0.759618 0.190563
vt 0.761316 0.201965
vt 0.755611 0.189370
vt 0.757765 0.205964
vt 0.759730 0.186354
vt 0.773504 0.219621
vt 0.755891 0.184335
vt 0.769532 0.223697
vt 0.758909 0.182219
vt 0.775068 0.220740
vt 0.761244 0.185065
vt 0.771437 0.225557
vt 0.762410 0.181801
vt 0.773764 0.226166
vt 0.763430 0.184245
vt 0.777113 0.221446
vt 0.802867 0.180658
vt 0.805003 0.182525
vt 0.788454 0.225969
vt 0.789627 0.221316
vt 0.790815 0.225993
vt 0.792730 0.221407
vt 0.792121 0.226611
vt 0.794425 0.221795
vt 0.797021 0.227958
vt 0.795276 0.230771
vt 0.800081 0.232559
vt 0.802015 0.230207
vt 0.805692 0.232328
vt 0.807452 0.230076
vt 0.814601 0.231960
vt 0.816085 0.229869
vt 0.820891 0.231701
vt 0.822180 0.229722
vt 0.829075 0.231363
vt 0.830111 0.229531
vt 0.832771 0.231211
vt 0.833693 0.229445
vt 0.366560 0.411611
vt 0.371478 0.411611
vt 0.366560 0.419001
vt 0.371478 0.419001
vt 0.366560 0.423421
vt 0.371478 0.423420
vt 0.376450 0.411312
vt 0.381332 0.411312
vt 0.376450 0.414896
vt 0.381332 0.414896
vt 0.376450 0.421866
vt 0.381332 0.421865
vt 0.381332 0.425170
vt 0.376450 0.425170
vt 0.391501 0.510237
vt 0.396472 0.511780
vt 0.392115 0.514219
vt 0.396720 0.513025
vt 0.394740 0.517868
vt 0.400271 0.517456
vt 0.399248 0.520835
vt 0.393837 0.520897
vt 0.395990 0.525655
vt 0.399727 0.523118
vt 0.398500 0.527489
vt 0.404291 0.526776
vt 0.397314 0.542784
vt 0.392375 0.541411
vt 0.395569 0.546787
vt 0.390844 0.544891
vt 0.390258 0.546223
vt 0.394902 0.548318
vt 0.660556 0.422541
vt 0.660504 0.423889
vt 0.656910 0.422235
vt 0.656834 0.424734
vt 0.653966 0.422439
vt 0.653889 0.425175
vt 0.651317 0.423053
vt 0.651235 0.425573
vt 0.647516 0.424092
vt 0.647428 0.426523
vt 0.644308 0.425021
vt 0.644216 0.427374
vt 0.638343 0.426619
vt 0.638196 0.428670
vt 0.636160 0.428572
vt 0.636233 0.426482
vt 0.632264 0.424509
vt 0.632299 0.427082
vt 0.627346 0.426500
vt 0.627202 0.423500
vt 0.621483 0.423753
vt 0.622128 0.427336
vt 0.619017 0.425138
vt 0.621490 0.427781
vt 0.616609 0.428643
vt 0.616750 0.426990
vt 0.621646 0.432260
vt 0.616435 0.432638
vt 0.615952 0.436418
vt 0.621242 0.446585
vt 0.616208 0.446993
vt 0.921475 0.452289
vt 0.923420 0.453451
vt 0.921481 0.453693
vt 0.923409 0.454816
vt 0.921497 0.457360
vt 0.923382 0.458381
vt 0.921558 0.472029
vt 0.923272 0.472642
vt 0.390426 0.831985
vt 0.390409 0.834577
vt 0.389347 0.831985
vt 0.389342 0.834578
vt 0.389040 0.831985
vt 0.389029 0.834577
vt 0.388722 0.834578
vt 0.388743 0.831985
vt 0.387649 0.834577
vt 0.387643 0.831985
vt 0.385870 0.831985
vt 0.385867 0.834578
vt 0.384797 0.834578
vt 0.384769 0.831985
vt 0.384465 0.831985
vt 0.384483 0.834577
vt 0.384152 0.834578
vt 0.384153 0.831985
vt 0.383004 0.834577
vt 0.383017 0.831985
vt 0.381454 0.831985
vt 0.381473 0.834578
vt 0.379980 0.834577
vt 0.379986 0.831985
vt 0.378506 0.834578
vt 0.378514 0.831985
vt 0.377428 0.831985
vt 0.377431 0.834577
vt 0.377148 0.831985
vt 0.377140 0.834578
vt 0.376874 0.834578
vt 0.376895 0.831985
vt 0.376010 0.834577
vt 0.376026 0.831985
vt 0.374493 0.831985
vt 0.374512 0.834578
vt 0.373622 0.834577
vt 0.373604 0.831985
vt 0.373357 0.831985
vt 0.373366 0.834577
vt 0.373087 0.834577
vt 0.373099 0.831985
vt 0.372137 0.834578
vt 0.372132 0.831985
vt 0.370842 0.831985
vt 0.370850 0.834578
vt 0.369257 0.834578
vt 0.369275 0.831985
vt 0.367868 0.834578
vt 0.367873 0.831985
vt 0.366788 0.831985
vt 0.366785 0.834578
vt 0.366486 0.831985
vt 0.366465 0.834577
vt 0.366193 0.831985
vt 0.366167 0.834577
vt 0.365107 0.834577
vt 0.365116 0.831985
vt 0.363288 0.834577
vt 0.363275 0.831985
vt 0.362170 0.834578
vt 0.362144 0.831985
vt 0.361840 0.831985
vt 0.361848 0.834578
vt 0.361523 0.834578
vt 0.361523 0.831985
vt 0.360423 0.834578
vt 0.360408 0.831985
vt 0.358932 0.831985
vt 0.358929 0.834578
vt 0.357347 0.834577
vt 0.357348 0.831985
vt 0.355851 0.834577
vt 0.355867 0.831985
vt 0.354804 0.831985
vt 0.354800 0.834578
vt 0.354506 0.831985
vt 0.354497 0.834577
vt 0.354195 0.834577
vt 0.354217 0.831985
vt 0.353183 0.834578
vt 0.353187 0.831985
vt 0.351629 0.834577
vt 0.351622 0.831985
vt 0.350751 0.834578
vt 0.350726 0.831985
vt 0.350490 0.834578
vt 0.350476 0.831985
vt 0.350209 0.834577
vt 0.350208 0.831985
vt 0.349198 0.834578
vt 0.349196 0.831985
vt 0.347765 0.831985
vt 0.347761 0.834578
vt 0.346231 0.834578
vt 0.346243 0.831985
vt 0.344811 0.834578
vt 0.344824 0.831985
vt 0.343795 0.831985
vt 0.343804 0.834578
vt 0.343509 0.831985
vt 0.343511 0.834578
vt 0.343232 0.831985
vt 0.343209 0.834578
vt 0.342175 0.834578
vt 0.342209 0.831985
vt 0.340461 0.834578
vt 0.340457 0.831985
vt 0.339412 0.834578
vt 0.339388 0.831985
vt 0.339101 0.834578
vt 0.339089 0.831985
vt 0.338786 0.834578
vt 0.338786 0.831985
vt 0.337680 0.834578
vt 0.337666 0.831985
vt 0.336115 0.831985
vt 0.336119 0.834578
vt 0.334558 0.831985
vt 0.334528 0.834578
vt 0.333051 0.834578
vt 0.333045 0.831985
vt 0.331976 0.831985
vt 0.331978 0.834578
vt 0.331690 0.831985
vt 0.331678 0.834578
vt 0.331407 0.834578
vt 0.331427 0.831985
vt 0.330508 0.834577
vt 0.330504 0.831985
vt 0.329009 0.834577
vt 0.328999 0.831985
vt 0.328107 0.834578
vt 0.328091 0.831985
vt 0.327838 0.834578
vt 0.327831 0.831985
vt 0.327552 0.834577
vt 0.327557 0.831985
vt 0.326551 0.834577
vt 0.326542 0.831985
vt 0.325197 0.831985
vt 0.325181 0.834578
vt 0.323725 0.834578
vt 0.323714 0.831985
vt 0.322306 0.834577
vt 0.322306 0.831985
vt 0.132280 0.886611
vt 0.130957 0.886495
vt 0.133603 0.886498
vt 0.129675 0.886151
vt 0.134887 0.886162
vt 0.136092 0.885602
vt 0.128472 0.885589
vt 0.137181 0.884841
vt 0.127385 0.884827
vt 0.138123 0.883901
vt 0.126448 0.883890
vt 0.125705 0.882848
vt 0.138885 0.882812
vt 0.139446 0.881608
vt 0.125103 0.881552
vt 0.124782 0.880312
vt 0.139784 0.880323
vt 0.139901 0.878999
vt 0.124668 0.878990
vt 0.139786 0.877676
vt 0.124784 0.877668
vt 0.139443 0.876394
vt 0.125128 0.876386
vt 0.138883 0.875190
vt 0.125690 0.875183
vt 0.138122 0.874102
vt 0.126452 0.874096
vt 0.137183 0.873163
vt 0.127392 0.873157
vt 0.136096 0.872401
vt 0.128480 0.872396
vt 0.134893 0.871839
vt 0.129683 0.871836
vt 0.133611 0.871495
vt 0.130966 0.871493
vt 0.132289 0.871378
vt 0.341685 0.830687
vt 0.342051 0.827257
vt 0.343295 0.827257
vt 0.343127 0.830687
vt 0.344588 0.827257
vt 0.344511 0.830687
vt 0.345901 0.827257
vt 0.345867 0.830687
vt 0.347224 0.827257
vt 0.347210 0.830687
vt 0.348552 0.827257
vt 0.348545 0.830687
vt 0.349881 0.827257
vt 0.349879 0.830687
vt 0.351212 0.827257
vt 0.351213 0.830687
vt 0.352542 0.827257
vt 0.352544 0.830687
vt 0.353872 0.827257
vt 0.353876 0.830687
vt 0.355202 0.827257
vt 0.355205 0.830687
vt 0.356486 0.827257
vt 0.356485 0.830687
vt 0.357919 0.827257
vt 0.357922 0.830687
vt 0.359201 0.830687
vt 0.359203 0.827257
vt 0.360531 0.827257
vt 0.360530 0.830687
vt 0.361862 0.827257
vt 0.361862 0.830687
vt 0.363193 0.827257
vt 0.363193 0.830687
vt 0.364523 0.827257
vt 0.364523 0.830687
vt 0.365856 0.827257
vt 0.365856 0.830687
vt 0.367188 0.830687
vt 0.367188 0.827257
vt 0.368520 0.827257
vt 0.368520 0.830687
vt 0.369855 0.827257
vt 0.369855 0.830687
vt 0.371191 0.827257
vt 0.371191 0.830687
vt 0.372526 0.827257
vt 0.372526 0.830687
vt 0.373859 0.830687
vt 0.373861 0.827257
vt 0.375192 0.830687
vt 0.375196 0.827257
vt 0.376527 0.830687
vt 0.376531 0.827257
vt 0.377862 0.830687
vt 0.377864 0.827257
vt 0.379198 0.827257
vt 0.379194 0.830687
vt 0.380529 0.827257
vt 0.380529 0.830687
vt 0.381862 0.830687
vt 0.381860 0.827257
vt 0.383192 0.827257
vt 0.383199 0.830687
vt 0.384523 0.827257
vt 0.384538 0.830687
vt 0.385847 0.827257
vt 0.385883 0.830687
vt 0.387159 0.827257
vt 0.387239 0.830687
vt 0.388452 0.827257
vt 0.388620 0.830687
vt 0.390067 0.830687
vt 0.389701 0.827257
vt 0.287973 0.841965
vt 0.288234 0.842067
vt 0.288360 0.842326
vt 0.286974 0.841895
vt 0.288635 0.843365
vt 0.284345 0.842282
vt 0.285319 0.842040
vt 0.284030 0.842704
vt 0.283936 0.843777
vt 0.289989 0.843818
vt 0.291484 0.844516
vt 0.292699 0.845261
vt 0.278272 0.850623
vt 0.280267 0.846347
vt 0.282636 0.844491
vt 0.281383 0.845370
vt 0.277459 0.848557
vt 0.279228 0.846066
vt 0.278730 0.846214
vt 0.278162 0.847051
vt 0.277387 0.850001
vt 0.277183 0.849522
vt 0.295403 0.849124
vt 0.295691 0.850579
vt 0.295826 0.852103
vt 0.295794 0.853585
vt 0.295845 0.846949
vt 0.293673 0.844804
vt 0.294197 0.844865
vt 0.294893 0.845587
vt 0.296165 0.848364
vt 0.296291 0.847882
vt 0.278663 0.855086
vt 0.278241 0.852106
vt 0.278375 0.853631
vt 0.293799 0.857862
vt 0.292684 0.858840
vt 0.291432 0.859719
vt 0.290132 0.860432
vt 0.295905 0.857158
vt 0.296675 0.854205
vt 0.296885 0.854688
vt 0.296608 0.855653
vt 0.294839 0.858143
vt 0.295345 0.857989
vt 0.295127 0.858163
vt 0.285429 0.860844
vt 0.284025 0.860366
vt 0.282638 0.859720
vt 0.281371 0.858951
vt 0.287094 0.862315
vt 0.290036 0.861505
vt 0.285707 0.861882
vt 0.286061 0.862233
vt 0.289722 0.861927
vt 0.288748 0.862169
vt 0.278222 0.857261
vt 0.280394 0.859406
vt 0.277901 0.855844
vt 0.277776 0.856327
vt 0.279871 0.859344
vt 0.279175 0.858622
vt 0.176659 0.852667
vt 0.171470 0.852504
vt 0.174706 0.844477
vt 0.180337 0.844589
vt 0.175346 0.843486
vt 0.180942 0.843563
vt 0.176072 0.842683
vt 0.181721 0.842720
vt 0.177103 0.841633
vt 0.182975 0.841789
vt 0.189735 0.836768
vt 0.189778 0.828726
vt 0.190590 0.836334
vt 0.191535 0.836191
vt 0.206463 0.836335
vt 0.189818 0.824506
vt 0.206575 0.824668
vt 0.223292 0.829050
vt 0.223332 0.824830
vt 0.221391 0.836479
vt 0.222333 0.836640
vt 0.223180 0.837091
vt 0.235715 0.842199
vt 0.229841 0.842241
vt 0.231077 0.843196
vt 0.236725 0.843268
vt 0.231839 0.844054
vt 0.237435 0.844085
vt 0.232425 0.845092
vt 0.238056 0.845089
vt 0.235946 0.853239
vt 0.241137 0.853176
vt 0.061807 0.661357
vt 0.050037 0.661357
vt 0.049988 0.680019
vt 0.061807 0.690217
vt 0.012739 0.680019
vt 0.001720 0.693881
vt 0.063670 0.693881
vt 0.001720 0.690054
vt 0.001720 0.661357
vt 0.012788 0.661357
vt 0.914172 0.274003
vt 0.914089 0.286542
vt 0.913070 0.287060
vt 0.913051 0.273381
vt 0.901713 0.281302
vt 0.901476 0.279586
vt 0.206613 0.972160
vt 0.206613 0.976473
vt 0.184496 0.972160
vt 0.184496 0.976473
vt 0.183826 0.972160
vt 0.183826 0.976473
vt 0.183453 0.976473
vt 0.183453 0.972160
vt 0.182927 0.972160
vt 0.182927 0.976473
vt 0.180471 0.976473
vt 0.180471 0.972160
vt 0.179832 0.976473
vt 0.179832 0.972160
vt 0.179448 0.972160
vt 0.179448 0.976473
vt 0.178652 0.976473
vt 0.178652 0.972160
vt 0.156820 0.976473
vt 0.156820 0.972160
vt 0.156154 0.976473
vt 0.156154 0.972160
vt 0.155688 0.972160
vt 0.155688 0.976473
vt 0.155100 0.976473
vt 0.155100 0.972160
vt 0.153723 0.972160
vt 0.153723 0.976473
vt 0.153262 0.972160
vt 0.153262 0.976473
vt 0.152798 0.976473
vt 0.152798 0.972160
vt 0.152105 0.972160
vt 0.152105 0.976473
vt 0.131073 0.976473
vt 0.131073 0.972160
vt 0.130558 0.976473
vt 0.130558 0.972160
vt 0.130183 0.972160
vt 0.130183 0.976473
vt 0.129708 0.972160
vt 0.129708 0.976473
vt 0.128136 0.972160
vt 0.128136 0.976473
vt 0.127659 0.972160
vt 0.127659 0.976473
vt 0.127279 0.972160
vt 0.127279 0.976473
vt 0.126674 0.976473
vt 0.126674 0.972160
vt 0.813627 0.178874
vt 0.806654 0.178216
vt 0.811556 0.175558
vt 0.810090 0.172140
vt 0.801106 0.176134
vt 0.796975 0.174097
vt 0.809402 0.165161
vt 0.796963 0.158029
vt 0.809581 0.153920
vt 0.785817 0.169305
vt 0.797049 0.154754
vt 0.785528 0.159878
vt 0.809703 0.146371
vt 0.779279 0.167257
vt 0.778901 0.161131
vt 0.768802 0.166762
vt 0.768502 0.162392
vt 0.755118 0.166975
vt 0.754699 0.163202
vt 0.747935 0.167056
vt 0.747948 0.163866
vt 0.742489 0.164211
vt 0.742142 0.167328
vt 0.737332 0.166665
vt 0.737620 0.163386
vt 0.732665 0.164221
vt 0.734412 0.161653
vt 0.729330 0.162847
vt 0.727540 0.158804
vt 0.724490 0.163546
vt 0.732048 0.156778
vt 0.723228 0.159883
vt 0.735162 0.159916
vt 0.719652 0.164254
vt 0.740139 0.153994
vt 0.718912 0.160947
vt 0.741445 0.158017
vt 0.712545 0.165099
vt 0.746577 0.156610
vt 0.710941 0.161836
vt 0.745878 0.152185
vt 0.709561 0.166930
vt 0.752208 0.155924
vt 0.707120 0.163399
vt 0.752419 0.150840
vt 0.706698 0.169197
vt 0.757047 0.151245
vt 0.704280 0.165769
vt 0.756697 0.156376
vt 0.703836 0.171464
vt 0.762216 0.153391
vt 0.701440 0.168138
vt 0.761876 0.156459
vt 0.696629 0.172927
vt 0.766432 0.153800
vt 0.698523 0.175486
vt 0.766633 0.156598
vt 0.691983 0.179067
vt 0.693500 0.181331
vt 0.788348 0.151174
vt 0.790013 0.155441
vt 0.794054 0.150006
vt 0.794321 0.148490
vt 0.806820 0.137579
vt 0.788068 0.136620
vt 0.788571 0.144530
vt 0.779213 0.140918
vt 0.780955 0.145091
vt 0.784486 0.133139
vt 0.770806 0.145409
vt 0.770714 0.141186
vt 0.778442 0.137894
vt 0.759143 0.145254
vt 0.759333 0.141153
vt 0.749094 0.140446
vt 0.746319 0.144705
vt 0.748408 0.139697
vt 0.776615 0.132313
vt 0.781287 0.129447
vt 0.770971 0.136852
vt 0.778532 0.124879
vt 0.771400 0.133333
vt 0.770826 0.125305
vt 0.765143 0.133543
vt 0.765602 0.136891
vt 0.762195 0.125208
vt 0.763954 0.134142
vt 0.758708 0.127647
vt 0.758557 0.136078
vt 0.756054 0.124581
vt 0.758138 0.133598
vt 0.755255 0.126576
vt 0.753204 0.135405
vt 0.730902 0.122175
vt 0.729073 0.123537
vt 0.751440 0.133108
vt 0.751999 0.136259
vt 0.749240 0.134408
vt 0.745418 0.138523
vt 0.743822 0.139693
vt 0.740634 0.144432
vt 0.740678 0.140285
vt 0.734748 0.140062
vt 0.734289 0.143947
vt 0.727819 0.143425
vt 0.728449 0.138832
vt 0.721837 0.138078
vt 0.721287 0.142715
vt 0.716180 0.137525
vt 0.715196 0.142063
vt 0.708909 0.139749
vt 0.710022 0.135685
vt 0.701387 0.135720
vt 0.703381 0.132447
vt 0.693539 0.131524
vt 0.695030 0.127832
vt 0.688769 0.127318
vt 0.688720 0.130490
vt 0.680578 0.129476
vt 0.680823 0.131524
vt 0.662680 0.133449
vt 0.662984 0.135193
vt 0.643944 0.137693
vt 0.644306 0.139089
vt 0.639313 0.139532
vt 0.639167 0.138371
vt 0.634685 0.139959
vt 0.634501 0.139177
vt 0.774714 0.120093
vt 0.779480 0.120642
vt 0.766310 0.119769
vt 0.779714 0.113813
vt 0.765654 0.123246
vt 0.781777 0.114360
vt 0.756682 0.120966
vt 0.782489 0.107098
vt 0.757487 0.117812
vt 0.784281 0.107781
vt 0.747327 0.117993
vt 0.786983 0.100614
vt 0.748030 0.114690
vt 0.785380 0.099739
vt 0.735927 0.111140
vt 0.788903 0.091462
vt 0.790196 0.091610
vt 0.734562 0.113860
vt 0.725832 0.107255
vt 0.724101 0.109861
vt 0.718427 0.103102
vt 0.716092 0.105422
vt 0.712818 0.097598
vt 0.709671 0.100230
vt 0.703756 0.097669
vt 0.703086 0.093891
vt 0.707406 0.091343
vt 0.691364 0.095581
vt 0.704192 0.093015
vt 0.692070 0.092940
vt 0.701398 0.083913
vt 0.674822 0.092596
vt 0.674710 0.093857
vt 0.697958 0.086673
vt 0.698077 0.082889
vt 0.695243 0.085488
vt 0.659253 0.076683
vt 0.659004 0.077640
vt 0.181920 0.384763
vt 0.183234 0.381659
vt 0.183234 0.384763
vt 0.181920 0.381659
vt 0.175141 0.384763
vt 0.175141 0.381659
vt 0.169793 0.384392
vt 0.169793 0.381889
vt 0.158579 0.384392
vt 0.158579 0.381889
vt 0.145453 0.381889
vt 0.145453 0.384392
vt 0.131080 0.384392
vt 0.131080 0.381889
vt 0.124569 0.384392
vt 0.124569 0.381889
vt 0.117261 0.381889
vt 0.117261 0.384392
vt 0.109770 0.381889
vt 0.109770 0.384392
vt 0.102230 0.384392
vt 0.102230 0.381889
vt 0.095254 0.381889
vt 0.095254 0.384392
vt 0.088074 0.384392
vt 0.088074 0.381889
vt 0.078970 0.381908
vt 0.078969 0.384373
vt 0.069761 0.384347
vt 0.069763 0.381919
vt 0.064144 0.381914
vt 0.064142 0.384342
vt 0.055091 0.381907
vt 0.055089 0.384335
vt 0.034699 0.381890
vt 0.034697 0.384318
vt 0.013309 0.384301
vt 0.013311 0.381873
vt 0.007772 0.384296
vt 0.007774 0.381868
vt 0.002520 0.381864
vt 0.002518 0.384292
vt 0.166448 0.348184
vt 0.176851 0.343464
vt 0.176846 0.348184
vt 0.166449 0.343464
vt 0.157674 0.348184
vt 0.157550 0.343464
vt 0.150660 0.348184
vt 0.150683 0.343464
vt 0.132584 0.343464
vt 0.132435 0.348184
vt 0.122168 0.348184
vt 0.122216 0.343464
vt 0.107133 0.343464
vt 0.106892 0.348184
vt 0.087508 0.343464
vt 0.087245 0.348184
vt 0.077986 0.348184
vt 0.077996 0.343464
vt 0.070720 0.343464
vt 0.070942 0.348184
vt 0.065198 0.348184
vt 0.065089 0.343464
vt 0.059419 0.348184
vt 0.059219 0.343464
vt 0.055500 0.348184
vt 0.055259 0.343464
vt 0.049945 0.343464
vt 0.049970 0.348184
vt 0.044818 0.343464
vt 0.045029 0.348184
vt 0.037379 0.348184
vt 0.037079 0.343464
vt 0.033730 0.343464
vt 0.033577 0.348184
vt 0.030338 0.343464
vt 0.030122 0.348184
vt 0.026945 0.343464
vt 0.026667 0.348184
vt 0.020811 0.343464
vt 0.020235 0.348184
vt 0.013191 0.343464
vt 0.012492 0.348184
vt 0.043284 0.211654
vt 0.049884 0.211654
vt 0.043284 0.214226
vt 0.049884 0.214226
vt 0.058799 0.211654
vt 0.058799 0.214226
vt 0.066784 0.214226
vt 0.066784 0.211654
vt 0.054643 0.320503
vt 0.060047 0.322284
vt 0.054987 0.322760
vt 0.059936 0.324778
vt 0.070803 0.318196
vt 0.070738 0.321093
vt 0.077227 0.320811
vt 0.077471 0.318047
vt 0.104604 0.320810
vt 0.104215 0.323283
vt 0.106337 0.322279
vt 0.105946 0.324751
vt 0.939592 0.634475
vt 0.945868 0.633152
vt 0.945882 0.635180
vt 0.939572 0.631637
vt 0.934554 0.634510
vt 0.934535 0.631671
vt 0.925712 0.631732
vt 0.925731 0.634571
vt 0.916195 0.631798
vt 0.916215 0.634636
vt 0.903134 0.634727
vt 0.903115 0.631888
vt 0.892315 0.631963
vt 0.892335 0.634801
vt 0.883848 0.634860
vt 0.883828 0.632021
vt 0.876923 0.634908
vt 0.876904 0.632069
vt 0.870863 0.632111
vt 0.870883 0.634949
vt 0.858749 0.635033
vt 0.858729 0.632195
vt 0.842396 0.632308
vt 0.842416 0.635146
vt 0.034830 0.202517
vt 0.038973 0.202517
vt 0.034830 0.205052
vt 0.038973 0.205052
vt 0.044433 0.202517
vt 0.044433 0.205052
vt 0.048649 0.205052
vt 0.048649 0.202517
vt 0.054485 0.202517
vt 0.054485 0.205052
vt 0.740927 0.174239
vt 0.742625 0.174239
vt 0.740927 0.180878
vt 0.742625 0.180878
vt 0.752307 0.174239
vt 0.752307 0.180878
vt 0.755178 0.180878
vt 0.755178 0.174239
vt 0.111237 0.389534
vt 0.115842 0.387114
vt 0.115842 0.389534
vt 0.111237 0.387114
vt 0.106526 0.389534
vt 0.106526 0.387114
vt 0.087724 0.387114
vt 0.087724 0.389534
vt 0.069819 0.389534
vt 0.069819 0.387114
vt 0.061565 0.387114
vt 0.061565 0.389534
vt 0.055099 0.389534
vt 0.055099 0.387114
vt 0.046140 0.389534
vt 0.046140 0.387114
vt 0.039039 0.387114
vt 0.039039 0.389534
vt 0.032613 0.387114
vt 0.032613 0.389534
vt 0.026781 0.387114
vt 0.026781 0.389534
vt 0.019931 0.389534
vt 0.019931 0.387114
vt 0.013303 0.387114
vt 0.013303 0.389534
vt 0.007197 0.387114
vt 0.007197 0.389534
vt 0.004119 0.389534
vt 0.004119 0.387114
vt 0.002518 0.387114
vt 0.002518 0.389534
vt 0.395501 0.844232
vt 0.398357 0.843259
vt 0.398357 0.844198
vt 0.395501 0.842863
vt 0.398357 0.837387
vt 0.395501 0.837277
vt 0.398357 0.832497
vt 0.395501 0.832512
vt 0.395501 0.827380
vt 0.398357 0.827377
vt 0.395501 0.823272
vt 0.398357 0.823050
vt 0.395501 0.818431
vt 0.398357 0.818210
vt 0.395501 0.814008
vt 0.398357 0.813990
vt 0.395501 0.792228
vt 0.398357 0.792232
vt 0.398357 0.785734
vt 0.395501 0.785665
vt 0.140445 0.121924
vt 0.144829 0.118223
vt 0.144829 0.121924
vt 0.140445 0.118223
vt 0.135757 0.121924
vt 0.135757 0.118223
vt 0.133118 0.118223
vt 0.133118 0.121924
vt 0.130480 0.121924
vt 0.130480 0.118223
vt 0.126855 0.118223
vt 0.126855 0.121924
vt 0.119333 0.121924
vt 0.119333 0.118223
vt 0.115162 0.118223
vt 0.115162 0.121924
vt 0.110992 0.121924
vt 0.110992 0.118223
vt 0.106496 0.118223
vt 0.106496 0.121924
vt 0.098519 0.118223
vt 0.098519 0.121924
vt 0.093182 0.121924
vt 0.093182 0.118223
vt 0.087222 0.118223
vt 0.087222 0.121924
vt 0.082850 0.118223
vt 0.082850 0.121924
vt 0.078009 0.121924
vt 0.078009 0.118223
vt 0.074141 0.118223
vt 0.074141 0.121924
vt 0.053151 0.118223
vt 0.053151 0.121924
vt 0.047776 0.121924
vt 0.047776 0.118223
vt 0.361884 0.970804
vt 0.369522 0.970804
vt 0.361884 0.974080
vt 0.369522 0.974080
vt 0.378017 0.970804
vt 0.378017 0.974080
vt 0.387475 0.970804
vt 0.387475 0.974080
vt 0.399626 0.974080
vt 0.399626 0.970804
vt 0.409885 0.974080
vt 0.409885 0.970804
vt 0.417627 0.974080
vt 0.417627 0.970804
vt 0.423719 0.970804
vt 0.423719 0.974080
vt 0.429925 0.974080
vt 0.429925 0.970804
vt 0.436763 0.970804
vt 0.436763 0.974080
vt 0.439984 0.970804
vt 0.439984 0.974080
vt 0.477937 0.970804
vt 0.477937 0.974080
vt 0.094979 0.288361
vt 0.100783 0.285603
vt 0.100783 0.288361
vt 0.094979 0.285603
vt 0.092732 0.288361
vt 0.092732 0.285603
vt 0.062814 0.285603
vt 0.062814 0.288361
vt 0.175325 0.339953
vt 0.178798 0.340243
vt 0.176563 0.341686
vt 0.178090 0.338245
vt 0.181346 0.338529
vt 0.180782 0.336540
vt 0.183795 0.337629
vt 0.184018 0.334981
vt 0.187125 0.335243
vt 0.186902 0.337890
vt 0.192032 0.338322
vt 0.192255 0.335675
vt 0.197903 0.338816
vt 0.198126 0.336169
vt 0.204497 0.339371
vt 0.204720 0.336724
vt 0.212611 0.337388
vt 0.212388 0.340036
vt 0.160700 0.801279
vt 0.160470 0.798760
vt 0.210612 0.801263
vt 0.211797 0.798760
vt 0.159959 0.796289
vt 0.211788 0.796289
vt 0.263240 0.796289
vt 0.263301 0.798760
vt 0.007324 0.858733
vt 0.122831 0.961604
vt 0.146067 0.945776
vt 0.122826 0.945754
vt 0.102571 0.961617
vt 0.102548 0.945564
vt 0.097447 0.961120
vt 0.094693 0.951748
vt 0.094612 0.945561
vt 0.303157 0.895843
vt 0.302927 0.898361
vt 0.253015 0.898346
vt 0.251831 0.895843
vt 0.303669 0.893372
vt 0.251839 0.893372
vt 0.200388 0.893372
vt 0.200326 0.895843
vt 0.924214 0.435984
vt 0.924214 0.437254
vt 0.922277 0.436023
vt 0.922277 0.437266
vt 0.924214 0.438580
vt 0.922277 0.438564
vt 0.924214 0.439833
vt 0.922277 0.439790
vt 0.924214 0.440903
vt 0.922277 0.440892
vt 0.921969 0.443588
vt 0.923524 0.444168
vt 0.921111 0.445962
vt 0.921835 0.447007
vt 0.919669 0.448761
vt 0.918682 0.448761
vt 0.919387 0.351051
vt 0.919387 0.350231
vt 0.921529 0.351141
vt 0.921529 0.350302
vt 0.919387 0.349086
vt 0.921529 0.349133
vt 0.919387 0.347730
vt 0.921529 0.347748
vt 0.921529 0.346258
vt 0.919387 0.346196
vt 0.927847 0.415136
vt 0.928416 0.412482
vt 0.929712 0.415670
vt 0.930098 0.412355
vt 0.928360 0.409958
vt 0.929404 0.409124
vt 0.927911 0.406772
vt 0.926974 0.406457
vt 0.153992 0.962031
vt 0.197415 0.962031
vt 0.154769 0.964425
vt 0.196835 0.964425
vt 0.198697 0.962031
vt 0.199269 0.964425
vt 0.240991 0.964425
vt 0.241617 0.962031
vt 0.243181 0.964425
vt 0.242502 0.962031
vt 0.289878 0.964425
vt 0.290589 0.962031
vt 0.292909 0.962031
vt 0.291699 0.964425
vt 0.201809 0.766111
vt 0.281352 0.738440
vt 0.281301 0.766111
vt 0.190056 0.750773
vt 0.196458 0.738440
vt 0.190056 0.738440
vt 0.239576 0.691031
vt 0.239213 0.685100
vt 0.162438 0.685100
vt 0.152628 0.686759
vt 0.145755 0.676835
vt 0.147245 0.691197
vt 0.131893 0.676832
vt 0.131893 0.726414
vt 0.147245 0.726414
vt 0.281352 0.738440
vt 0.201809 0.766111
vt 0.281301 0.766111
vt 0.190056 0.750773
vt 0.196458 0.738440
vt 0.190056 0.738440
vt 0.230780 0.808735
vt 0.235427 0.802762
vt 0.231453 0.802762
vt 0.227039 0.808735
vt 0.222310 0.819620
vt 0.155826 0.819620
vt 0.155826 0.808735
vt 0.093733 0.677453
vt 0.091798 0.677453
vt 0.093733 0.723170
vt 0.091798 0.723170
vt 0.072828 0.677453
vt 0.072828 0.723170
vt 0.093733 0.677453
vt 0.093733 0.723170
vt 0.149161 0.905048
vt 0.155955 0.905048
vt 0.149161 0.939630
vt 0.155955 0.940749
vt 0.157147 0.905048
vt 0.157147 0.941017
vt 0.222924 0.905048
vt 0.223306 0.958309
vt 0.223750 0.905048
vt 0.224101 0.958546
vt 0.229564 0.958763
vt 0.229526 0.905048
vt 0.302867 0.956340
vt 0.302327 0.956440
vt 0.302878 0.922369
vt 0.302330 0.922395
vt 0.234984 0.956440
vt 0.234981 0.922395
vt 0.234433 0.922369
vt 0.234444 0.956340
vt 0.014804 0.966430
vt 0.103491 0.966430
vt 0.013497 0.971237
vt 0.104717 0.971237
vt 0.105595 0.966430
vt 0.105736 0.971237
vt 0.106728 0.971237
vt 0.107485 0.966430
vt 0.154695 0.971237
vt 0.154152 0.966430
vt 0.155647 0.966430
vt 0.155403 0.971237
vt 0.156126 0.971237
vt 0.157453 0.966430
vt 0.246242 0.971237
vt 0.244916 0.966430
vt 0.246722 0.966430
vt 0.246965 0.971237
vt 0.247673 0.971237
vt 0.248217 0.966430
vt 0.294918 0.966430
vt 0.295750 0.971237
vt 0.296581 0.966430
vt 0.296978 0.971237
vt 0.298321 0.971237
vt 0.298237 0.966430
vt 0.480356 0.997676
vt 0.560647 0.997676
vt 0.480356 0.999182
vt 0.560647 0.999182
vt 0.561995 0.997676
vt 0.561995 0.999182
vt 0.563332 0.997676
vt 0.563331 0.999182
vt 0.601143 0.997676
vt 0.601143 0.999182
vt 0.602167 0.997676
vt 0.602169 0.999182
vt 0.603195 0.997676
vt 0.603196 0.999182
vt 0.684594 0.999182
vt 0.684594 0.997676
vt 0.685621 0.999182
vt 0.685622 0.997676
vt 0.686647 0.999182
vt 0.686645 0.997676
vt 0.724461 0.999182
vt 0.724461 0.997676
vt 0.725796 0.999182
vt 0.725798 0.997676
vt 0.727147 0.997676
vt 0.727147 0.999182
vt 0.596551 0.760717
vt 0.607636 0.764224
vt 0.606920 0.766247
vt 0.595575 0.763134
vt 0.591173 0.762346
vt 0.590281 0.764835
vt 0.585188 0.764025
vt 0.583135 0.760706
vt 0.579804 0.772095
vt 0.582211 0.773265
vt 0.534672 0.692211
vt 0.534672 0.693932
vt 0.529630 0.693932
vt 0.529630 0.692211
vt 0.534672 0.685595
vt 0.529630 0.685595
vt 0.534672 0.682779
vt 0.529630 0.682779
vt 0.529630 0.678977
vt 0.534672 0.678977
vt 0.953199 0.630515
vt 0.953199 0.634093
vt 0.948288 0.630515
vt 0.948288 0.634093
vt 0.953199 0.641076
vt 0.948288 0.641076
vt 0.948288 0.644388
vt 0.953199 0.644388
vt 0.808107 0.322321
vt 0.786689 0.343495
vt 0.804016 0.318209
vt 0.781350 0.340449
vt 0.784554 0.345606
vt 0.779090 0.342666
vt 0.778412 0.352321
vt 0.784058 0.353495
vt 0.778111 0.356643
vt 0.782470 0.359849
vt 0.781642 0.361151
vt 0.777297 0.357214
vt 0.491433 0.902667
vt 0.493479 0.906004
vt 0.488405 0.906828
vt 0.487886 0.905750
vt 0.487548 0.900502
vt 0.477585 0.900743
vt 0.487476 0.897542
vt 0.477289 0.892079
vt 0.479540 0.889205
vt 0.477120 0.887102
vt 0.479345 0.887153
vt 0.477446 0.873107
vt 0.479809 0.873163
vt 0.479677 0.871993
vt 0.477473 0.871941
vt 0.065853 0.318569
vt 0.062889 0.316372
vt 0.066199 0.313884
vt 0.065824 0.313152
vt 0.061054 0.312687
vt 0.063750 0.308383
vt 0.058215 0.312125
vt 0.061396 0.303320
vt 0.055281 0.308350
vt 0.054866 0.305533
vt 0.055026 0.306621
vt 0.053853 0.302859
vt 0.051470 0.305067
vt 0.049519 0.302595
vt 0.049519 0.304800
vt 0.036173 0.304638
vt 0.036173 0.302595
vt 0.837444 0.054850
vt 0.837454 0.040452
vt 0.839426 0.053655
vt 0.839270 0.039658
vt 0.837456 0.038347
vt 0.839247 0.037612
vt 0.837459 0.034684
vt 0.839207 0.034051
vt 0.285906 0.839838
vt 0.272415 0.839838
vt 0.285906 0.837207
vt 0.272415 0.837207
vt 0.272006 0.839838
vt 0.272006 0.837207
vt 0.271778 0.837207
vt 0.271778 0.839838
vt 0.271457 0.839838
vt 0.271457 0.837207
vt 0.269959 0.837207
vt 0.269959 0.839838
vt 0.269570 0.837207
vt 0.269570 0.839838
vt 0.269335 0.839838
vt 0.269335 0.837207
vt 0.268850 0.837207
vt 0.268850 0.839838
vt 0.255532 0.837207
vt 0.255532 0.839838
vt 0.255126 0.837207
vt 0.255126 0.839838
vt 0.254842 0.839838
vt 0.254842 0.837207
vt 0.254483 0.837207
vt 0.254483 0.839838
vt 0.253643 0.839838
vt 0.253643 0.837207
vt 0.253361 0.839838
vt 0.253361 0.837207
vt 0.253079 0.837207
vt 0.253079 0.839838
vt 0.252656 0.839838
vt 0.252656 0.837207
vt 0.239826 0.837207
vt 0.239826 0.839838
vt 0.239512 0.837207
vt 0.239512 0.839838
vt 0.239283 0.839838
vt 0.239283 0.837207
vt 0.238994 0.839838
vt 0.238994 0.837207
vt 0.238034 0.839838
vt 0.238034 0.837207
vt 0.237744 0.839838
vt 0.237744 0.837207
vt 0.237512 0.839838
vt 0.237512 0.837207
vt 0.237143 0.837207
vt 0.237143 0.839838
vt 0.633699 0.138752
vt 0.632828 0.138522
vt 0.632864 0.134451
vt 0.632244 0.134892
vt 0.631605 0.138612
vt 0.631046 0.135999
vt 0.619968 0.139055
vt 0.620895 0.141864
vt 0.617013 0.143295
vt 0.615848 0.139243
vt 0.613190 0.143743
vt 0.612199 0.139525
vt 0.611389 0.144089
vt 0.610321 0.139871
vt 0.609587 0.144435
vt 0.608442 0.140217
vt 0.607642 0.140493
vt 0.608306 0.144851
vt 0.606841 0.140770
vt 0.607025 0.145266
vt 0.605493 0.141235
vt 0.604868 0.145965
vt 0.603254 0.144997
vt 0.604187 0.140442
vt 0.601724 0.144079
vt 0.602948 0.139691
vt 0.600194 0.143161
vt 0.601710 0.138939
vt 0.598258 0.141633
vt 0.598954 0.138309
vt 0.596280 0.138903
vt 0.596107 0.141842
vt 0.593956 0.142051
vt 0.593606 0.139496
vt 0.591291 0.139080
vt 0.591744 0.142239
vt 0.589624 0.138780
vt 0.590152 0.142373
vt 0.588816 0.138931
vt 0.589521 0.143276
vt 0.586253 0.139102
vt 0.586299 0.143492
vt 0.584972 0.139188
vt 0.584687 0.143600
vt 0.583690 0.139274
vt 0.583076 0.143708
vt 0.581587 0.143080
vt 0.582783 0.138865
vt 0.580099 0.142452
vt 0.581875 0.138455
vt 0.578289 0.141556
vt 0.580300 0.137667
vt 0.575877 0.139602
vt 0.576233 0.136320
vt 0.570176 0.135724
vt 0.569729 0.138757
vt 0.567148 0.135426
vt 0.566655 0.138334
vt 0.563581 0.137912
vt 0.564120 0.135128
vt 0.704992 0.298154
vt 0.701391 0.282365
vt 0.705087 0.282399
vt 0.700752 0.297888
vt 0.705077 0.302033
vt 0.700502 0.301922
vt 0.705212 0.305351
vt 0.700511 0.305469
vt 0.618727 0.105740
vt 0.618514 0.107026
vt 0.615171 0.105740
vt 0.614176 0.107262
vt 0.618685 0.114391
vt 0.614228 0.115061
vt 0.805688 0.480984
vt 0.810370 0.480391
vt 0.805982 0.482338
vt 0.810269 0.479793
vt 0.805349 0.478130
vt 0.810062 0.477427
vt 0.805229 0.475283
vt 0.809886 0.473708
vt 0.807904 0.470657
vt 0.804310 0.473763
vt 0.802481 0.471754
vt 0.805565 0.468157
vt 0.802084 0.465732
vt 0.799169 0.469490
vt 0.797700 0.468165
vt 0.800506 0.464343
vt 0.173747 0.543199
vt 0.168232 0.544090
vt 0.168803 0.540623
vt 0.173585 0.544901
vt 0.167797 0.546880
vt 0.172991 0.548443
vt 0.167363 0.549670
vt 0.172397 0.551986
vt 0.170224 0.554566
vt 0.164954 0.552252
vt 0.168050 0.557146
vt 0.162545 0.554834
vt 0.163703 0.562306
vt 0.157727 0.559998
vt 0.158323 0.561616
vt 0.164237 0.563609
vt 0.160934 0.568712
vt 0.166577 0.569322
vt 0.163003 0.574332
vt 0.168432 0.573848
vt 0.165072 0.579953
vt 0.170286 0.578374
vt 0.171413 0.583951
vt 0.166146 0.585209
vt 0.172541 0.589528
vt 0.167221 0.590464
vt 0.168561 0.597178
vt 0.173914 0.596390
vt 0.169901 0.603892
vt 0.175288 0.603252
vt 0.170285 0.610358
vt 0.175692 0.610157
vt 0.176097 0.617063
vt 0.170670 0.616824
vt 0.169717 0.624584
vt 0.175080 0.625210
vt 0.174064 0.633357
vt 0.168765 0.632344
vt 0.170944 0.647032
vt 0.165693 0.645790
vt 0.619241 0.115930
vt 0.623883 0.114972
vt 0.624405 0.116901
vt 0.619305 0.114039
vt 0.623159 0.112293
vt 0.619393 0.111413
vt 0.623527 0.109805
vt 0.619613 0.109365
vt 0.619833 0.107317
vt 0.623895 0.107316
vt 0.275821 0.082302
vt 0.288604 0.088008
vt 0.275821 0.088008
vt 0.288604 0.082302
vt 0.296037 0.088008
vt 0.296037 0.082302
vt 0.303470 0.082302
vt 0.303470 0.088008
vt 0.310231 0.088008
vt 0.310231 0.082302
vt 0.316992 0.082302
vt 0.316992 0.088008
vt 0.324604 0.088008
vt 0.324604 0.082302
vt 0.332216 0.082302
vt 0.332216 0.088008
vt 0.338018 0.088008
vt 0.338018 0.082302
vt 0.343820 0.088008
vt 0.343820 0.082302
vt 0.348488 0.082302
vt 0.348488 0.088008
vt 0.353156 0.082302
vt 0.353156 0.088008
vt 0.359049 0.082302
vt 0.359049 0.088008
vt 0.360392 0.082302
vt 0.360392 0.088008
vt 0.104291 0.219003
vt 0.118006 0.212760
vt 0.118006 0.219003
vt 0.104291 0.212760
vt 0.102447 0.219003
vt 0.102447 0.212760
vt 0.100151 0.212760
vt 0.100151 0.219003
vt 0.085587 0.212760
vt 0.085587 0.219003
vt 0.082399 0.219003
vt 0.082399 0.212760
vt 0.079699 0.212760
vt 0.079699 0.219003
vt 0.046897 0.261721
vt 0.089950 0.256313
vt 0.089950 0.261721
vt 0.046897 0.256313
vt 0.045069 0.261721
vt 0.045069 0.256313
vt 0.043510 0.261721
vt 0.043510 0.256313
vt 0.348823 0.604870
vt 0.353682 0.602961
vt 0.353682 0.604870
vt 0.348823 0.602961
vt 0.353682 0.566054
vt 0.348823 0.566054
vt 0.353682 0.563232
vt 0.348823 0.563232
vt 0.348823 0.560435
vt 0.353682 0.560435
vt 0.465266 0.452435
vt 0.465266 0.450604
vt 0.470626 0.452435
vt 0.470626 0.450604
vt 0.465266 0.443572
vt 0.470626 0.443572
vt 0.465266 0.440577
vt 0.470626 0.440577
vt 0.470626 0.436536
vt 0.465266 0.436536
vt 0.361963 0.415088
vt 0.356449 0.410910
vt 0.361963 0.410910
vt 0.356449 0.415088
vt 0.361963 0.422477
vt 0.356449 0.422477
vt 0.442726 0.379459
vt 0.447639 0.370055
vt 0.447639 0.379459
vt 0.442726 0.370055
vt 0.447639 0.368024
vt 0.442726 0.368024
vt 0.442726 0.361448
vt 0.447639 0.361448
vt 0.394989 0.462644
vt 0.400040 0.467909
vt 0.394989 0.467909
vt 0.400040 0.462644
vt 0.410024 0.467909
vt 0.410024 0.462644
vt 0.415666 0.462644
vt 0.415666 0.467909
vt 0.427865 0.467909
vt 0.427865 0.462644
vt 0.428904 0.462644
vt 0.428904 0.467909
vt 0.716068 0.833742
vt 0.716068 0.828840
vt 0.721238 0.833743
vt 0.721239 0.828840
vt 0.716068 0.815188
vt 0.721239 0.815188
vt 0.721239 0.809193
vt 0.716068 0.809193
vt 0.103578 0.274489
vt 0.102926 0.269332
vt 0.104734 0.274150
vt 0.101769 0.269670
vt 0.102040 0.275074
vt 0.100438 0.270186
vt 0.096961 0.271535
vt 0.098022 0.276603
vt 0.083050 0.276928
vt 0.081952 0.282719
vt 0.077238 0.277851
vt 0.080040 0.274250
vt 0.075134 0.277098
vt 0.075551 0.271648
vt 0.072730 0.272750
vt 0.071953 0.278299
vt 0.067647 0.274507
vt 0.069152 0.269943
vt 0.065196 0.269332
vt 0.066426 0.274444
vt 0.423329 0.391020
vt 0.418210 0.379290
vt 0.423543 0.379244
vt 0.417999 0.390931
vt 0.422875 0.401629
vt 0.418348 0.403094
vt 0.420559 0.406101
vt 0.423950 0.403003
vt 0.427173 0.406441
vt 0.427590 0.404028
vt 0.432719 0.404015
vt 0.431795 0.402447
vt 0.608992 0.622560
vt 0.609334 0.615067
vt 0.614229 0.622243
vt 0.614538 0.614824
vt 0.608990 0.603403
vt 0.617497 0.603804
vt 0.611093 0.600425
vt 0.617121 0.599965
vt 0.610976 0.598858
vt 0.617475 0.598406
vt 0.622971 0.600693
vt 0.623124 0.602623
vt 0.622690 0.604545
vt 0.626637 0.601101
vt 0.625292 0.605621
vt 0.626501 0.602782
vt 0.626975 0.603226
vt 0.626707 0.606955
vt 0.563894 0.333884
vt 0.561852 0.331118
vt 0.563895 0.331418
vt 0.561745 0.333632
vt 0.560206 0.330876
vt 0.560015 0.333429
vt 0.558455 0.333247
vt 0.558723 0.330658
vt 0.553745 0.332298
vt 0.553938 0.329477
vt 0.549734 0.331489
vt 0.549863 0.328471
vt 0.542723 0.330252
vt 0.542655 0.326725
vt 0.539709 0.330513
vt 0.539199 0.327236
vt 0.535499 0.332186
vt 0.535112 0.328874
vt 0.527929 0.333886
vt 0.527968 0.329922
vt 0.521879 0.329778
vt 0.519938 0.333669
vt 0.520838 0.329177
vt 0.517075 0.331993
vt 0.516468 0.328997
vt 0.520521 0.327047
vt 0.634396 0.262986
vt 0.634318 0.265719
vt 0.638346 0.256766
vt 0.632016 0.255763
vt 0.638857 0.255764
vt 0.631840 0.254652
vt 0.639033 0.254652
vt 0.632016 0.253540
vt 0.638857 0.253541
vt 0.638346 0.252538
vt 0.633322 0.251742
vt 0.637551 0.251742
vt 0.634397 0.251202
vt 0.636477 0.251202
vt 0.636477 0.248605
vt 0.634321 0.243585
vt 0.063670 0.693881
vt 0.043814 0.322752
vt 0.050713 0.319923
vt 0.050713 0.322752
vt 0.043814 0.319923
vt 0.037420 0.319923
vt 0.037420 0.322752
vt 0.027186 0.319923
vt 0.027186 0.322752
vt 0.020707 0.322752
vt 0.020707 0.319923
vt 0.017628 0.322752
vt 0.017628 0.319923
vt 0.014626 0.319923
vt 0.014626 0.322752
vt 0.147085 0.386619
vt 0.147085 0.391289
vt 0.143281 0.386619
vt 0.143281 0.391289
vt 0.130868 0.391289
vt 0.130868 0.386619
vt 0.120626 0.391289
vt 0.120626 0.386619
vt 0.118629 0.386619
vt 0.118629 0.391289
vt 0.280110 0.634874
vt 0.280110 0.624326
vt 0.283264 0.634921
vt 0.283264 0.624332
vt 0.283264 0.618225
vt 0.280110 0.618227
vt 0.283264 0.608678
vt 0.280110 0.608700
vt 0.283264 0.596114
vt 0.280110 0.596075
vt 0.283264 0.590016
vt 0.280110 0.589986
vt 0.280110 0.585186
vt 0.283264 0.585037
vt 0.280110 0.580750
vt 0.283264 0.580580
vt 0.283264 0.577999
vt 0.280110 0.577551
vt 0.273550 0.635032
vt 0.273297 0.633802
vt 0.276597 0.634884
vt 0.276692 0.633771
vt 0.276692 0.623617
vt 0.273297 0.623614
vt 0.273297 0.608082
vt 0.276692 0.607229
vt 0.145976 0.832204
vt 0.145641 0.830125
vt 0.172629 0.832233
vt 0.173278 0.830055
vt 0.173919 0.827153
vt 0.145299 0.827162
vt 0.193598 0.955141
vt 0.200322 0.955141
vt 0.200441 0.959369
vt 0.193716 0.959369
vt 0.190574 0.959369
vt 0.190455 0.955141
vt 0.188139 0.959369
vt 0.188068 0.956783
vt 0.187569 0.956390
vt 0.184865 0.955141
vt 0.184933 0.956485
vt 0.184666 0.956494
vt 0.184623 0.955141
vt 0.184348 0.955141
vt 0.184382 0.956572
vt 0.184082 0.955141
vt 0.184126 0.956711
vt 0.183818 0.955140
vt 0.183868 0.956954
vt 0.183542 0.955141
vt 0.183599 0.957208
vt 0.175212 0.955141
vt 0.183631 0.959369
vt 0.175271 0.959369
vt 0.166877 0.957449
vt 0.166907 0.959369
vt 0.166879 0.955140
vt 0.166600 0.957202
vt 0.166603 0.955141
vt 0.166335 0.956967
vt 0.166339 0.955141
vt 0.166077 0.956834
vt 0.166073 0.955140
vt 0.165790 0.956765
vt 0.165798 0.955141
vt 0.165556 0.955140
vt 0.165523 0.956763
vt 0.162886 0.956742
vt 0.159963 0.955140
vt 0.162397 0.957149
vt 0.159962 0.959369
vt 0.162398 0.959369
vt 0.156819 0.955140
vt 0.156818 0.959369
vt 0.150092 0.959369
vt 0.150092 0.955140
vt 0.176662 0.950637
vt 0.176327 0.952716
vt 0.149673 0.952745
vt 0.149025 0.950566
vt 0.148383 0.947665
vt 0.177004 0.947673
vt 0.321452 0.787345
vt 0.393764 0.787345
vt 0.393764 0.825090
vt 0.321452 0.825090
vt 0.319659 0.825090
vt 0.319659 0.787345
vt 0.318137 0.825090
vt 0.318137 0.787345
vt 0.317121 0.825090
vt 0.317121 0.787345
vt 0.315327 0.825090
vt 0.315327 0.787345
vt 0.299362 0.825090
vt 0.299362 0.800100
vt 0.291875 0.792613
vt 0.279844 0.787345
vt 0.279844 0.792613
vt 0.278050 0.792613
vt 0.278050 0.787345
vt 0.277033 0.792613
vt 0.277033 0.787345
vt 0.275512 0.792612
vt 0.275513 0.787345
vt 0.273718 0.792612
vt 0.273718 0.787345
vt 0.201407 0.787340
vt 0.201406 0.792607
vt 0.393764 0.825090
vt 0.393764 0.787345
vt 0.344070 0.384734
vt 0.344070 0.379695
vt 0.351374 0.379695
vt 0.351374 0.384734
vt 0.352942 0.384734
vt 0.352942 0.379695
vt 0.363307 0.379695
vt 0.363307 0.384734
vt 0.365047 0.384734
vt 0.365047 0.379695
vt 0.367109 0.379695
vt 0.367109 0.384734
vt 0.380527 0.384734
vt 0.380527 0.379695
vt 0.382341 0.379695
vt 0.382341 0.384734
vt 0.523097 0.679389
vt 0.528104 0.679389
vt 0.523097 0.682135
vt 0.528104 0.682135
vt 0.528104 0.691510
vt 0.523097 0.691510
vt 0.523097 0.693993
vt 0.528104 0.693993
vt 0.483404 0.686947
vt 0.478378 0.686947
vt 0.478378 0.684330
vt 0.483404 0.684330
vt 0.483404 0.679821
vt 0.478378 0.679821
vt 0.478378 0.676404
vt 0.483404 0.676404
vt 0.367193 0.405689
vt 0.350765 0.405689
vt 0.350765 0.400649
vt 0.367193 0.400649
vt 0.373390 0.400649
vt 0.373390 0.405689
vt 0.382341 0.405689
vt 0.382341 0.400649
vt 0.864036 0.057299
vt 0.864036 0.058631
vt 0.859011 0.058631
vt 0.859011 0.057299
vt 0.859011 0.051749
vt 0.864036 0.051749
vt 0.859011 0.049732
vt 0.864036 0.049732
vt 0.864036 0.045301
vt 0.859011 0.045301
vt 0.624711 0.625732
vt 0.619889 0.625732
vt 0.619889 0.620674
vt 0.624711 0.620674
vt 0.634242 0.620674
vt 0.634242 0.625732
vt 0.639622 0.625732
vt 0.639622 0.620674
vt 0.651266 0.620674
vt 0.651266 0.625732
vt 0.652258 0.625732
vt 0.652258 0.620674
vt 0.221333 0.221364
vt 0.215472 0.221364
vt 0.221333 0.216322
vt 0.215472 0.216322
vt 0.201094 0.216322
vt 0.201094 0.221364
vt 0.196538 0.221364
vt 0.196538 0.216322
vt 0.382341 0.399567
vt 0.352348 0.399567
vt 0.382341 0.394527
vt 0.352348 0.394527
vt 0.350849 0.394527
vt 0.350849 0.399567
vt 0.284524 0.526722
vt 0.279498 0.526722
vt 0.284524 0.518543
vt 0.279498 0.518543
vt 0.279498 0.514135
vt 0.284524 0.514135
vt 0.284524 0.502202
vt 0.279498 0.502202
vt 0.859675 0.221840
vt 0.859675 0.229063
vt 0.854649 0.228881
vt 0.854649 0.221704
vt 0.854649 0.212099
vt 0.859675 0.210677
vt 0.857356 0.207843
vt 0.849077 0.208026
vt 0.850497 0.213067
vt 0.845891 0.211647
vt 0.845847 0.210239
vt 0.842249 0.210717
vt 0.842494 0.214890
vt 0.810610 0.249542
vt 0.810610 0.245030
vt 0.812049 0.248003
vt 0.812049 0.245030
vt 0.813476 0.245030
vt 0.813476 0.248003
vt 0.819929 0.245030
vt 0.819929 0.248003
vt 0.826360 0.245030
vt 0.826360 0.248003
vt 0.829576 0.245030
vt 0.829576 0.248003
vt 0.832791 0.248003
vt 0.832791 0.245030
vt 0.063297 0.296266
vt 0.063264 0.291519
vt 0.069731 0.296210
vt 0.069689 0.291464
vt 0.073866 0.291505
vt 0.073962 0.296246
vt 0.077403 0.296195
vt 0.077350 0.291461
vt 0.080742 0.291592
vt 0.080803 0.296319
vt 0.086115 0.291602
vt 0.086298 0.296313
vt 0.091367 0.296163
vt 0.091257 0.291464
vt 0.096194 0.291467
vt 0.096268 0.296177
vt 0.099762 0.295923
vt 0.102832 0.291499
vt 0.104181 0.292756
vt 0.100525 0.295812
vt 0.186925 0.397528
vt 0.194476 0.402700
vt 0.187080 0.402942
vt 0.194334 0.397287
vt 0.199279 0.397207
vt 0.199361 0.402615
vt 0.203471 0.397125
vt 0.203601 0.402525
vt 0.207332 0.402321
vt 0.207211 0.396929
vt 0.213594 0.396859
vt 0.213576 0.402237
vt 0.218894 0.396869
vt 0.218958 0.402231
vt 0.224551 0.402171
vt 0.224445 0.396798
vt 0.229667 0.396591
vt 0.232666 0.401919
vt 0.237506 0.394107
vt 0.232535 0.391781
vt 0.237821 0.392476
vt 0.233044 0.389614
vt 0.238136 0.390845
vt 0.233553 0.387446
vt 0.238468 0.389125
vt 0.234090 0.385161
vt 0.236291 0.384143
vt 0.239721 0.388540
vt 0.237599 0.383539
vt 0.240465 0.388192
vt 0.238906 0.382935
vt 0.241209 0.387844
vt 0.242086 0.387311
vt 0.239650 0.382470
vt 0.240395 0.382004
vt 0.242964 0.386778
vt 0.034905 0.211471
vt 0.030548 0.211471
vt 0.034905 0.206875
vt 0.030548 0.206875
vt 0.026757 0.206875
vt 0.026757 0.211471
vt 0.023497 0.211471
vt 0.023497 0.206875
vt 0.019775 0.211471
vt 0.019775 0.206875
vt 0.015817 0.206875
vt 0.015817 0.211471
vt 0.013628 0.211471
vt 0.013628 0.206875
vt 0.572878 0.812200
vt 0.571036 0.810913
vt 0.573594 0.812375
vt 0.570569 0.811399
vt 0.568274 0.810180
vt 0.568545 0.809263
vt 0.567238 0.809844
vt 0.567673 0.808505
vt 0.566453 0.809137
vt 0.566021 0.808544
vt 0.567975 0.807059
vt 0.565721 0.807017
vt 0.565903 0.806025
vt 0.568062 0.806029
vt 0.567767 0.802291
vt 0.569452 0.802577
vt 0.569965 0.798861
vt 0.571248 0.799641
vt 0.571799 0.797083
vt 0.573277 0.797476
vt 0.573543 0.796149
vt 0.572181 0.795613
vt 0.572756 0.792062
vt 0.571368 0.791830
vt 0.572314 0.789849
vt 0.570797 0.789643
vt 0.571795 0.787250
vt 0.570126 0.787074
vt 0.571694 0.786458
vt 0.570100 0.786265
vt 0.571581 0.785578
vt 0.570071 0.785368
vt 0.570035 0.784254
vt 0.571440 0.784486
vt 0.712997 0.114003
vt 0.704915 0.108525
vt 0.713143 0.108400
vt 0.705032 0.114111
vt 0.702904 0.114145
vt 0.702641 0.108564
vt 0.681093 0.109424
vt 0.681229 0.115010
vt 0.678513 0.114971
vt 0.678329 0.109385
vt 0.675994 0.109633
vt 0.676060 0.115225
vt 0.661227 0.109249
vt 0.661090 0.114836
vt 0.659605 0.109385
vt 0.658682 0.114961
vt 0.657197 0.114504
vt 0.658609 0.109430
vt 0.651736 0.110800
vt 0.655161 0.106346
vt 0.646006 0.105269
vt 0.648096 0.099625
vt 0.642062 0.099386
vt 0.640284 0.105019
vt 0.632481 0.099006
vt 0.631199 0.104622
vt 0.625717 0.098738
vt 0.624785 0.104341
vt 0.616916 0.098390
vt 0.616439 0.103976
vt 0.612669 0.103812
vt 0.612941 0.098232
vt 0.526687 0.581666
vt 0.526873 0.587369
vt 0.519791 0.588655
vt 0.522070 0.595805
vt 0.514447 0.595792
vt 0.512571 0.588625
vt 0.502344 0.595773
vt 0.501108 0.588578
vt 0.493799 0.595759
vt 0.493015 0.588545
vt 0.482681 0.595741
vt 0.482485 0.588502
vt 0.477729 0.588482
vt 0.477660 0.595732
vt 0.468234 0.364304
vt 0.463051 0.361448
vt 0.468234 0.361448
vt 0.463051 0.364304
vt 0.463051 0.373959
vt 0.468234 0.373959
vt 0.468234 0.376520
vt 0.463051 0.376520
vt 0.715658 0.805545
vt 0.721461 0.802524
vt 0.721461 0.805545
vt 0.715658 0.802524
vt 0.715658 0.797308
vt 0.721461 0.797308
vt 0.721461 0.793370
vt 0.715658 0.793370
vt 0.723930 0.826084
vt 0.723941 0.809907
vt 0.728898 0.826048
vt 0.728909 0.809842
vt 0.728695 0.803769
vt 0.723725 0.803765
vt 0.723941 0.794865
vt 0.728908 0.795022
vt 0.449154 0.380340
vt 0.454296 0.377365
vt 0.454296 0.380340
vt 0.449154 0.377365
vt 0.449154 0.361522
vt 0.454296 0.361522
vt 0.082951 0.220203
vt 0.086190 0.226127
vt 0.082951 0.226127
vt 0.086190 0.220203
vt 0.092090 0.220203
vt 0.092090 0.226127
vt 0.118954 0.226127
vt 0.118954 0.220203
vt 0.120941 0.220203
vt 0.120941 0.226127
vt 0.383769 0.595883
vt 0.388820 0.596199
vt 0.383944 0.620660
vt 0.389000 0.620571
vt 0.388832 0.622129
vt 0.383768 0.622095
vt 0.568872 0.652872
vt 0.565330 0.644668
vt 0.570204 0.645474
vt 0.563899 0.653073
vt 0.565295 0.657860
vt 0.570281 0.657602
vt 0.568793 0.669700
vt 0.563905 0.669065
vt 0.001435 0.727055
vt 0.001288 0.714124
vt 0.003633 0.727032
vt 0.004161 0.726650
vt 0.003507 0.700698
vt 0.000834 0.713933
vt 0.009374 0.720593
vt 0.003182 0.700009
vt 0.009076 0.697479
vt 0.008656 0.696843
vt 0.010222 0.720069
vt 0.009414 0.696512
vt 0.009869 0.697243
vt 0.011086 0.719931
vt 0.010182 0.696351
vt 0.010712 0.697098
vt 0.011243 0.696349
vt 0.011696 0.697075
vt 0.011953 0.719934
vt 0.017098 0.696072
vt 0.017098 0.696867
vt 0.017098 0.719971
vt 0.017758 0.696867
vt 0.017758 0.696072
vt 0.017758 0.719971
vt 0.018416 0.696867
vt 0.018416 0.696072
vt 0.018416 0.719971
vt 0.028860 0.696072
vt 0.028860 0.696867
vt 0.028860 0.719971
vt 0.039303 0.719971
vt 0.039303 0.696867
vt 0.039303 0.696072
vt 0.039962 0.696072
vt 0.039962 0.696867
vt 0.039962 0.719971
vt 0.040621 0.696072
vt 0.040621 0.696867
vt 0.040621 0.719971
vt 0.045765 0.719935
vt 0.046024 0.697076
vt 0.046477 0.696350
vt 0.046632 0.719933
vt 0.047008 0.697099
vt 0.047538 0.696352
vt 0.047851 0.697244
vt 0.047497 0.720071
vt 0.048306 0.696512
vt 0.048645 0.697479
vt 0.049064 0.696844
vt 0.048344 0.720594
vt 0.054538 0.700010
vt 0.054213 0.700700
vt 0.056885 0.713935
vt 0.053557 0.726651
vt 0.056431 0.714126
vt 0.054085 0.727034
vt 0.056283 0.727057
vt 0.029289 0.962497
vt 0.028492 0.962849
vt 0.028214 0.961473
vt 0.027307 0.961666
vt 0.027363 0.960411
vt 0.021244 0.962849
vt 0.026518 0.960581
vt 0.026834 0.959486
vt 0.021295 0.961666
vt 0.025956 0.959510
vt 0.026564 0.958396
vt 0.021295 0.960581
vt 0.020818 0.961666
vt 0.025677 0.958396
vt 0.026559 0.956952
vt 0.020269 0.961666
vt 0.020269 0.962849
vt 0.020818 0.960581
vt 0.020269 0.960581
vt 0.019854 0.961666
vt 0.019854 0.962849
vt 0.013928 0.962850
vt 0.021295 0.959510
vt 0.013928 0.961666
vt 0.013270 0.962850
vt 0.019854 0.960581
vt 0.020269 0.959510
vt 0.020818 0.959510
vt 0.013270 0.961666
vt 0.012610 0.962850
vt 0.013928 0.960581
vt 0.019854 0.959510
vt 0.012610 0.961666
vt 0.011969 0.962850
vt 0.013270 0.960581
vt 0.013928 0.959510
vt 0.011969 0.961666
vt 0.003490 0.962850
vt 0.003490 0.961666
vt 0.012610 0.960581
vt 0.011969 0.960581
vt 0.003490 0.960581
vt 0.013270 0.959510
vt 0.012610 0.959510
vt 0.011969 0.959510
vt 0.003490 0.959510
vt 0.013270 0.958396
vt 0.011969 0.958396
vt 0.003490 0.958396
vt 0.012610 0.958396
vt 0.011969 0.956952
vt 0.003490 0.956952
vt 0.012610 0.956952
vt 0.013270 0.956952
vt 0.013928 0.958396
vt 0.013928 0.956952
vt 0.019854 0.958396
vt 0.013153 0.946541
vt 0.012540 0.946146
vt 0.012033 0.945715
vt 0.014140 0.944278
vt 0.014786 0.944563
vt 0.013677 0.943837
vt 0.013901 0.946703
vt 0.015556 0.944656
vt 0.006397 0.940544
vt 0.003490 0.940548
vt 0.003490 0.902377
vt 0.008751 0.938870
vt 0.006397 0.902377
vt 0.008264 0.902377
vt 0.019854 0.956952
vt 0.019854 0.946703
vt 0.020609 0.944656
vt 0.020269 0.956952
vt 0.020702 0.946703
vt 0.021133 0.944656
vt 0.020269 0.958396
vt 0.021300 0.946703
vt 0.021650 0.944656
vt 0.020818 0.956952
vt 0.021852 0.946703
vt 0.022121 0.944656
vt 0.020818 0.958396
vt 0.021295 0.956952
vt 0.021295 0.958396
vt 0.025639 0.956952
vt 0.025639 0.946703
vt 0.025639 0.944656
vt 0.026559 0.946703
vt 0.026559 0.944656
vt 0.067244 0.963462
vt 0.066447 0.963109
vt 0.067522 0.962086
vt 0.068429 0.962279
vt 0.068373 0.961024
vt 0.074441 0.963462
vt 0.069219 0.961194
vt 0.068902 0.960099
vt 0.074441 0.962279
vt 0.069780 0.960122
vt 0.069172 0.959008
vt 0.074441 0.961194
vt 0.074918 0.962279
vt 0.075198 0.963462
vt 0.074918 0.961194
vt 0.070059 0.959009
vt 0.069177 0.957564
vt 0.074441 0.960122
vt 0.074918 0.960122
vt 0.075467 0.961194
vt 0.075467 0.962279
vt 0.075882 0.962279
vt 0.075882 0.963462
vt 0.081809 0.963462
vt 0.075467 0.960122
vt 0.075882 0.961194
vt 0.081809 0.962278
vt 0.082466 0.963462
vt 0.075882 0.960122
vt 0.082466 0.962278
vt 0.083127 0.963462
vt 0.081809 0.961194
vt 0.083127 0.962278
vt 0.083767 0.963462
vt 0.082466 0.961194
vt 0.081809 0.960122
vt 0.083767 0.962278
vt 0.092246 0.963462
vt 0.092246 0.962278
vt 0.083127 0.961194
vt 0.083767 0.961194
vt 0.092246 0.961194
vt 0.082466 0.960122
vt 0.083127 0.960122
vt 0.083767 0.960122
vt 0.092246 0.960122
vt 0.082466 0.959008
vt 0.083767 0.959008
vt 0.092246 0.959008
vt 0.083127 0.959008
vt 0.083767 0.957564
vt 0.092246 0.957564
vt 0.083127 0.957564
vt 0.082466 0.957564
vt 0.081809 0.959008
vt 0.081809 0.957564
vt 0.075882 0.959009
vt 0.082583 0.947153
vt 0.083197 0.946759
vt 0.083703 0.946328
vt 0.081596 0.944891
vt 0.080950 0.945175
vt 0.082059 0.944449
vt 0.081835 0.947315
vt 0.080180 0.945269
vt 0.089339 0.941156
vt 0.092246 0.941160
vt 0.092246 0.902989
vt 0.086985 0.939482
vt 0.089339 0.902989
vt 0.087472 0.902989
vt 0.075882 0.957564
vt 0.075882 0.947315
vt 0.075127 0.945269
vt 0.075467 0.957564
vt 0.075034 0.947315
vt 0.074603 0.945269
vt 0.075467 0.959009
vt 0.074436 0.947315
vt 0.074086 0.945269
vt 0.074918 0.957564
vt 0.073884 0.947315
vt 0.073615 0.945269
vt 0.074918 0.959009
vt 0.074441 0.957564
vt 0.074441 0.959009
vt 0.070097 0.957564
vt 0.070097 0.947315
vt 0.070097 0.945269
vt 0.069177 0.947315
vt 0.069177 0.945269
vt 0.637370 0.265715
vt 0.637370 0.264026
vt 0.639711 0.265289
vt 0.639205 0.263735
vt 0.642830 0.263699
vt 0.637369 0.261290
vt 0.641869 0.262377
vt 0.645305 0.261223
vt 0.638359 0.261133
vt 0.637368 0.258145
vt 0.638412 0.257620
vt 0.643982 0.260263
vt 0.640260 0.260164
vt 0.639224 0.256807
vt 0.646893 0.258103
vt 0.641769 0.258655
vt 0.639746 0.255783
vt 0.645339 0.257599
vt 0.647441 0.254646
vt 0.642737 0.256754
vt 0.639926 0.254647
vt 0.645806 0.254647
vt 0.643070 0.254647
vt 0.639746 0.253512
vt 0.645338 0.251694
vt 0.642736 0.252540
vt 0.639223 0.252487
vt 0.646892 0.251189
vt 0.641767 0.250639
vt 0.638411 0.251675
vt 0.643980 0.249030
vt 0.645302 0.248070
vt 0.640258 0.249131
vt 0.641866 0.246917
vt 0.642826 0.245595
vt 0.638357 0.248162
vt 0.637367 0.251150
vt 0.637367 0.248006
vt 0.637366 0.245270
vt 0.639202 0.245560
vt 0.639707 0.244006
vt 0.637366 0.243581
vt 0.633347 0.243708
vt 0.633347 0.245396
vt 0.631006 0.244133
vt 0.631511 0.245687
vt 0.627887 0.245723
vt 0.633348 0.248132
vt 0.628848 0.247045
vt 0.625412 0.248199
vt 0.632357 0.248289
vt 0.633348 0.251277
vt 0.632304 0.251802
vt 0.626734 0.249160
vt 0.630456 0.249259
vt 0.631492 0.252614
vt 0.623823 0.251319
vt 0.628948 0.250767
vt 0.630971 0.253639
vt 0.625377 0.251824
vt 0.623276 0.254777
vt 0.627980 0.252669
vt 0.630791 0.254775
vt 0.624910 0.254776
vt 0.627646 0.254776
vt 0.630971 0.255911
vt 0.625378 0.257728
vt 0.627980 0.256883
vt 0.631493 0.256935
vt 0.623824 0.258234
vt 0.628949 0.258784
vt 0.632306 0.257747
vt 0.626736 0.260392
vt 0.625414 0.261353
vt 0.630458 0.260292
vt 0.628850 0.262506
vt 0.627890 0.263828
vt 0.632359 0.261260
vt 0.633350 0.258273
vt 0.633350 0.261417
vt 0.633350 0.264153
vt 0.631515 0.263862
vt 0.631010 0.265417
vt 0.633350 0.265841
vt 0.070768 0.747368
vt 0.067253 0.748981
vt 0.075888 0.765452
vt 0.080433 0.765872
vt 0.075245 0.767502
vt 0.124656 0.746509
vt 0.081001 0.768210
vt 0.138514 0.766842
vt 0.128040 0.744029
vt 0.139367 0.769159
vt 0.141956 0.764273
vt 0.143930 0.765373
vt 0.148793 0.736486
vt 0.240295 0.735067
vt 0.152788 0.723516
vt 0.218656 0.706645
vt 0.153836 0.720115
vt 0.246416 0.715196
vt 0.218850 0.701782
vt 0.247801 0.710700
vt 0.067253 0.748981
vt 0.070768 0.747368
vt 0.080433 0.765872
vt 0.124656 0.746509
vt 0.081001 0.768210
vt 0.138514 0.766842
vt 0.139367 0.769159
vt 0.141956 0.764273
vt 0.152788 0.723516
vt 0.240295 0.735067
vt 0.218656 0.706645
vt 0.153836 0.720115
vt 0.246416 0.715196
vt 0.218850 0.701782
vt 0.247801 0.710700
vt 0.639711 0.265289
vt 0.639205 0.263735
vt 0.637369 0.261290
vt 0.638412 0.257620
vt 0.643982 0.260263
vt 0.640260 0.260164
vt 0.639224 0.256807
vt 0.642737 0.256754
vt 0.646892 0.251189
vt 0.643980 0.249030
vt 0.640258 0.249131
vt 0.641866 0.246917
vt 0.637367 0.248006
vt 0.633347 0.245396
vt 0.631511 0.245687
vt 0.627887 0.245723
vt 0.625412 0.248199
vt 0.632357 0.248289
vt 0.633348 0.251277
vt 0.626734 0.249160
vt 0.631492 0.252614
vt 0.623823 0.251319
vt 0.628948 0.250767
vt 0.627980 0.252669
vt 0.624910 0.254776
vt 0.630971 0.255911
vt 0.627980 0.256883
vt 0.631493 0.256935
vt 0.623824 0.258234
vt 0.626736 0.260392
vt 0.632360 0.261260
vt 0.633350 0.258273
vt 0.633350 0.261417
vt 0.631515 0.263862
vt 0.206973 0.868863
vt 0.207843 0.868863
vt 0.206973 0.870251
vt 0.207843 0.870251
vt 0.206973 0.870486
vt 0.208740 0.868863
vt 0.207843 0.870486
vt 0.208740 0.870251
vt 0.208740 0.870486
vt 0.209643 0.870486
vt 0.209643 0.870251
vt 0.209643 0.868010
vt 0.210478 0.870486
vt 0.210478 0.870251
vt 0.210561 0.855187
vt 0.209644 0.855187
vt 0.210034 0.854865
vt 0.210561 0.854865
vt 0.211389 0.870251
vt 0.211389 0.870486
vt 0.211456 0.855187
vt 0.211456 0.854865
vt 0.212355 0.854865
vt 0.212297 0.870251
vt 0.212297 0.870486
vt 0.212355 0.855187
vt 0.213258 0.854865
vt 0.213208 0.870486
vt 0.213258 0.855187
vt 0.214161 0.854865
vt 0.213208 0.870251
vt 0.214118 0.870251
vt 0.214118 0.870486
vt 0.214161 0.855187
vt 0.215064 0.854865
vt 0.215029 0.870251
vt 0.215029 0.870486
vt 0.215064 0.855187
vt 0.215939 0.870251
vt 0.215939 0.870486
vt 0.215968 0.855187
vt 0.215968 0.854865
vt 0.216867 0.854865
vt 0.216848 0.870251
vt 0.216848 0.870486
vt 0.216867 0.855187
vt 0.217764 0.854865
vt 0.217758 0.870486
vt 0.217764 0.855187
vt 0.218396 0.854865
vt 0.218611 0.855187
vt 0.218687 0.868010
vt 0.217758 0.870251
vt 0.218687 0.870251
vt 0.218687 0.870486
vt 0.219555 0.868863
vt 0.219555 0.870251
vt 0.219555 0.870486
vt 0.220435 0.870486
vt 0.220435 0.870251
vt 0.220435 0.868863
vt 0.221287 0.868863
vt 0.221287 0.870251
vt 0.221287 0.870486
vt 0.130768 0.903225
vt 0.096452 0.903225
vt 0.130718 0.907571
vt 0.096225 0.907601
vt 0.095681 0.903158
vt 0.095465 0.907465
vt 0.130646 0.926726
vt 0.096089 0.926335
vt 0.097090 0.926726
vt 0.130666 0.928285
vt 0.096134 0.927912
vt 0.097186 0.928285
vt 0.096273 0.929121
vt 0.097422 0.929388
vt 0.130871 0.929388
vt 0.096644 0.930476
vt 0.097923 0.930508
vt 0.131571 0.930508
vt 0.101434 0.938283
vt 0.102515 0.937846
vt 0.121473 0.942099
vt 0.121782 0.941722
vt 0.140359 0.937743
vt 0.140916 0.938473
vt 0.140909 0.941624
vt 0.095465 0.907465
vt 0.096225 0.907601
vt 0.130768 0.903225
vt 0.130718 0.907571
vt 0.096089 0.926336
vt 0.097090 0.926726
vt 0.096134 0.927912
vt 0.097186 0.928284
vt 0.130666 0.928284
vt 0.096273 0.929121
vt 0.097422 0.929388
vt 0.130871 0.929388
vt 0.096644 0.930475
vt 0.097923 0.930508
vt 0.131571 0.930508
vt 0.101434 0.938283
vt 0.121473 0.942099
vt 0.121782 0.941722
vt 0.140916 0.938473
vt 0.311846 0.748450
vt 0.311846 0.741922
vt 0.312298 0.740672
vt 0.313529 0.739758
vt 0.315210 0.739423
vt 0.393178 0.739423
vt 0.311977 0.749645
vt 0.312366 0.750813
vt 0.313034 0.751966
vt 0.319782 0.761495
vt 0.320775 0.762504
vt 0.322040 0.763159
vt 0.323442 0.763384
vt 0.393178 0.763384
vt 0.393178 0.739423
vt 0.393178 0.763384
vt 0.165002 0.839313
vt 0.162399 0.837033
vt 0.164480 0.838124
vt 0.161402 0.837211
vt 0.159200 0.843574
vt 0.144183 0.851088
vt 0.160911 0.844644
vt 0.136171 0.849961
vt 0.160937 0.860679
vt 0.143873 0.853896
vt 0.164981 0.866398
vt 0.135290 0.851138
vt 0.159068 0.861823
vt 0.135287 0.854419
vt 0.164456 0.867348
vt 0.136032 0.855424
vt 0.162622 0.868387
vt 0.161571 0.868290
vt 0.919647 0.294787
vt 0.917567 0.295878
vt 0.920169 0.293598
vt 0.916569 0.295700
vt 0.914367 0.289337
vt 0.899351 0.281823
vt 0.916078 0.288267
vt 0.891338 0.282950
vt 0.916105 0.272231
vt 0.899041 0.279015
vt 0.920148 0.266513
vt 0.890457 0.281773
vt 0.914235 0.271087
vt 0.890454 0.278491
vt 0.919623 0.265563
vt 0.891199 0.277487
vt 0.917789 0.264524
vt 0.916739 0.264621
vt 0.233976 0.872278
vt 0.232892 0.873221
vt 0.232276 0.870368
vt 0.233460 0.870606
vt 0.235093 0.871632
vt 0.236284 0.871404
vt 0.233123 0.869954
vt 0.232018 0.869455
vt 0.237891 0.870616
vt 0.237522 0.871603
vt 0.238673 0.872057
vt 0.238640 0.870150
vt 0.239999 0.872653
vt 0.237674 0.869946
vt 0.238340 0.869229
vt 0.229325 0.860393
vt 0.234631 0.860277
vt 0.235510 0.859515
vt 0.228243 0.859878
vt 0.234143 0.859143
vt 0.234982 0.858606
vt 0.234296 0.857989
vt 0.228703 0.859155
vt 0.227476 0.859133
vt 0.233492 0.858376
vt 0.233340 0.857156
vt 0.227898 0.858313
vt 0.226689 0.858495
vt 0.232669 0.857603
vt 0.221523 0.845175
vt 0.226938 0.857487
vt 0.225868 0.857829
vt 0.220445 0.845318
vt 0.221359 0.841410
vt 0.220305 0.841481
vt 0.221059 0.852730
vt 0.220665 0.853560
vt 0.205758 0.841510
vt 0.219979 0.853164
vt 0.220289 0.852306
vt 0.219438 0.852138
vt 0.219203 0.853025
vt 0.205757 0.852133
vt 0.205758 0.853022
vt 0.192312 0.853024
vt 0.191061 0.845316
vt 0.192076 0.852136
vt 0.191537 0.853163
vt 0.191224 0.841451
vt 0.191226 0.852304
vt 0.190162 0.841374
vt 0.189985 0.845174
vt 0.190456 0.852730
vt 0.190851 0.853559
vt 0.185654 0.857835
vt 0.178853 0.857618
vt 0.178181 0.857173
vt 0.184583 0.857495
vt 0.184834 0.858502
vt 0.178031 0.858392
vt 0.183624 0.858322
vt 0.184048 0.859141
vt 0.177226 0.858006
vt 0.182821 0.859165
vt 0.183282 0.859888
vt 0.177381 0.859160
vt 0.176541 0.858624
vt 0.176015 0.859534
vt 0.182200 0.860404
vt 0.179519 0.869469
vt 0.176894 0.860295
vt 0.173197 0.869252
vt 0.178415 0.869970
vt 0.179263 0.870382
vt 0.173864 0.869967
vt 0.172898 0.870174
vt 0.178650 0.873237
vt 0.177565 0.872295
vt 0.172868 0.872080
vt 0.171543 0.872678
vt 0.178079 0.870623
vt 0.176447 0.871651
vt 0.175255 0.871424
vt 0.173648 0.870638
vt 0.174019 0.871624
vt 0.189946 0.869388
vt 0.190815 0.869388
vt 0.189946 0.870753
vt 0.190815 0.870753
vt 0.191710 0.869388
vt 0.189946 0.870991
vt 0.190815 0.870991
vt 0.191710 0.870753
vt 0.191710 0.870991
vt 0.192609 0.870991
vt 0.192609 0.870753
vt 0.192609 0.868533
vt 0.193466 0.870991
vt 0.193466 0.870753
vt 0.193545 0.855680
vt 0.192702 0.855680
vt 0.192903 0.855378
vt 0.193545 0.855378
vt 0.194379 0.870753
vt 0.194379 0.870991
vt 0.195289 0.870991
vt 0.194445 0.855680
vt 0.194445 0.855378
vt 0.195289 0.870753
vt 0.196202 0.870991
vt 0.195346 0.855680
vt 0.195346 0.855378
vt 0.196202 0.870753
vt 0.197115 0.870991
vt 0.196253 0.855378
vt 0.197115 0.870753
vt 0.196253 0.855680
vt 0.198028 0.870991
vt 0.197159 0.855680
vt 0.197159 0.855378
vt 0.198028 0.870753
vt 0.198064 0.855680
vt 0.198064 0.855378
vt 0.198942 0.870753
vt 0.198942 0.870991
vt 0.199853 0.870991
vt 0.198970 0.855680
vt 0.198970 0.855378
vt 0.199853 0.870753
vt 0.200768 0.870991
vt 0.199872 0.855680
vt 0.199872 0.855378
vt 0.200770 0.855378
vt 0.200768 0.870753
vt 0.200770 0.855680
vt 0.201322 0.855378
vt 0.201684 0.855680
vt 0.201682 0.868533
vt 0.201682 0.870753
vt 0.201682 0.870991
vt 0.202558 0.869388
vt 0.202558 0.870753
vt 0.202558 0.870991
vt 0.203446 0.869388
vt 0.203446 0.870991
vt 0.203446 0.870753
vt 0.204305 0.869388
vt 0.204305 0.870991
vt 0.204305 0.870753
vt 0.006825 0.768500
vt 0.057961 0.757013
vt 0.057961 0.768836
vt 0.005556 0.768240
vt 0.004480 0.767516
vt 0.003762 0.766436
vt 0.003509 0.765167
vt 0.003509 0.756667
vt 0.003509 0.749178
vt 0.057961 0.749533
vt 0.057961 0.768836
vt 0.057961 0.757013
vt 0.005557 0.768240
vt 0.004480 0.767516
vt 0.003509 0.765167
vt 0.003509 0.756667
vt 0.003509 0.749178
vt 0.057961 0.749533
vt 0.205983 0.881936
vt 0.206429 0.883017
vt 0.206198 0.884693
vt 0.205346 0.886140
vt 0.204002 0.887161
vt 0.202372 0.887583
vt 0.200703 0.887354
vt 0.199249 0.886496
vt 0.198233 0.885159
vt 0.197808 0.883518
vt 0.198060 0.881936
vt 0.183137 0.884382
vt 0.182907 0.882707
vt 0.183353 0.881625
vt 0.183990 0.885830
vt 0.185334 0.886851
vt 0.186964 0.887273
vt 0.188633 0.887044
vt 0.190086 0.886186
vt 0.191102 0.884848
vt 0.191527 0.883208
vt 0.191275 0.881625
vt 0.036703 0.947135
vt 0.036162 0.945308
vt 0.064369 0.945776
vt 0.064343 0.947594
vt 0.032335 0.948428
vt 0.064109 0.961636
vt 0.033651 0.949710
vt 0.030140 0.954750
vt 0.031919 0.954995
vt 0.034110 0.962543
vt 0.035177 0.961058
vt 0.064052 0.963225
vt 0.036703 0.947135
vt 0.064343 0.947594
vt 0.064369 0.945776
vt 0.036162 0.945308
vt 0.032335 0.948428
vt 0.064109 0.961636
vt 0.033651 0.949710
vt 0.030140 0.954750
vt 0.031919 0.954995
vt 0.034110 0.962543
vt 0.035177 0.961058
vt 0.064052 0.963225
vt 0.232467 0.892220
vt 0.238970 0.888692
vt 0.295998 0.892220
vt 0.230584 0.888506
vt 0.289496 0.888692
vt 0.237086 0.884977
vt 0.297882 0.888506
vt 0.262100 0.841200
vt 0.291379 0.884977
vt 0.262106 0.847400
vt 0.266365 0.841200
vt 0.266360 0.847400
vt 0.266301 0.852429
vt 0.266306 0.847807
vt 0.285747 0.881821
vt 0.262213 0.852425
vt 0.290695 0.884644
vt 0.262160 0.847807
vt 0.283911 0.885462
vt 0.242686 0.881819
vt 0.288859 0.888286
vt 0.237771 0.884644
vt 0.239607 0.888286
vt 0.244519 0.885462
vt 0.163292 0.836783
vt 0.164191 0.835075
vt 0.164750 0.837653
vt 0.162866 0.836589
vt 0.165941 0.836171
vt 0.163358 0.834765
vt 0.165110 0.837942
vt 0.162652 0.834743
vt 0.166461 0.836630
vt 0.162344 0.836557
vt 0.166859 0.837207
vt 0.161663 0.834970
vt 0.165314 0.838239
vt 0.161695 0.836807
vt 0.167123 0.838225
vt 0.134526 0.848655
vt 0.165388 0.838963
vt 0.135847 0.849864
vt 0.167119 0.867451
vt 0.135094 0.850318
vt 0.165377 0.866705
vt 0.133472 0.849466
vt 0.165310 0.867209
vt 0.134949 0.850604
vt 0.166895 0.868202
vt 0.133112 0.850196
vt 0.165176 0.867443
vt 0.133001 0.851083
vt 0.166593 0.868687
vt 0.134892 0.851221
vt 0.166065 0.869176
vt 0.134891 0.854382
vt 0.164829 0.867729
vt 0.133020 0.854559
vt 0.164049 0.870441
vt 0.134948 0.854851
vt 0.163155 0.868728
vt 0.133125 0.855282
vt 0.163364 0.870680
vt 0.133470 0.855996
vt 0.162730 0.868899
vt 0.135074 0.855122
vt 0.162784 0.870723
vt 0.134365 0.856724
vt 0.162455 0.868915
vt 0.135682 0.855504
vt 0.161872 0.870545
vt 0.161869 0.868695
vt 0.159442 0.846014
vt 0.160469 0.845154
vt 0.160629 0.845385
vt 0.160214 0.844936
vt 0.159536 0.846157
vt 0.159301 0.845899
vt 0.160629 0.859982
vt 0.159169 0.844286
vt 0.159521 0.859229
vt 0.158544 0.845456
vt 0.159461 0.859338
vt 0.158853 0.844161
vt 0.160468 0.860218
vt 0.158368 0.845386
vt 0.160211 0.860439
vt 0.158568 0.844127
vt 0.159316 0.859464
vt 0.158239 0.845384
vt 0.159158 0.861099
vt 0.145115 0.850911
vt 0.158524 0.859927
vt 0.146170 0.851485
vt 0.158838 0.861224
vt 0.145898 0.851706
vt 0.158345 0.859996
vt 0.144773 0.851336
vt 0.158553 0.861260
vt 0.144695 0.851716
vt 0.158217 0.859996
vt 0.145864 0.851910
vt 0.144874 0.854277
vt 0.144655 0.853484
vt 0.145970 0.853729
vt 0.145869 0.853293
vt 0.145897 0.853561
vt 0.144743 0.854016
vt 0.919359 0.297836
vt 0.918459 0.296128
vt 0.919917 0.295258
vt 0.918034 0.296322
vt 0.921108 0.296739
vt 0.918526 0.298145
vt 0.920278 0.294969
vt 0.917819 0.298168
vt 0.921628 0.296281
vt 0.917512 0.296354
vt 0.922026 0.295704
vt 0.916831 0.297941
vt 0.920482 0.294672
vt 0.916863 0.296104
vt 0.922290 0.294686
vt 0.889694 0.284256
vt 0.920556 0.293948
vt 0.891014 0.283046
vt 0.922287 0.265460
vt 0.890261 0.282592
vt 0.920545 0.266205
vt 0.888639 0.283445
vt 0.920477 0.265702
vt 0.890117 0.282307
vt 0.922062 0.264709
vt 0.888279 0.282715
vt 0.920343 0.265468
vt 0.888168 0.281828
vt 0.921760 0.264224
vt 0.890059 0.281690
vt 0.921233 0.263735
vt 0.890058 0.278529
vt 0.919996 0.265182
vt 0.888188 0.278352
vt 0.919216 0.262469
vt 0.890116 0.278060
vt 0.918322 0.264183
vt 0.888292 0.277629
vt 0.918532 0.262230
vt 0.888638 0.276915
vt 0.917898 0.264012
vt 0.890242 0.277789
vt 0.917951 0.262188
vt 0.889533 0.276187
vt 0.917622 0.263996
vt 0.890849 0.277406
vt 0.917039 0.262365
vt 0.917036 0.264216
vt 0.915574 0.287697
vt 0.914556 0.286843
vt 0.915733 0.287468
vt 0.915321 0.287913
vt 0.914649 0.286703
vt 0.914123 0.287129
vt 0.915733 0.272986
vt 0.914285 0.288559
vt 0.914634 0.273733
vt 0.913972 0.288682
vt 0.914575 0.273625
vt 0.913490 0.287467
vt 0.915573 0.272753
vt 0.913688 0.288716
vt 0.915318 0.272533
vt 0.913362 0.287469
vt 0.914430 0.273500
vt 0.900342 0.281986
vt 0.914274 0.271879
vt 0.901389 0.281416
vt 0.913645 0.273041
vt 0.901119 0.281197
vt 0.913957 0.271755
vt 0.900002 0.281564
vt 0.913468 0.272972
vt 0.899926 0.281187
vt 0.913674 0.271719
vt 0.901086 0.280995
vt 0.913340 0.272972
vt 0.899885 0.279433
vt 0.900103 0.278646
vt 0.901090 0.279623
vt 0.901190 0.279190
vt 0.901118 0.279357
vt 0.899973 0.278906
vt 0.119383 0.890894
vt 0.118949 0.890616
vt 0.119774 0.888926
vt 0.119906 0.890803
vt 0.119417 0.888729
vt 0.117829 0.889283
vt 0.120271 0.888839
vt 0.121632 0.890141
vt 0.119070 0.888288
vt 0.116338 0.886797
vt 0.121903 0.888291
vt 0.117800 0.886168
vt 0.117576 0.885653
vt 0.115686 0.885175
vt 0.117572 0.885246
vt 0.115648 0.884664
vt 0.115976 0.884245
vt 0.117878 0.884851
vt 0.117373 0.883035
vt 0.119135 0.883671
vt 0.118662 0.880412
vt 0.117053 0.880497
vt 0.123685 0.883144
vt 0.118616 0.877864
vt 0.117009 0.877830
vt 0.117246 0.875283
vt 0.123089 0.881588
vt 0.122748 0.878271
vt 0.124225 0.882882
vt 0.122774 0.879942
vt 0.123666 0.881418
vt 0.123370 0.879880
vt 0.123343 0.878314
vt 0.123591 0.876767
vt 0.124545 0.884577
vt 0.125030 0.884226
vt 0.123012 0.876617
vt 0.124105 0.875287
vt 0.125636 0.885837
vt 0.126055 0.885411
vt 0.123558 0.875042
vt 0.126935 0.886893
vt 0.124866 0.873918
vt 0.127271 0.886399
vt 0.124552 0.890245
vt 0.123719 0.891619
vt 0.126052 0.892915
vt 0.128396 0.887706
vt 0.128640 0.887159
vt 0.130120 0.887672
vt 0.126783 0.891479
vt 0.128410 0.893907
vt 0.129979 0.888256
vt 0.131667 0.887920
vt 0.129841 0.892699
vt 0.131625 0.888519
vt 0.133295 0.888490
vt 0.133234 0.887895
vt 0.130235 0.894378
vt 0.128760 0.895722
vt 0.134931 0.888176
vt 0.134771 0.887600
vt 0.136184 0.887070
vt 0.130424 0.894840
vt 0.128958 0.896215
vt 0.129420 0.896437
vt 0.130779 0.895040
vt 0.131150 0.896684
vt 0.131337 0.895104
vt 0.133807 0.895064
vt 0.134049 0.896636
vt 0.135224 0.892613
vt 0.134362 0.894984
vt 0.135763 0.896333
vt 0.134885 0.894299
vt 0.134711 0.894773
vt 0.136221 0.896096
vt 0.136404 0.895597
vt 0.136689 0.893774
vt 0.138165 0.891343
vt 0.138932 0.892754
vt 0.136444 0.887610
vt 0.137633 0.886204
vt 0.140514 0.889931
vt 0.141397 0.891279
vt 0.137987 0.886686
vt 0.143348 0.889785
vt 0.139197 0.885621
vt 0.138765 0.885208
vt 0.139751 0.883993
vt 0.143015 0.887940
vt 0.140247 0.884328
vt 0.141059 0.882868
vt 0.140513 0.882624
vt 0.144662 0.888436
vt 0.145092 0.890393
vt 0.141604 0.881293
vt 0.141026 0.881144
vt 0.145159 0.888506
vt 0.145615 0.890461
vt 0.146040 0.890174
vt 0.145509 0.888299
vt 0.147118 0.888801
vt 0.145845 0.887846
vt 0.148526 0.886265
vt 0.145628 0.883236
vt 0.147048 0.885685
vt 0.147251 0.885168
vt 0.149122 0.884628
vt 0.146921 0.884373
vt 0.147243 0.884760
vt 0.149144 0.884115
vt 0.148803 0.883707
vt 0.147367 0.882543
vt 0.145994 0.879964
vt 0.147605 0.879995
vt 0.141869 0.879640
vt 0.141273 0.879597
vt 0.145952 0.877415
vt 0.147562 0.877329
vt 0.141841 0.877969
vt 0.141249 0.878031
vt 0.147240 0.874790
vt 0.140951 0.876493
vt 0.141525 0.876326
vt 0.140393 0.875029
vt 0.145478 0.874156
vt 0.140932 0.874767
vt 0.139589 0.873684
vt 0.146733 0.872974
vt 0.148635 0.873580
vt 0.140075 0.873333
vt 0.147040 0.872579
vt 0.148964 0.873161
vt 0.148926 0.872650
vt 0.147037 0.872173
vt 0.148275 0.871029
vt 0.146812 0.871656
vt 0.145543 0.869534
vt 0.146784 0.868542
vt 0.142713 0.869537
vt 0.145196 0.869099
vt 0.145663 0.867208
vt 0.138981 0.872073
vt 0.138563 0.872500
vt 0.144838 0.868902
vt 0.145231 0.866931
vt 0.144706 0.867022
vt 0.144342 0.868985
vt 0.142981 0.867682
vt 0.137682 0.871017
vt 0.137347 0.871512
vt 0.140061 0.867581
vt 0.140893 0.866207
vt 0.138562 0.864910
vt 0.136222 0.870204
vt 0.135978 0.870750
vt 0.134497 0.870238
vt 0.137829 0.866344
vt 0.136203 0.863918
vt 0.134639 0.869654
vt 0.132950 0.869991
vt 0.134773 0.865124
vt 0.132993 0.869390
vt 0.131322 0.869419
vt 0.131384 0.870016
vt 0.134381 0.863446
vt 0.135855 0.862102
vt 0.129685 0.869734
vt 0.129845 0.870311
vt 0.134190 0.862984
vt 0.135657 0.861611
vt 0.135193 0.861388
vt 0.133835 0.862784
vt 0.133463 0.861142
vt 0.133275 0.862721
vt 0.130806 0.862762
vt 0.130564 0.861190
vt 0.129387 0.865215
vt 0.130251 0.862842
vt 0.128850 0.861493
vt 0.129729 0.863528
vt 0.129902 0.863054
vt 0.128392 0.861731
vt 0.128209 0.862227
vt 0.127918 0.864053
vt 0.126369 0.866531
vt 0.125594 0.865122
vt 0.123307 0.866495
vt 0.128121 0.870332
vt 0.128382 0.870870
vt 0.124185 0.867845
vt 0.121269 0.868041
vt 0.126686 0.871190
vt 0.127039 0.871677
vt 0.125854 0.872702
vt 0.125419 0.872287
vt 0.121600 0.869884
vt 0.124369 0.873581
vt 0.119950 0.869386
vt 0.119522 0.867436
vt 0.118983 0.874592
vt 0.119454 0.869319
vt 0.118996 0.867361
vt 0.118573 0.867651
vt 0.119104 0.869525
vt 0.117495 0.869026
vt 0.118769 0.869978
vt 0.117692 0.873452
vt 0.117569 0.872136
vt 0.116087 0.871560
vt 0.115810 0.874119
vt 0.117361 0.872658
vt 0.115492 0.873197
vt 0.117369 0.873065
vt 0.115469 0.873711
vt 0.010293 0.904028
vt 0.011290 0.903310
vt 0.010670 0.904360
vt 0.009587 0.905042
vt 0.011635 0.903704
vt 0.012644 0.903041
vt 0.010007 0.905334
vt 0.009153 0.906245
vt 0.013910 0.907039
vt 0.012643 0.903538
vt 0.046873 0.903041
vt 0.009616 0.906486
vt 0.008956 0.907373
vt 0.013302 0.907878
vt 0.014882 0.906514
vt 0.009457 0.907570
vt 0.008755 0.930741
vt 0.012980 0.908886
vt 0.014271 0.907392
vt 0.013731 0.908146
vt 0.009250 0.930573
vt 0.018401 0.940673
vt 0.012906 0.910342
vt 0.013465 0.909082
vt 0.018401 0.940180
vt 0.046506 0.940672
vt 0.012743 0.929430
vt 0.013407 0.910749
vt 0.046542 0.936675
vt 0.013257 0.929239
vt 0.020060 0.937178
vt 0.046506 0.940180
vt 0.020482 0.936675
vt 0.046542 0.937178
vt 0.074620 0.940180
vt 0.074620 0.940672
vt 0.073031 0.937178
vt 0.072609 0.936675
vt 0.084018 0.931332
vt 0.084509 0.931511
vt 0.080039 0.929916
vt 0.080549 0.930118
vt 0.080207 0.911426
vt 0.080716 0.911030
vt 0.084221 0.908329
vt 0.084727 0.908143
vt 0.080184 0.909760
vt 0.080672 0.909572
vt 0.084085 0.907243
vt 0.084553 0.907010
vt 0.079936 0.908817
vt 0.080371 0.908559
vt 0.083717 0.906081
vt 0.084143 0.905797
vt 0.079412 0.908053
vt 0.079780 0.907707
vt 0.083074 0.905095
vt 0.083457 0.904771
vt 0.082475 0.903787
vt 0.082123 0.904174
vt 0.080924 0.903041
vt 0.078818 0.907163
vt 0.080642 0.903538
vt 0.078514 0.907579
vt 0.077554 0.906508
vt 0.046874 0.903538
vt 0.077554 0.906995
vt 0.046873 0.906508
vt 0.016147 0.906508
vt 0.046873 0.906995
vt 0.016147 0.906995
vt 0.015178 0.906937
vt 0.321958 0.945706
vt 0.326758 0.942229
vt 0.323035 0.946310
vt 0.321344 0.944362
vt 0.327925 0.942946
vt 0.373369 0.946298
vt 0.326063 0.940961
vt 0.321326 0.850975
vt 0.327238 0.941735
vt 0.328176 0.942244
vt 0.326771 0.940772
vt 0.368237 0.942226
vt 0.326050 0.854377
vt 0.326759 0.854566
vt 0.327226 0.853603
vt 0.368548 0.942928
vt 0.369419 0.941492
vt 0.326745 0.853110
vt 0.321941 0.849632
vt 0.323019 0.849029
vt 0.369924 0.941976
vt 0.374687 0.945448
vt 0.375298 0.943819
vt 0.327912 0.852391
vt 0.328164 0.853094
vt 0.373365 0.849024
vt 0.368236 0.853099
vt 0.370580 0.940261
vt 0.369870 0.940163
vt 0.369869 0.855159
vt 0.368546 0.852396
vt 0.369418 0.853832
vt 0.370579 0.855061
vt 0.375292 0.851506
vt 0.369923 0.853347
vt 0.374682 0.849876
vt 0.155927 0.877507
vt 0.157648 0.881635
vt 0.154484 0.878475
vt 0.153511 0.879924
vt 0.157648 0.877167
vt 0.153173 0.881634
vt 0.159349 0.877507
vt 0.153511 0.883344
vt 0.160799 0.878475
vt 0.154484 0.884793
vt 0.161765 0.879924
vt 0.155927 0.885761
vt 0.162102 0.881635
vt 0.157648 0.886101
vt 0.161765 0.883344
vt 0.159349 0.885761
vt 0.160799 0.884793
vt 0.169301 0.886240
vt 0.172465 0.883081
vt 0.170743 0.887209
vt 0.168327 0.884790
vt 0.172465 0.887549
vt 0.167989 0.883082
vt 0.174166 0.887209
vt 0.168327 0.881372
vt 0.175616 0.886240
vt 0.169301 0.879923
vt 0.176582 0.884790
vt 0.170743 0.878955
vt 0.176919 0.883081
vt 0.172465 0.878615
vt 0.176582 0.881372
vt 0.174166 0.878955
vt 0.175616 0.879923
vt 0.312959 0.958243
vt 0.311913 0.957536
vt 0.312845 0.956242
vt 0.307331 0.951393
vt 0.313605 0.956898
vt 0.385405 0.958339
vt 0.308717 0.950739
vt 0.306807 0.950229
vt 0.384967 0.956791
vt 0.386948 0.957551
vt 0.308303 0.949826
vt 0.306842 0.845417
vt 0.386208 0.956125
vt 0.392805 0.951297
vt 0.308342 0.845818
vt 0.391357 0.950570
vt 0.393524 0.949751
vt 0.308765 0.844905
vt 0.307376 0.844254
vt 0.314761 0.947490
vt 0.314859 0.848141
vt 0.312950 0.839400
vt 0.312017 0.838108
vt 0.313072 0.837400
vt 0.315184 0.847329
vt 0.313718 0.838745
vt 0.385231 0.837239
vt 0.317654 0.844625
vt 0.316308 0.848657
vt 0.384795 0.838787
vt 0.386778 0.838029
vt 0.315086 0.948302
vt 0.318388 0.844176
vt 0.386040 0.839454
vt 0.392637 0.844299
vt 0.382688 0.843869
vt 0.316214 0.946972
vt 0.317539 0.951011
vt 0.316549 0.947767
vt 0.319069 0.945982
vt 0.318270 0.951463
vt 0.318383 0.949794
vt 0.382849 0.951711
vt 0.319009 0.950407
vt 0.382091 0.950505
vt 0.319464 0.946809
vt 0.320525 0.947828
vt 0.320357 0.945342
vt 0.320886 0.946411
vt 0.320445 0.850292
vt 0.321951 0.946946
vt 0.319162 0.849648
vt 0.321431 0.948207
vt 0.374718 0.948503
vt 0.374257 0.947226
vt 0.316650 0.847863
vt 0.376218 0.947765
vt 0.375569 0.946428
vt 0.319571 0.848820
vt 0.321006 0.849217
vt 0.318499 0.845842
vt 0.320647 0.847805
vt 0.322085 0.848692
vt 0.319129 0.845231
vt 0.321559 0.847430
vt 0.374152 0.848357
vt 0.381934 0.845075
vt 0.374613 0.847084
vt 0.376106 0.847821
vt 0.375459 0.849162
vt 0.383310 0.845782
vt 0.376869 0.848808
vt 0.376038 0.850595
vt 0.383788 0.844474
vt 0.377333 0.850049
vt 0.376140 0.944989
vt 0.384162 0.846990
vt 0.385410 0.846622
vt 0.384563 0.848174
vt 0.391191 0.845026
vt 0.393349 0.845851
vt 0.385835 0.847816
vt 0.391783 0.846298
vt 0.391953 0.949301
vt 0.385959 0.947777
vt 0.385546 0.948967
vt 0.384687 0.947417
vt 0.383941 0.951108
vt 0.377436 0.945538
vt 0.383457 0.949801
vt 0.384296 0.948597
vt 0.376978 0.946779
s 1
usemtl volt_lgnd_v23_voidsinister_main.001
f 2/1/1 1/2/2 3/3/3
f 5/4/4 4/5/5 6/6/6
f 7/7/7 4/5/5 5/4/4
f 9/8/8 8/9/9 10/10/10
f 11/11/8 8/9/9 9/8/8
f 13/12/11 12/13/12 14/14/13
f 15/15/14 12/13/12 13/12/11
f 17/16/15 16/17/16 18/18/17
f 19/19/18 16/17/16 17/16/15
f 21/20/19 20/21/20 22/22/20
f 23/23/20 20/21/20 21/20/19
f 25/24/21 24/25/22 26/26/23
f 27/27/24 24/25/22 25/24/21
f 29/28/25 28/29/26 30/30/27
f 31/31/26 28/29/26 29/28/25
f 33/32/28 32/33/29 34/34/29
f 35/35/28 32/33/29 33/32/28
f 37/36/30 36/37/31 38/38/32
f 39/39/33 36/37/31 37/36/30
f 41/40/34 40/41/35 42/42/36
f 43/43/37 40/41/35 41/40/34
f 45/44/38 44/45/39 46/46/40
f 47/47/41 45/44/38 46/46/40
f 49/48/42 48/49/43 50/50/44
f 51/51/45 49/48/42 50/50/44
f 53/52/46 52/53/47 54/54/48
f 55/55/49 53/52/46 54/54/48
f 57/56/50 56/57/51 58/58/52
f 59/59/53 57/56/50 58/58/52
f 61/60/54 60/61/55 62/62/56
f 63/63/57 61/60/54 62/62/56
f 65/64/58 64/65/59 66/66/60
f 67/67/61 65/64/58 66/66/60
f 69/68/62 68/69/63 70/70/64
f 71/71/65 69/68/62 70/70/64
f 73/72/66 72/73/66 74/74/66
f 75/75/66 73/72/66 74/74/66
f 77/76/67 76/77/68 78/78/69
f 79/79/70 77/76/67 78/78/69
f 81/80/71 80/81/72 82/82/73
f 83/83/74 81/80/71 82/82/73
f 85/84/75 84/85/76 86/86/77
f 87/87/78 85/84/75 86/86/77
f 89/88/79 88/89/79 90/90/80
f 91/91/81 89/88/79 90/90/80
f 93/92/82 92/93/83 94/94/84
f 95/95/85 93/92/82 94/94/84
f 97/96/86 96/97/87 98/98/88
f 99/99/89 97/96/86 98/98/88
f 101/100/90 100/101/90 102/102/90
f 103/103/90 101/100/90 102/102/90
f 105/104/91 104/105/92 106/106/93
f 107/107/94 105/104/91 106/106/93
f 109/108/95 108/109/95 110/110/95
f 111/111/95 109/108/95 110/110/95
f 113/112/45 112/113/96 114/114/97
f 115/115/45 113/112/45 114/114/97
f 117/116/98 116/117/99 118/118/100
f 119/119/101 117/116/98 118/118/100
f 121/120/102 120/121/103 122/122/104
f 123/123/105 121/120/102 122/122/104
f 125/124/106 124/125/106 126/126/107
f 127/127/107 125/124/106 126/126/107
f 129/128/108 128/129/109 130/130/110
f 131/131/111 129/128/108 130/130/110
f 133/132/112 132/133/113 134/134/113
f 135/135/114 133/132/112 134/134/113
f 137/136/115 136/137/116 138/138/117
f 139/139/118 137/136/115 138/138/117
f 141/140/119 140/141/120 142/142/121
f 143/143/119 141/140/119 142/142/121
f 145/46/122 144/144/123 146/44/124
f 147/47/125 145/46/122 146/44/124
f 149/50/126 148/49/127 150/48/128
f 151/51/129 149/50/126 150/48/128
f 153/52/130 152/55/131 154/54/132
f 155/53/133 153/52/130 154/54/132
f 157/56/134 156/59/135 158/58/136
f 159/57/137 157/56/134 158/58/136
f 161/60/138 160/63/139 162/62/140
f 163/61/138 161/60/138 162/62/140
f 165/66/141 164/65/142 166/64/143
f 167/67/144 165/66/141 166/64/143
f 169/68/145 168/71/146 170/70/147
f 171/69/148 169/68/145 170/70/147
f 173/74/149 172/73/149 174/72/149
f 175/75/149 173/74/149 174/72/149
f 177/76/150 176/79/151 178/78/152
f 179/77/153 177/76/150 178/78/152
f 181/80/154 180/83/155 182/82/156
f 183/81/157 181/80/154 182/82/156
f 185/84/158 184/145/159 186/86/160
f 187/85/161 185/84/158 186/86/160
f 189/90/162 188/89/163 190/88/163
f 191/91/162 189/90/162 190/88/163
f 193/92/164 192/95/165 194/94/166
f 195/93/167 193/92/164 194/94/166
f 197/146/168 196/147/168 198/96/168
f 199/99/168 197/146/168 198/96/168
f 201/102/169 200/101/169 202/100/169
f 203/103/169 201/102/169 202/100/169
f 205/104/170 204/107/171 206/106/172
f 207/105/173 205/104/170 206/106/172
f 209/110/174 208/109/175 210/148/176
f 211/149/177 209/110/174 210/148/176
f 213/114/178 212/113/179 214/112/180
f 215/115/180 213/114/178 214/112/180
f 217/116/181 216/119/182 218/118/183
f 219/117/184 217/116/181 218/118/183
f 221/120/185 220/123/186 222/122/187
f 223/121/188 221/120/185 222/122/187
f 225/150/189 224/151/107 226/152/107
f 227/153/190 225/150/189 226/152/107
f 229/130/164 228/129/191 230/128/165
f 231/131/164 229/130/164 230/128/165
f 233/154/192 232/155/193 234/156/194
f 235/157/195 233/154/192 234/156/194
f 237/138/164 236/137/196 238/136/197
f 239/139/191 237/138/164 238/136/197
f 241/140/198 240/143/199 242/142/200
f 243/141/201 241/140/198 242/142/200
f 245/158/202 244/159/202 246/160/202
f 247/161/202 245/158/202 246/160/202
f 249/162/203 248/163/203 250/164/203
f 251/165/203 249/162/203 250/164/203
f 253/166/204 252/167/205 254/168/206
f 255/169/207 253/166/204 254/168/206
f 257/170/208 256/171/209 258/172/208
f 259/173/208 257/170/208 258/172/208
f 261/174/210 260/175/211 262/176/212
f 263/177/210 261/174/210 262/176/212
f 265/178/213 264/179/213 266/180/213
f 267/181/213 265/178/213 266/180/213
f 269/182/214 268/183/214 270/184/214
f 271/185/214 269/182/214 270/184/214
f 273/186/215 272/187/215 274/188/215
f 275/189/215 273/186/215 274/188/215
f 277/190/216 276/191/216 278/192/216
f 279/193/216 277/190/216 278/192/216
f 281/194/107 280/195/107 282/196/107
f 283/197/107 281/194/107 282/196/107
f 285/198/217 284/199/217 286/200/217
f 287/201/217 285/198/217 286/200/217
f 289/202/218 288/203/218 290/204/218
f 291/205/218 289/202/218 290/204/218
f 293/206/107 292/207/107 294/208/107
f 295/209/107 293/206/107 294/208/107
f 297/208/107 296/207/107 298/210/107
f 299/211/107 297/208/107 298/210/107
f 301/212/107 300/213/107 302/214/107
f 303/215/107 301/212/107 302/214/107
f 305/216/219 304/217/219 306/218/219
f 304/217/219 307/219/219 306/218/219
f 309/220/220 308/221/220 310/222/220
f 311/223/220 309/220/220 310/222/220
f 313/224/215 312/225/215 314/226/215
f 315/227/215 313/224/215 314/226/215
f 317/228/107 316/229/107 318/230/107
f 319/231/107 317/228/107 318/230/107
f 321/232/221 320/233/221 322/234/221
f 321/232/221 323/235/221 320/233/221
f 325/236/220 324/237/220 326/238/220
f 327/239/220 325/236/220 326/238/220
f 329/240/215 328/241/215 330/242/215
f 331/243/215 329/240/215 330/242/215
f 333/244/222 332/245/223 334/246/224
f 335/247/225 333/244/222 334/246/224
f 337/248/226 336/249/227 338/250/228
f 339/251/229 337/248/226 338/250/228
f 341/252/230 340/253/231 342/254/232
f 343/255/215 341/252/230 342/254/232
f 345/256/233 344/257/234 346/258/235
f 347/259/236 345/256/233 346/258/235
f 349/260/237 348/261/238 350/262/237
f 351/263/239 349/260/237 350/262/237
f 353/264/240 352/265/241 354/266/242
f 355/267/243 353/264/240 354/266/242
f 357/268/244 356/269/245 358/270/107
f 359/271/107 357/268/244 358/270/107
f 361/272/246 360/273/247 362/274/248
f 363/275/249 361/272/246 362/274/248
f 365/276/250 364/277/251 366/278/252
f 367/279/253 365/276/250 366/278/252
f 369/280/254 368/281/255 370/282/256
f 371/283/257 369/280/254 370/282/256
f 373/284/258 372/285/259 374/286/260
f 375/287/261 373/284/258 374/286/260
f 377/288/262 376/289/262 378/290/262
f 379/291/263 377/288/262 378/290/262
f 381/292/264 380/293/264 382/294/264
f 383/295/265 381/292/264 382/294/264
f 385/296/266 384/297/267 386/298/268
f 387/299/269 385/296/266 386/298/268
f 389/300/270 388/301/271 390/302/272
f 391/303/273 388/301/271 389/300/270
f 393/304/274 392/305/275 394/306/276
f 395/307/277 392/305/275 393/304/274
f 397/308/278 396/309/279 398/310/280
f 399/311/281 396/309/279 397/308/278
f 401/312/282 400/313/282 402/314/282
f 403/315/282 400/313/282 401/312/282
f 405/316/283 404/317/284 406/318/285
f 407/319/286 404/317/284 405/316/283
f 409/320/287 408/321/288 410/322/288
f 411/323/289 408/321/288 409/320/287
f 413/324/290 412/325/291 414/326/292
f 415/327/293 412/325/291 413/324/290
f 417/328/294 416/329/295 418/330/296
f 419/331/297 416/329/295 417/328/294
f 421/332/298 420/333/299 422/334/300
f 423/335/301 420/333/299 421/332/298
f 425/336/302 424/337/303 426/338/304
f 427/339/305 424/337/303 425/336/302
f 429/340/306 428/341/306 430/342/307
f 431/343/308 428/341/306 429/340/306
f 433/344/309 432/345/310 434/346/311
f 435/347/312 432/345/310 433/344/309
f 437/348/313 436/349/314 438/350/315
f 439/351/316 436/349/314 437/348/313
f 441/352/317 440/353/318 442/354/215
f 443/355/319 440/353/318 441/352/317
f 445/356/320 444/357/321 446/358/322
f 447/359/323 444/357/321 445/356/320
f 449/360/324 448/361/325 450/362/326
f 451/363/327 448/361/325 449/360/324
f 453/364/328 452/365/328 454/366/329
f 455/367/330 452/365/328 453/364/328
f 457/368/331 456/369/332 458/370/331
f 459/371/332 456/369/332 457/368/331
f 461/372/333 460/373/334 462/374/335
f 463/375/336 460/373/334 461/372/333
f 465/376/337 464/377/338 466/378/339
f 467/379/340 464/377/338 465/376/337
f 469/380/341 468/381/342 470/382/343
f 471/383/344 468/381/342 469/380/341
f 473/384/345 472/385/346 474/386/347
f 475/387/348 472/385/346 473/384/345
f 477/388/349 476/389/350 478/390/351
f 479/391/352 476/389/350 477/388/349
f 481/392/353 480/393/354 482/394/355
f 483/395/356 480/393/354 481/392/353
f 485/396/357 484/397/358 486/398/359
f 487/399/360 484/397/358 485/396/357
f 489/400/361 488/401/361 490/402/361
f 491/403/361 488/401/361 489/400/361
f 493/404/362 492/405/363 494/406/364
f 495/407/365 492/405/363 493/404/362
f 497/408/366 496/409/367 498/410/368
f 499/411/369 497/408/366 498/410/368
f 501/412/370 500/413/371 502/414/372
f 503/415/373 501/412/370 502/414/372
f 505/416/374 504/417/374 506/418/375
f 507/419/376 505/416/374 506/418/375
f 509/420/377 508/421/377 510/422/377
f 511/423/377 509/420/377 510/422/377
f 513/424/378 512/425/378 514/426/378
f 515/427/379 513/424/378 514/426/378
f 517/428/380 516/429/381 518/430/382
f 519/431/383 517/428/380 518/430/382
f 521/432/374 520/433/384 522/434/385
f 523/435/374 521/432/374 522/434/385
f 525/422/386 524/421/387 526/436/387
f 527/437/387 525/422/386 526/436/387
f 529/426/388 528/425/388 530/424/388
f 531/438/388 529/426/388 530/424/388
f 533/428/389 532/439/390 534/430/391
f 535/429/392 533/428/389 534/430/391
f 537/440/393 536/441/394 538/442/395
f 538/442/395 536/441/394 539/443/396
f 538/442/395 539/443/396 540/444/397
f 540/444/397 539/443/396 541/445/397
f 543/446/398 542/447/399 544/448/400
f 544/448/400 542/447/399 545/449/401
f 544/448/400 545/449/401 546/450/402
f 546/450/402 545/449/401 547/451/403
f 546/450/402 547/451/403 548/452/404
f 548/452/404 547/451/403 549/453/405
f 548/452/404 549/453/405 550/454/406
f 550/454/406 549/453/405 551/455/407
f 553/456/408 552/457/409 554/458/410
f 555/459/411 553/456/408 554/458/410
f 555/459/411 554/458/410 556/460/412
f 557/461/413 555/459/411 556/460/412
f 558/462/412 557/461/413 556/460/412
f 559/463/414 558/462/412 556/460/412
f 560/464/412 558/462/412 559/463/414
f 558/462/412 560/464/412 561/465/413
f 560/464/412 562/466/414 561/465/413
f 563/467/415 561/465/413 562/466/414
f 564/468/416 563/467/415 562/466/414
f 565/469/417 563/467/415 564/468/416
f 566/470/418 565/469/417 564/468/416
f 565/469/417 566/470/418 567/471/419
f 568/472/420 565/469/417 567/471/419
f 568/472/420 567/471/419 569/473/421
f 570/474/422 568/472/420 569/473/421
f 569/473/421 571/475/423 570/474/422
f 571/475/423 572/476/423 570/474/422
f 574/477/424 573/478/424 575/479/425
f 576/480/426 574/477/424 575/479/425
f 576/480/426 575/479/425 577/481/427
f 576/480/426 577/481/427 578/482/428
f 577/481/427 579/483/429 578/482/428
f 579/483/429 577/481/427 580/484/430
f 578/482/428 579/483/429 581/485/431
f 580/484/430 577/481/427 582/486/431
f 583/487/431 578/482/428 581/485/431
f 584/488/431 580/484/430 582/486/431
f 583/487/431 581/485/431 585/489/432
f 584/488/431 582/486/431 586/490/433
f 581/485/431 587/491/434 585/489/432
f 587/491/434 586/490/433 585/489/432
f 582/486/431 588/492/435 586/490/433
f 586/490/433 588/492/435 585/489/432
f 590/493/436 589/494/437 591/495/438
f 592/496/439 590/493/436 591/495/438
f 592/496/439 591/495/438 593/497/440
f 594/498/441 592/496/439 593/497/440
f 594/498/441 593/497/440 595/499/442
f 596/500/443 594/498/441 595/499/442
f 597/501/444 596/500/443 595/499/442
f 598/502/445 597/501/444 595/499/442
f 599/503/446 597/501/444 598/502/445
f 600/504/447 599/503/446 598/502/445
f 601/505/448 599/503/446 600/504/447
f 602/506/449 601/505/448 600/504/447
f 601/505/448 602/506/449 603/507/450
f 602/506/449 604/508/451 603/507/450
f 603/507/450 604/508/451 605/509/452
f 604/508/451 606/510/453 605/509/452
f 608/511/454 607/456/455 609/458/456
f 607/456/455 610/512/457 609/458/456
f 611/513/413 609/458/456 610/512/457
f 612/461/413 611/513/413 610/512/457
f 611/513/413 612/461/413 613/514/412
f 614/515/458 611/513/413 613/514/412
f 615/516/459 614/515/458 613/514/412
f 615/516/459 613/514/412 616/517/413
f 617/518/460 615/516/459 616/517/413
f 617/518/460 616/517/413 618/519/461
f 619/468/462 617/518/460 618/519/461
f 619/468/462 618/519/461 620/520/463
f 621/521/464 619/468/462 620/520/463
f 621/521/464 620/520/463 622/522/465
f 620/520/463 623/523/466 622/522/465
f 624/473/467 622/522/465 623/523/466
f 625/474/467 624/473/467 623/523/466
f 626/475/431 624/473/467 625/474/467
f 627/524/431 626/475/431 625/474/467
f 629/525/468 628/526/469 630/527/470
f 628/526/469 631/528/471 630/527/470
f 632/529/471 630/527/470 631/528/471
f 633/530/423 632/529/471 631/528/471
f 635/478/472 634/477/472 636/479/473
f 634/477/472 637/480/474 636/479/473
f 638/481/475 636/479/473 637/480/474
f 639/482/476 638/481/475 637/480/474
f 639/482/476 640/483/477 638/481/475
f 641/531/478 638/481/475 640/483/477
f 642/485/423 640/483/477 639/482/476
f 643/486/423 638/481/475 641/531/478
f 644/487/423 642/485/423 639/482/476
f 645/488/423 643/486/423 641/531/478
f 642/485/423 644/487/423 646/489/479
f 643/486/423 645/488/423 647/490/480
f 648/491/481 642/485/423 646/489/479
f 647/490/480 648/491/481 646/489/479
f 649/492/482 643/486/423 647/490/480
f 649/492/482 647/490/480 646/489/479
f 651/532/423 650/533/423 652/534/423
f 650/533/423 653/535/423 652/534/423
f 652/534/423 653/535/423 654/536/423
f 653/535/423 655/537/423 654/536/423
f 655/537/423 656/538/483 654/536/423
f 654/536/423 656/538/483 657/539/423
f 658/540/423 656/538/483 655/537/423
f 656/538/483 658/540/423 659/541/423
f 660/542/423 656/538/483 659/541/423
f 661/543/423 656/538/483 660/542/423
f 662/544/423 661/543/423 660/542/423
f 663/545/423 660/542/423 659/541/423
f 663/545/423 664/546/423 660/542/423
f 666/509/484 665/510/485 667/508/486
f 668/507/487 666/509/484 667/508/486
f 667/508/486 669/506/488 668/507/487
f 669/506/488 670/505/489 668/507/487
f 669/506/488 671/504/490 670/505/489
f 671/504/490 672/503/491 670/505/489
f 671/504/490 673/502/492 672/503/491
f 673/502/492 674/501/493 672/503/491
f 673/502/492 675/547/494 674/501/493
f 675/547/494 676/500/495 674/501/493
f 677/498/496 676/500/495 675/547/494
f 678/548/497 677/498/496 675/547/494
f 679/496/498 677/498/496 678/548/497
f 680/495/499 679/496/498 678/548/497
f 679/496/498 680/495/499 681/493/500
f 680/495/499 682/494/501 681/493/500
f 684/549/502 683/550/503 685/551/504
f 686/552/504 684/549/502 685/551/504
f 686/552/504 685/551/504 687/553/505
f 688/554/505 686/552/504 687/553/505
f 689/555/506 687/553/505 690/556/507
f 689/555/506 691/557/508 687/553/505
f 692/558/509 687/553/505 691/557/508
f 692/558/509 688/554/505 687/553/505
f 693/559/510 688/554/505 692/558/509
f 694/560/511 688/554/505 693/559/510
f 695/561/512 688/554/505 694/560/511
f 696/562/513 688/554/505 695/561/512
f 698/563/514 697/564/515 699/565/516
f 700/566/517 698/563/514 699/565/516
f 700/566/517 699/565/516 701/567/518
f 702/568/518 700/566/517 701/567/518
f 703/569/519 702/568/518 701/567/518
f 704/570/519 703/569/519 701/567/518
f 703/569/519 704/570/519 705/571/423
f 705/571/423 704/570/519 706/572/423
f 705/571/423 707/573/423 703/569/519
f 705/571/423 706/572/423 708/574/423
f 705/571/423 709/575/423 707/573/423
f 705/571/423 708/574/423 710/576/423
f 705/571/423 711/577/423 709/575/423
f 705/571/423 710/576/423 712/578/423
f 705/571/423 713/579/423 711/577/423
f 705/571/423 712/578/423 714/580/423
f 705/571/423 715/581/423 713/579/423
f 705/571/423 714/580/423 716/582/423
f 705/571/423 717/583/423 715/581/423
f 705/571/423 716/582/423 718/584/423
f 705/571/423 719/585/423 717/583/423
f 705/571/423 718/584/423 720/586/361
f 705/571/423 721/587/520 719/585/423
f 721/587/520 705/571/423 720/586/361
f 722/588/521 721/587/520 720/586/361
f 723/589/522 722/588/521 720/586/361
f 722/588/521 723/589/522 724/590/523
f 725/591/524 722/588/521 724/590/523
f 725/591/524 724/590/523 726/592/525
f 727/593/526 725/591/524 726/592/525
f 729/594/527 728/595/528 730/596/529
f 731/597/530 729/594/527 730/596/529
f 731/597/530 730/596/529 732/598/531
f 733/599/532 731/597/530 732/598/531
f 733/599/532 732/598/531 734/600/533
f 735/601/534 733/599/532 734/600/533
f 735/601/534 734/600/533 736/602/535
f 734/600/533 737/603/535 736/602/535
f 739/604/536 738/605/537 740/606/538
f 741/607/539 739/604/536 740/606/538
f 741/607/539 740/606/538 742/608/540
f 743/609/541 741/607/539 742/608/540
f 743/609/541 742/608/540 744/610/542
f 742/608/540 745/611/543 744/610/542
f 747/612/544 746/613/545 748/614/546
f 749/615/547 747/612/544 748/614/546
f 749/615/547 748/614/546 750/616/548
f 751/617/548 749/615/547 750/616/548
f 751/617/548 750/616/548 752/618/549
f 753/619/550 751/617/548 752/618/549
f 753/619/550 752/618/549 754/620/551
f 755/621/552 753/619/550 754/620/551
f 755/621/552 754/620/551 756/622/553
f 754/620/551 757/623/554 756/622/553
f 756/622/553 757/623/554 758/624/555
f 757/623/554 759/625/556 758/624/555
f 758/624/555 759/625/556 760/626/557
f 761/627/558 758/624/555 760/626/557
f 763/628/559 762/629/559 764/630/560
f 765/631/560 763/628/559 764/630/560
f 765/631/560 764/630/560 766/632/561
f 767/633/561 765/631/560 766/632/561
f 767/633/561 766/632/561 768/634/562
f 769/635/562 767/633/561 768/634/562
f 769/635/562 768/634/562 770/636/563
f 771/637/563 769/635/562 770/636/563
f 771/637/563 770/636/563 772/638/564
f 773/639/564 771/637/563 772/638/564
f 773/639/564 772/638/564 774/640/565
f 775/641/565 773/639/564 774/640/565
f 775/641/565 774/640/565 776/642/566
f 777/643/566 775/641/565 776/642/566
f 778/644/567 777/643/566 776/642/566
f 779/645/568 778/644/567 776/642/566
f 780/646/569 777/643/566 778/644/567
f 780/646/569 778/644/567 781/647/570
f 778/644/567 782/648/571 781/647/570
f 781/647/570 782/648/571 783/649/572
f 784/650/572 782/648/571 785/651/573
f 783/649/572 782/648/571 784/650/572
f 783/649/572 784/650/572 786/652/574
f 787/653/574 783/649/572 786/652/574
f 787/653/574 786/652/574 788/654/575
f 789/655/576 787/653/574 788/654/575
f 789/655/576 788/654/575 790/656/577
f 791/657/577 789/655/576 790/656/577
f 791/657/577 790/656/577 792/658/578
f 793/659/578 791/657/577 792/658/578
f 793/659/578 792/658/578 794/660/579
f 795/661/579 793/659/578 794/660/579
f 795/661/579 794/660/579 796/662/580
f 797/663/580 795/661/579 796/662/580
f 797/663/580 796/662/580 798/664/581
f 799/665/582 797/663/580 798/664/581
f 799/665/582 798/664/581 800/666/583
f 801/667/584 799/665/582 800/666/583
f 802/668/585 801/667/584 800/666/583
f 803/669/586 802/668/585 800/666/583
f 804/670/587 801/667/584 802/668/585
f 805/671/588 804/670/587 802/668/585
f 806/672/589 805/671/588 802/668/585
f 805/671/588 806/672/589 807/673/590
f 808/674/590 806/672/589 809/675/591
f 807/673/590 806/672/589 808/674/590
f 807/673/590 808/674/590 810/676/592
f 811/677/592 807/673/590 810/676/592
f 813/678/423 812/679/423 814/680/423
f 812/679/423 815/681/423 814/680/423
f 814/680/423 815/681/423 816/682/423
f 815/681/423 817/683/423 816/682/423
f 819/684/593 818/685/593 820/686/594
f 821/687/595 819/684/593 820/686/594
f 821/687/595 820/686/594 822/688/596
f 823/689/597 821/687/595 822/688/596
f 823/689/597 822/688/596 824/690/598
f 825/691/599 823/689/597 824/690/598
f 825/691/599 824/690/598 826/692/600
f 827/693/601 825/691/599 826/692/600
f 827/693/601 826/692/600 828/694/602
f 826/692/600 829/695/603 828/694/602
f 830/696/604 828/694/602 829/695/603
f 831/697/604 830/696/604 829/695/603
f 830/696/604 831/697/604 832/698/605
f 833/699/606 830/696/604 832/698/605
f 833/699/606 832/698/605 834/700/607
f 835/701/608 833/699/606 834/700/607
f 835/701/608 834/700/607 836/702/609
f 837/703/610 835/701/608 836/702/609
f 837/703/610 836/702/609 838/704/611
f 836/702/609 839/705/612 838/704/611
f 838/704/611 839/705/612 840/706/613
f 839/705/612 841/707/613 840/706/613
f 843/708/614 842/709/614 844/710/615
f 845/711/616 843/708/614 844/710/615
f 844/710/615 846/712/617 845/711/616
f 846/712/617 847/713/618 845/711/616
f 846/712/617 848/714/619 847/713/618
f 848/714/619 849/715/620 847/713/618
f 850/716/621 849/715/620 848/714/619
f 851/717/622 850/716/621 848/714/619
f 850/716/621 851/717/622 852/718/623
f 851/717/622 853/719/624 852/718/623
f 853/719/624 854/720/625 852/718/623
f 854/720/625 855/721/626 852/718/623
f 856/722/627 855/721/626 854/720/625
f 857/723/628 856/722/627 854/720/625
f 858/724/629 856/722/627 857/723/628
f 859/725/630 858/724/629 857/723/628
f 859/725/630 860/726/631 858/724/629
f 860/726/631 861/727/632 858/724/629
f 860/726/631 862/728/633 861/727/632
f 862/728/633 863/729/634 861/727/632
f 862/728/633 864/730/635 863/729/634
f 864/730/635 865/731/636 863/729/634
f 866/732/637 865/731/636 864/730/635
f 867/733/638 866/732/637 864/730/635
f 866/732/637 867/733/638 868/734/639
f 867/733/638 869/735/639 868/734/639
f 871/736/423 870/737/423 872/738/423
f 870/737/423 873/739/423 872/738/423
f 874/740/423 872/738/423 873/739/423
f 875/741/423 874/740/423 873/739/423
f 876/742/423 875/741/423 873/739/423
f 877/743/423 876/742/423 873/739/423
f 877/743/423 878/744/423 876/742/423
f 878/744/423 879/745/423 876/742/423
f 879/745/423 880/746/423 876/742/423
f 880/746/423 881/747/423 876/742/423
f 880/746/423 882/748/423 881/747/423
f 880/746/423 883/749/423 882/748/423
f 880/746/423 884/750/423 883/749/423
f 880/746/423 885/751/423 884/750/423
f 880/746/423 886/752/423 885/751/423
f 885/751/423 886/752/423 887/753/423
f 886/752/423 888/754/423 887/753/423
f 888/754/423 889/755/423 887/753/423
f 889/755/423 890/756/423 887/753/423
f 889/755/423 891/757/423 890/756/423
f 891/757/423 892/758/423 890/756/423
f 892/758/423 893/759/423 890/756/423
f 893/759/423 892/758/423 894/760/423
f 895/761/423 893/759/423 894/760/423
f 897/762/640 896/763/640 898/686/641
f 896/763/640 899/687/642 898/686/641
f 900/688/643 898/686/641 899/687/642
f 901/689/644 900/688/643 899/687/642
f 902/690/645 900/688/643 901/689/644
f 903/691/646 902/690/645 901/689/644
f 904/692/647 902/690/645 903/691/646
f 905/693/648 904/692/647 903/691/646
f 904/692/647 905/693/648 906/694/649
f 907/695/650 904/692/647 906/694/649
f 907/695/650 906/694/649 908/696/651
f 909/697/652 907/695/650 908/696/651
f 910/698/653 909/697/652 908/696/651
f 911/699/654 910/698/653 908/696/651
f 912/700/655 910/698/653 911/699/654
f 913/701/656 912/700/655 911/699/654
f 914/702/657 912/700/655 913/701/656
f 915/703/658 914/702/657 913/701/656
f 914/702/657 915/703/658 916/704/659
f 917/705/659 914/702/657 916/704/659
f 917/705/659 916/704/659 918/764/660
f 919/765/660 917/705/659 918/764/660
f 921/766/661 920/767/662 922/733/663
f 923/732/664 921/766/661 922/733/663
f 923/732/664 922/733/663 924/730/665
f 925/731/666 923/732/664 924/730/665
f 926/729/667 925/731/666 924/730/665
f 927/728/668 926/729/667 924/730/665
f 928/727/669 926/729/667 927/728/668
f 929/726/670 928/727/669 927/728/668
f 930/724/671 928/727/669 929/726/670
f 931/725/672 930/724/671 929/726/670
f 930/724/671 931/725/672 932/723/673
f 933/722/674 930/724/671 932/723/673
f 933/722/674 932/723/673 934/720/675
f 935/721/676 933/722/674 934/720/675
f 936/718/677 935/721/676 934/720/675
f 937/719/678 936/718/677 934/720/675
f 937/719/678 938/717/679 936/718/677
f 938/717/679 939/716/680 936/718/677
f 939/716/680 938/717/679 940/714/681
f 941/715/682 939/716/680 940/714/681
f 942/713/683 941/715/682 940/714/681
f 943/712/684 942/713/683 940/714/681
f 944/711/685 942/713/683 943/712/684
f 945/710/686 944/711/685 943/712/684
f 944/711/685 945/710/686 946/768/687
f 945/710/686 947/769/687 946/768/687
f 949/770/431 948/771/431 950/738/431
f 951/739/431 949/770/431 950/738/431
f 951/739/431 950/738/431 952/772/431
f 951/739/431 952/772/431 953/773/431
f 951/739/431 953/773/431 954/774/431
f 951/739/431 954/774/431 955/775/431
f 954/774/431 956/744/431 955/775/431
f 954/774/431 957/776/431 956/744/431
f 954/774/431 958/777/431 957/776/431
f 954/774/431 959/778/431 958/777/431
f 959/778/431 960/779/431 958/777/431
f 960/779/431 961/780/431 958/777/431
f 961/780/431 962/781/431 958/777/431
f 962/781/431 963/782/431 958/777/431
f 963/782/431 964/783/431 958/777/431
f 963/782/431 965/784/431 964/783/431
f 965/784/431 966/785/431 964/783/431
f 967/755/431 966/785/431 965/784/431
f 968/786/431 967/755/431 965/784/431
f 968/786/431 969/787/431 967/755/431
f 970/758/431 969/787/431 968/786/431
f 971/788/431 970/758/431 968/786/431
f 972/789/431 970/758/431 971/788/431
f 973/790/431 972/789/431 971/788/431
f 975/791/688 974/792/688 976/793/689
f 977/794/690 975/791/688 976/793/689
f 977/794/690 976/793/689 978/795/691
f 977/794/690 978/795/691 979/796/691
f 980/797/691 977/794/690 979/796/691
f 982/798/215 981/799/215 983/800/692
f 981/799/215 984/801/693 983/800/692
f 983/800/692 984/801/693 985/802/694
f 984/801/693 986/803/695 985/802/694
f 985/802/694 986/803/695 987/804/696
f 986/803/695 988/805/697 987/804/696
f 988/805/697 989/806/698 987/804/696
f 989/806/698 990/807/698 987/804/696
f 992/808/215 991/809/215 993/810/215
f 991/809/215 994/811/215 993/810/215
f 995/812/215 993/810/215 994/811/215
f 997/813/699 996/814/700 998/815/701
f 996/814/700 999/816/702 998/815/701
f 1000/817/215 998/815/701 999/816/702
f 1001/818/215 1000/817/215 999/816/702
f 1003/819/220 1002/820/220 1004/821/220
f 1004/821/220 1005/822/220 1003/819/220
f 1005/822/220 1004/821/220 1006/823/220
f 1007/824/220 1005/822/220 1006/823/220
f 1009/825/413 1008/826/413 1010/827/413
f 1008/826/413 1011/828/413 1010/827/413
f 1010/827/413 1011/828/413 1012/829/413
f 1012/829/413 1011/828/413 1013/830/413
f 1014/831/413 1012/829/413 1013/830/413
f 1016/809/215 1015/808/215 1017/832/215
f 1018/811/215 1016/809/215 1017/832/215
f 1018/811/215 1017/832/215 1019/812/215
f 1021/833/703 1020/834/703 1022/815/702
f 1023/816/704 1021/833/703 1022/815/702
f 1023/816/704 1022/815/702 1024/817/215
f 1025/818/215 1023/816/704 1024/817/215
f 1027/835/220 1026/836/220 1028/837/220
f 1026/836/220 1029/838/220 1028/837/220
f 1030/839/220 1028/837/220 1029/838/220
f 1029/838/220 1031/840/220 1030/839/220
f 1033/841/413 1032/842/413 1034/827/414
f 1035/828/412 1033/841/413 1034/827/414
f 1036/829/413 1035/828/412 1034/827/414
f 1037/830/413 1035/828/412 1036/829/413
f 1038/831/413 1037/830/413 1036/829/413
f 1040/843/705 1039/844/706 1041/845/707
f 1039/844/706 1042/846/708 1041/845/707
f 1043/847/709 1041/845/707 1042/846/708
f 1044/848/709 1043/847/709 1042/846/708
f 1045/849/710 1043/847/709 1044/848/709
f 1046/850/711 1045/849/710 1044/848/709
f 1045/849/710 1046/850/711 1047/851/712
f 1046/850/711 1048/852/713 1047/851/712
f 1047/851/712 1048/852/713 1049/853/714
f 1050/854/715 1047/851/712 1049/853/714
f 1052/855/716 1051/856/717 1053/857/718
f 1054/858/718 1052/855/716 1053/857/718
f 1054/858/718 1053/857/718 1055/859/719
f 1056/860/720 1054/858/718 1055/859/719
f 1056/860/720 1055/859/719 1057/861/721
f 1055/859/719 1058/862/722 1057/861/721
f 1060/863/723 1059/864/724 1061/865/725
f 1059/864/724 1062/866/726 1061/865/725
f 1061/865/725 1062/866/726 1063/867/727
f 1062/866/726 1064/868/728 1063/867/727
f 1063/867/727 1064/868/728 1065/869/729
f 1066/870/730 1063/867/727 1065/869/729
f 1066/870/730 1065/869/729 1067/871/731
f 1065/869/729 1068/872/732 1067/871/731
f 1067/871/731 1068/872/732 1069/873/733
f 1070/874/734 1067/871/731 1069/873/733
f 1072/875/735 1071/876/736 1073/877/737
f 1074/878/738 1072/875/735 1073/877/737
f 1073/877/737 1075/879/739 1074/878/738
f 1075/879/739 1076/880/740 1074/878/738
f 1077/881/741 1076/880/740 1075/879/739
f 1078/882/742 1076/880/740 1077/881/741
f 1079/883/743 1078/882/742 1077/881/741
f 1080/884/744 1078/882/742 1079/883/743
f 1082/885/745 1081/886/746 1083/887/747
f 1084/888/748 1082/885/745 1083/887/747
f 1083/887/747 1085/889/749 1084/888/748
f 1085/889/749 1086/890/750 1084/888/748
f 1086/890/750 1085/889/749 1087/891/751
f 1085/889/749 1088/892/752 1087/891/751
f 1088/892/752 1089/893/753 1087/891/751
f 1089/893/753 1090/894/754 1087/891/751
f 1090/894/754 1091/895/755 1087/891/751
f 1090/894/754 1092/896/756 1091/895/755
f 1092/896/756 1093/897/757 1091/895/755
f 1093/897/757 1092/896/756 1094/898/758
f 1095/899/759 1093/897/757 1094/898/758
f 1096/900/760 1089/893/753 1088/892/752
f 1097/901/761 1096/900/760 1088/892/752
f 1098/902/762 1097/901/761 1088/892/752
f 1099/903/763 1098/902/762 1088/892/752
f 1096/900/760 1097/901/761 1100/904/764
f 1101/905/765 1098/902/762 1099/903/763
f 1102/906/766 1101/905/765 1099/903/763
f 1102/906/766 1103/907/767 1101/905/765
f 1103/907/767 1104/908/768 1101/905/765
f 1103/907/767 1105/909/769 1104/908/768
f 1105/909/769 1106/910/770 1104/908/768
f 1104/908/768 1106/910/770 1107/911/771
f 1108/912/772 1104/908/768 1107/911/771
f 1108/912/772 1107/911/771 1109/913/773
f 1107/911/771 1110/914/774 1109/913/773
f 1111/915/775 1109/913/773 1110/914/774
f 1112/916/776 1111/915/775 1110/914/774
f 1111/915/775 1112/916/776 1113/917/777
f 1114/918/778 1111/915/775 1113/917/777
f 1114/918/778 1113/917/777 1115/919/779
f 1116/920/780 1114/918/778 1115/919/779
f 1117/921/361 1096/900/760 1100/904/764
f 1096/900/760 1117/921/361 1118/922/781
f 1117/921/361 1119/923/782 1118/922/781
f 1118/922/781 1119/923/782 1120/924/783
f 1100/904/764 1121/925/784 1117/921/361
f 1122/926/785 1118/922/781 1120/924/783
f 1121/925/784 1123/927/786 1117/921/361
f 1124/928/787 1122/926/785 1125/929/788
f 1122/926/785 1126/930/789 1125/929/788
f 1126/930/789 1122/926/785 1120/924/783
f 1127/931/790 1126/930/789 1120/924/783
f 1128/932/791 1127/931/790 1120/924/783
f 1127/931/790 1128/932/791 1129/933/792
f 1128/932/791 1130/934/793 1129/933/792
f 1131/935/794 1129/933/792 1130/934/793
f 1132/936/473 1129/933/792 1131/935/794
f 1131/935/794 1130/934/793 1123/927/786
f 1133/937/795 1131/935/794 1123/927/786
f 1123/927/786 1121/925/784 1134/938/796
f 1133/937/795 1123/927/786 1134/938/796
f 1135/939/797 1121/925/784 1100/904/764
f 1136/940/798 1133/937/795 1134/938/796
f 1137/941/799 1135/939/797 1100/904/764
f 1138/942/800 1136/940/798 1134/938/796
f 1135/939/797 1137/941/799 1139/943/801
f 1140/944/802 1135/939/797 1139/943/801
f 1135/939/797 1140/944/802 1138/942/800
f 1140/944/802 1136/940/798 1138/942/800
f 1141/945/803 1136/940/798 1140/944/802
f 1142/946/804 1141/945/803 1140/944/802
f 1143/947/805 1141/945/803 1142/946/804
f 1144/948/806 1143/947/805 1142/946/804
f 1143/947/805 1144/948/806 1145/949/807
f 1144/948/806 1142/946/804 1146/950/808
f 1147/951/809 1143/947/805 1145/949/807
f 1142/946/804 1148/952/810 1146/950/808
f 1147/951/809 1145/949/807 1149/953/811
f 1146/950/808 1148/952/810 1150/954/812
f 1151/955/813 1147/951/809 1149/953/811
f 1148/952/810 1152/956/814 1150/954/812
f 1151/955/813 1149/953/811 1153/957/815
f 1154/958/816 1150/954/812 1152/956/814
f 1149/953/811 1155/959/817 1153/957/815
f 1156/960/818 1154/958/816 1152/956/814
f 1157/961/819 1153/957/815 1155/959/817
f 1154/958/816 1156/960/818 1158/962/820
f 1159/963/821 1157/961/819 1155/959/817
f 1160/964/822 1154/958/816 1158/962/820
f 1157/961/819 1159/963/821 1161/965/361
f 1159/963/821 1162/966/361 1161/965/361
f 1158/962/820 1163/967/823 1160/964/822
f 1163/967/823 1164/968/824 1160/964/822
f 1164/968/824 1163/967/823 1165/969/825
f 1166/970/826 1164/968/824 1165/969/825
f 1166/970/826 1165/969/825 1167/971/737
f 1168/972/737 1166/970/826 1167/971/737
f 1169/973/827 1168/972/737 1167/971/737
f 1170/974/828 1169/973/827 1167/971/737
f 1170/974/828 1171/975/829 1169/973/827
f 1171/975/829 1172/976/830 1169/973/827
f 1172/976/830 1171/975/829 1173/977/775
f 1174/978/831 1172/976/830 1173/977/775
f 1174/978/831 1173/977/775 1175/979/832
f 1176/980/833 1174/978/831 1175/979/832
f 1178/981/834 1177/982/835 1179/983/836
f 1177/982/835 1180/984/837 1179/983/836
f 1179/983/836 1180/984/837 1181/985/838
f 1180/984/837 1182/986/839 1181/985/838
f 1182/986/839 1183/987/840 1181/985/838
f 1183/987/840 1184/988/840 1181/985/838
f 1183/987/840 1185/989/841 1184/988/840
f 1185/989/841 1186/990/842 1184/988/840
f 1185/989/841 1187/991/843 1186/990/842
f 1187/991/843 1188/992/844 1186/990/842
f 1187/991/843 1189/993/845 1188/992/844
f 1189/993/845 1190/994/846 1188/992/844
f 1192/995/847 1191/996/848 1193/997/215
f 1191/996/848 1194/998/215 1193/997/215
f 1193/997/215 1194/998/215 1195/999/849
f 1194/998/215 1196/1000/850 1195/999/849
f 1195/999/849 1196/1000/850 1197/1001/851
f 1196/1000/850 1198/1002/852 1197/1001/851
f 1200/1003/853 1199/1004/854 1201/1005/855
f 1202/1006/855 1200/1003/853 1201/1005/855
f 1202/1006/855 1201/1005/855 1203/1007/856
f 1204/1008/857 1202/1006/855 1203/1007/856
f 1205/1009/858 1204/1008/857 1203/1007/856
f 1206/1010/859 1205/1009/858 1203/1007/856
f 1207/1011/860 1205/1009/858 1206/1010/859
f 1208/1012/861 1207/1011/860 1206/1010/859
f 1210/1013/862 1209/1014/863 1211/1015/864
f 1212/1016/865 1210/1013/862 1211/1015/864
f 1212/1016/865 1211/1015/864 1213/1017/866
f 1214/1018/867 1212/1016/865 1213/1017/866
f 1216/1019/868 1215/1020/869 1217/1021/870
f 1218/1022/870 1216/1019/868 1217/1021/870
f 1218/1022/870 1217/1021/870 1219/1023/871
f 1220/1024/872 1218/1022/870 1219/1023/871
f 1220/1024/872 1219/1023/871 1221/1025/873
f 1222/1026/874 1220/1024/872 1221/1025/873
f 1224/1027/875 1223/1028/876 1225/1029/877
f 1223/1028/876 1226/1030/878 1225/1029/877
f 1225/1029/877 1226/1030/878 1227/1031/879
f 1226/1030/878 1228/1032/880 1227/1031/879
f 1230/1033/881 1229/1034/882 1231/1035/883
f 1229/1034/882 1232/1036/884 1231/1035/883
f 1231/1035/883 1232/1036/884 1233/1037/885
f 1232/1036/884 1234/1038/886 1233/1037/885
f 1233/1037/885 1234/1038/886 1235/1039/887
f 1234/1038/886 1236/1040/888 1235/1039/887
f 1236/1040/888 1237/1041/889 1235/1039/887
f 1237/1041/889 1238/1042/890 1235/1039/887
f 1240/1043/891 1239/1044/892 1241/1045/893
f 1239/1044/892 1242/1046/894 1241/1045/893
f 1241/1045/893 1242/1046/894 1243/1047/895
f 1242/1046/894 1244/1048/896 1243/1047/895
f 1244/1048/896 1245/1049/897 1243/1047/895
f 1245/1049/897 1246/1050/898 1243/1047/895
f 1248/1051/899 1247/1052/900 1249/1053/901
f 1247/1052/900 1250/1054/902 1249/1053/901
f 1249/1053/901 1250/1054/902 1251/1055/903
f 1250/1054/902 1252/1056/904 1251/1055/903
f 1252/1056/904 1253/1057/905 1251/1055/903
f 1253/1057/905 1254/1058/906 1251/1055/903
f 1255/1059/907 1251/1055/903 1254/1058/906
f 1256/1060/908 1255/1059/907 1254/1058/906
f 1255/1059/907 1256/1060/908 1257/1061/909
f 1258/1062/910 1255/1059/907 1257/1061/909
f 1260/1063/911 1259/1064/912 1261/1065/913
f 1262/1066/914 1260/1063/911 1261/1065/913
f 1262/1066/914 1261/1065/913 1263/1067/915
f 1262/1066/914 1263/1067/915 1264/1068/916
f 1263/1067/915 1265/1069/917 1264/1068/916
f 1267/1070/918 1266/1071/919 1268/1072/920
f 1268/1072/920 1266/1071/919 1269/1073/921
f 1268/1072/920 1269/1073/921 1270/1074/922
f 1270/1074/922 1269/1073/921 1271/1075/923
f 1271/1075/923 1272/1076/924 1270/1074/922
f 1273/1077/925 1272/1076/924 1271/1075/923
f 1273/1077/925 1274/1078/926 1272/1076/924
f 1272/1076/924 1274/1078/926 1275/1079/927
f 1274/1078/926 1276/1080/928 1275/1079/927
f 1275/1079/927 1276/1080/928 1277/1081/929
f 1278/1082/930 1277/1081/929 1276/1080/928
f 1279/1083/931 1277/1081/929 1278/1082/930
f 1280/1084/932 1279/1083/931 1278/1082/930
f 1280/1084/932 1281/1085/933 1279/1083/931
f 1282/1086/934 1281/1085/933 1280/1084/932
f 1284/1087/935 1283/1088/936 1285/1089/937
f 1284/1087/935 1285/1089/937 1286/1090/938
f 1286/1090/938 1285/1089/937 1287/1091/939
f 1286/1090/938 1287/1091/939 1288/1092/940
f 1288/1092/940 1287/1091/939 1289/1093/941
f 1288/1092/940 1289/1093/941 1290/1094/942
f 1290/1094/942 1289/1093/941 1291/1095/943
f 1290/1094/942 1291/1095/943 1292/1096/944
f 1292/1096/944 1291/1095/943 1293/1097/945
f 1293/1097/945 1294/1098/944 1292/1096/944
f 1295/1099/946 1294/1098/944 1293/1097/945
f 1295/1099/946 1296/1100/947 1294/1098/944
f 1297/1101/948 1296/1100/947 1295/1099/946
f 1298/1102/949 1296/1100/947 1297/1101/948
f 1299/1103/950 1296/1100/947 1298/1102/949
f 1298/1102/949 1300/1104/951 1299/1103/950
f 1301/1105/952 1300/1104/951 1298/1102/949
f 1301/1105/952 1302/1106/953 1300/1104/951
f 1301/1105/952 1298/1102/949 1303/1107/954
f 1304/1108/955 1302/1106/953 1301/1105/952
f 1303/1107/954 1298/1102/949 1305/1109/956
f 1304/1108/955 1306/1110/957 1302/1106/953
f 1303/1107/954 1305/1109/956 1307/1111/958
f 1308/1112/959 1306/1110/957 1304/1108/955
f 1307/1111/958 1305/1109/956 1309/1113/960
f 1310/1114/961 1306/1110/957 1308/1112/959
f 1307/1111/958 1309/1113/960 1311/1115/962
f 1312/1116/963 1306/1110/957 1310/1114/961
f 1311/1115/962 1309/1113/960 1313/1117/964
f 1310/1114/961 1314/1118/965 1312/1116/963
f 1311/1115/962 1313/1117/964 1315/1119/966
f 1316/1120/967 1314/1118/965 1310/1114/961
f 1315/1119/966 1313/1117/964 1317/1121/968
f 1316/1120/967 1318/1122/969 1314/1118/965
f 1315/1119/966 1317/1121/968 1319/1123/970
f 1320/1124/971 1318/1122/969 1316/1120/967
f 1319/1123/970 1317/1121/968 1321/1125/972
f 1320/1124/971 1322/1126/973 1318/1122/969
f 1323/1127/974 1322/1126/973 1320/1124/971
f 1323/1127/974 1324/1128/975 1322/1126/973
f 1322/1126/973 1324/1128/975 1325/1129/976
f 1326/1130/977 1325/1129/976 1324/1128/975
f 1327/1131/978 1325/1129/976 1326/1130/977
f 1328/1132/979 1327/1131/978 1326/1130/977
f 1329/1133/980 1327/1131/978 1328/1132/979
f 1330/1134/981 1329/1133/980 1328/1132/979
f 1331/1135/982 1329/1133/980 1330/1134/981
f 1330/1134/981 1332/1136/983 1331/1135/982
f 1331/1135/982 1332/1136/983 1333/1137/984
f 1334/1138/985 1333/1137/984 1332/1136/983
f 1335/1139/986 1333/1137/984 1334/1138/985
f 1333/1137/984 1335/1139/986 1336/1140/987
f 1321/1125/972 1337/1141/988 1319/1123/970
f 1338/1142/989 1337/1141/988 1321/1125/972
f 1338/1142/989 1339/1143/990 1337/1141/988
f 1338/1142/989 1321/1125/972 1340/1144/991
f 1337/1141/988 1339/1143/990 1341/1145/992
f 1340/1144/991 1321/1125/972 1342/1146/993
f 1339/1143/990 1343/1147/994 1341/1145/992
f 1344/1148/995 1340/1144/991 1342/1146/993
f 1341/1145/992 1343/1147/994 1345/1149/996
f 1346/1150/997 1340/1144/991 1344/1148/995
f 1347/1151/998 1345/1149/996 1343/1147/994
f 1348/1152/999 1346/1150/997 1344/1148/995
f 1349/1153/1000 1345/1149/996 1347/1151/998
f 1350/1154/1001 1346/1150/997 1348/1152/999
f 1349/1153/1000 1347/1151/998 1351/1155/1002
f 1352/1156/1003 1350/1154/1001 1348/1152/999
f 1351/1155/1002 1347/1151/998 1353/1157/1004
f 1354/1158/1005 1350/1154/1001 1352/1156/1003
f 1351/1155/1002 1353/1157/1004 1355/1159/1006
f 1352/1156/1003 1356/1160/1007 1354/1158/1005
f 1355/1159/1006 1353/1157/1004 1357/1161/1008
f 1358/1162/1009 1356/1160/1007 1352/1156/1003
f 1355/1159/1006 1357/1161/1008 1359/1163/1010
f 1358/1162/1009 1360/1164/1011 1356/1160/1007
f 1359/1163/1010 1357/1161/1008 1361/1165/1012
f 1362/1166/1013 1360/1164/1011 1358/1162/1009
f 1362/1166/1013 1363/1167/1014 1360/1164/1011
f 1364/1168/1015 1363/1167/1014 1362/1166/1013
f 1364/1168/1015 1365/1169/1016 1363/1167/1014
f 1366/1170/1017 1365/1169/1016 1364/1168/1015
f 1365/1169/1016 1366/1170/1017 1367/1171/1018
f 1367/1171/1018 1366/1170/1017 1368/1172/1019
f 1367/1171/1018 1368/1172/1019 1369/1173/1020
f 1369/1173/1020 1368/1172/1019 1370/1174/1021
f 1369/1173/1020 1370/1174/1021 1371/1175/1022
f 1371/1175/1022 1370/1174/1021 1372/1176/1023
f 1371/1175/1022 1372/1176/1023 1373/1177/1024
f 1373/1177/1024 1372/1176/1023 1374/1178/1025
f 1373/1177/1024 1374/1178/1025 1375/1179/1026
f 1375/1179/1026 1374/1178/1025 1376/1180/1026
f 1377/1181/1027 1359/1163/1010 1361/1165/1012
f 1361/1165/1012 1378/1182/1028 1377/1181/1027
f 1377/1181/1027 1378/1182/1028 1379/1183/1029
f 1379/1183/1029 1380/1184/1030 1377/1181/1027
f 1378/1182/1028 1361/1165/1012 1381/1185/1031
f 1382/1186/1032 1380/1184/1030 1379/1183/1029
f 1382/1186/1032 1383/1187/1033 1380/1184/1030
f 1384/1188/1034 1383/1187/1033 1382/1186/1032
f 1384/1188/1034 1385/1189/1035 1383/1187/1033
f 1386/1190/1036 1385/1189/1035 1384/1188/1034
f 1387/1191/1037 1381/1185/1031 1388/1192/1038
f 1388/1192/1038 1381/1185/1031 1389/1193/1039
f 1381/1185/1031 1361/1165/1012 1389/1193/1039
f 1361/1165/1012 1390/1194/1040 1389/1193/1039
f 1389/1193/1039 1390/1194/1040 1391/1195/1041
f 1392/1196/1042 1391/1195/1041 1390/1194/1040
f 1392/1196/1042 1393/1197/1043 1391/1195/1041
f 1394/1198/1044 1393/1197/1043 1392/1196/1042
f 1393/1197/1043 1394/1198/1044 1395/1199/1045
f 1395/1199/1045 1394/1198/1044 1396/1200/1046
f 1396/1200/1046 1397/1201/1047 1395/1199/1045
f 1395/1199/1045 1397/1201/1047 1398/1202/1048
f 1399/1203/1049 1398/1202/1048 1397/1201/1047
f 1400/1204/1050 1398/1202/1048 1399/1203/1049
f 1399/1203/1049 1401/1205/1051 1400/1204/1050
f 1400/1204/1050 1401/1205/1051 1402/1206/1052
f 1403/1207/1053 1402/1206/1052 1401/1205/1051
f 1404/1208/1054 1402/1206/1052 1403/1207/1053
f 1406/1209/1055 1405/1210/1056 1407/1211/1057
f 1407/1211/1057 1405/1210/1056 1408/1212/1058
f 1407/1211/1057 1408/1212/1058 1409/1213/1059
f 1409/1213/1059 1408/1212/1058 1410/1214/1060
f 1410/1214/1060 1411/1215/1061 1409/1213/1059
f 1412/1216/1062 1411/1215/1061 1410/1214/1060
f 1414/1217/1063 1413/1218/1064 1415/1219/1065
f 1415/1219/1065 1413/1218/1064 1416/1220/1066
f 1416/1220/1066 1417/1221/1067 1415/1219/1065
f 1418/1222/1068 1417/1221/1067 1416/1220/1066
f 1418/1222/1068 1419/1223/1069 1417/1221/1067
f 1420/1224/1070 1419/1223/1069 1418/1222/1068
f 1420/1224/1070 1421/1225/1071 1419/1223/1069
f 1420/1224/1070 1422/1226/1072 1421/1225/1071
f 1419/1223/1069 1421/1225/1071 1423/1227/1073
f 1419/1223/1069 1423/1227/1073 1424/1228/1074
f 1423/1227/1073 1425/1229/1075 1424/1228/1074
f 1426/1230/1076 1425/1229/1075 1423/1227/1073
f 1425/1229/1075 1426/1230/1076 1427/1231/1077
f 1427/1231/1077 1426/1230/1076 1428/1232/1078
f 1421/1225/1071 1422/1226/1072 1429/1233/1079
f 1429/1233/1079 1430/1234/1080 1421/1225/1071
f 1421/1225/1071 1430/1234/1080 1431/1235/1081
f 1430/1234/1080 1432/1236/1082 1431/1235/1081
f 1431/1235/1081 1432/1236/1082 1433/1237/1083
f 1429/1233/1079 1422/1226/1072 1434/1238/1084
f 1432/1236/1082 1435/1239/1085 1433/1237/1083
f 1435/1239/1085 1436/1240/1086 1433/1237/1083
f 1437/1241/1087 1436/1240/1086 1435/1239/1085
f 1435/1239/1085 1438/1242/1088 1437/1241/1087
f 1439/1243/1089 1438/1242/1088 1435/1239/1085
f 1439/1243/1089 1440/1244/1090 1438/1242/1088
f 1438/1242/1088 1440/1244/1090 1441/1245/1091
f 1442/1246/1092 1441/1245/1091 1440/1244/1090
f 1443/1247/1093 1441/1245/1091 1442/1246/1092
f 1442/1246/1092 1444/1248/1094 1443/1247/1093
f 1445/1249/1095 1444/1248/1094 1442/1246/1092
f 1434/1238/1084 1422/1226/1072 1446/1250/1096
f 1422/1226/1072 1447/1251/1097 1446/1250/1096
f 1446/1250/1096 1447/1251/1097 1448/1252/1098
f 1447/1251/1097 1449/1253/1099 1448/1252/1098
f 1446/1250/1096 1450/1254/1100 1434/1238/1084
f 1451/1255/1101 1449/1253/1099 1447/1251/1097
f 1452/1256/1102 1450/1254/1100 1446/1250/1096
f 1454/1257/1103 1453/1258/1104 1451/1255/1101
f 1451/1255/1101 1453/1258/1104 1455/1259/1105
f 1455/1259/1105 1449/1253/1099 1451/1255/1101
f 1455/1259/1105 1456/1260/1106 1449/1253/1099
f 1449/1253/1099 1456/1260/1106 1457/1261/1107
f 1458/1262/1108 1457/1261/1107 1456/1260/1106
f 1458/1262/1108 1459/1263/1109 1457/1261/1107
f 1450/1254/1100 1460/1264/1110 1434/1238/1084
f 1434/1238/1084 1460/1264/1110 1461/1265/1111
f 1461/1265/1111 1460/1264/1110 1462/1266/1112
f 1462/1266/1112 1460/1264/1110 1463/1267/1113
f 1452/1256/1102 1464/1268/1114 1450/1254/1100
f 1465/1269/1115 1463/1267/1113 1460/1264/1110
f 1466/1270/1116 1459/1263/1109 1458/1262/1108
f 1459/1263/1109 1466/1270/1116 1452/1256/1102
f 1466/1270/1116 1458/1262/1108 1467/1271/1117
f 1452/1256/1102 1466/1270/1116 1468/1272/1118
f 1468/1272/1118 1464/1268/1114 1452/1256/1102
f 1469/1273/1119 1464/1268/1114 1468/1272/1118
f 1465/1269/1115 1464/1268/1114 1469/1273/1119
f 1469/1273/1119 1463/1267/1113 1465/1269/1115
f 1469/1273/1119 1470/1274/1120 1463/1267/1113
f 1463/1267/1113 1470/1274/1120 1471/1275/1121
f 1470/1274/1120 1472/1276/1122 1471/1275/1121
f 1471/1275/1121 1472/1276/1122 1473/1277/1123
f 1472/1276/1122 1474/1278/1124 1473/1277/1123
f 1473/1277/1123 1475/1279/1125 1471/1275/1121
f 1476/1280/1126 1474/1278/1124 1472/1276/1122
f 1471/1275/1121 1475/1279/1125 1477/1281/1127
f 1476/1280/1126 1478/1282/1128 1474/1278/1124
f 1479/1283/1129 1477/1281/1127 1475/1279/1125
f 1480/1284/1130 1478/1282/1128 1476/1280/1126
f 1481/1285/1131 1477/1281/1127 1479/1283/1129
f 1480/1284/1130 1482/1286/1132 1478/1282/1128
f 1483/1287/1133 1481/1285/1131 1479/1283/1129
f 1478/1282/1128 1482/1286/1132 1484/1288/1134
f 1485/1289/1135 1481/1285/1131 1483/1287/1133
f 1486/1290/1136 1484/1288/1134 1482/1286/1132
f 1485/1289/1135 1483/1287/1133 1487/1291/1137
f 1488/1292/1136 1484/1288/1134 1486/1290/1136
f 1487/1291/1137 1483/1287/1133 1489/1293/1138
f 1490/1294/1136 1488/1292/1136 1486/1290/1136
f 1491/1295/1136 1488/1292/1136 1490/1294/1136
f 1489/1293/1138 1492/1296/1139 1487/1291/1137
f 1493/1297/1140 1492/1296/1139 1489/1293/1138
f 1492/1296/1139 1493/1297/1140 1494/1298/1141
f 1494/1298/1141 1493/1297/1140 1495/1299/1142
f 1494/1298/1141 1495/1299/1142 1496/1300/1143
f 1496/1300/1143 1495/1299/1142 1497/1301/1144
f 1497/1301/1144 1498/1302/1145 1496/1300/1143
f 1496/1300/1143 1498/1302/1145 1499/1303/1146
f 1499/1303/1146 1498/1302/1145 1500/1304/1147
f 1500/1304/1147 1498/1302/1145 1501/1305/1148
f 1501/1305/1148 1502/1306/1149 1500/1304/1147
f 1503/1307/1150 1502/1306/1149 1501/1305/1148
f 1503/1307/1150 1504/1308/1151 1502/1306/1149
f 1505/1309/1152 1504/1308/1151 1503/1307/1150
f 1505/1309/1152 1506/1310/1153 1504/1308/1151
f 1507/1311/1154 1506/1310/1153 1505/1309/1152
f 1507/1311/1154 1508/1312/1155 1506/1310/1153
f 1509/1313/1156 1508/1312/1155 1507/1311/1154
f 1509/1313/1156 1510/1314/1157 1508/1312/1155
f 1511/1315/1158 1510/1314/1157 1509/1313/1156
f 1513/1316/1159 1512/1317/1160 1514/1318/1161
f 1514/1318/1161 1512/1317/1160 1515/1319/1162
f 1514/1318/1161 1515/1319/1162 1516/1320/1163
f 1516/1320/1163 1515/1319/1162 1517/1321/1164
f 1519/1322/1165 1518/1323/1166 1520/1324/1167
f 1520/1324/1167 1518/1323/1166 1521/1325/1168
f 1520/1324/1167 1521/1325/1168 1522/1326/1169
f 1522/1326/1169 1521/1325/1168 1523/1327/1170
f 1524/1328/1171 1522/1326/1169 1523/1327/1170
f 1525/1329/1172 1522/1326/1169 1524/1328/1171
f 1527/1330/1173 1526/1331/1174 1528/1332/1175
f 1528/1332/1175 1526/1331/1174 1529/1333/1176
f 1528/1332/1175 1529/1333/1176 1530/1334/1177
f 1530/1334/1177 1529/1333/1176 1531/1335/1178
f 1532/1336/1179 1530/1334/1177 1531/1335/1178
f 1533/1337/1180 1530/1334/1177 1532/1336/1179
f 1533/1337/1180 1532/1336/1179 1534/1338/1181
f 1534/1338/1181 1532/1336/1179 1535/1339/1182
f 1534/1338/1181 1535/1339/1182 1536/1340/1183
f 1536/1340/1183 1535/1339/1182 1537/1341/1184
f 1538/1342/1185 1536/1340/1183 1537/1341/1184
f 1539/1343/1186 1536/1340/1183 1538/1342/1185
f 1540/1344/1187 1539/1343/1186 1538/1342/1185
f 1541/1345/1188 1539/1343/1186 1540/1344/1187
f 1541/1345/1188 1540/1344/1187 1542/1346/1189
f 1542/1346/1189 1540/1344/1187 1543/1347/1190
f 1545/1348/1191 1544/1349/1192 1546/1350/1193
f 1546/1350/1193 1544/1349/1192 1547/1351/1194
f 1546/1350/1193 1547/1351/1194 1548/1352/1195
f 1548/1352/1195 1547/1351/1194 1549/1353/1196
f 1548/1352/1195 1549/1353/1196 1550/1354/1197
f 1550/1354/1197 1549/1353/1196 1551/1355/1198
f 1550/1354/1197 1551/1355/1198 1552/1356/1199
f 1552/1356/1199 1551/1355/1198 1553/1357/1200
f 1552/1356/1199 1553/1357/1200 1554/1358/1201
f 1554/1358/1201 1553/1357/1200 1555/1359/1202
f 1554/1358/1201 1555/1359/1202 1556/1360/1203
f 1556/1360/1203 1555/1359/1202 1557/1361/1204
f 1558/1362/1205 1556/1360/1203 1557/1361/1204
f 1559/1363/1206 1556/1360/1203 1558/1362/1205
f 1559/1363/1206 1558/1362/1205 1560/1364/1207
f 1560/1364/1207 1558/1362/1205 1561/1365/1208
f 1561/1365/1208 1562/1366/1209 1560/1364/1207
f 1560/1364/1207 1562/1366/1209 1563/1367/1210
f 1563/1367/1210 1562/1366/1209 1564/1368/1211
f 1564/1368/1211 1562/1366/1209 1565/1369/1212
f 1564/1368/1211 1565/1369/1212 1566/1370/1213
f 1566/1370/1213 1565/1369/1212 1567/1371/1214
f 1567/1371/1214 1568/1372/1215 1566/1370/1213
f 1566/1370/1213 1568/1372/1215 1569/1373/1216
f 1567/1371/1214 1570/1374/1217 1568/1372/1215
f 1568/1372/1215 1570/1374/1217 1571/1375/1218
f 1570/1374/1217 1572/1376/1219 1571/1375/1218
f 1570/1374/1217 1573/1377/1220 1572/1376/1219
f 1572/1376/1219 1573/1377/1220 1574/1378/1221
f 1576/1379/1222 1575/1380/1223 1577/1381/1224
f 1577/1381/1224 1575/1380/1223 1578/1382/1225
f 1577/1381/1224 1578/1382/1225 1579/1383/1226
f 1579/1383/1226 1578/1382/1225 1580/1384/1227
f 1579/1383/1226 1580/1384/1227 1581/1385/1228
f 1581/1385/1228 1580/1384/1227 1582/1386/1228
f 1584/1387/1229 1583/1388/1229 1585/1389/1230
f 1583/1388/1229 1586/1390/1231 1585/1389/1230
f 1587/1391/1232 1585/1389/1230 1586/1390/1231
f 1588/1392/1233 1587/1391/1232 1586/1390/1231
f 1588/1392/1233 1589/1393/1234 1587/1391/1232
f 1589/1393/1234 1590/1394/1235 1587/1391/1232
f 1589/1393/1234 1591/1395/1236 1590/1394/1235
f 1591/1395/1236 1592/1396/1237 1590/1394/1235
f 1593/1397/1238 1592/1396/1237 1591/1395/1236
f 1594/1398/1239 1593/1397/1238 1591/1395/1236
f 1594/1398/1239 1595/1399/1240 1593/1397/1238
f 1595/1399/1240 1596/1400/1241 1593/1397/1238
f 1597/1401/1242 1596/1400/1241 1595/1399/1240
f 1598/1402/1243 1597/1401/1242 1595/1399/1240
f 1598/1402/1243 1599/1403/1244 1597/1401/1242
f 1599/1403/1244 1600/1404/1245 1597/1401/1242
f 1599/1403/1244 1601/1405/1242 1600/1404/1245
f 1601/1405/1242 1602/1406/1242 1600/1404/1245
f 1603/1407/1246 1602/1406/1242 1601/1405/1242
f 1604/1408/1247 1603/1407/1246 1601/1405/1242
f 1604/1408/1247 1605/1409/1248 1603/1407/1246
f 1605/1409/1248 1606/1410/1249 1603/1407/1246
f 1605/1409/1248 1607/1411/1250 1606/1410/1249
f 1607/1411/1250 1608/1412/1251 1606/1410/1249
f 1609/1413/1252 1608/1412/1251 1607/1411/1250
f 1610/1414/1253 1609/1413/1252 1607/1411/1250
f 1611/1415/1254 1609/1413/1252 1610/1414/1253
f 1612/1416/1255 1611/1415/1254 1610/1414/1253
f 1612/1416/1255 1613/1417/1256 1611/1415/1254
f 1613/1417/1256 1614/1418/1257 1611/1415/1254
f 1613/1417/1256 1615/1419/1258 1614/1418/1257
f 1615/1419/1258 1616/1420/1259 1614/1418/1257
f 1617/1421/1260 1616/1420/1259 1615/1419/1258
f 1618/1422/1261 1617/1421/1260 1615/1419/1258
f 1618/1422/1261 1619/1423/1262 1617/1421/1260
f 1619/1423/1262 1620/1424/1263 1617/1421/1260
f 1621/1425/1264 1620/1424/1263 1619/1423/1262
f 1622/1426/1265 1621/1425/1264 1619/1423/1262
f 1622/1426/1265 1623/1427/1266 1621/1425/1264
f 1623/1427/1266 1624/1428/1267 1621/1425/1264
f 1623/1427/1266 1625/1429/1268 1624/1428/1267
f 1625/1429/1268 1626/1430/1269 1624/1428/1267
f 1627/1431/1270 1626/1430/1269 1625/1429/1268
f 1628/1432/1271 1627/1431/1270 1625/1429/1268
f 1627/1431/1270 1628/1432/1271 1629/1433/1272
f 1630/1434/1273 1627/1431/1270 1629/1433/1272
f 1629/1433/1272 1631/1435/1274 1630/1434/1273
f 1631/1435/1274 1632/1436/1275 1630/1434/1273
f 1633/1437/1276 1632/1436/1275 1631/1435/1274
f 1634/1438/1277 1633/1437/1276 1631/1435/1274
f 1635/1439/1278 1633/1437/1276 1634/1438/1277
f 1636/1440/1279 1635/1439/1278 1634/1438/1277
f 1637/1441/1280 1635/1439/1278 1636/1440/1279
f 1638/1442/1280 1637/1441/1280 1636/1440/1279
f 1638/1442/1280 1639/1443/1281 1637/1441/1280
f 1639/1443/1281 1640/1444/1282 1637/1441/1280
f 1639/1443/1281 1641/1445/1283 1640/1444/1282
f 1641/1445/1283 1642/1446/1284 1640/1444/1282
f 1641/1445/1283 1643/1447/1285 1642/1446/1284
f 1643/1447/1285 1644/1448/1286 1642/1446/1284
f 1645/1449/1287 1644/1448/1286 1643/1447/1285
f 1646/1450/1288 1645/1449/1287 1643/1447/1285
f 1646/1450/1288 1647/1451/1289 1645/1449/1287
f 1647/1451/1289 1648/1452/1289 1645/1449/1287
f 1647/1451/1289 1649/1453/693 1648/1452/1289
f 1649/1453/693 1650/1454/693 1648/1452/1289
f 1651/1455/1290 1650/1454/693 1649/1453/693
f 1652/1456/1291 1651/1455/1290 1649/1453/693
f 1652/1456/1291 1653/1457/897 1651/1455/1290
f 1653/1457/897 1654/1458/1292 1651/1455/1290
f 1653/1457/897 1655/1459/1285 1654/1458/1292
f 1655/1459/1285 1656/1460/1293 1654/1458/1292
f 1657/1461/1294 1656/1460/1293 1655/1459/1285
f 1658/1462/1295 1657/1461/1294 1655/1459/1285
f 1659/1463/1296 1657/1461/1294 1658/1462/1295
f 1660/1464/1286 1659/1463/1296 1658/1462/1295
f 1660/1464/1286 1661/1465/1297 1659/1463/1296
f 1661/1465/1297 1662/1466/1298 1659/1463/1296
f 1661/1465/1297 1663/1467/1299 1662/1466/1298
f 1663/1467/1299 1664/1468/1300 1662/1466/1298
f 1663/1467/1299 1665/1469/1301 1664/1468/1300
f 1665/1469/1301 1666/1470/1302 1664/1468/1300
f 1665/1469/1301 1667/1471/1303 1666/1470/1302
f 1667/1471/1303 1668/1472/1303 1666/1470/1302
f 1667/1471/1303 1669/1473/1304 1668/1472/1303
f 1669/1473/1304 1670/1474/1304 1668/1472/1303
f 1669/1473/1304 1671/1475/1305 1670/1474/1304
f 1671/1475/1305 1672/1476/1306 1670/1474/1304
f 1671/1475/1305 1673/1477/1307 1672/1476/1306
f 1673/1477/1307 1674/1478/1307 1672/1476/1306
f 1675/1479/1308 1674/1478/1307 1673/1477/1307
f 1676/1480/1309 1675/1479/1308 1673/1477/1307
f 1676/1480/1309 1677/1481/1310 1675/1479/1308
f 1677/1481/1310 1678/1482/1311 1675/1479/1308
f 1677/1481/1310 1679/1483/1312 1678/1482/1311
f 1679/1483/1312 1680/1484/1312 1678/1482/1311
f 1681/1485/1313 1680/1484/1312 1679/1483/1312
f 1682/1486/1314 1681/1485/1313 1679/1483/1312
f 1683/1487/1315 1681/1485/1313 1682/1486/1314
f 1684/1488/1316 1683/1487/1315 1682/1486/1314
f 1685/1489/1317 1683/1487/1315 1684/1488/1316
f 1686/1490/1318 1685/1489/1317 1684/1488/1316
f 1686/1490/1318 1687/1491/1319 1685/1489/1317
f 1687/1491/1319 1688/1492/1320 1685/1489/1317
f 1687/1491/1319 1689/1493/1321 1688/1492/1320
f 1689/1493/1321 1690/1494/1322 1688/1492/1320
f 1689/1493/1321 1691/1495/1323 1690/1494/1322
f 1691/1495/1323 1692/1496/1324 1690/1494/1322
f 1691/1495/1323 1693/1497/1325 1692/1496/1324
f 1693/1497/1325 1694/1498/1326 1692/1496/1324
f 1693/1497/1325 1695/1499/1327 1694/1498/1326
f 1695/1499/1327 1696/1500/1328 1694/1498/1326
f 1695/1499/1327 1697/1501/1329 1696/1500/1328
f 1697/1501/1329 1698/1502/1330 1696/1500/1328
f 1699/1503/1331 1698/1502/1330 1697/1501/1329
f 1700/1504/1332 1699/1503/1331 1697/1501/1329
f 1701/1505/1333 1699/1503/1331 1700/1504/1332
f 1702/1506/1334 1701/1505/1333 1700/1504/1332
f 1702/1506/1334 1703/1507/1335 1701/1505/1333
f 1703/1507/1335 1704/1508/1336 1701/1505/1333
f 1705/1509/1337 1704/1508/1336 1703/1507/1335
f 1706/1510/1338 1705/1509/1337 1703/1507/1335
f 1707/1511/1339 1705/1509/1337 1706/1510/1338
f 1708/1512/1340 1707/1511/1339 1706/1510/1338
f 1708/1512/1340 1709/1513/1341 1707/1511/1339
f 1709/1513/1341 1710/1514/1342 1707/1511/1339
f 1709/1513/1341 1711/1515/1343 1710/1514/1342
f 1711/1515/1343 1712/1516/1344 1710/1514/1342
f 1711/1515/1343 1713/1517/1345 1712/1516/1344
f 1713/1517/1345 1714/1518/1345 1712/1516/1344
f 1713/1517/1345 1715/1519/1346 1714/1518/1345
f 1715/1519/1346 1716/1520/1347 1714/1518/1345
f 1715/1519/1346 1717/1521/1348 1716/1520/1347
f 1717/1521/1348 1718/1522/1349 1716/1520/1347
f 1717/1521/1348 1719/1523/1350 1718/1522/1349
f 1719/1523/1350 1720/1524/1351 1718/1522/1349
f 1719/1523/1350 1721/1525/1352 1720/1524/1351
f 1721/1525/1352 1722/1526/1353 1720/1524/1351
f 1723/1527/1354 1722/1526/1353 1721/1525/1352
f 1724/1528/1355 1723/1527/1354 1721/1525/1352
f 1724/1528/1355 1725/1529/1356 1723/1527/1354
f 1725/1529/1356 1726/1530/1357 1723/1527/1354
f 1725/1529/1356 1727/1531/1358 1726/1530/1357
f 1727/1531/1358 1728/1532/1359 1726/1530/1357
f 1730/1533/431 1729/1534/431 1731/1535/431
f 1729/1534/431 1732/1536/431 1731/1535/431
f 1732/1536/431 1733/1537/431 1731/1535/431
f 1734/1538/431 1733/1537/431 1732/1536/431
f 1735/1539/431 1734/1538/431 1732/1536/431
f 1736/1540/431 1734/1538/431 1735/1539/431
f 1737/1541/431 1736/1540/431 1735/1539/431
f 1738/1542/431 1736/1540/431 1737/1541/431
f 1739/1543/431 1738/1542/431 1737/1541/431
f 1738/1542/431 1739/1543/431 1740/1544/431
f 1741/1545/431 1738/1542/431 1740/1544/431
f 1742/1546/431 1741/1545/431 1740/1544/431
f 1743/1547/431 1742/1546/431 1740/1544/431
f 1742/1546/431 1743/1547/431 1744/1548/431
f 1745/1549/431 1742/1546/431 1744/1548/431
f 1746/1550/431 1745/1549/431 1744/1548/431
f 1747/1551/431 1746/1550/431 1744/1548/431
f 1748/1552/431 1746/1550/431 1747/1551/431
f 1749/1553/431 1748/1552/431 1747/1551/431
f 1750/1554/431 1748/1552/431 1749/1553/431
f 1751/1555/431 1750/1554/431 1749/1553/431
f 1752/1556/431 1750/1554/431 1751/1555/431
f 1753/1557/431 1752/1556/431 1751/1555/431
f 1754/1558/431 1752/1556/431 1753/1557/431
f 1755/1559/431 1754/1558/431 1753/1557/431
f 1756/1560/431 1754/1558/431 1755/1559/431
f 1757/1561/431 1756/1560/431 1755/1559/431
f 1758/1562/431 1756/1560/431 1757/1561/431
f 1759/1563/431 1758/1562/431 1757/1561/431
f 1760/1564/431 1758/1562/431 1759/1563/431
f 1761/1565/431 1760/1564/431 1759/1563/431
f 1762/1566/431 1760/1564/431 1761/1565/431
f 1763/1567/431 1762/1566/431 1761/1565/431
f 1764/1568/431 1762/1566/431 1763/1567/431
f 1766/1569/1360 1765/1570/1361 1767/1571/1362
f 1768/1572/1363 1766/1569/1360 1767/1571/1362
f 1768/1572/1363 1767/1571/1362 1769/1573/1364
f 1770/1574/1365 1768/1572/1363 1769/1573/1364
f 1770/1574/1365 1769/1573/1364 1771/1575/1366
f 1772/1576/1367 1770/1574/1365 1771/1575/1366
f 1772/1576/1367 1771/1575/1366 1773/1577/1368
f 1774/1578/1369 1772/1576/1367 1773/1577/1368
f 1774/1578/1369 1773/1577/1368 1775/1579/1370
f 1776/1580/1371 1774/1578/1369 1775/1579/1370
f 1776/1580/1371 1775/1579/1370 1777/1581/1372
f 1778/1582/1373 1776/1580/1371 1777/1581/1372
f 1778/1582/1373 1777/1581/1372 1779/1583/1374
f 1780/1584/1375 1778/1582/1373 1779/1583/1374
f 1780/1584/1375 1779/1583/1374 1781/1585/1376
f 1782/1586/1376 1780/1584/1375 1781/1585/1376
f 1782/1586/1376 1781/1585/1376 1783/1587/1377
f 1784/1588/1378 1782/1586/1376 1783/1587/1377
f 1784/1588/1378 1783/1587/1377 1785/1589/1379
f 1786/1590/1380 1784/1588/1378 1785/1589/1379
f 1786/1590/1380 1785/1589/1379 1787/1591/1381
f 1788/1592/1382 1786/1590/1380 1787/1591/1381
f 1787/1591/1381 1789/1593/1383 1788/1592/1382
f 1789/1593/1383 1790/1594/1384 1788/1592/1382
f 1790/1594/1384 1789/1593/1383 1791/1595/1385
f 1789/1593/1383 1792/1596/1386 1791/1595/1385
f 1791/1595/1385 1792/1596/1386 1793/1597/1387
f 1794/1598/1388 1791/1595/1385 1793/1597/1387
f 1794/1598/1388 1793/1597/1387 1795/1599/1389
f 1796/1600/1390 1794/1598/1388 1795/1599/1389
f 1796/1600/1390 1795/1599/1389 1797/1601/1391
f 1798/1602/1392 1796/1600/1390 1797/1601/1391
f 1798/1602/1392 1797/1601/1391 1799/1603/1393
f 1800/1604/1394 1798/1602/1392 1799/1603/1393
f 1800/1604/1394 1799/1603/1393 1801/1605/1395
f 1802/1606/1396 1800/1604/1394 1801/1605/1395
f 1802/1606/1396 1801/1605/1395 1803/1607/1397
f 1801/1605/1395 1804/1608/1398 1803/1607/1397
f 1803/1607/1397 1804/1608/1398 1805/1609/1399
f 1806/1610/1400 1803/1607/1397 1805/1609/1399
f 1806/1610/1400 1805/1609/1399 1807/1611/1401
f 1808/1612/1402 1806/1610/1400 1807/1611/1401
f 1808/1612/1402 1807/1611/1401 1809/1613/1403
f 1810/1614/1404 1808/1612/1402 1809/1613/1403
f 1810/1614/1404 1809/1613/1403 1811/1615/1405
f 1812/1616/1406 1810/1614/1404 1811/1615/1405
f 1812/1616/1406 1811/1615/1405 1813/1617/1407
f 1811/1615/1405 1814/1618/1408 1813/1617/1407
f 1813/1617/1407 1814/1618/1408 1815/1619/1409
f 1814/1618/1408 1816/1620/1410 1815/1619/1409
f 1815/1619/1409 1816/1620/1410 1817/1621/1411
f 1816/1620/1410 1818/1622/1412 1817/1621/1411
f 1817/1621/1411 1818/1622/1412 1819/1623/1413
f 1818/1622/1412 1820/1624/1414 1819/1623/1413
f 1819/1623/1413 1820/1624/1414 1821/1625/1415
f 1822/1626/1416 1819/1623/1413 1821/1625/1415
f 1822/1626/1416 1821/1625/1415 1823/1627/1417
f 1824/1628/1418 1822/1626/1416 1823/1627/1417
f 1824/1628/1418 1823/1627/1417 1825/1629/1419
f 1823/1627/1417 1826/1630/1420 1825/1629/1419
f 1825/1629/1419 1826/1630/1420 1827/1631/1421
f 1828/1632/1422 1825/1629/1419 1827/1631/1421
f 1828/1632/1422 1827/1631/1421 1829/1633/1423
f 1830/1634/1424 1828/1632/1422 1829/1633/1423
f 1830/1634/1424 1829/1633/1423 1831/1635/1425
f 1832/1636/1426 1830/1634/1424 1831/1635/1425
f 1832/1636/1426 1831/1635/1425 1833/1637/1427
f 1834/1638/1428 1832/1636/1426 1833/1637/1427
f 1834/1638/1428 1833/1637/1427 1835/1639/1429
f 1836/1640/1430 1834/1638/1428 1835/1639/1429
f 1836/1640/1430 1835/1639/1429 1837/1641/1431
f 1835/1639/1429 1838/1642/1360 1837/1641/1431
f 1840/1643/423 1839/1644/1432 1841/1645/1433
f 1842/1646/791 1840/1643/423 1841/1645/1433
f 1842/1646/791 1841/1645/1433 1843/1647/1434
f 1845/1648/423 1844/1649/423 1842/1646/791
f 1846/1650/1435 1845/1648/423 1842/1646/791
f 1847/1651/1436 1846/1650/1435 1842/1646/791
f 1847/1651/1436 1842/1646/791 1843/1647/1434
f 1843/1647/1434 1848/1652/1432 1849/1653/423
f 1843/1647/1434 1849/1653/423 1850/1654/1437
f 1851/1655/1438 1847/1651/1436 1843/1647/1434
f 1851/1655/1438 1843/1647/1434 1850/1654/1437
f 1851/1655/1438 1852/1656/1439 1847/1651/1436
f 1852/1656/1439 1853/1657/423 1847/1651/1436
f 1852/1656/1439 1854/1658/423 1853/1657/423
f 1851/1655/1438 1855/1659/1440 1852/1656/1439
f 1855/1659/1440 1856/1660/786 1852/1656/1439
f 1855/1659/1440 1857/1661/423 1856/1660/786
f 1855/1659/1440 1858/1662/423 1857/1661/423
f 1860/1663/1440 1859/1664/423 1855/1659/1440
f 1851/1655/1438 1860/1663/1440 1855/1659/1440
f 1851/1655/1438 1850/1654/1437 1861/1665/1441
f 1861/1665/1441 1862/1666/423 1863/1667/423
f 1861/1665/1441 1863/1667/423 1864/1668/1442
f 1850/1654/1437 1865/1669/1443 1861/1665/1441
f 1850/1654/1437 1866/1670/1443 1865/1669/1443
f 1866/1670/1443 1867/1671/423 1865/1669/1443
f 1867/1671/423 1868/1672/423 1865/1669/1443
f 1865/1669/1443 1869/1673/1444 1861/1665/1441
f 1865/1669/1443 1870/1674/423 1869/1673/1444
f 1871/1675/1445 1851/1655/1438 1861/1665/1441
f 1871/1675/1445 1861/1665/1441 1864/1668/1442
f 1871/1675/1445 1872/1676/423 1851/1655/1438
f 1871/1675/1445 1873/1677/423 1872/1676/423
f 1871/1675/1445 1864/1668/1442 1874/1678/1446
f 1874/1678/1446 1875/1679/423 1876/1680/423
f 1874/1678/1446 1876/1680/423 1877/1681/1447
f 1871/1675/1445 1874/1678/1446 1877/1681/1447
f 1864/1668/1442 1878/1682/287 1874/1678/1446
f 1864/1668/1442 1879/1683/804 1878/1682/287
f 1879/1683/804 1880/1684/423 1878/1682/287
f 1880/1684/423 1881/1685/423 1878/1682/287
f 1878/1682/287 1882/1686/288 1874/1678/1446
f 1878/1682/287 1883/1687/423 1882/1686/288
f 1883/1687/423 1884/1688/1448 1882/1686/288
f 1871/1675/1445 1877/1681/1447 1885/1689/1449
f 1885/1689/1449 1886/1690/423 1887/1691/423
f 1885/1689/1449 1887/1691/423 1888/1692/1450
f 1871/1675/1445 1885/1689/1449 1888/1692/1450
f 1877/1681/1447 1889/1693/1451 1885/1689/1449
f 1877/1681/1447 1890/1694/1452 1889/1693/1451
f 1889/1693/1451 1891/1695/1451 1885/1689/1449
f 1889/1693/1451 1892/1696/423 1891/1695/1451
f 1890/1694/1452 1893/1697/423 1889/1693/1451
f 1893/1697/423 1894/1698/1453 1889/1693/1451
f 1888/1692/1450 1895/1699/832 1871/1675/1445
f 1888/1692/1450 1896/1700/1454 1895/1699/832
f 1895/1699/832 1897/1701/773 1871/1675/1445
f 1895/1699/832 1898/1702/423 1897/1701/773
f 1896/1700/1454 1899/1703/423 1895/1699/832
f 1899/1703/423 1900/1704/423 1895/1699/832
f 1902/1705/1455 1901/1706/1456 1903/1707/1457
f 1904/1708/1457 1902/1705/1455 1903/1707/1457
f 1904/1708/1457 1903/1707/1457 1905/1709/1458
f 1906/1710/1459 1904/1708/1457 1905/1709/1458
f 1906/1710/1459 1905/1709/1458 1907/1711/1460
f 1908/1712/1461 1906/1710/1459 1907/1711/1460
f 1908/1712/1461 1907/1711/1460 1909/1713/1462
f 1910/1714/1463 1908/1712/1461 1909/1713/1462
f 1910/1714/1463 1909/1713/1462 1911/1715/1464
f 1909/1713/1462 1912/1716/1465 1911/1715/1464
f 1912/1716/1465 1913/1717/220 1911/1715/1464
f 1914/1718/220 1913/1717/220 1912/1716/1465
f 1915/1719/220 1914/1718/220 1912/1716/1465
f 1917/1720/220 1916/1721/220 1912/1716/1465
f 1916/1721/220 1915/1719/220 1912/1716/1465
f 1916/1721/220 1918/1722/1466 1915/1719/220
f 1919/1723/220 1918/1722/1466 1916/1721/220
f 1918/1722/1466 1920/1724/220 1915/1719/220
f 1918/1722/1466 1921/1725/220 1920/1724/220
f 1922/1726/1467 1921/1725/220 1918/1722/1466
f 1922/1726/1467 1918/1722/1466 1923/1727/1468
f 1924/1728/1469 1922/1726/1467 1923/1727/1468
f 1925/1729/1470 1924/1728/1469 1923/1727/1468
f 1926/1730/1471 1925/1729/1470 1923/1727/1468
f 1925/1729/1470 1926/1730/1471 1927/1731/1472
f 1926/1730/1471 1928/1732/1473 1927/1731/1472
f 1929/1733/1474 1927/1731/1472 1928/1732/1473
f 1930/1734/1475 1929/1733/1474 1928/1732/1473
f 1929/1733/1474 1930/1734/1475 1931/1735/237
f 1930/1734/1475 1932/1736/1476 1931/1735/237
f 1934/1737/215 1933/1738/215 1935/1739/215
f 1936/1740/1477 1934/1737/215 1935/1739/215
f 1936/1740/1477 1935/1739/215 1937/1741/215
f 1939/1742/1478 1938/1743/1479 1936/1740/1477
f 1940/1744/1480 1939/1742/1478 1936/1740/1477
f 1940/1744/1480 1936/1740/1477 1937/1741/215
f 1940/1744/1480 1937/1741/215 1941/1745/215
f 1937/1741/215 1942/1746/215 1941/1745/215
f 1944/1747/1481 1943/1748/1482 1945/1749/1483
f 1946/1750/1484 1944/1747/1481 1945/1749/1483
f 1947/1751/1485 1946/1750/1484 1945/1749/1483
f 1947/1751/1485 1948/1752/1486 1946/1750/1484
f 1950/1753/1487 1949/1754/1487 1951/1755/1488
f 1949/1754/1487 1952/1756/1488 1951/1755/1488
f 1953/1757/1489 1951/1755/1488 1952/1756/1488
f 1954/1758/1490 1953/1757/1489 1952/1756/1488
f 1953/1757/1489 1954/1758/1490 1955/1759/1491
f 1956/1760/1492 1953/1757/1489 1955/1759/1491
f 1957/1761/1493 1956/1760/1492 1955/1759/1491
f 1958/1762/1494 1957/1761/1493 1955/1759/1491
f 1958/1762/1494 1959/1763/1495 1957/1761/1493
f 1959/1763/1495 1960/1764/1496 1957/1761/1493
f 1960/1764/1496 1959/1763/1495 1961/1765/1497
f 1962/1766/1498 1960/1764/1496 1961/1765/1497
f 1962/1766/1498 1961/1765/1497 1963/1767/1499
f 1961/1765/1497 1964/1768/1500 1963/1767/1499
f 1964/1768/1500 1965/1769/1501 1963/1767/1499
f 1965/1769/1501 1966/1770/1502 1963/1767/1499
f 1965/1769/1501 1967/1771/1503 1966/1770/1502
f 1967/1771/1503 1968/1772/1504 1966/1770/1502
f 1968/1772/1504 1967/1771/1503 1969/1773/1505
f 1970/1774/1506 1968/1772/1504 1969/1773/1505
f 1970/1774/1506 1969/1773/1505 1971/1775/1507
f 1969/1773/1505 1972/1776/1508 1971/1775/1507
f 1971/1775/1507 1972/1776/1508 1973/1777/1509
f 1974/1778/1510 1971/1775/1507 1973/1777/1509
f 1975/1779/1511 1974/1778/1510 1973/1777/1509
f 1976/1780/1512 1975/1779/1511 1973/1777/1509
f 1975/1779/1511 1976/1780/1512 1977/1781/1513
f 1976/1780/1512 1978/1782/1514 1977/1781/1513
f 1977/1781/1513 1978/1782/1514 1979/1783/1515
f 1980/1784/1516 1977/1781/1513 1979/1783/1515
f 1980/1784/1516 1979/1783/1515 1981/1785/1517
f 1979/1783/1515 1982/1786/1517 1981/1785/1517
f 1981/1785/1517 1982/1786/1517 1983/1787/1518
f 1984/1788/1519 1981/1785/1517 1983/1787/1518
f 1984/1788/1519 1983/1787/1518 1985/1789/1520
f 1986/1790/1521 1984/1788/1519 1985/1789/1520
f 1987/1791/1522 1986/1790/1521 1985/1789/1520
f 1988/1792/1523 1987/1791/1522 1985/1789/1520
f 1987/1791/1522 1988/1792/1523 1989/1793/1524
f 1988/1792/1523 1990/1794/1525 1989/1793/1524
f 1989/1793/1524 1990/1794/1525 1991/1795/1526
f 1990/1794/1525 1992/1796/1527 1991/1795/1526
f 1991/1795/1526 1992/1796/1527 1993/1797/1528
f 1992/1796/1527 1994/1798/1529 1993/1797/1528
f 1995/1799/461 1993/1797/1528 1994/1798/1529
f 1996/1800/1530 1995/1799/461 1994/1798/1529
f 1995/1799/461 1996/1800/1530 1997/1801/1531
f 1998/1802/1532 1995/1799/461 1997/1801/1531
f 2000/1803/1533 1999/1804/1534 2001/1805/1535
f 2001/1805/1535 1999/1804/1534 2002/1806/1536
f 2002/1806/1536 1999/1804/1534 2003/1807/1537
f 2004/1808/1538 2002/1806/1536 2003/1807/1537
f 2005/1809/1539 2002/1806/1536 2004/1808/1538
f 2006/1810/1540 2005/1809/1539 2004/1808/1538
f 2005/1809/1539 2006/1810/1540 2007/1811/1541
f 2004/1808/1538 2008/1812/1542 2006/1810/1540
f 2007/1811/1541 2006/1810/1540 2009/1813/1543
f 2006/1810/1540 2008/1812/1542 2010/1814/1544
f 2007/1811/1541 2009/1813/1543 2011/1815/1545
f 2008/1812/1542 2012/1816/1546 2010/1814/1544
f 2010/1814/1544 2012/1816/1546 2013/1817/1547
f 2012/1816/1546 2014/1818/1548 2013/1817/1547
f 2013/1817/1547 2014/1818/1548 2015/1819/1549
f 2016/1820/1550 2015/1819/1549 2014/1818/1548
f 2017/1821/1551 2015/1819/1549 2016/1820/1550
f 2018/1822/1552 2017/1821/1551 2016/1820/1550
f 2019/1823/1553 2017/1821/1551 2018/1822/1552
f 2019/1823/1553 2018/1822/1552 2020/1824/1554
f 2020/1824/1554 2018/1822/1552 2021/1825/1555
f 2022/1826/1556 2020/1824/1554 2021/1825/1555
f 2023/1827/1557 2020/1824/1554 2022/1826/1556
f 2024/1828/1558 2023/1827/1557 2022/1826/1556
f 2025/1829/1559 2023/1827/1557 2024/1828/1558
f 2024/1828/1558 2026/1830/1560 2025/1829/1559
f 2025/1829/1559 2026/1830/1560 2027/1831/1561
f 2026/1830/1560 2028/1832/1562 2027/1831/1561
f 2027/1831/1561 2029/1833/1563 2025/1829/1559
f 2027/1831/1561 2028/1832/1562 2030/1834/1564
f 2025/1829/1559 2029/1833/1563 2031/1835/1565
f 2032/1836/1566 2030/1834/1564 2028/1832/1562
f 2033/1837/1567 2031/1835/1565 2029/1833/1563
f 2034/1838/1568 2030/1834/1564 2032/1836/1566
f 2035/1839/1569 2031/1835/1565 2033/1837/1567
f 2032/1836/1566 2036/1840/1570 2034/1838/1568
f 2033/1837/1567 2037/1841/1571 2035/1839/1569
f 2034/1838/1568 2036/1840/1570 2038/1842/1572
f 2039/1843/1573 2037/1841/1571 2033/1837/1567
f 2040/1844/1574 2038/1842/1572 2036/1840/1570
f 2039/1843/1573 2041/1845/1575 2037/1841/1571
f 2042/1846/1576 2038/1842/1572 2040/1844/1574
f 2043/1847/1577 2041/1845/1575 2039/1843/1573
f 2040/1844/1574 2044/1848/1578 2042/1846/1576
f 2045/1849/1579 2041/1845/1575 2043/1847/1577
f 2042/1846/1576 2044/1848/1578 2046/1850/1580
f 2047/1851/1581 2041/1845/1575 2045/1849/1579
f 2044/1848/1578 2048/1852/1582 2046/1850/1580
f 2049/1853/1583 2047/1851/1581 2045/1849/1579
f 2046/1850/1580 2048/1852/1582 2050/1854/1584
f 2051/1855/1585 2047/1851/1581 2049/1853/1583
f 2048/1852/1582 2052/1856/757 2050/1854/1584
f 2053/1857/1586 2051/1855/1585 2049/1853/1583
f 2054/1858/1587 2052/1856/757 2048/1852/1582
f 2055/1859/1586 2051/1855/1585 2053/1857/1586
f 2052/1856/757 2054/1858/1587 2056/1860/1588
f 2056/1860/1588 2054/1858/1587 2057/1861/1588
f 2053/1857/1586 2058/1862/1589 2055/1859/1586
f 2055/1859/1586 2058/1862/1589 2059/1863/1590
f 2058/1862/1589 2060/1864/1591 2059/1863/1590
f 2059/1863/1590 2060/1864/1591 2009/1813/1543
f 2011/1815/1545 2009/1813/1543 2060/1864/1591
f 2061/1865/1592 2011/1815/1545 2060/1864/1591
f 2062/1866/1593 2011/1815/1545 2061/1865/1592
f 2062/1866/1593 2061/1865/1592 2063/1867/1594
f 2063/1867/1594 2061/1865/1592 2064/1868/1595
f 2064/1868/1595 2065/1869/1596 2063/1867/1594
f 2066/1870/1597 2065/1869/1596 2064/1868/1595
f 2063/1867/1594 2065/1869/1596 2067/1871/1598
f 2066/1870/1597 2068/1872/1599 2065/1869/1596
f 2065/1869/1596 2068/1872/1599 2069/1873/1600
f 2067/1871/1598 2065/1869/1596 2070/1874/1601
f 2068/1872/1599 2071/1875/1602 2069/1873/1600
f 2069/1873/1600 2071/1875/1602 2072/1876/1603
f 2071/1875/1602 2073/1877/1604 2072/1876/1603
f 2074/1878/1605 2073/1877/1604 2071/1875/1602
f 2075/1879/1606 2073/1877/1604 2074/1878/1605
f 2076/1880/1607 2067/1871/1598 2070/1874/1601
f 2077/1881/1608 2067/1871/1598 2076/1880/1607
f 2078/1882/1609 2076/1880/1607 2070/1874/1601
f 2076/1880/1607 2079/1883/1610 2077/1881/1608
f 2080/1884/1611 2076/1880/1607 2078/1882/1609
f 2081/1885/1612 2079/1883/1610 2076/1880/1607
f 2080/1884/1611 2078/1882/1609 2082/1886/1613
f 2082/1886/1613 2078/1882/1609 2083/1887/1614
f 2080/1884/1611 2082/1886/1613 2084/1888/1615
f 2082/1886/1613 2083/1887/1614 2085/1889/1616
f 2084/1888/1615 2082/1886/1613 2086/1890/1617
f 2083/1887/1614 2087/1891/1618 2085/1889/1616
f 2084/1888/1615 2086/1890/1617 2088/1892/1619
f 2087/1891/1618 2089/1893/1620 2085/1889/1616
f 2088/1892/1619 2086/1890/1617 2090/1894/1621
f 2091/1895/1622 2089/1893/1620 2087/1891/1618
f 2088/1892/1619 2090/1894/1621 2092/1896/1623
f 2092/1896/1623 2090/1894/1621 2093/1897/1623
f 2094/1898/1624 2089/1893/1620 2091/1895/1622
f 2091/1895/1622 2095/1899/1625 2094/1898/1624
f 2094/1898/1624 2095/1899/1625 2096/1900/1626
f 2075/1879/1606 2096/1900/1626 2095/1899/1625
f 2097/1901/1627 2096/1900/1626 2075/1879/1606
f 2075/1879/1606 2098/1902/1628 2097/1901/1627
f 2074/1878/1605 2098/1902/1628 2075/1879/1606
f 2099/1903/1629 2098/1902/1628 2074/1878/1605
f 2100/1904/1628 2098/1902/1628 2099/1903/1629
f 2100/1904/1628 2099/1903/1629 2101/1905/1630
f 2101/1905/1630 2099/1903/1629 2102/1906/1631
f 2102/1906/1631 2103/1907/1632 2101/1905/1630
f 2101/1905/1630 2103/1907/1632 2104/1908/1633
f 2104/1908/1633 2103/1907/1632 2105/1909/1634
f 2105/1909/1634 2103/1907/1632 2106/1910/1635
f 2106/1910/1635 2107/1911/1636 2105/1909/1634
f 2108/1912/1637 2107/1911/1636 2106/1910/1635
f 2108/1912/1637 2109/1913/1638 2107/1911/1636
f 2107/1911/1636 2109/1913/1638 2110/1914/1639
f 2111/1915/1640 2110/1914/1639 2109/1913/1638
f 2112/1916/1641 2110/1914/1639 2111/1915/1640
f 2111/1915/1640 2113/1917/1642 2112/1916/1641
f 2112/1916/1641 2113/1917/1642 2114/1918/1642
f 2113/1917/1642 2115/1919/1643 2114/1918/1642
f 2116/1920/1619 2115/1919/1643 2113/1917/1642
f 2116/1920/1619 2117/1921/1644 2115/1919/1643
f 2118/1922/1645 2117/1921/1644 2116/1920/1619
f 2117/1921/1644 2118/1922/1645 2119/1923/1646
f 2119/1923/1646 2118/1922/1645 2120/1924/1647
f 2119/1923/1646 2120/1924/1647 2121/1925/1648
f 2121/1925/1648 2120/1924/1647 2122/1926/1648
f 2122/1926/1648 2123/1927/1649 2121/1925/1648
f 2121/1925/1648 2123/1927/1649 2124/1928/1650
f 2125/1929/1651 2124/1928/1650 2123/1927/1649
f 2126/1930/1652 2124/1928/1650 2125/1929/1651
f 2081/1885/1612 2127/1931/1653 2079/1883/1610
f 2079/1883/1610 2127/1931/1653 2128/1932/1654
f 2081/1885/1612 2129/1933/1655 2127/1931/1653
f 2130/1934/1656 2128/1932/1654 2127/1931/1653
f 2131/1935/1657 2129/1933/1655 2081/1885/1612
f 2132/1936/1658 2128/1932/1654 2130/1934/1656
f 2131/1935/1657 2133/1937/1659 2129/1933/1655
f 2130/1934/1656 2134/1938/1660 2132/1936/1658
f 2129/1933/1655 2133/1937/1659 2135/1939/1661
f 2132/1936/1658 2134/1938/1660 2136/1940/1662
f 2137/1941/1663 2135/1939/1661 2133/1937/1659
f 2134/1938/1660 2138/1942/1664 2136/1940/1662
f 2139/1943/1665 2135/1939/1661 2137/1941/1663
f 2140/1944/1664 2138/1942/1664 2134/1938/1660
f 2137/1941/1663 2141/1945/1666 2139/1943/1665
f 2140/1944/1664 2142/1946/1667 2138/1942/1664
f 2138/1942/1664 2142/1946/1667 2143/1947/1667
f 2144/1948/1668 2141/1945/1666 2137/1941/1663
f 2144/1948/1668 2145/1949/1669 2141/1945/1666
f 2146/1950/1670 2145/1949/1669 2144/1948/1668
f 2146/1950/1670 2147/1951/1671 2145/1949/1669
f 2148/1952/1672 2147/1951/1671 2146/1950/1670
f 2148/1952/1672 2149/1953/1673 2147/1951/1671
f 2150/1954/1674 2149/1953/1673 2148/1952/1672
f 2150/1954/1674 2151/1955/1675 2149/1953/1673
f 2149/1953/1673 2151/1955/1675 2152/1956/1676
f 2152/1956/1676 2153/1957/1677 2149/1953/1673
f 2154/1958/1678 2152/1956/1676 2151/1955/1675
f 2155/1959/1679 2153/1957/1677 2152/1956/1676
f 2156/1960/1680 2152/1956/1676 2154/1958/1678
f 2155/1959/1679 2157/1961/1681 2153/1957/1677
f 2156/1960/1680 2154/1958/1678 2158/1962/1682
f 2158/1962/1682 2154/1958/1678 2159/1963/1682
f 2160/1964/1683 2157/1961/1681 2155/1959/1679
f 2157/1961/1681 2160/1964/1683 2161/1965/1684
f 2161/1965/1684 2160/1964/1683 2162/1966/1685
f 2161/1965/1684 2162/1966/1685 2163/1967/1686
f 2163/1967/1686 2162/1966/1685 2164/1968/1687
f 2166/1969/1688 2165/1970/1689 2167/1971/1690
f 2168/1972/1691 2165/1970/1689 2166/1969/1688
f 2169/1973/1692 2168/1972/1691 2166/1969/1688
f 2170/1974/1693 2168/1972/1691 2169/1973/1692
f 2171/1975/1694 2170/1974/1693 2169/1973/1692
f 2172/1976/1695 2170/1974/1693 2171/1975/1694
f 2173/1977/1696 2172/1976/1695 2171/1975/1694
f 2174/1978/1697 2172/1976/1695 2173/1977/1696
f 2174/1978/1697 2173/1977/1696 2175/1979/1698
f 2175/1979/1698 2173/1977/1696 2176/1980/1699
f 2177/1981/1700 2175/1979/1698 2176/1980/1699
f 2178/1982/1701 2175/1979/1698 2177/1981/1700
f 2179/1983/1702 2178/1982/1701 2177/1981/1700
f 2180/1984/1703 2178/1982/1701 2179/1983/1702
f 2180/1984/1703 2179/1983/1702 2181/1985/1704
f 2181/1985/1704 2179/1983/1702 2182/1986/1705
f 2181/1985/1704 2182/1986/1705 2183/1987/1706
f 2183/1987/1706 2182/1986/1705 2184/1988/1707
f 2185/1989/1708 2183/1987/1706 2184/1988/1707
f 2186/1990/1709 2183/1987/1706 2185/1989/1708
f 2186/1990/1709 2185/1989/1708 2187/1991/1710
f 2187/1991/1710 2185/1989/1708 2188/1992/1711
f 2189/1993/1712 2187/1991/1710 2188/1992/1711
f 2190/1994/1713 2187/1991/1710 2189/1993/1712
f 2190/1994/1713 2189/1993/1712 2191/1995/1714
f 2191/1995/1714 2189/1993/1712 2192/1996/1715
f 2193/1997/1716 2191/1995/1714 2192/1996/1715
f 2194/1998/1717 2191/1995/1714 2193/1997/1716
f 2194/1998/1717 2193/1997/1716 2195/1999/1718
f 2195/1999/1718 2193/1997/1716 2196/2000/1719
f 2195/1999/1718 2196/2000/1719 2197/2001/1720
f 2197/2001/1720 2196/2000/1719 2198/2002/1721
f 2197/2001/1720 2198/2002/1721 2199/2003/1722
f 2199/2003/1722 2198/2002/1721 2200/2004/1723
f 2201/2005/1724 2199/2003/1722 2200/2004/1723
f 2202/2006/1725 2199/2003/1722 2201/2005/1724
f 2203/2007/1726 2202/2006/1725 2201/2005/1724
f 2204/2008/1727 2202/2006/1725 2203/2007/1726
f 2204/2008/1727 2203/2007/1726 2205/2009/1728
f 2205/2009/1728 2203/2007/1726 2206/2010/1729
f 2208/2011/1730 2207/2012/1731 2209/2013/1732
f 2210/2014/1733 2207/2012/1731 2208/2011/1730
f 2211/2015/1734 2210/2014/1733 2208/2011/1730
f 2212/2016/1735 2210/2014/1733 2211/2015/1734
f 2213/2017/1736 2212/2016/1735 2211/2015/1734
f 2214/2018/1737 2212/2016/1735 2213/2017/1736
f 2214/2018/1737 2213/2017/1736 2215/2019/1738
f 2215/2019/1738 2213/2017/1736 2216/2020/1739
f 2217/2021/1740 2215/2019/1738 2216/2020/1739
f 2218/2022/1741 2215/2019/1738 2217/2021/1740
f 2218/2022/1741 2217/2021/1740 2219/2023/1742
f 2219/2023/1742 2217/2021/1740 2220/2024/1743
f 2219/2023/1742 2220/2024/1743 2221/2025/1744
f 2221/2025/1744 2220/2024/1743 2222/2026/856
f 2223/2027/1745 2221/2025/1744 2222/2026/856
f 2224/2028/1746 2221/2025/1744 2223/2027/1745
f 2224/2028/1746 2223/2027/1745 2225/2029/1747
f 2225/2029/1747 2223/2027/1745 2226/2030/1748
f 2227/2031/1749 2225/2029/1747 2226/2030/1748
f 2228/2032/1750 2225/2029/1747 2227/2031/1749
f 2229/2033/1751 2228/2032/1750 2227/2031/1749
f 2230/2034/1752 2228/2032/1750 2229/2033/1751
f 2231/2035/1753 2230/2034/1752 2229/2033/1751
f 2232/2036/1754 2230/2034/1752 2231/2035/1753
f 2232/2036/1754 2231/2035/1753 2233/2037/1755
f 2233/2037/1755 2231/2035/1753 2234/2038/1756
f 2233/2037/1755 2234/2038/1756 2235/2039/1757
f 2235/2039/1757 2234/2038/1756 2236/2040/1758
f 2237/2041/1759 2235/2039/1757 2236/2040/1758
f 2238/2042/1760 2235/2039/1757 2237/2041/1759
f 2238/2042/1760 2237/2041/1759 2239/2043/1761
f 2239/2043/1761 2237/2041/1759 2240/2044/1762
f 2239/2043/1761 2240/2044/1762 2241/2045/1763
f 2241/2045/1763 2240/2044/1762 2242/2046/1764
f 2241/2045/1763 2242/2046/1764 2243/2047/1765
f 2243/2047/1765 2242/2046/1764 2244/2048/1766
f 2243/2047/1765 2244/2048/1766 2245/2049/1767
f 2245/2049/1767 2244/2048/1766 2246/2050/1768
f 2245/2049/1767 2246/2050/1768 2247/2051/1769
f 2247/2051/1769 2246/2050/1768 2248/2052/1770
f 2250/2053/1771 2249/2054/1772 2251/2055/1773
f 2251/2055/1773 2249/2054/1772 2252/2056/1774
f 2249/2054/1772 2253/2057/1775 2252/2056/1774
f 2252/2056/1774 2253/2057/1775 2254/2058/1776
f 2253/2057/1775 2255/2059/1777 2254/2058/1776
f 2256/2060/1778 2255/2059/1777 2253/2057/1775
f 2258/2061/1779 2257/2062/1780 2259/2063/1781
f 2259/2063/1781 2257/2062/1780 2260/2064/1782
f 2257/2062/1780 2261/2065/1783 2260/2064/1782
f 2260/2064/1782 2261/2065/1783 2262/2066/1784
f 2261/2065/1783 2263/2067/1785 2262/2066/1784
f 2264/2068/1786 2263/2067/1785 2261/2065/1783
f 2264/2068/1786 2265/2069/1787 2263/2067/1785
f 2263/2067/1785 2265/2069/1787 2266/2070/1787
f 2265/2069/1787 2267/2071/1788 2266/2070/1787
f 2266/2070/1787 2267/2071/1788 2268/2072/1789
f 2270/2073/1790 2269/2074/1791 2271/2075/1792
f 2272/2076/1793 2269/2074/1791 2270/2073/1790
f 2273/2077/1794 2272/2076/1793 2270/2073/1790
f 2274/2078/1795 2272/2076/1793 2273/2077/1794
f 2274/2078/1795 2273/2077/1794 2275/2079/1796
f 2275/2079/1796 2273/2077/1794 2276/2080/1797
f 2275/2079/1796 2276/2080/1797 2277/2081/1798
f 2277/2081/1798 2276/2080/1797 2278/2082/1799
f 2279/2083/1800 2277/2081/1798 2278/2082/1799
f 2280/2084/1801 2277/2081/1798 2279/2083/1800
f 2280/2084/1801 2279/2083/1800 2281/2085/1802
f 2281/2085/1802 2279/2083/1800 2282/2086/1803
f 2283/2087/1804 2281/2085/1802 2282/2086/1803
f 2284/2088/1805 2281/2085/1802 2283/2087/1804
f 2285/2089/1806 2284/2088/1805 2283/2087/1804
f 2286/2090/1807 2284/2088/1805 2285/2089/1806
f 2286/2090/1807 2285/2089/1806 2287/2091/1808
f 2287/2091/1808 2285/2089/1806 2288/2092/1809
f 2289/2093/1810 2287/2091/1808 2288/2092/1809
f 2290/2094/1811 2287/2091/1808 2289/2093/1810
f 2290/2094/1811 2289/2093/1810 2291/2095/1812
f 2291/2095/1812 2289/2093/1810 2292/2096/1813
f 2294/2097/1814 2293/2098/1815 2295/2099/1816
f 2295/2099/1816 2293/2098/1815 2296/2100/1817
f 2293/2098/1815 2297/2101/1818 2296/2100/1817
f 2296/2100/1817 2297/2101/1818 2298/2102/1819
f 2297/2101/1818 2299/2103/1820 2298/2102/1819
f 2300/2104/1821 2299/2103/1820 2297/2101/1818
f 2300/2104/1821 2301/2105/1822 2299/2103/1820
f 2299/2103/1820 2301/2105/1822 2302/2106/1823
f 2304/2107/1824 2303/2108/1825 2305/2109/1826
f 2305/2109/1826 2303/2108/1825 2306/2110/1827
f 2303/2108/1825 2307/2111/1828 2306/2110/1827
f 2306/2110/1827 2307/2111/1828 2308/2112/1829
f 2307/2111/1828 2309/2113/1830 2308/2112/1829
f 2310/2114/1831 2309/2113/1830 2307/2111/1828
f 2312/2115/1832 2311/2116/1833 2313/2117/1834
f 2314/2118/1835 2311/2116/1833 2312/2115/1832
f 2315/2119/1836 2314/2118/1835 2312/2115/1832
f 2316/2120/1837 2314/2118/1835 2315/2119/1836
f 2316/2120/1837 2315/2119/1836 2317/2121/1838
f 2317/2121/1838 2315/2119/1836 2318/2122/1839
f 2319/2123/1840 2317/2121/1838 2318/2122/1839
f 2320/2124/1841 2317/2121/1838 2319/2123/1840
f 2320/2124/1841 2319/2123/1840 2321/2125/1842
f 2321/2125/1842 2319/2123/1840 2322/2126/1843
f 2323/2127/1844 2321/2125/1842 2322/2126/1843
f 2324/2128/1845 2321/2125/1842 2323/2127/1844
f 2325/2129/1846 2324/2128/1845 2323/2127/1844
f 2326/2130/1847 2324/2128/1845 2325/2129/1846
f 2326/2130/1847 2325/2129/1846 2327/2131/1848
f 2327/2131/1848 2325/2129/1846 2328/2132/1849
f 2327/2131/1848 2328/2132/1849 2329/2133/1850
f 2329/2133/1850 2328/2132/1849 2330/2134/1851
f 2329/2133/1850 2330/2134/1851 2331/2135/1852
f 2331/2135/1852 2330/2134/1851 2332/2136/1853
f 2333/2137/1854 2331/2135/1852 2332/2136/1853
f 2334/2138/1855 2331/2135/1852 2333/2137/1854
f 2334/2138/1855 2333/2137/1854 2335/2139/1856
f 2335/2139/1856 2333/2137/1854 2336/2140/1857
f 2335/2139/1856 2336/2140/1857 2337/2141/1858
f 2337/2141/1858 2336/2140/1857 2338/2142/1859
f 2339/2143/1860 2337/2141/1858 2338/2142/1859
f 2340/2144/1861 2337/2141/1858 2339/2143/1860
f 2340/2144/1861 2339/2143/1860 2341/2145/1862
f 2341/2145/1862 2339/2143/1860 2342/2146/1863
f 2344/2147/1864 2343/2148/1865 2345/2149/1866
f 2346/2150/1867 2343/2148/1865 2344/2147/1864
f 2346/2150/1867 2347/2151/1868 2343/2148/1865
f 2348/2152/1869 2347/2151/1868 2346/2150/1867
f 2348/2152/1869 2349/2153/1870 2347/2151/1868
f 2350/2154/1871 2349/2153/1870 2348/2152/1869
f 2350/2154/1871 2351/2155/1872 2349/2153/1870
f 2349/2153/1870 2351/2155/1872 2352/2156/1873
f 2351/2155/1872 2353/2157/1874 2352/2156/1873
f 2352/2156/1873 2353/2157/1874 2354/2158/1875
f 2353/2157/1874 2355/2159/1876 2354/2158/1875
f 2354/2158/1875 2355/2159/1876 2356/2160/1877
f 2355/2159/1876 2357/2161/1878 2356/2160/1877
f 2356/2160/1877 2357/2161/1878 2358/2162/1879
f 2357/2161/1878 2359/2163/1880 2358/2162/1879
f 2358/2162/1879 2359/2163/1880 2360/2164/1880
f 2359/2163/1880 2361/2165/1881 2360/2164/1880
f 2362/2166/1882 2361/2165/1881 2359/2163/1880
f 2364/2167/1883 2363/2168/1884 2365/2169/1885
f 2366/2170/1886 2363/2168/1884 2364/2167/1883
f 2367/2171/1887 2366/2170/1886 2364/2167/1883
f 2368/2172/1888 2366/2170/1886 2367/2171/1887
f 2368/2172/1888 2367/2171/1887 2369/2173/1889
f 2369/2173/1889 2367/2171/1887 2370/2174/1890
f 2371/2175/1891 2369/2173/1889 2370/2174/1890
f 2372/2176/1892 2369/2173/1889 2371/2175/1891
f 2372/2176/1892 2371/2175/1891 2373/2177/1893
f 2373/2177/1893 2371/2175/1891 2374/2178/1894
f 2375/2179/1895 2373/2177/1893 2374/2178/1894
f 2376/2180/1896 2373/2177/1893 2375/2179/1895
f 2376/2180/1896 2375/2179/1895 2377/2181/1897
f 2377/2181/1897 2375/2179/1895 2378/2182/1898
f 2379/2183/1899 2377/2181/1897 2378/2182/1898
f 2380/2184/1900 2377/2181/1897 2379/2183/1899
f 2380/2184/1900 2379/2183/1899 2381/2185/1901
f 2381/2185/1901 2379/2183/1899 2382/2186/1902
f 2381/2185/1901 2382/2186/1902 2383/2187/1903
f 2383/2187/1903 2382/2186/1902 2384/2188/1904
f 2385/2189/1905 2383/2187/1903 2384/2188/1904
f 2386/2190/1906 2383/2187/1903 2385/2189/1905
f 2386/2190/1906 2385/2189/1905 2387/2191/1907
f 2387/2191/1907 2385/2189/1905 2388/2192/1908
f 2387/2191/1907 2388/2192/1908 2389/2193/1909
f 2389/2193/1909 2388/2192/1908 2390/2194/1910
f 2391/2195/1911 2389/2193/1909 2390/2194/1910
f 2392/2196/1912 2389/2193/1909 2391/2195/1911
f 2392/2196/1912 2391/2195/1911 2393/2197/1913
f 2393/2197/1913 2391/2195/1911 2394/2198/1914
f 2393/2197/1913 2394/2198/1914 2395/2199/1915
f 2395/2199/1915 2394/2198/1914 2396/2200/1916
f 2397/2201/1917 2395/2199/1915 2396/2200/1916
f 2398/2202/1918 2395/2199/1915 2397/2201/1917
f 2400/2203/1919 2399/2204/1920 2401/2205/1921
f 2401/2205/1921 2399/2204/1920 2402/2206/1922
f 2399/2204/1920 2403/2207/1923 2402/2206/1922
f 2402/2206/1922 2403/2207/1923 2404/2208/1924
f 2403/2207/1923 2405/2209/1925 2404/2208/1924
f 2404/2208/1924 2405/2209/1925 2406/2210/1926
f 2405/2209/1925 2407/2211/1927 2406/2210/1926
f 2408/2212/1928 2407/2211/1927 2405/2209/1925
f 2408/2212/1928 2409/2213/1929 2407/2211/1927
f 2410/2214/1930 2409/2213/1929 2408/2212/1928
f 2410/2214/1930 2411/2215/1931 2409/2213/1929
f 2412/2216/1932 2411/2215/1931 2410/2214/1930
f 2412/2216/1932 2413/2217/1933 2411/2215/1931
f 2411/2215/1931 2413/2217/1933 2414/2218/1934
f 2413/2217/1933 2415/2219/1935 2414/2218/1934
f 2416/2220/1936 2415/2219/1935 2413/2217/1933
f 2416/2220/1936 2417/2221/1937 2415/2219/1935
f 2415/2219/1935 2417/2221/1937 2418/2222/1937
f 2417/2221/1937 2419/2223/1938 2418/2222/1937
f 2418/2222/1937 2419/2223/1938 2420/2224/1939
f 2419/2223/1938 2421/2225/1940 2420/2224/1939
f 2420/2224/1939 2421/2225/1940 2422/2226/1941
f 2424/2227/1942 2423/2228/1943 2425/2229/1944
f 2426/2230/1945 2423/2228/1943 2424/2227/1942
f 2427/2231/1946 2426/2230/1945 2424/2227/1942
f 2428/2232/1946 2426/2230/1945 2427/2231/1946
f 2428/2232/1946 2427/2231/1946 2429/2233/1947
f 2429/2233/1947 2427/2231/1946 2430/2234/1948
f 2432/2235/1949 2431/2236/1950 2433/2237/1951
f 2434/2238/1950 2431/2236/1950 2432/2235/1949
f 2434/2238/1950 2435/2239/1952 2431/2236/1950
f 2436/2240/1953 2435/2239/1952 2434/2238/1950
f 2435/2239/1952 2436/2240/1953 2437/2241/1954
f 2437/2241/1954 2436/2240/1953 2438/2242/1955
f 2439/2243/1956 2437/2241/1954 2438/2242/1955
f 2440/2244/1957 2437/2241/1954 2439/2243/1956
f 2439/2243/1956 2441/2245/1958 2440/2244/1957
f 2442/2246/1959 2441/2245/1958 2439/2243/1956
f 2442/2246/1959 2443/2247/1960 2441/2245/1958
f 2444/2248/1961 2443/2247/1960 2442/2246/1959
f 2443/2247/1960 2444/2248/1961 2445/2249/1962
f 2445/2249/1962 2444/2248/1961 2446/2250/1963
f 2446/2250/1963 2447/2251/1964 2445/2249/1962
f 2445/2249/1962 2447/2251/1964 2448/2252/1965
f 2450/2253/1966 2449/2254/1967 2451/2255/1968
f 2449/2254/1967 2452/2256/1969 2451/2255/1968
f 2452/2256/1969 2449/2254/1967 2453/2257/1970
f 2454/2258/1971 2452/2256/1969 2453/2257/1970
f 2452/2256/1969 2454/2258/1971 2455/2259/1972
f 2456/2260/1972 2452/2256/1969 2455/2259/1972
f 2458/525/1973 2457/527/1974 2459/526/434
f 2457/527/1974 2460/528/1975 2459/526/434
f 2460/528/1975 2457/527/1974 2461/529/1976
f 2462/530/431 2460/528/1975 2461/529/1976
f 2464/532/431 2463/534/431 2465/533/431
f 2463/534/431 2466/2261/431 2465/533/431
f 2463/534/431 2467/536/431 2466/2261/431
f 2467/536/431 2468/537/431 2466/2261/431
f 2467/536/431 2469/538/431 2468/537/431
f 2470/539/431 2469/538/431 2467/536/431
f 2468/537/431 2469/538/431 2471/540/431
f 2472/541/431 2471/540/431 2469/538/431
f 2472/541/431 2469/538/431 2473/542/431
f 2469/538/431 2474/543/431 2473/542/431
f 2474/543/431 2475/544/431 2473/542/431
f 2476/545/431 2472/541/431 2473/542/431
f 2473/542/431 2477/546/431 2476/545/431
f 2479/2262/887 2478/550/1977 2480/2263/1977
f 2481/2264/887 2479/2262/887 2480/2263/1977
f 2482/2265/1978 2479/2262/887 2481/2264/887
f 2483/2266/1978 2482/2265/1978 2481/2264/887
f 2484/556/1979 2482/2265/1978 2485/2267/1980
f 2482/2265/1978 2486/557/508 2485/2267/1980
f 2482/2265/1978 2487/558/1981 2486/557/508
f 2482/2265/1978 2483/2266/1978 2487/558/1981
f 2487/558/1981 2483/2266/1978 2488/559/1982
f 2488/559/1982 2483/2266/1978 2489/2268/1983
f 2489/2268/1983 2483/2266/1978 2490/561/1984
f 2490/561/1984 2483/2266/1978 2491/2269/1985
f 2493/2270/1986 2492/2271/1987 2494/2272/1988
f 2495/2273/1989 2493/2270/1986 2494/2272/1988
f 2496/2274/1990 2493/2270/1986 2495/2273/1989
f 2497/2275/1991 2496/2274/1990 2495/2273/1989
f 2497/2275/1991 2495/2273/1989 2498/2276/1992
f 2495/2273/1989 2499/2277/1993 2498/2276/1992
f 2501/2278/1994 2500/2279/1995 2502/2280/1996
f 2500/2279/1995 2503/2281/1997 2502/2280/1996
f 2500/2279/1995 2504/2282/1998 2503/2281/1997
f 2504/2282/1998 2505/2283/1999 2503/2281/1997
f 2504/2282/1998 2506/2284/2000 2505/2283/1999
f 2506/2284/2000 2507/2285/2001 2505/2283/1999
f 2506/2284/2000 2508/2286/2002 2507/2285/2001
f 2508/2286/2002 2509/2287/2003 2507/2285/2001
f 2510/2288/2004 2509/2287/2003 2508/2286/2002
f 2511/2289/2005 2510/2288/2004 2508/2286/2002
f 2512/2290/2006 2510/2288/2004 2511/2289/2005
f 2513/2291/2007 2512/2290/2006 2511/2289/2005
f 2513/2291/2007 2514/2292/2008 2512/2290/2006
f 2514/2292/2008 2515/2293/2009 2512/2290/2006
f 2517/2294/2010 2516/2295/2011 2518/2296/2012
f 2516/2295/2011 2519/2297/2013 2518/2296/2012
f 2516/2295/2011 2520/2298/2014 2519/2297/2013
f 2520/2298/2014 2521/2299/2015 2519/2297/2013
f 2520/2298/2014 2522/2300/2016 2521/2299/2015
f 2522/2300/2016 2523/2301/2017 2521/2299/2015
f 2524/2302/2018 2523/2301/2017 2522/2300/2016
f 2525/2303/2018 2524/2302/2018 2522/2300/2016
f 2527/2304/2019 2526/2305/2020 2528/2306/2021
f 2526/2305/2020 2529/2307/2020 2528/2306/2021
f 2526/2305/2020 2530/2308/2022 2529/2307/2020
f 2530/2308/2022 2531/2309/2023 2529/2307/2020
f 2532/2310/2024 2531/2309/2023 2530/2308/2022
f 2533/2311/2025 2532/2310/2024 2530/2308/2022
f 2535/2312/2026 2534/2313/2027 2536/2314/2028
f 2534/2313/2027 2537/2315/2027 2536/2314/2028
f 2537/2315/2027 2534/2313/2027 2538/2316/2029
f 2539/2317/2029 2537/2315/2027 2538/2316/2029
f 2539/2317/2029 2538/2316/2029 2540/2318/2030
f 2538/2316/2029 2541/2319/2031 2540/2318/2030
f 2542/2320/2032 2540/2318/2030 2541/2319/2031
f 2543/2321/2033 2542/2320/2032 2541/2319/2031
f 2542/2320/2032 2543/2321/2033 2544/2322/2034
f 2543/2321/2033 2545/2323/2035 2544/2322/2034
f 2545/2323/2035 2546/2324/2036 2544/2322/2034
f 2546/2324/2036 2547/2325/2037 2544/2322/2034
f 2549/2326/423 2548/2327/423 2550/2328/423
f 2549/2326/423 2551/2329/423 2548/2327/423
f 2548/2327/423 2551/2329/423 2552/2330/423
f 2552/2330/423 2551/2329/423 2553/2331/423
f 2555/2332/215 2554/800/692 2556/2333/215
f 2554/800/692 2557/2334/2038 2556/2333/215
f 2557/2334/2038 2554/800/692 2558/2335/2039
f 2559/2336/2040 2557/2334/2038 2558/2335/2039
f 2558/2335/2039 2560/2337/2041 2559/2336/2040
f 2560/2337/2041 2561/2338/2042 2559/2336/2040
f 2562/2339/698 2561/2338/2042 2560/2337/2041
f 2563/2340/698 2562/2339/698 2560/2337/2041
f 2565/2341/431 2564/2342/431 2566/2343/431
f 2565/2341/431 2567/2344/431 2564/2342/431
f 2568/2345/431 2567/2344/431 2565/2341/431
f 2569/2346/431 2567/2344/431 2568/2345/431
f 2571/2347/2043 2570/2348/2044 2572/2349/2044
f 2573/2350/2045 2571/2347/2043 2572/2349/2044
f 2574/2351/2046 2571/2347/2043 2573/2350/2045
f 2574/2351/2046 2573/2350/2045 2575/2352/2046
f 2575/2352/2046 2573/2350/2045 2576/2353/2046
f 2578/2354/2047 2577/2355/2048 2579/2356/2049
f 2577/2355/2048 2580/2357/2050 2579/2356/2049
f 2580/2357/2050 2577/2355/2048 2581/2358/107
f 2582/2359/107 2580/2357/2050 2581/2358/107
f 2584/2355/2050 2583/2360/2047 2585/2361/2051
f 2586/2357/2052 2584/2355/2050 2585/2361/2051
f 2584/2355/2050 2586/2357/2052 2587/2358/107
f 2586/2357/2052 2588/2359/107 2587/2358/107
f 2590/2362/2053 2589/2363/2054 2591/2364/2055
f 2589/2363/2054 2592/2365/2056 2591/2364/2055
f 2589/2363/2054 2593/2366/2057 2592/2365/2056
f 2593/2366/2057 2594/2367/2058 2592/2365/2056
f 2593/2366/2057 2595/2368/2059 2594/2367/2058
f 2595/2368/2059 2596/2369/2059 2594/2367/2058
f 2595/2368/2059 2597/2370/2060 2596/2369/2059
f 2597/2370/2060 2598/2371/2061 2596/2369/2059
f 2599/2372/2062 2598/2371/2061 2597/2370/2060
f 2600/2373/2063 2599/2372/2062 2597/2370/2060
f 2602/2374/2064 2601/2375/2065 2603/2376/2066
f 2601/2375/2065 2604/2377/2065 2603/2376/2066
f 2604/2377/2065 2601/2375/2065 2605/2378/1310
f 2606/2379/2067 2604/2377/2065 2605/2378/1310
f 2606/2379/2067 2605/2378/1310 2607/2380/2068
f 2605/2378/1310 2608/2381/2069 2607/2380/2068
f 2610/2382/2070 2609/2383/2071 2611/2384/2070
f 2609/2383/2071 2612/2385/2072 2611/2384/2070
f 2609/2383/2071 2613/2386/2073 2612/2385/2072
f 2613/2386/2073 2614/2387/2074 2612/2385/2072
f 2615/2388/2075 2614/2387/2074 2613/2386/2073
f 2616/2389/2076 2615/2388/2075 2613/2386/2073
f 2617/2390/2077 2615/2388/2075 2616/2389/2076
f 2618/2391/2077 2617/2390/2077 2616/2389/2076
f 2618/2391/2077 2619/2392/2078 2617/2390/2077
f 2619/2392/2078 2620/2393/2079 2617/2390/2077
f 2621/2394/2080 2620/2393/2079 2619/2392/2078
f 2622/2395/2081 2621/2394/2080 2619/2392/2078
f 2621/2394/2080 2622/2395/2081 2623/2396/2082
f 2622/2395/2081 2624/2397/2082 2623/2396/2082
f 2624/2397/2082 2625/2398/2083 2623/2396/2082
f 2625/2398/2083 2626/2399/2084 2623/2396/2082
f 2627/2400/2085 2626/2399/2084 2625/2398/2083
f 2628/2401/2086 2627/2400/2085 2625/2398/2083
f 2628/2401/2086 2629/2402/2087 2627/2400/2085
f 2629/2402/2087 2630/2403/2088 2627/2400/2085
f 2629/2402/2087 2631/2404/2089 2630/2403/2088
f 2631/2404/2089 2632/2405/2090 2630/2403/2088
f 2633/2406/2091 2632/2405/2090 2631/2404/2089
f 2634/2407/2092 2633/2406/2091 2631/2404/2089
f 2636/2408/2093 2635/2409/2094 2637/2410/2093
f 2635/2409/2094 2638/2411/2095 2637/2410/2093
f 2638/2411/2095 2635/2409/2094 2639/2412/2096
f 2640/2413/2097 2638/2411/2095 2639/2412/2096
f 2640/2413/2097 2639/2412/2096 2641/2414/2098
f 2642/2415/2098 2640/2413/2097 2641/2414/2098
f 2641/2414/2098 2643/2416/2099 2642/2415/2098
f 2643/2416/2099 2644/2417/2099 2642/2415/2098
f 2644/2417/2099 2643/2416/2099 2645/2418/2100
f 2646/2419/706 2644/2417/2099 2645/2418/2100
f 2646/2419/706 2645/2418/2100 2647/2420/2101
f 2648/2421/2101 2646/2419/706 2647/2420/2101
f 2648/2421/2101 2647/2420/2101 2649/2422/2102
f 2647/2420/2101 2650/2423/2102 2649/2422/2102
f 2649/2422/2102 2650/2423/2102 2651/2424/2103
f 2650/2423/2102 2652/2425/2104 2651/2424/2103
f 2651/2424/2103 2652/2425/2104 2653/2426/288
f 2652/2425/2104 2654/2427/288 2653/2426/288
f 2653/2426/288 2654/2427/288 2655/2428/2059
f 2654/2427/288 2656/2429/1518 2655/2428/2059
f 2657/2430/2105 2655/2428/2059 2656/2429/1518
f 2658/2431/2106 2657/2430/2105 2656/2429/1518
f 2657/2430/2105 2658/2431/2106 2659/2432/2107
f 2660/2433/2108 2657/2430/2105 2659/2432/2107
f 2662/2434/2109 2661/2435/2110 2663/2436/2111
f 2664/2437/2112 2662/2434/2109 2663/2436/2111
f 2662/2434/2109 2664/2437/2112 2665/2438/2113
f 2664/2437/2112 2666/2439/2114 2665/2438/2113
f 2665/2438/2113 2666/2439/2114 2667/2440/2115
f 2668/2441/2116 2665/2438/2113 2667/2440/2115
f 2669/2442/2117 2668/2441/2116 2667/2440/2115
f 2670/2443/2118 2669/2442/2117 2667/2440/2115
f 2672/2444/2119 2671/2445/2120 2673/2446/2121
f 2674/2447/2122 2672/2444/2119 2673/2446/2121
f 2675/2448/2123 2672/2444/2119 2674/2447/2122
f 2676/2449/2124 2675/2448/2123 2674/2447/2122
f 2677/2450/2125 2675/2448/2123 2676/2449/2124
f 2678/2451/2126 2677/2450/2125 2676/2449/2124
f 2677/2450/2125 2678/2451/2126 2679/2452/2127
f 2680/2453/2128 2677/2450/2125 2679/2452/2127
f 2682/2454/2129 2681/2455/2130 2683/2456/2131
f 2681/2455/2130 2684/2457/2132 2683/2456/2131
f 2681/2455/2130 2685/2458/2133 2684/2457/2132
f 2685/2458/2133 2686/2459/2134 2684/2457/2132
f 2686/2459/2134 2685/2458/2133 2687/2460/2135
f 2685/2458/2133 2688/2461/2136 2687/2460/2135
f 2690/2462/2137 2689/2463/2138 2691/2464/2139
f 2689/2463/2138 2692/2465/2140 2691/2464/2139
f 2689/2463/2138 2693/2466/2141 2692/2465/2140
f 2693/2466/2141 2694/2467/2142 2692/2465/2140
f 2694/2467/2142 2693/2466/2141 2695/2468/2143
f 2693/2466/2141 2696/2469/2144 2695/2468/2143
f 2695/2468/2143 2696/2469/2144 2697/2470/2145
f 2696/2469/2144 2698/2471/2146 2697/2470/2145
f 2697/2470/2145 2698/2471/2146 2699/2472/2147
f 2700/2473/2148 2697/2470/2145 2699/2472/2147
f 2702/2474/2149 2701/2475/2150 2703/2476/2151
f 2704/2477/2152 2702/2474/2149 2703/2476/2151
f 2705/2478/2153 2702/2474/2149 2704/2477/2152
f 2706/2479/2154 2705/2478/2153 2704/2477/2152
f 2707/2480/2155 2705/2478/2153 2706/2479/2154
f 2706/2479/2154 2708/1/2156 2707/2480/2155
f 2706/2479/2154 2709/2/2157 2708/1/2156
f 2706/2479/2154 2710/2481/2158 2709/2/2157
f 2709/2/2157 2710/2481/2158 2711/2482/2159
f 2710/2481/2158 2712/2483/2160 2711/2482/2159
f 2711/2482/2159 2712/2483/2160 2713/2484/2161
f 2712/2483/2160 2714/2485/2162 2713/2484/2161
f 2714/2485/2162 2715/2486/2163 2713/2484/2161
f 2716/2487/1311 2715/2486/2163 2714/2485/2162
f 2717/2488/1311 2716/2487/1311 2714/2485/2162
f 2719/2489/2164 2718/2490/2165 2720/2491/2166
f 2718/2490/2165 2721/2492/2167 2720/2491/2166
f 2718/2490/2165 2722/2493/2168 2721/2492/2167
f 2722/2493/2168 2723/2494/2169 2721/2492/2167
f 2722/2493/2168 2724/2495/2170 2723/2494/2169
f 2724/2495/2170 2725/2496/2171 2723/2494/2169
f 2725/2496/2171 2724/2495/2170 2726/2497/2172
f 2725/2496/2171 2726/2497/2172 2727/2498/2173
f 2727/2498/2173 2726/2497/2172 2728/2499/1190
f 2725/2496/2171 2727/2498/2173 2729/2500/2174
f 2729/2500/2174 2727/2498/2173 2730/2501/2175
f 2729/2500/2174 2730/2501/2175 2731/2502/2176
f 2731/2502/2176 2730/2501/2175 2732/2503/2177
f 2731/2502/2176 2732/2503/2177 2733/2504/107
f 2734/2505/107 2731/2502/2176 2733/2504/107
f 2736/2506/2178 2735/2507/2179 2737/2508/2180
f 2735/2507/2179 2738/2509/2181 2737/2508/2180
f 2735/2507/2179 2739/2510/2182 2738/2509/2181
f 2738/2509/2181 2739/2510/2182 2740/2511/2183
f 2739/2510/2182 2741/2512/2184 2740/2511/2183
f 2740/2511/2183 2741/2512/2184 2742/2513/2185
f 2744/2514/2186 2743/2515/2187 2745/2516/2186
f 2743/2515/2187 2746/2517/2187 2745/2516/2186
f 2746/2517/2187 2743/2515/2187 2747/2518/2188
f 2748/2519/2189 2746/2517/2187 2747/2518/2188
f 2749/2520/2190 2748/2519/2189 2747/2518/2188
f 2750/2521/2191 2749/2520/2190 2747/2518/2188
f 2749/2520/2190 2750/2521/2191 2751/2522/423
f 2752/2523/423 2749/2520/2190 2751/2522/423
f 2752/2523/423 2751/2522/423 2753/2524/423
f 2751/2522/423 2754/2525/423 2753/2524/423
f 2755/2526/2192 2753/2524/423 2754/2525/423
f 2756/2527/2193 2755/2526/2192 2754/2525/423
f 2755/2526/2192 2756/2527/2193 2757/2528/2194
f 2758/2529/2195 2755/2526/2192 2757/2528/2194
f 2758/2529/2195 2757/2528/2194 2759/2530/2196
f 2757/2528/2194 2760/2531/2197 2759/2530/2196
f 2759/2530/2196 2760/2531/2197 2761/2532/2198
f 2760/2531/2197 2762/2533/2199 2761/2532/2198
f 2761/2532/2198 2762/2533/2199 2763/2534/2200
f 2762/2533/2199 2764/2535/2201 2763/2534/2200
f 2763/2534/2200 2764/2535/2201 2765/2536/2202
f 2766/2537/2203 2763/2534/2200 2765/2536/2202
f 2766/2537/2203 2765/2536/2202 2767/2538/2204
f 2765/2536/2202 2768/2539/2205 2767/2538/2204
f 2767/2538/2204 2768/2539/2205 2769/2540/2206
f 2770/2541/2207 2767/2538/2204 2769/2540/2206
f 2770/2541/2207 2769/2540/2206 2771/2542/2208
f 2772/2543/2209 2770/2541/2207 2771/2542/2208
f 2772/2543/2209 2771/2542/2208 2773/2544/2210
f 2771/2542/2208 2774/2545/2211 2773/2544/2210
f 2773/2544/2210 2774/2545/2211 2775/2546/2212
f 2776/2547/2213 2773/2544/2210 2775/2546/2212
f 2777/2548/2214 2776/2547/2213 2775/2546/2212
f 2778/2549/2215 2777/2548/2214 2775/2546/2212
f 2777/2548/2214 2778/2549/2215 2779/2550/2216
f 2778/2549/2215 2780/2551/2217 2779/2550/2216
f 2779/2550/2216 2780/2551/2217 2781/2552/2218
f 2782/2553/2219 2779/2550/2216 2781/2552/2218
f 2782/2553/2219 2781/2552/2218 2783/2554/2220
f 2784/2555/2221 2782/2553/2219 2783/2554/2220
f 2784/2555/2221 2783/2554/2220 2785/2556/2222
f 2786/2557/2223 2784/2555/2221 2785/2556/2222
f 2785/2556/2222 2787/2558/2224 2786/2557/2223
f 2787/2558/2224 2788/2559/2225 2786/2557/2223
f 2788/2559/2225 2787/2558/2224 2789/2560/2226
f 2790/2561/2227 2788/2559/2225 2789/2560/2226
f 2790/2561/2227 2789/2560/2226 2791/2562/2228
f 2789/2560/2226 2792/2563/2229 2791/2562/2228
f 2794/2564/2230 2793/2565/2231 2795/2566/2232
f 2795/2566/2232 2793/2565/2231 2796/2567/2233
f 2793/2565/2231 2797/2568/2234 2796/2567/2233
f 2796/2567/2233 2797/2568/2234 2798/2569/2235
f 2797/2568/2234 2799/2570/2236 2798/2569/2235
f 2800/2571/2237 2799/2570/2236 2797/2568/2234
f 2800/2571/2237 2801/2572/2238 2799/2570/2236
f 2799/2570/2236 2801/2572/2238 2802/2573/2239
f 2801/2572/2238 2803/2574/2240 2802/2573/2239
f 2802/2573/2239 2803/2574/2240 2804/2575/2241
f 2803/2574/2240 2805/2576/2242 2804/2575/2241
f 2804/2575/2241 2805/2576/2242 2806/2577/2243
f 2805/2576/2242 2807/2578/2244 2806/2577/2243
f 2806/2577/2243 2807/2578/2244 2808/2579/2245
f 2807/2578/2244 2809/2580/2246 2808/2579/2245
f 2810/2581/2247 2809/2580/2246 2807/2578/2244
f 2810/2581/2247 2811/2582/2248 2809/2580/2246
f 2812/2583/2249 2811/2582/2248 2810/2581/2247
f 2812/2583/2249 2813/2584/2250 2811/2582/2248
f 2814/2585/2251 2813/2584/2250 2812/2583/2249
f 2814/2585/2251 2815/2586/2252 2813/2584/2250
f 2813/2584/2250 2815/2586/2252 2816/2587/2253
f 2815/2586/2252 2817/2588/2254 2816/2587/2253
f 2816/2587/2253 2817/2588/2254 2818/2589/2255
f 2817/2588/2254 2819/2590/2256 2818/2589/2255
f 2818/2589/2255 2819/2590/2256 2820/2591/2257
f 2819/2590/2256 2821/2592/2258 2820/2591/2257
f 2820/2591/2257 2821/2592/2258 2822/2593/2259
f 2821/2592/2258 2823/2594/2260 2822/2593/2259
f 2824/2595/2261 2823/2594/2260 2821/2592/2258
f 2824/2595/2261 2825/2596/2262 2823/2594/2260
f 2823/2594/2260 2825/2596/2262 2826/2597/2263
f 2825/2596/2262 2827/2598/2264 2826/2597/2263
f 2828/2599/2265 2827/2598/2264 2825/2596/2262
f 2828/2599/2265 2829/2600/2266 2827/2598/2264
f 2830/2601/2267 2829/2600/2266 2828/2599/2265
f 2830/2601/2267 2831/2602/2268 2829/2600/2266
f 2832/2603/421 2831/2602/2268 2830/2601/2267
f 2832/2603/421 2833/2604/2269 2831/2602/2268
f 2834/2605/2270 2833/2604/2269 2832/2603/421
f 2834/2605/2270 2835/2606/2271 2833/2604/2269
f 2836/2607/2272 2835/2606/2271 2834/2605/2270
f 2836/2607/2272 2837/2608/2273 2835/2606/2271
f 2838/2609/2274 2837/2608/2273 2836/2607/2272
f 2838/2609/2274 2839/2610/2275 2837/2608/2273
f 2837/2608/2273 2839/2610/2275 2840/2611/2276
f 2839/2610/2275 2841/2612/2277 2840/2611/2276
f 2840/2611/2276 2841/2612/2277 2842/2613/2278
f 2841/2612/2277 2843/2614/2279 2842/2613/2278
f 2842/2613/2278 2843/2614/2279 2844/2615/2280
f 2843/2614/2279 2845/2616/2281 2844/2615/2280
f 2844/2615/2280 2845/2616/2281 2846/2617/2282
f 2845/2616/2281 2847/2618/2283 2846/2617/2282
f 2848/2619/2284 2847/2618/2283 2845/2616/2281
f 2848/2619/2284 2849/2620/2285 2847/2618/2283
f 2850/2621/2286 2849/2620/2285 2848/2619/2284
f 2850/2621/2286 2851/2622/2287 2849/2620/2285
f 2849/2620/2285 2851/2622/2287 2852/2623/2288
f 2854/2624/2289 2853/2625/2290 2855/2626/2291
f 2856/2627/2292 2853/2625/2290 2854/2624/2289
f 2857/2628/2293 2856/2627/2292 2854/2624/2289
f 2858/2629/2294 2856/2627/2292 2857/2628/2293
f 2859/2630/2295 2858/2629/2294 2857/2628/2293
f 2860/2631/2296 2858/2629/2294 2859/2630/2295
f 2862/2632/2297 2861/2633/2298 2863/2634/2299
f 2863/2634/2299 2861/2633/2298 2864/2635/2300
f 2861/2633/2298 2865/2636/2301 2864/2635/2300
f 2864/2635/2300 2865/2636/2301 2866/2637/2302
f 2868/2638/2303 2867/2639/2304 2869/2640/2305
f 2870/2641/2306 2867/2639/2304 2868/2638/2303
f 2871/2642/2307 2870/2641/2306 2868/2638/2303
f 2872/2643/2308 2870/2641/2306 2871/2642/2307
f 2873/2644/2309 2872/2643/2308 2871/2642/2307
f 2874/2645/2310 2872/2643/2308 2873/2644/2309
f 2874/2645/2310 2873/2644/2309 2875/2646/2311
f 2875/2646/2311 2873/2644/2309 2876/2647/2312
f 2877/2648/2313 2875/2646/2311 2876/2647/2312
f 2878/2649/2314 2875/2646/2311 2877/2648/2313
f 2878/2649/2314 2877/2648/2313 2879/2650/2315
f 2879/2650/2315 2877/2648/2313 2880/2651/2316
f 2881/2652/2317 2879/2650/2315 2880/2651/2316
f 2882/2653/2318 2879/2650/2315 2881/2652/2317
f 2884/2654/2319 2883/2655/2320 2885/2656/2321
f 2886/2657/2320 2883/2655/2320 2884/2654/2319
f 2886/2657/2320 2887/2658/2322 2883/2655/2320
f 2888/2659/2323 2887/2658/2322 2886/2657/2320
f 2888/2659/2323 2889/2660/2324 2887/2658/2322
f 2890/2661/2325 2889/2660/2324 2888/2659/2323
f 2890/2661/2325 2891/2662/2326 2889/2660/2324
f 2889/2660/2324 2891/2662/2326 2892/2663/2327
f 2891/2662/2326 2893/2664/2328 2892/2663/2327
f 2892/2663/2327 2893/2664/2328 2894/2665/2329
f 2893/2664/2328 2895/2666/2330 2894/2665/2329
f 2894/2665/2329 2895/2666/2330 2896/2667/2331
f 2895/2666/2330 2897/2668/2332 2896/2667/2331
f 2898/2669/2333 2897/2668/2332 2895/2666/2330
f 2898/2669/2333 2899/2670/2334 2897/2668/2332
f 2900/2671/2335 2899/2670/2334 2898/2669/2333
f 2900/2671/2335 2901/2672/2336 2899/2670/2334
f 2902/2673/2337 2901/2672/2336 2900/2671/2335
f 2902/2673/2337 2903/2674/2338 2901/2672/2336
f 2904/2675/2339 2903/2674/2338 2902/2673/2337
f 2904/2675/2339 2905/2676/2340 2903/2674/2338
f 2903/2674/2338 2905/2676/2340 2906/2677/2341
f 2905/2676/2340 2907/2678/2342 2906/2677/2341
f 2906/2677/2341 2907/2678/2342 2908/2679/2343
f 2907/2678/2342 2909/2680/2344 2908/2679/2343
f 2910/2681/2345 2909/2680/2344 2907/2678/2342
f 2910/2681/2345 2911/2682/2346 2909/2680/2344
f 2912/2683/2347 2911/2682/2346 2910/2681/2345
f 2912/2683/2347 2913/2684/2348 2911/2682/2346
f 2914/2685/2349 2913/2684/2348 2912/2683/2347
f 2914/2685/2349 2915/2686/2350 2913/2684/2348
f 2913/2684/2348 2915/2686/2350 2916/2687/2351
f 2915/2686/2350 2917/2688/2352 2916/2687/2351
f 2918/2689/2353 2917/2688/2352 2915/2686/2350
f 2918/2689/2353 2919/2690/2354 2917/2688/2352
f 2917/2688/2352 2919/2690/2354 2920/2691/2355
f 2919/2690/2354 2921/2692/2356 2920/2691/2355
f 2920/2691/2355 2921/2692/2356 2922/2693/2357
f 2924/2694/2358 2923/2695/2359 2925/2696/2360
f 2926/2697/2361 2923/2695/2359 2924/2694/2358
f 2926/2697/2361 2927/2698/2362 2923/2695/2359
f 2928/2699/2363 2927/2698/2362 2926/2697/2361
f 2928/2699/2363 2929/2700/2364 2927/2698/2362
f 2930/2701/2365 2929/2700/2364 2928/2699/2363
f 2930/2701/2365 2931/2702/2366 2929/2700/2364
f 2929/2700/2364 2931/2702/2366 2932/2703/2367
f 2934/2704/2368 2933/2705/2369 2935/2706/2370
f 2936/2707/2371 2933/2705/2369 2934/2704/2368
f 2936/2707/2371 2937/2708/2372 2933/2705/2369
f 2938/2709/2372 2937/2708/2372 2936/2707/2371
f 2938/2709/2372 2939/2710/2373 2937/2708/2372
f 2937/2708/2372 2939/2710/2373 2940/2711/2374
f 2939/2710/2373 2941/2712/2375 2940/2711/2374
f 2942/2713/2376 2941/2712/2375 2939/2710/2373
f 2942/2713/2376 2943/2714/2377 2941/2712/2375
f 2941/2712/2375 2943/2714/2377 2944/2715/2378
f 2943/2714/2377 2945/2716/2379 2944/2715/2378
f 2946/2717/2380 2945/2716/2379 2943/2714/2377
f 2946/2717/2380 2947/2718/2381 2945/2716/2379
f 2945/2716/2379 2947/2718/2381 2948/2719/2382
f 2947/2718/2381 2949/2720/2383 2948/2719/2382
f 2950/2721/2384 2949/2720/2383 2947/2718/2381
f 2950/2721/2384 2951/2722/2385 2949/2720/2383
f 2952/2723/2386 2951/2722/2385 2950/2721/2384
f 2952/2723/2386 2953/2724/2387 2951/2722/2385
f 2951/2722/2385 2953/2724/2387 2954/2725/2388
f 2953/2724/2387 2955/2726/2389 2954/2725/2388
f 2954/2725/2388 2955/2726/2389 2956/2727/2390
f 2955/2726/2389 2957/2728/2391 2956/2727/2390
f 2956/2727/2390 2957/2728/2391 2958/2729/2392
f 2957/2728/2391 2959/2730/2393 2958/2729/2392
f 2958/2729/2392 2959/2730/2393 2960/2731/2394
f 2962/2732/2395 2961/2733/2396 2963/2734/2397
f 2964/2735/2395 2961/2733/2396 2962/2732/2395
f 2965/2736/2398 2964/2735/2395 2962/2732/2395
f 2966/2737/2399 2964/2735/2395 2965/2736/2398
f 2966/2737/2399 2965/2736/2398 2967/2738/2400
f 2967/2738/2400 2965/2736/2398 2968/2739/2401
f 2967/2738/2400 2968/2739/2401 2969/2740/107
f 2969/2740/107 2968/2739/2401 2970/2741/2402
f 2971/2742/2403 2969/2740/107 2970/2741/2402
f 2972/2743/2404 2969/2740/107 2971/2742/2403
f 2972/2743/2404 2971/2742/2403 2973/2744/2405
f 2973/2744/2405 2971/2742/2403 2974/2745/2406
f 2976/2746/2407 2975/2747/2408 2977/2748/2409
f 2978/2749/2407 2975/2747/2408 2976/2746/2407
f 2979/2750/2410 2978/2749/2407 2976/2746/2407
f 2980/2751/2411 2978/2749/2407 2979/2750/2410
f 2981/2752/2412 2980/2751/2411 2979/2750/2410
f 2982/2753/2413 2980/2751/2411 2981/2752/2412
f 2984/2754/2414 2983/2755/2415 2985/2756/2414
f 2986/2757/2415 2983/2755/2415 2984/2754/2414
f 2986/2757/2415 2987/2758/2416 2983/2755/2415
f 2988/2759/2417 2987/2758/2416 2986/2757/2415
f 2988/2759/2417 2989/2760/2418 2987/2758/2416
f 2990/2761/2419 2989/2760/2418 2988/2759/2417
f 2990/2761/2419 2991/2762/2420 2989/2760/2418
f 2989/2760/2418 2991/2762/2420 2992/2763/2421
f 2994/2764/2422 2993/2765/2423 2995/2766/2424
f 2995/2766/2424 2993/2765/2423 2996/2767/2423
f 2993/2765/2423 2997/2768/2425 2996/2767/2423
f 2996/2767/2423 2997/2768/2425 2998/2769/2426
f 2997/2768/2425 2999/2770/2125 2998/2769/2426
f 2998/2769/2426 2999/2770/2125 3000/2771/2427
f 2999/2770/2125 3001/2772/2428 3000/2771/2427
f 3002/2773/2128 3001/2772/2428 2999/2770/2125
f 3004/2774/2429 3003/2775/2430 3005/2776/2431
f 3006/2777/2432 3003/2775/2430 3004/2774/2429
f 3007/2778/2433 3006/2777/2432 3004/2774/2429
f 3008/2779/2434 3006/2777/2432 3007/2778/2433
f 3010/2780/2435 3009/2781/2436 3011/2782/2437
f 3012/2783/2072 3009/2781/2436 3010/2780/2435
f 3012/2783/2072 3013/2784/2438 3009/2781/2436
f 3014/2785/2439 3013/2784/2438 3012/2783/2072
f 3014/2785/2439 3015/2786/2440 3013/2784/2438
f 3013/2784/2438 3015/2786/2440 3016/2787/2441
f 3018/2788/2442 3017/2789/2443 3019/2790/2444
f 3020/2791/2445 3017/2789/2443 3018/2788/2442
f 3020/2791/2445 3021/2792/2446 3017/2789/2443
f 3022/2793/2447 3021/2792/2446 3020/2791/2445
f 3022/2793/2447 3023/2794/2448 3021/2792/2446
f 3021/2792/2446 3023/2794/2448 3024/2795/2449
f 3023/2794/2448 3025/2796/2450 3024/2795/2449
f 3026/2797/2451 3025/2796/2450 3023/2794/2448
f 3026/2797/2451 3027/2798/2452 3025/2796/2450
f 3025/2796/2450 3027/2798/2452 3028/2799/2452
f 3030/2800/2453 3029/2801/2454 3031/2802/2455
f 3031/2802/2455 3029/2801/2454 3032/2803/2456
f 3029/2801/2454 3033/2804/2457 3032/2803/2456
f 3032/2803/2456 3033/2804/2457 3034/2805/2458
f 3033/2804/2457 3035/2806/2459 3034/2805/2458
f 3036/2807/2459 3035/2806/2459 3033/2804/2457
f 3038/2808/2460 3037/2809/2461 3039/2810/2462
f 3040/2811/2463 3037/2809/2461 3038/2808/2460
f 3041/2812/2464 3040/2811/2463 3038/2808/2460
f 3042/2813/2465 3040/2811/2463 3041/2812/2464
f 3042/2813/2465 3041/2812/2464 3043/2814/2466
f 3043/2814/2466 3041/2812/2464 3044/2815/2467
f 3043/2814/2466 3044/2815/2467 3045/2816/2468
f 3045/2816/2468 3044/2815/2467 3046/2817/2469
f 3047/2818/2470 3045/2816/2468 3046/2817/2469
f 3048/2819/2471 3045/2816/2468 3047/2818/2470
f 3049/2820/2472 3048/2819/2471 3047/2818/2470
f 3050/2821/2473 3048/2819/2471 3049/2820/2472
f 3050/2821/2473 3049/2820/2472 3051/2822/2474
f 3051/2822/2474 3049/2820/2472 3052/2823/2475
f 3053/2824/2476 3051/2822/2474 3052/2823/2475
f 3054/2825/2477 3051/2822/2474 3053/2824/2476
f 3054/2825/2477 3053/2824/2476 3055/2826/2478
f 3055/2826/2478 3053/2824/2476 3056/2827/2478
f 3058/2828/2067 3057/2829/2479 3059/2830/2480
f 3060/2831/2067 3057/2829/2479 3058/2828/2067
f 3061/2832/2481 3060/2831/2067 3058/2828/2067
f 3062/2833/2482 3060/2831/2067 3061/2832/2481
f 3062/2833/2482 3061/2832/2481 3063/2834/2483
f 3063/2834/2483 3061/2832/2481 3064/2835/2484
f 3064/2835/2484 3065/2836/2485 3063/2834/2483
f 3066/2837/2023 3065/2836/2485 3064/2835/2484
f 3065/2836/2485 3066/2837/2023 3067/2838/2486
f 3067/2838/2486 3066/2837/2023 3068/2839/2487
f 3070/2840/2488 3069/2841/2489 3071/2842/2490
f 3071/2842/2490 3069/2841/2489 3072/2843/2489
f 3069/2841/2489 3073/2844/2491 3072/2843/2489
f 3072/2843/2489 3073/2844/2491 3074/2845/2492
f 3075/2846/2493 3074/2845/2492 3073/2844/2491
f 3076/2847/2494 3074/2845/2492 3075/2846/2493
f 3077/2848/2495 3076/2847/2494 3075/2846/2493
f 3078/2849/2496 3076/2847/2494 3077/2848/2495
f 3078/2849/2496 3079/2850/2497 3076/2847/2494
f 3080/2851/2498 3074/2845/2492 3076/2847/2494
f 3076/2847/2494 3079/2850/2497 3080/2851/2498
f 3081/2852/2499 3074/2845/2492 3080/2851/2498
f 3079/2850/2497 3082/2853/2500 3080/2851/2498
f 3080/2851/2498 3083/2854/2501 3081/2852/2499
f 3080/2851/2498 3082/2853/2500 3084/2855/2502
f 3084/2855/2502 3083/2854/2501 3080/2851/2498
f 3085/2856/2503 3083/2854/2501 3084/2855/2502
f 3086/2857/2504 3083/2854/2501 3085/2856/2503
f 3088/2858/2505 3087/2859/2506 3089/2860/2507
f 3090/2861/2508 3087/2859/2506 3088/2858/2505
f 3090/2861/2508 3091/2862/2509 3087/2859/2506
f 3092/2863/2510 3091/2862/2509 3090/2861/2508
f 3092/2863/2510 3093/2864/2511 3091/2862/2509
f 3091/2862/2509 3093/2864/2511 3094/2865/2512
f 3093/2864/2511 3095/2866/2513 3094/2865/2512
f 3094/2865/2512 3095/2866/2513 3096/2867/2514
f 3095/2866/2513 3097/2868/2515 3096/2867/2514
f 3096/2867/2514 3097/2868/2515 3098/2869/2516
f 3097/2868/2515 3099/2870/2517 3098/2869/2516
f 3098/2869/2516 3099/2870/2517 3100/2871/2518
f 3099/2870/2517 3101/2872/2519 3100/2871/2518
f 3100/2871/2518 3101/2872/2519 3102/2873/2520
f 3101/2872/2519 3103/2874/2521 3102/2873/2520
f 3102/2873/2520 3103/2874/2521 3104/2875/2522
f 3103/2874/2521 3105/2876/2523 3104/2875/2522
f 3104/2875/2522 3105/2876/2523 3106/2877/2524
f 3105/2876/2523 3107/2878/2525 3106/2877/2524
f 3108/2879/2526 3107/2878/2525 3105/2876/2523
f 3107/2878/2525 3108/2879/2526 3109/2880/2527
f 3109/2880/2527 3108/2879/2526 3110/2881/545
f 3111/2882/2528 3109/2880/2527 3110/2881/545
f 3112/2883/2529 3109/2880/2527 3111/2882/2528
f 3114/2884/2530 3113/2885/2531 3115/563/2531
f 3114/2884/2530 3115/563/2531 3116/566/2530
f 3117/567/2532 3114/2884/2530 3116/566/2530
f 3117/567/2532 3116/566/2530 3118/568/2532
f 3117/567/2532 3118/568/2532 3119/569/2533
f 3117/567/2532 3119/569/2533 3120/570/2534
f 3121/571/431 3120/570/2534 3119/569/2533
f 3122/572/431 3120/570/2534 3121/571/431
f 3119/569/2533 3123/573/431 3121/571/431
f 3124/574/431 3122/572/431 3121/571/431
f 3123/573/431 3125/2886/431 3121/571/431
f 3126/2887/431 3124/574/431 3121/571/431
f 3125/2886/431 3127/2888/431 3121/571/431
f 3128/2889/431 3126/2887/431 3121/571/431
f 3127/2888/431 3129/2890/431 3121/571/431
f 3130/2891/431 3128/2889/431 3121/571/431
f 3129/2890/431 3131/2892/431 3121/571/431
f 3132/582/431 3130/2891/431 3121/571/431
f 3131/2892/431 3133/2893/431 3121/571/431
f 3134/2894/431 3132/582/431 3121/571/431
f 3133/2893/431 3135/2895/431 3121/571/431
f 3136/2896/2535 3134/2894/431 3121/571/431
f 3135/2895/431 3137/2897/2536 3121/571/431
f 3136/2896/2535 3121/571/431 3137/2897/2536
f 3136/2896/2535 3137/2897/2536 3138/2898/2537
f 3136/2896/2535 3138/2898/2537 3139/589/2538
f 3140/590/2539 3139/589/2538 3138/2898/2537
f 3140/590/2539 3138/2898/2537 3141/591/2540
f 3142/2899/2541 3140/590/2539 3141/591/2540
f 3142/2899/2541 3141/591/2540 3143/593/2542
f 3145/596/2543 3144/595/2544 3146/594/2545
f 3145/596/2543 3146/594/2545 3147/597/2546
f 3148/598/2547 3145/596/2543 3147/597/2546
f 3148/598/2547 3147/597/2546 3149/599/2548
f 3150/600/2549 3148/598/2547 3149/599/2548
f 3150/600/2549 3149/599/2548 3151/601/2550
f 3152/602/2425 3150/600/2549 3151/601/2550
f 3152/602/2425 3153/603/2551 3150/600/2549
f 3155/606/2552 3154/605/2553 3156/604/2554
f 3155/606/2552 3156/604/2554 3157/607/2555
f 3158/608/2556 3155/606/2552 3157/607/2555
f 3158/608/2556 3157/607/2555 3159/609/2557
f 3160/610/2558 3158/608/2556 3159/609/2557
f 3160/610/2558 3161/611/543 3158/608/2556
f 3163/614/2559 3162/613/2560 3164/612/2561
f 3163/614/2559 3164/612/2561 3165/615/2562
f 3166/616/2563 3163/614/2559 3165/615/2562
f 3166/616/2563 3165/615/2562 3167/617/2564
f 3168/618/2565 3166/616/2563 3167/617/2564
f 3168/618/2565 3167/617/2564 3169/619/2565
f 3170/620/2566 3168/618/2565 3169/619/2565
f 3170/620/2566 3169/619/2565 3171/621/2567
f 3172/622/2568 3170/620/2566 3171/621/2567
f 3172/622/2568 3173/623/2569 3170/620/2566
f 3174/624/2570 3173/623/2569 3172/622/2568
f 3174/624/2570 3175/625/2571 3173/623/2569
f 3176/626/2572 3175/625/2571 3174/624/2570
f 3176/626/2572 3174/624/2570 3177/627/2573
f 3179/630/2574 3178/629/2575 3180/628/2575
f 3179/630/2574 3180/628/2575 3181/631/2574
f 3182/632/2576 3179/630/2574 3181/631/2574
f 3182/632/2576 3181/631/2574 3183/633/2577
f 3184/634/2578 3182/632/2576 3183/633/2577
f 3184/634/2578 3183/633/2577 3185/635/2578
f 3186/636/2579 3184/634/2578 3185/635/2578
f 3186/636/2579 3185/635/2578 3187/637/2579
f 3188/638/2580 3186/636/2579 3187/637/2579
f 3188/638/2580 3187/637/2579 3189/639/2580
f 3190/640/2581 3188/638/2580 3189/639/2580
f 3190/640/2581 3189/639/2580 3191/641/2581
f 3192/642/2582 3190/640/2581 3191/641/2581
f 3192/642/2582 3191/641/2581 3193/643/2582
f 3192/642/2582 3193/643/2582 3194/644/2583
f 3192/642/2582 3194/644/2583 3195/645/2584
f 3194/644/2583 3193/643/2582 3196/646/2585
f 3197/647/570 3194/644/2583 3196/646/2585
f 3197/647/570 3198/648/571 3194/644/2583
f 3199/649/2586 3198/648/571 3197/647/570
f 3200/651/573 3198/648/571 3201/650/2586
f 3201/650/2586 3198/648/571 3199/649/2586
f 3202/652/2587 3201/650/2586 3199/649/2586
f 3202/652/2587 3199/649/2586 3203/653/2587
f 3204/654/2588 3202/652/2587 3203/653/2587
f 3204/654/2588 3203/653/2587 3205/655/2588
f 3206/656/2589 3204/654/2588 3205/655/2588
f 3206/656/2589 3205/655/2588 3207/657/2589
f 3208/658/578 3206/656/2589 3207/657/2589
f 3208/658/578 3207/657/2589 3209/659/578
f 3210/660/2590 3208/658/578 3209/659/578
f 3210/660/2590 3209/659/578 3211/661/2590
f 3212/662/2591 3210/660/2590 3211/661/2590
f 3212/662/2591 3211/661/2590 3213/663/2591
f 3214/664/2592 3212/662/2591 3213/663/2591
f 3214/664/2592 3213/663/2591 3215/665/2592
f 3216/666/2593 3214/664/2592 3215/665/2592
f 3216/666/2593 3215/665/2592 3217/667/2593
f 3216/666/2593 3217/667/2593 3218/668/2594
f 3216/666/2593 3218/668/2594 3219/669/2595
f 3218/668/2594 3217/667/2593 3220/670/2596
f 3218/668/2594 3220/670/2596 3221/671/588
f 3218/668/2594 3221/671/588 3222/672/589
f 3223/673/590 3222/672/589 3221/671/588
f 3224/675/591 3222/672/589 3225/674/590
f 3225/674/590 3222/672/589 3223/673/590
f 3226/676/592 3225/674/590 3223/673/590
f 3226/676/592 3223/673/590 3227/677/592
f 3229/2280/2597 3228/2279/2598 3230/2278/2597
f 3229/2280/2597 3231/2281/2599 3228/2279/2598
f 3231/2281/2599 3232/2282/2600 3228/2279/2598
f 3231/2281/2599 3233/2283/2601 3232/2282/2600
f 3233/2283/2601 3234/2284/2602 3232/2282/2600
f 3233/2283/2601 3235/2285/2603 3234/2284/2602
f 3235/2285/2603 3236/2286/2604 3234/2284/2602
f 3235/2285/2603 3237/2287/2605 3236/2286/2604
f 3236/2286/2604 3237/2287/2605 3238/2288/2606
f 3236/2286/2604 3238/2288/2606 3239/2289/2607
f 3239/2289/2607 3238/2288/2606 3240/2290/2608
f 3239/2289/2607 3240/2290/2608 3241/2291/2609
f 3240/2290/2608 3242/2292/2610 3241/2291/2609
f 3240/2290/2608 3243/2293/2611 3242/2292/2610
f 3245/2296/2612 3244/2295/2613 3246/2294/2614
f 3245/2296/2612 3247/2297/2615 3244/2295/2613
f 3247/2297/2615 3248/2298/2616 3244/2295/2613
f 3247/2297/2615 3249/2299/2617 3248/2298/2616
f 3249/2299/2617 3250/2300/2618 3248/2298/2616
f 3249/2299/2617 3251/2301/2619 3250/2300/2618
f 3250/2300/2618 3251/2301/2619 3252/2302/2620
f 3250/2300/2618 3252/2302/2620 3253/2303/2620
f 3255/2306/2621 3254/2305/2622 3256/2304/2623
f 3255/2306/2621 3257/2307/2624 3254/2305/2622
f 3257/2307/2624 3258/2308/2625 3254/2305/2622
f 3257/2307/2624 3259/2309/2626 3258/2308/2625
f 3258/2308/2625 3259/2309/2626 3260/2310/2627
f 3258/2308/2625 3260/2310/2627 3261/2311/2025
f 3263/1739/215 3262/1738/215 3264/1737/215
f 3265/1740/2628 3263/1739/215 3264/1737/215
f 3266/1741/215 3263/1739/215 3265/1740/2628
f 3267/1746/215 3266/1741/215 3268/1745/215
f 3266/1741/215 3269/1744/2629 3268/1745/215
f 3269/1744/2629 3266/1741/215 3265/1740/2628
f 3269/1744/2629 3265/1740/2628 3270/1742/2630
f 3265/1740/2628 3271/2900/2631 3270/1742/2630
f 3273/2901/2632 3272/2902/2633 3274/2903/2634
f 3275/2904/2635 3272/2902/2633 3273/2901/2632
f 3275/2904/2635 3273/2901/2632 3276/2905/2636
f 3276/2905/2636 3273/2901/2632 3277/2906/2637
f 3276/2905/2636 3277/2906/2637 3278/2907/2638
f 3278/2907/2638 3277/2906/2637 3279/2908/2639
f 3280/2909/2640 3278/2907/2638 3279/2908/2639
f 3281/2910/2641 3278/2907/2638 3280/2909/2640
f 3282/2911/2642 3281/2910/2641 3280/2909/2640
f 3283/2912/2643 3281/2910/2641 3282/2911/2642
f 3283/2912/2643 3282/2911/2642 3284/2913/2644
f 3284/2913/2644 3282/2911/2642 3285/2914/412
f 3287/2915/2645 3286/2916/2646 3288/2917/2647
f 3288/2917/2647 3286/2916/2646 3289/2918/2648
f 3290/2919/2649 3288/2917/2647 3289/2918/2648
f 3291/2920/2650 3288/2917/2647 3290/2919/2649
f 3292/2921/2651 3291/2920/2650 3290/2919/2649
f 3293/2922/2651 3291/2920/2650 3292/2921/2651
f 3293/2922/2651 3292/2921/2651 3294/2923/2652
f 3294/2923/2652 3292/2921/2651 3295/2924/2653
f 3297/2925/2654 3296/2926/2655 3298/2927/2656
f 3298/2927/2656 3296/2926/2655 3299/2928/2657
f 3296/2926/2655 3300/2929/2658 3299/2928/2657
f 3301/2930/2659 3300/2929/2658 3296/2926/2655
f 3301/2930/2659 3302/2931/2660 3300/2929/2658
f 3303/2932/2661 3302/2931/2660 3301/2930/2659
f 3303/2932/2661 3304/2933/2662 3302/2931/2660
f 3305/2934/2663 3304/2933/2662 3303/2932/2661
f 3305/2934/2663 3306/2935/2664 3304/2933/2662
f 3307/2936/2665 3306/2935/2664 3305/2934/2663
f 3307/2936/2665 3308/2937/2666 3306/2935/2664
f 3306/2935/2664 3308/2937/2666 3309/2938/2667
f 3308/2937/2666 3310/2939/2668 3309/2938/2667
f 3309/2938/2667 3310/2939/2668 3311/2940/2669
f 3310/2939/2668 3312/2941/2670 3311/2940/2669
f 3313/2942/2671 3312/2941/2670 3310/2939/2668
f 3315/2943/2672 3314/2944/2673 3316/2945/2674
f 3316/2945/2674 3314/2944/2673 3317/2946/2673
f 3314/2944/2673 3318/2947/2675 3317/2946/2673
f 3319/2948/2676 3318/2947/2675 3314/2944/2673
f 3319/2948/2676 3320/2949/2677 3318/2947/2675
f 3318/2947/2675 3320/2949/2677 3321/2950/2678
f 3323/2951/2679 3322/2952/2680 3324/2953/2679
f 3322/2952/2680 3325/2954/2629 3324/2953/2679
f 3325/2954/2629 3322/2952/2680 3326/2955/2681
f 3322/2952/2680 3327/2956/2682 3326/2955/2681
f 3329/2957/2683 3328/2958/412 3330/2959/413
f 3331/2960/415 3329/2957/2683 3330/2959/413
f 3329/2957/2683 3331/2960/415 3332/2961/2684
f 3333/2962/2685 3329/2957/2683 3332/2961/2684
f 3335/2963/2686 3334/2964/2687 3332/2961/2684
f 3334/2964/2687 3333/2962/2685 3332/2961/2684
f 3333/2962/2685 3334/2964/2687 3336/2965/2688
f 3333/2962/2685 3336/2965/2688 3337/2966/2689
f 3336/2965/2688 3338/2967/2689 3337/2966/2689
f 3337/2966/2689 3338/2967/2689 3339/2968/2690
f 3340/2969/2691 3337/2966/2689 3339/2968/2690
f 3340/2969/2691 3339/2968/2690 3341/2970/2692
f 3339/2968/2690 3342/2971/2693 3341/2970/2692
f 3341/2970/2692 3342/2971/2693 3343/2972/2694
f 3342/2971/2693 3344/2973/2695 3343/2972/2694
f 3343/2972/2694 3344/2973/2695 3345/2974/2696
f 3344/2973/2695 3346/2975/2697 3345/2974/2696
f 3345/2974/2696 3346/2975/2697 3347/2976/2698
f 3346/2975/2697 3348/2977/2699 3347/2976/2698
f 3349/2978/2700 3347/2976/2698 3348/2977/2699
f 3351/2979/2701 3350/2980/2702 3348/2977/2699
f 3350/2980/2702 3349/2978/2700 3348/2977/2699
f 3350/2980/2702 3352/2981/2703 3349/2978/2700
f 3352/2981/2703 3350/2980/2702 3353/2982/2701
f 3352/2981/2703 3354/2983/2704 3349/2978/2700
f 3352/2981/2703 3355/2984/2705 3354/2983/2704
f 3355/2984/2705 3356/2985/2706 3354/2983/2704
f 3356/2985/2706 3355/2984/2705 3357/2986/2707
f 3358/2987/2708 3356/2985/2706 3357/2986/2707
f 3358/2987/2708 3357/2986/2707 3359/2988/2709
f 3360/2989/2710 3358/2987/2708 3359/2988/2709
f 3360/2989/2710 3359/2988/2709 3361/2990/2711
f 3362/2991/2712 3360/2989/2710 3361/2990/2711
f 3362/2991/2712 3361/2990/2711 3363/2992/2713
f 3361/2990/2711 3364/2993/2714 3363/2992/2713
f 3364/2993/2714 3365/2994/2715 3363/2992/2713
f 3365/2994/2715 3366/2995/2716 3363/2992/2713
f 3365/2994/2715 3367/2996/2717 3366/2995/2716
f 3366/2995/2716 3367/2996/2717 3368/2997/2718
f 3367/2996/2717 3369/2998/2719 3368/2997/2718
f 3370/2999/2720 3366/2995/2716 3368/2997/2718
f 3371/3000/2721 3370/2999/2720 3368/2997/2718
f 3371/3000/2721 3372/3001/413 3370/2999/2720
f 3372/3001/413 3373/3002/413 3370/2999/2720
f 3375/3003/2722 3374/3004/2723 3376/3005/2724
f 3377/3006/2725 3375/3003/2722 3376/3005/2724
f 3377/3006/2725 3378/3007/2726 3375/3003/2722
f 3378/3007/2726 3379/3008/2727 3375/3003/2722
f 3381/3009/215 3380/3010/215 3382/3011/215
f 3383/3012/215 3381/3009/215 3382/3011/215
f 3383/3012/215 3384/3013/2728 3381/3009/215
f 3384/3013/2728 3385/3014/2728 3381/3009/215
f 3384/3013/2728 3386/3015/700 3385/3014/2728
f 3386/3015/700 3387/3016/703 3385/3014/2728
f 3386/3015/700 3388/3017/2729 3387/3016/703
f 3388/3017/2729 3389/3018/2729 3387/3016/703
f 3388/3017/2729 3390/3019/2730 3389/3018/2729
f 3390/3019/2730 3391/3020/2730 3389/3018/2729
f 3390/3019/2730 3392/3021/220 3393/3022/220
f 3391/3020/2730 3390/3019/2730 3393/3022/220
f 3393/3022/220 3394/3023/220 3391/3020/2730
f 3391/3020/2730 3394/3023/220 3395/3024/2731
f 3394/3023/220 3396/3025/2731 3395/3024/2731
f 3395/3024/2731 3396/3025/2731 3397/3026/2732
f 3398/3027/2732 3395/3024/2731 3397/3026/2732
f 3398/3027/2732 3397/3026/2732 3399/3028/2733
f 3400/3029/2734 3398/3027/2732 3399/3028/2733
f 3400/3029/2734 3399/3028/2733 3401/3030/2735
f 3402/3031/2735 3400/3029/2734 3401/3030/2735
f 3402/3031/2735 3401/3030/2735 3403/3032/2425
f 3404/3033/2425 3402/3031/2735 3403/3032/2425
f 3404/3033/2425 3403/3032/2425 3405/3034/107
f 3403/3032/2425 3406/3035/107 3405/3034/107
f 3408/3036/215 3407/3037/215 3409/3009/215
f 3410/3012/215 3408/3036/215 3409/3009/215
f 3410/3012/215 3409/3009/215 3411/3013/2728
f 3409/3009/215 3412/3014/2728 3411/3013/2728
f 3411/3013/2728 3412/3014/2728 3413/3015/2736
f 3412/3014/2728 3414/3016/703 3413/3015/2736
f 3413/3015/2736 3414/3016/703 3415/3017/2729
f 3414/3016/703 3416/3018/2729 3415/3017/2729
f 3415/3017/2729 3416/3018/2729 3417/3019/2730
f 3416/3018/2729 3418/3020/2730 3417/3019/2730
f 3419/3021/220 3417/3019/2730 3420/3022/220
f 3417/3019/2730 3418/3020/2730 3420/3022/220
f 3418/3020/2730 3421/3023/220 3420/3022/220
f 3422/3024/2731 3421/3023/220 3418/3020/2730
f 3422/3024/2731 3423/3025/2731 3421/3023/220
f 3424/3026/2732 3423/3025/2731 3422/3024/2731
f 3425/3027/2732 3424/3026/2732 3422/3024/2731
f 3426/3028/2733 3424/3026/2732 3425/3027/2732
f 3427/3029/2734 3426/3028/2733 3425/3027/2732
f 3428/3030/2735 3426/3028/2733 3427/3029/2734
f 3429/3031/2735 3428/3030/2735 3427/3029/2734
f 3430/3032/2425 3428/3030/2735 3429/3031/2735
f 3431/3033/2425 3430/3032/2425 3429/3031/2735
f 3431/3033/2425 3432/3034/107 3430/3032/2425
f 3432/3034/107 3433/3035/107 3430/3032/2425
f 3435/3038/2737 3434/3039/2737 3436/3040/2738
f 3437/3041/2739 3435/3038/2737 3436/3040/2738
f 3438/3042/2740 3437/3041/2739 3436/3040/2738
f 3439/3043/2740 3438/3042/2740 3436/3040/2738
f 3438/3042/2740 3439/3043/2740 3440/3044/2741
f 3441/3045/2742 3438/3042/2740 3440/3044/2741
f 3442/3046/2743 3441/3045/2742 3440/3044/2741
f 3443/3047/2744 3442/3046/2743 3440/3044/2741
f 3442/3046/2743 3443/3047/2744 3444/3048/2745
f 3445/3049/2746 3442/3046/2743 3444/3048/2745
f 3446/3050/2747 3445/3049/2746 3444/3048/2745
f 3447/3051/2748 3446/3050/2747 3444/3048/2745
f 3446/3050/2747 3447/3051/2748 3448/3052/2749
f 3449/3053/2750 3446/3050/2747 3448/3052/2749
f 3451/3054/2751 3450/3055/2752 3452/3056/2753
f 3450/3055/2752 3453/3057/2754 3452/3056/2753
f 3453/3057/2754 3454/3058/2755 3452/3056/2753
f 3454/3058/2755 3455/3059/2756 3452/3056/2753
f 3455/3059/2756 3454/3058/2755 3456/3060/2757
f 3454/3058/2755 3457/3061/2758 3456/3060/2757
f 3459/3062/2759 3458/3063/2760 3460/3064/1190
f 3461/3065/2761 3459/3062/2759 3460/3064/1190
f 3462/3066/2762 3461/3065/2761 3460/3064/1190
f 3463/3067/2763 3462/3066/2762 3460/3064/1190
f 3462/3066/2762 3463/3067/2763 3464/3068/2764
f 3465/3069/2765 3462/3066/2762 3464/3068/2764
f 3467/3070/2766 3466/3071/2767 3468/3072/2767
f 3469/3073/2768 3467/3070/2766 3468/3072/2767
f 3467/3070/2766 3469/3073/2768 3470/3074/2769
f 3471/3075/2769 3467/3070/2766 3470/3074/2769
f 3472/3076/2770 3471/3075/2769 3470/3074/2769
f 3473/3077/2771 3472/3076/2770 3470/3074/2769
f 3475/3078/2772 3474/3079/2773 3476/3080/2774
f 3477/3081/2772 3475/3078/2772 3476/3080/2774
f 3475/3078/2772 3477/3081/2772 3478/3082/2436
f 3479/3083/2775 3475/3078/2772 3478/3082/2436
f 3479/3083/2775 3478/3082/2436 3480/3084/2776
f 3481/3085/2777 3479/3083/2775 3480/3084/2776
f 3482/3086/2778 3481/3085/2777 3480/3084/2776
f 3483/3087/2779 3482/3086/2778 3480/3084/2776
f 3485/3088/2780 3484/3089/2781 3486/3090/2782
f 3487/3091/2783 3485/3088/2780 3486/3090/2782
f 3485/3088/2780 3487/3091/2783 3488/3092/2784
f 3489/3093/2785 3485/3088/2780 3488/3092/2784
f 3490/3094/2786 3489/3093/2785 3488/3092/2784
f 3491/3095/2787 3490/3094/2786 3488/3092/2784
f 3490/3094/2786 3491/3095/2787 3492/3096/2788
f 3493/3097/2789 3490/3094/2786 3492/3096/2788
f 3494/3098/2790 3493/3097/2789 3492/3096/2788
f 3495/3099/2791 3494/3098/2790 3492/3096/2788
f 3497/3100/2792 3496/3101/2793 3498/3102/2794
f 3496/3101/2793 3499/3103/2529 3498/3102/2794
f 3499/3103/2529 3496/3101/2793 3500/3104/2795
f 3496/3101/2793 3501/3105/2795 3500/3104/2795
f 3501/3105/2795 3502/3106/2796 3500/3104/2795
f 3502/3106/2796 3503/3107/2797 3500/3104/2795
f 3505/3108/2402 3504/3109/2050 3506/3110/2402
f 3504/3109/2050 3507/3111/2798 3506/3110/2402
f 3507/3111/2798 3504/3109/2050 3508/3112/2799
f 3504/3109/2050 3509/3113/2800 3508/3112/2799
f 3511/3114/2801 3510/3115/2802 3512/3116/2803
f 3510/3115/2802 3513/3117/2804 3512/3116/2803
f 3513/3117/2804 3514/3118/2805 3512/3116/2803
f 3514/3118/2805 3515/3119/2806 3512/3116/2803
f 3515/3119/2806 3514/3118/2805 3516/3120/2807
f 3514/3118/2805 3517/3121/2808 3516/3120/2807
f 3519/3122/2809 3518/3123/2810 3520/3124/2811
f 3521/3125/2812 3519/3122/2809 3520/3124/2811
f 3519/3122/2809 3521/3125/2812 3522/3126/2813
f 3523/3127/2814 3519/3122/2809 3522/3126/2813
f 3524/3128/2815 3523/3127/2814 3522/3126/2813
f 3524/3128/2815 3522/3126/2813 3525/3129/2816
f 3522/3126/2813 3526/3130/2817 3525/3129/2816
f 3526/3130/2817 3527/3131/2818 3525/3129/2816
f 3527/3131/2818 3528/3132/2819 3525/3129/2816
f 3528/3132/2819 3527/3131/2818 3529/3133/2820
f 3527/3131/2818 3530/3134/2821 3529/3133/2820
f 3532/3135/2822 3531/3136/2823 3533/3137/2824
f 3533/3137/2824 3531/3136/2823 3534/3138/2825
f 3535/3139/2826 3533/3137/2824 3534/3138/2825
f 3536/3140/2827 3533/3137/2824 3535/3139/2826
f 3537/3141/2828 3536/3140/2827 3535/3139/2826
f 3538/3142/2829 3536/3140/2827 3537/3141/2828
f 3539/3143/2830 3538/3142/2829 3537/3141/2828
f 3540/3144/2831 3538/3142/2829 3539/3143/2830
f 3541/3145/2832 3540/3144/2831 3539/3143/2830
f 3542/3146/2833 3540/3144/2831 3541/3145/2832
f 3542/3146/2833 3541/3145/2832 3543/3147/2834
f 3543/3147/2834 3541/3145/2832 3544/3148/2835
f 3546/3149/2836 3545/3150/2837 3547/3151/2838
f 3547/3151/2838 3545/3150/2837 3548/3152/2839
f 3549/3153/2840 3547/3151/2838 3548/3152/2839
f 3550/3154/2841 3547/3151/2838 3549/3153/2840
f 3550/3154/2841 3549/3153/2840 3551/3155/2842
f 3551/3155/2842 3549/3153/2840 3552/3156/2843
f 3553/3157/2844 3551/3155/2842 3552/3156/2843
f 3554/3158/2845 3551/3155/2842 3553/3157/2844
f 3555/3159/2846 3554/3158/2845 3553/3157/2844
f 3556/3160/2847 3554/3158/2845 3555/3159/2846
f 3556/3160/2847 3555/3159/2846 3557/3161/2848
f 3557/3161/2848 3555/3159/2846 3558/3162/2849
f 3559/3163/2850 3557/3161/2848 3558/3162/2849
f 3560/3164/2851 3557/3161/2848 3559/3163/2850
f 3560/3164/2851 3559/3163/2850 3561/3165/2852
f 3561/3165/2852 3559/3163/2850 3562/3166/2853
f 3563/3167/2854 3561/3165/2852 3562/3166/2853
f 3564/3168/2855 3561/3165/2852 3563/3167/2854
f 3566/3169/786 3565/3170/361 3567/3171/786
f 3568/3172/361 3565/3170/361 3566/3169/786
f 3568/3172/361 3569/3173/2856 3565/3170/361
f 3565/3170/361 3569/3173/2856 3570/3174/2857
f 3569/3173/2856 3571/3175/2858 3570/3174/2857
f 3570/3174/2857 3571/3175/2858 3572/3176/2859
f 3571/3175/2858 3573/3177/2860 3572/3176/2859
f 3574/3178/2861 3573/3177/2860 3571/3175/2858
f 3574/3178/2861 3575/3179/2862 3573/3177/2860
f 3573/3177/2860 3575/3179/2862 3576/3180/2863
f 3575/3179/2862 3577/3181/2864 3576/3180/2863
f 3576/3180/2863 3577/3181/2864 3578/3182/2865
f 3577/3181/2864 3579/3183/2866 3578/3182/2865
f 3580/3184/2867 3579/3183/2866 3577/3181/2864
f 3580/3184/2867 3581/3185/2868 3579/3183/2866
f 3579/3183/2866 3581/3185/2868 3582/3186/2869
f 3581/3185/2868 3583/3187/2870 3582/3186/2869
f 3584/3188/2871 3583/3187/2870 3581/3185/2868
f 3584/3188/2871 3585/3189/2872 3583/3187/2870
f 3586/3190/2873 3585/3189/2872 3584/3188/2871
f 3586/3190/2873 3587/3191/2874 3585/3189/2872
f 3588/3192/2875 3587/3191/2874 3586/3190/2873
f 3588/3192/2875 3589/3193/2876 3587/3191/2874
f 3590/3194/2877 3589/3193/2876 3588/3192/2875
f 3590/3194/2877 3591/3195/2878 3589/3193/2876
f 3589/3193/2876 3591/3195/2878 3592/3196/2879
f 3591/3195/2878 3593/3197/2880 3592/3196/2879
f 3592/3196/2879 3593/3197/2880 3594/3198/2881
f 3593/3197/2880 3595/3199/2882 3594/3198/2881
f 3594/3198/2881 3595/3199/2882 3596/3200/2883
f 3595/3199/2882 3597/3201/2884 3596/3200/2883
f 3598/3202/2885 3597/3201/2884 3595/3199/2882
f 3598/3202/2885 3599/3203/2886 3597/3201/2884
f 3597/3201/2884 3599/3203/2886 3600/3204/2887
f 3602/3205/2888 3601/3206/2889 3603/3207/2890
f 3603/3207/2890 3601/3206/2889 3604/3208/2891
f 3601/3206/2889 3605/3209/2892 3604/3208/2891
f 3606/3210/2893 3605/3209/2892 3601/3206/2889
f 3606/3210/2893 3607/3211/2894 3605/3209/2892
f 3605/3209/2892 3607/3211/2894 3608/3212/2895
f 3607/3211/2894 3609/3213/2896 3608/3212/2895
f 3608/3212/2895 3609/3213/2896 3610/3214/2897
f 3609/3213/2896 3611/3215/2898 3610/3214/2897
f 3612/3216/2899 3611/3215/2898 3609/3213/2896
f 3612/3216/2899 3613/3217/2900 3611/3215/2898
f 3611/3215/2898 3613/3217/2900 3614/3218/2901
f 3616/3219/2902 3615/3220/2903 3617/3221/2904
f 3618/3222/2905 3615/3220/2903 3616/3219/2902
f 3619/3223/2906 3615/3220/2903 3618/3222/2905
f 3620/3224/2907 3615/3220/2903 3619/3223/2906
f 3619/3223/2906 3621/3225/2908 3620/3224/2907
f 3620/3224/2907 3621/3225/2908 3622/3226/2909
f 3623/3227/2910 3622/3226/2909 3621/3225/2908
f 3624/3228/2911 3622/3226/2909 3623/3227/2910
f 3624/3228/2911 3625/3229/2912 3622/3226/2909
f 3626/3230/2913 3625/3229/2912 3624/3228/2911
f 3627/3231/2914 3625/3229/2912 3626/3230/2913
f 3628/3232/2915 3625/3229/2912 3627/3231/2914
f 3629/3233/2916 3628/3232/2915 3627/3231/2914
f 3630/3234/2917 3628/3232/2915 3629/3233/2916
f 3631/3235/2918 3630/3234/2917 3629/3233/2916
f 3632/3236/2919 3630/3234/2917 3631/3235/2918
f 3633/3237/2920 3632/3236/2919 3631/3235/2918
f 3634/3238/2921 3632/3236/2919 3633/3237/2920
f 3633/3237/2920 3635/3239/2922 3634/3238/2921
f 3636/3240/2923 3635/3239/2922 3633/3237/2920
f 3635/3239/2922 3636/3240/2923 3637/3241/2924
f 3637/3241/2924 3636/3240/2923 3638/3242/2925
f 3637/3241/2924 3638/3242/2925 3639/3243/2926
f 3639/3243/2926 3638/3242/2925 3640/3244/2927
f 3639/3243/2926 3640/3244/2927 3641/3245/2928
f 3641/3245/2928 3640/3244/2927 3642/3246/2929
f 3641/3245/2928 3642/3246/2929 3643/3247/2930
f 3643/3247/2930 3642/3246/2929 3644/3248/2931
f 3643/3247/2930 3644/3248/2931 3645/3249/2932
f 3645/3249/2932 3644/3248/2931 3646/3250/2933
f 3647/3251/2934 3645/3249/2932 3646/3250/2933
f 3648/3252/2935 3645/3249/2932 3647/3251/2934
f 3650/3253/2936 3649/3254/894 3651/3255/2936
f 3652/3256/894 3649/3254/894 3650/3253/2936
f 3652/3256/894 3653/3257/2937 3649/3254/894
f 3649/3254/894 3653/3257/2937 3654/3258/2938
f 3653/3257/2937 3655/3259/2939 3654/3258/2938
f 3656/3260/2940 3655/3259/2939 3653/3257/2937
f 3656/3260/2940 3657/3261/2941 3655/3259/2939
f 3655/3259/2939 3657/3261/2941 3658/3262/2942
f 3657/3261/2941 3659/3263/2943 3658/3262/2942
f 3660/3264/2944 3659/3263/2943 3657/3261/2941
f 3660/3264/2944 3661/3265/2945 3659/3263/2943
f 3662/3266/2946 3661/3265/2945 3660/3264/2944
f 3662/3266/2946 3663/3267/2947 3661/3265/2945
f 3664/3268/2948 3663/3267/2947 3662/3266/2946
f 3664/3268/2948 3665/3269/2949 3663/3267/2947
f 3663/3267/2947 3665/3269/2949 3666/3270/2950
f 3665/3269/2949 3667/3271/2951 3666/3270/2950
f 3666/3270/2950 3667/3271/2951 3668/3272/1031
f 3667/3271/2951 3669/3273/2952 3668/3272/1031
f 3668/3272/1031 3669/3273/2952 3670/3274/2953
f 3669/3273/2952 3671/3275/2954 3670/3274/2953
f 3672/3276/2955 3671/3275/2954 3669/3273/2952
f 3672/3276/2955 3673/3277/2956 3671/3275/2954
f 3674/3278/2957 3673/3277/2956 3672/3276/2955
f 3674/3278/2957 3675/3279/2958 3673/3277/2956
f 3676/3280/2959 3675/3279/2958 3674/3278/2957
f 3676/3280/2959 3677/3281/2960 3675/3279/2958
f 3678/3282/2961 3677/3281/2960 3676/3280/2959
f 3678/3282/2961 3679/3283/2962 3677/3281/2960
f 3677/3281/2960 3679/3283/2962 3680/3284/2963
f 3682/3285/2964 3681/3286/2965 3683/3287/2966
f 3683/3287/2966 3681/3286/2965 3684/3288/2967
f 3685/3289/2968 3683/3287/2966 3684/3288/2967
f 3686/3290/2969 3683/3287/2966 3685/3289/2968
f 3687/3291/2970 3686/3290/2969 3685/3289/2968
f 3688/3292/2971 3686/3290/2969 3687/3291/2970
f 3689/3293/2972 3688/3292/2971 3687/3291/2970
f 3690/3294/2972 3688/3292/2971 3689/3293/2972
f 3691/3295/2402 3690/3294/2972 3689/3293/2972
f 3692/3296/107 3690/3294/2972 3691/3295/2402
f 3692/3296/107 3691/3295/2402 3693/3297/2973
f 3693/3297/2973 3691/3295/2402 3694/3298/2974
f 3696/3299/2975 3695/3300/2976 3697/3301/2977
f 3698/3302/2978 3695/3300/2976 3696/3299/2975
f 3698/3302/2978 3696/3299/2975 3699/3303/2756
f 3699/3303/2756 3696/3299/2975 3700/3304/2756
f 3701/3305/2979 3699/3303/2756 3700/3304/2756
f 3702/3306/2980 3699/3303/2756 3701/3305/2979
f 3704/3307/2981 3703/3308/2982 3705/3309/2983
f 3706/3310/2984 3703/3308/2982 3704/3307/2981
f 3706/3310/2984 3707/3311/2985 3703/3308/2982
f 3703/3308/2982 3707/3311/2985 3708/3312/2986
f 3707/3311/2985 3709/3313/2987 3708/3312/2986
f 3710/3314/2988 3709/3313/2987 3707/3311/2985
f 3712/3315/2989 3711/3316/2990 3713/3317/2991
f 3713/3317/2991 3711/3316/2990 3714/3318/2992
f 3711/3316/2990 3715/3319/2769 3714/3318/2992
f 3716/3320/2993 3715/3319/2769 3711/3316/2990
f 3716/3320/2993 3717/3321/2994 3715/3319/2769
f 3715/3319/2769 3717/3321/2994 3718/3322/2995
f 3720/3323/2996 3719/3324/2002 3721/3325/2997
f 3722/3326/2998 3719/3324/2002 3720/3323/2996
f 3722/3326/2998 3723/3327/2999 3719/3324/2002
f 3719/3324/2002 3723/3327/2999 3724/3328/3000
f 3726/3329/3001 3725/3330/3002 3727/3331/3003
f 3728/3332/3004 3725/3330/3002 3726/3329/3001
f 3728/3332/3004 3729/3333/3005 3725/3330/3002
f 3725/3330/3002 3729/3333/3005 3730/3334/3006
f 3729/3333/3005 3731/3335/3007 3730/3334/3006
f 3732/3336/3008 3731/3335/3007 3729/3333/3005
f 3732/3336/3008 3733/3337/3009 3731/3335/3007
f 3731/3335/3007 3733/3337/3009 3734/3338/3010
f 3736/3339/3011 3735/3340/3012 3737/3341/3013
f 3737/3341/3013 3735/3340/3012 3738/3342/3014
f 3739/3343/3015 3737/3341/3013 3738/3342/3014
f 3740/3344/3016 3737/3341/3013 3739/3343/3015
f 3742/3345/3017 3741/3346/3018 3743/3347/3019
f 3744/3348/3020 3741/3346/3018 3742/3345/3017
f 3744/3348/3020 3742/3345/3017 3745/3349/3021
f 3745/3349/3021 3742/3345/3017 3746/3350/3022
f 3747/3351/3023 3745/3349/3021 3746/3350/3022
f 3748/3352/3024 3745/3349/3021 3747/3351/3023
f 3750/3353/3025 3749/3354/3026 3751/3355/3027
f 3752/3356/3028 3751/3355/3027 3749/3354/3026
f 3749/3354/3026 3753/3357/3029 3752/3356/3028
f 3749/3354/3026 3754/3358/3030 3753/3357/3029
f 3752/3356/3028 3753/3357/3029 3755/3359/3031
f 3754/3358/3030 3756/3360/3032 3753/3357/3029
f 3753/3357/3029 3757/3361/3033 3755/3359/3031
f 3753/3357/3029 3756/3360/3032 3757/3361/3033
f 3756/3360/3032 3758/3362/3034 3757/3361/3033
f 3755/3359/3031 3757/3361/3033 3759/3363/3035
f 3758/3362/3034 3760/3364/3036 3757/3361/3033
f 3757/3361/3033 3761/3365/3037 3759/3363/3035
f 3760/3364/3036 3761/3365/3037 3757/3361/3033
f 3759/3363/3035 3761/3365/3037 3762/3366/3038
f 3760/3364/3036 3763/3367/3039 3761/3365/3037
f 3763/3367/3039 3764/3368/3040 3761/3365/3037
f 3761/3365/3037 3764/3368/3040 3762/3366/3038
f 3763/3367/3039 3765/3369/3041 3764/3368/3040
f 3762/3366/3038 3764/3368/3040 3766/3370/3042
f 3765/3369/3041 3766/3370/3042 3764/3368/3040
f 3767/3371/3043 3762/3366/3038 3766/3370/3042
f 3766/3370/3042 3765/3369/3041 3768/3372/3044
f 3767/3371/3043 3766/3370/3042 3769/3373/3045
f 3769/3373/3045 3766/3370/3042 3768/3372/3044
f 3770/3374/3046 3767/3371/3043 3769/3373/3045
f 3771/3375/3047 3769/3373/3045 3768/3372/3044
f 3770/3374/3046 3769/3373/3045 3771/3375/3047
f 3772/3376/3048 3771/3375/3047 3768/3372/3044
f 3773/3377/3049 3770/3374/3046 3771/3375/3047
f 3774/3378/215 3771/3375/3047 3772/3376/3048
f 3773/3377/3049 3771/3375/3047 3774/3378/215
f 3775/3379/3050 3774/3378/215 3772/3376/3048
f 3776/3380/3051 3773/3377/3049 3774/3378/215
f 3774/3378/215 3775/3379/3050 3777/3381/3052
f 3776/3380/3051 3774/3378/215 3778/3382/3053
f 3778/3382/3053 3774/3378/215 3777/3381/3052
f 3779/3383/215 3776/3380/3051 3778/3382/3053
f 3780/3384/2681 3779/3383/215 3778/3382/3053
f 3781/3385/3053 3778/3382/3053 3777/3381/3052
f 3781/3385/3053 3780/3384/2681 3778/3382/3053
f 3782/3386/3054 3781/3385/3053 3777/3381/3052
f 3782/3386/3054 3783/3387/3055 3781/3385/3053
f 3780/3384/2681 3781/3385/3053 3784/3388/3056
f 3783/3387/3055 3784/3388/3056 3781/3385/3053
f 3785/3389/3057 3780/3384/2681 3784/3388/3056
f 3783/3387/3055 3786/3390/3058 3784/3388/3056
f 3785/3389/3057 3784/3388/3056 3787/3391/3059
f 3786/3390/3058 3787/3391/3059 3784/3388/3056
f 3788/3392/3060 3785/3389/3057 3787/3391/3059
f 3788/3392/3060 3787/3391/3059 3789/3393/3061
f 3790/3394/3062 3787/3391/3059 3786/3390/3058
f 3787/3391/3059 3790/3394/3062 3789/3393/3061
f 3791/3395/3063 3790/3394/3062 3786/3390/3058
f 3789/3393/3061 3790/3394/3062 3792/3396/3064
f 3793/3397/3065 3790/3394/3062 3791/3395/3063
f 3790/3394/3062 3793/3397/3065 3792/3396/3064
f 3794/3398/3066 3793/3397/3065 3791/3395/3063
f 3792/3396/3064 3793/3397/3065 3795/3399/3067
f 3795/3399/3067 3793/3397/3065 3794/3398/3066
f 3796/3400/3068 3792/3396/3064 3795/3399/3067
f 3797/3401/3069 3795/3399/3067 3794/3398/3066
f 3796/3400/3068 3795/3399/3067 3798/3402/3070
f 3798/3402/3070 3795/3399/3067 3797/3401/3069
f 3799/3403/3071 3798/3402/3070 3797/3401/3069
f 3800/3404/3072 3796/3400/3068 3798/3402/3070
f 3799/3403/3071 3801/3405/3073 3798/3402/3070
f 3800/3404/3072 3798/3402/3070 3802/3406/3074
f 3801/3405/3073 3802/3406/3074 3798/3402/3070
f 3801/3405/3073 3803/3407/3075 3802/3406/3074
f 3804/3408/3076 3800/3404/3072 3802/3406/3074
f 3803/3407/3075 3805/3409/3077 3802/3406/3074
f 3805/3409/3077 3804/3408/3076 3802/3406/3074
f 3805/3409/3077 3806/3410/3078 3804/3408/3076
f 3807/3411/3079 3806/3410/3078 3805/3409/3077
f 3809/3412/3080 3808/3413/3081 3810/3414/3082
f 3808/3413/3081 3811/3415/3083 3810/3414/3082
f 3810/3414/3082 3811/3415/3083 3812/3416/3084
f 3808/3413/3081 3813/3417/3085 3811/3415/3083
f 3811/3415/3083 3814/3418/3086 3812/3416/3084
f 3812/3416/3084 3814/3418/3086 3815/3419/3087
f 3813/3417/3085 3816/3420/2993 3811/3415/3083
f 3811/3415/3083 3816/3420/2993 3814/3418/3086
f 3814/3418/3086 3817/3421/3088 3815/3419/3087
f 3815/3419/3087 3817/3421/3088 3818/3422/3089
f 3816/3420/2993 3819/3423/3090 3814/3418/3086
f 3814/3418/3086 3819/3423/3090 3817/3421/3088
f 3816/3420/2993 3813/3417/3085 3820/3424/3091
f 3817/3421/3088 3821/3425/3092 3818/3422/3089
f 3818/3422/3089 3821/3425/3092 3822/3426/3093
f 3820/3424/3091 3813/3417/3085 3823/3427/3094
f 3813/3417/3085 3824/3428/3095 3823/3427/3094
f 3820/3424/3091 3825/3429/3096 3816/3420/2993
f 3825/3429/3096 3819/3423/3090 3816/3420/2993
f 3823/3427/3094 3826/3430/3097 3820/3424/3091
f 3826/3430/3097 3825/3429/3096 3820/3424/3091
f 3823/3427/3094 3824/3428/3095 3827/3431/3098
f 3823/3427/3094 3827/3431/3098 3826/3430/3097
f 3824/3428/3095 3828/3432/3099 3827/3431/3098
f 3828/3432/3099 3829/3433/3100 3827/3431/3098
f 3819/3423/3090 3830/3434/3101 3817/3421/3088
f 3817/3421/3088 3830/3434/3101 3821/3425/3092
f 3829/3433/3100 3831/3435/3102 3827/3431/3098
f 3829/3433/3100 3832/3436/3103 3831/3435/3102
f 3827/3431/3098 3833/3437/3104 3826/3430/3097
f 3827/3431/3098 3831/3435/3102 3833/3437/3104
f 3826/3430/3097 3834/3438/3105 3825/3429/3096
f 3826/3430/3097 3833/3437/3104 3834/3438/3105
f 3825/3429/3096 3835/3439/3106 3819/3423/3090
f 3834/3438/3105 3835/3439/3106 3825/3429/3096
f 3835/3439/3106 3830/3434/3101 3819/3423/3090
f 3832/3436/3103 3836/3440/3107 3831/3435/3102
f 3832/3436/3103 3837/3441/2489 3836/3440/3107
f 3831/3435/3102 3838/3442/3108 3833/3437/3104
f 3831/3435/3102 3836/3440/3107 3838/3442/3108
f 3833/3437/3104 3839/3443/3109 3834/3438/3105
f 3833/3437/3104 3838/3442/3108 3839/3443/3109
f 3837/3441/2489 3840/3444/3110 3836/3440/3107
f 3837/3441/2489 3841/3445/3111 3840/3444/3110
f 3836/3440/3107 3842/3446/3112 3838/3442/3108
f 3836/3440/3107 3840/3444/3110 3842/3446/3112
f 3838/3442/3108 3843/3447/3113 3839/3443/3109
f 3838/3442/3108 3842/3446/3112 3843/3447/3113
f 3841/3445/3111 3844/3448/3114 3840/3444/3110
f 3844/3448/3114 3841/3445/3111 3845/3449/3115
f 3846/3450/3116 3844/3448/3114 3845/3449/3115
f 3840/3444/3110 3847/3451/3117 3842/3446/3112
f 3840/3444/3110 3844/3448/3114 3847/3451/3117
f 3848/3452/3118 3844/3448/3114 3846/3450/3116
f 3844/3448/3114 3848/3452/3118 3847/3451/3117
f 3849/3453/3119 3848/3452/3118 3846/3450/3116
f 3842/3446/3112 3847/3451/3117 3850/3454/3120
f 3842/3446/3112 3850/3454/3120 3843/3447/3113
f 3847/3451/3117 3848/3452/3118 3851/3455/3121
f 3847/3451/3117 3851/3455/3121 3850/3454/3120
f 3852/3456/3122 3848/3452/3118 3849/3453/3119
f 3848/3452/3118 3852/3456/3122 3851/3455/3121
f 3853/3457/3123 3852/3456/3122 3849/3453/3119
f 3850/3454/3120 3851/3455/3121 3854/3458/3124
f 3855/3459/3125 3852/3456/3122 3853/3457/3123
f 3856/3460/3126 3855/3459/3125 3853/3457/3123
f 3851/3455/3121 3852/3456/3122 3857/3461/3127
f 3852/3456/3122 3855/3459/3125 3857/3461/3127
f 3851/3455/3121 3857/3461/3127 3854/3458/3124
f 3858/3462/3128 3855/3459/3125 3856/3460/3126
f 3859/3463/3129 3858/3462/3128 3856/3460/3126
f 3857/3461/3127 3855/3459/3125 3860/3464/3130
f 3855/3459/3125 3858/3462/3128 3860/3464/3130
f 3854/3458/3124 3857/3461/3127 3861/3465/3131
f 3857/3461/3127 3860/3464/3130 3861/3465/3131
f 3850/3454/3120 3854/3458/3124 3862/3466/3132
f 3843/3447/3113 3850/3454/3120 3862/3466/3132
f 3854/3458/3124 3861/3465/3131 3863/3467/3133
f 3862/3466/3132 3854/3458/3124 3863/3467/3133
f 3843/3447/3113 3862/3466/3132 3864/3468/3134
f 3862/3466/3132 3863/3467/3133 3864/3468/3134
f 3839/3443/3109 3843/3447/3113 3864/3468/3134
f 3861/3465/3131 3860/3464/3130 3865/3469/3135
f 3863/3467/3133 3861/3465/3131 3865/3469/3135
f 3860/3464/3130 3858/3462/3128 3866/3470/3136
f 3860/3464/3130 3866/3470/3136 3865/3469/3135
f 3858/3462/3128 3867/3471/3137 3866/3470/3136
f 3858/3462/3128 3859/3463/3129 3867/3471/3137
f 3865/3469/3135 3866/3470/3136 3868/3472/3138
f 3868/3472/3138 3866/3470/3136 3867/3471/3137
f 3869/3473/3139 3865/3469/3135 3868/3472/3138
f 3870/3474/3140 3868/3472/3138 3867/3471/3137
f 3871/3475/3141 3865/3469/3135 3869/3473/3139
f 3871/3475/3141 3863/3467/3133 3865/3469/3135
f 3872/3476/3142 3871/3475/3141 3869/3473/3139
f 3870/3474/3140 3867/3471/3137 3873/3477/2478
f 3867/3471/3137 3859/3463/3129 3873/3477/2478
f 3859/3463/3129 3874/3478/3143 3873/3477/2478
f 3873/3477/2478 3874/3478/3143 3875/3479/3144
f 3876/3480/3145 3870/3474/3140 3873/3477/2478
f 3877/3481/3146 3873/3477/2478 3875/3479/3144
f 3876/3480/3145 3873/3477/2478 3877/3481/3146
f 3878/3482/3147 3876/3480/3145 3877/3481/3146
f 3879/3483/3148 3863/3467/3133 3871/3475/3141
f 3863/3467/3133 3879/3483/3148 3864/3468/3134
f 3880/3484/3149 3871/3475/3141 3872/3476/3142
f 3880/3484/3149 3879/3483/3148 3871/3475/3141
f 3881/3485/3150 3880/3484/3149 3872/3476/3142
f 3864/3468/3134 3879/3483/3148 3882/3486/3151
f 3882/3486/3151 3879/3483/3148 3880/3484/3149
f 3883/3487/3152 3880/3484/3149 3881/3485/3150
f 3883/3487/3152 3882/3486/3151 3880/3484/3149
f 3884/3488/3153 3883/3487/3152 3881/3485/3150
f 3885/3489/3154 3864/3468/3134 3882/3486/3151
f 3839/3443/3109 3864/3468/3134 3885/3489/3154
f 3834/3438/3105 3839/3443/3109 3885/3489/3154
f 3834/3438/3105 3885/3489/3154 3835/3439/3106
f 3886/3490/3155 3883/3487/3152 3884/3488/3153
f 3887/3491/3156 3886/3490/3155 3884/3488/3153
f 3888/3492/3130 3882/3486/3151 3883/3487/3152
f 3886/3490/3155 3888/3492/3130 3883/3487/3152
f 3885/3489/3154 3882/3486/3151 3888/3492/3130
f 3889/3493/3157 3886/3490/3155 3887/3491/3156
f 3888/3492/3130 3886/3490/3155 3889/3493/3157
f 3890/3494/3158 3889/3493/3157 3887/3491/3156
f 3885/3489/3154 3891/3495/3159 3835/3439/3106
f 3891/3495/3159 3885/3489/3154 3888/3492/3130
f 3835/3439/3106 3891/3495/3159 3830/3434/3101
f 3892/3496/3160 3888/3492/3130 3889/3493/3157
f 3891/3495/3159 3888/3492/3130 3892/3496/3160
f 3891/3495/3159 3893/3497/3161 3830/3434/3101
f 3893/3497/3161 3891/3495/3159 3892/3496/3160
f 3830/3434/3101 3893/3497/3161 3821/3425/3092
f 3821/3425/3092 3893/3497/3161 3892/3496/3160
f 3894/3498/3162 3821/3425/3092 3892/3496/3160
f 3894/3498/3162 3892/3496/3160 3889/3493/3157
f 3821/3425/3092 3894/3498/3162 3822/3426/3093
f 3895/3499/3163 3889/3493/3157 3890/3494/3158
f 3895/3499/3163 3894/3498/3162 3889/3493/3157
f 3822/3426/3093 3894/3498/3162 3895/3499/3163
f 3896/3500/3164 3895/3499/3163 3890/3494/3158
f 3897/3501/3165 3822/3426/3093 3895/3499/3163
f 3897/3501/3165 3895/3499/3163 3896/3500/3164
f 3898/3502/3166 3897/3501/3165 3896/3500/3164
f 3900/3503/3167 3899/3504/3168 3901/3505/3169
f 3902/3506/3170 3900/3503/3167 3901/3505/3169
f 3902/3506/3170 3901/3505/3169 3903/3507/3171
f 3904/3508/3172 3900/3503/3167 3902/3506/3170
f 3905/3509/3173 3902/3506/3170 3903/3507/3171
f 3903/3507/3171 3906/3510/3174 3905/3509/3173
f 3907/3511/2993 3904/3508/3172 3902/3506/3170
f 3907/3511/2993 3902/3506/3170 3905/3509/3173
f 3906/3510/3174 3908/3512/3175 3905/3509/3173
f 3908/3512/3175 3906/3510/3174 3909/3513/3176
f 3910/3514/3177 3907/3511/2993 3905/3509/3173
f 3910/3514/3177 3905/3509/3173 3908/3512/3175
f 3904/3508/3172 3907/3511/2993 3911/3515/3178
f 3912/3516/3179 3904/3508/3172 3911/3515/3178
f 3910/3514/3177 3913/3517/3180 3907/3511/2993
f 3913/3517/3180 3911/3515/3178 3907/3511/2993
f 3914/3518/3181 3908/3512/3175 3909/3513/3176
f 3909/3513/3176 3915/3519/3182 3914/3518/3181
f 3916/3520/3183 3910/3514/3177 3908/3512/3175
f 3916/3520/3183 3908/3512/3175 3914/3518/3181
f 3917/3521/3184 3913/3517/3180 3910/3514/3177
f 3916/3520/3183 3917/3521/3184 3910/3514/3177
f 3913/3517/3180 3918/3522/3185 3911/3515/3178
f 3912/3516/3179 3911/3515/3178 3919/3523/3186
f 3918/3522/3185 3919/3523/3186 3911/3515/3178
f 3912/3516/3179 3919/3523/3186 3920/3524/3187
f 3920/3524/3187 3919/3523/3186 3918/3522/3185
f 3921/3525/3188 3912/3516/3179 3920/3524/3187
f 3922/3526/3189 3921/3525/3188 3920/3524/3187
f 3923/3527/3190 3918/3522/3185 3913/3517/3180
f 3917/3521/3184 3923/3527/3190 3913/3517/3180
f 3924/3528/3191 3920/3524/3187 3918/3522/3185
f 3924/3528/3191 3918/3522/3185 3923/3527/3190
f 3925/3529/3192 3922/3526/3189 3920/3524/3187
f 3925/3529/3192 3920/3524/3187 3924/3528/3191
f 3926/3530/3193 3922/3526/3189 3925/3529/3192
f 3927/3531/3194 3924/3528/3191 3923/3527/3190
f 3928/3532/3195 3926/3530/3193 3925/3529/3192
f 3929/3533/3196 3926/3530/3193 3928/3532/3195
f 3930/3534/3197 3925/3529/3192 3924/3528/3191
f 3928/3532/3195 3925/3529/3192 3930/3534/3197
f 3930/3534/3197 3924/3528/3191 3927/3531/3194
f 3931/3535/3198 3929/3533/3196 3928/3532/3195
f 3932/3536/3199 3929/3533/3196 3931/3535/3198
f 3933/3537/3200 3928/3532/3195 3930/3534/3197
f 3931/3535/3198 3928/3532/3195 3933/3537/3200
f 3934/3538/3201 3930/3534/3197 3927/3531/3194
f 3933/3537/3200 3930/3534/3197 3934/3538/3201
f 3935/3539/3202 3932/3536/3199 3931/3535/3198
f 3936/3540/3199 3932/3536/3199 3935/3539/3202
f 3937/3541/3203 3936/3540/3199 3935/3539/3202
f 3938/3542/3204 3931/3535/3198 3933/3537/3200
f 3935/3539/3202 3931/3535/3198 3938/3542/3204
f 3937/3541/3203 3935/3539/3202 3939/3543/3205
f 3939/3543/3205 3935/3539/3202 3938/3542/3204
f 3940/3544/3206 3937/3541/3203 3939/3543/3205
f 3938/3542/3204 3933/3537/3200 3941/3545/3207
f 3941/3545/3207 3933/3537/3200 3934/3538/3201
f 3939/3543/3205 3938/3542/3204 3942/3546/3208
f 3942/3546/3208 3938/3542/3204 3941/3545/3207
f 3940/3544/3206 3939/3543/3205 3943/3547/3209
f 3943/3547/3209 3939/3543/3205 3942/3546/3208
f 3944/3548/3210 3940/3544/3206 3943/3547/3209
f 3942/3546/3208 3941/3545/3207 3945/3549/3211
f 3944/3548/3210 3943/3547/3209 3946/3550/3212
f 3947/3551/3213 3944/3548/3210 3946/3550/3212
f 3943/3547/3209 3942/3546/3208 3948/3552/3214
f 3946/3550/3212 3943/3547/3209 3948/3552/3214
f 3948/3552/3214 3942/3546/3208 3945/3549/3211
f 3947/3551/3213 3946/3550/3212 3949/3553/3215
f 3950/3554/3216 3947/3551/3213 3949/3553/3215
f 3946/3550/3212 3948/3552/3214 3951/3555/3217
f 3949/3553/3215 3946/3550/3212 3951/3555/3217
f 3948/3552/3214 3945/3549/3211 3952/3556/3218
f 3951/3555/3217 3948/3552/3214 3952/3556/3218
f 3945/3549/3211 3941/3545/3207 3953/3557/3219
f 3941/3545/3207 3934/3538/3201 3953/3557/3219
f 3952/3556/3218 3945/3549/3211 3954/3558/3220
f 3945/3549/3211 3953/3557/3219 3954/3558/3220
f 3953/3557/3219 3934/3538/3201 3955/3559/3221
f 3953/3557/3219 3955/3559/3221 3954/3558/3220
f 3934/3538/3201 3927/3531/3194 3955/3559/3221
f 3951/3555/3217 3952/3556/3218 3956/3560/3222
f 3956/3560/3222 3952/3556/3218 3954/3558/3220
f 3951/3555/3217 3957/3561/3223 3949/3553/3215
f 3957/3561/3223 3951/3555/3217 3956/3560/3222
f 3957/3561/3223 3958/3562/3224 3949/3553/3215
f 3958/3562/3224 3950/3554/3216 3949/3553/3215
f 3959/3563/3225 3957/3561/3223 3956/3560/3222
f 3958/3562/3224 3957/3561/3223 3959/3563/3225
f 3960/3564/3226 3959/3563/3225 3956/3560/3222
f 3961/3565/3227 3958/3562/3224 3959/3563/3225
f 3960/3564/3226 3956/3560/3222 3962/3566/3228
f 3962/3566/3228 3956/3560/3222 3954/3558/3220
f 3963/3567/3229 3960/3564/3226 3962/3566/3228
f 3964/3568/3230 3958/3562/3224 3961/3565/3227
f 3964/3568/3230 3950/3554/3216 3958/3562/3224
f 3964/3568/3230 3965/3569/3231 3950/3554/3216
f 3966/3570/3232 3965/3569/3231 3964/3568/3230
f 3967/3571/3233 3964/3568/3230 3961/3565/3227
f 3968/3572/3234 3966/3570/3232 3964/3568/3230
f 3968/3572/3234 3964/3568/3230 3967/3571/3233
f 3969/3573/3235 3968/3572/3234 3967/3571/3233
f 3962/3566/3228 3954/3558/3220 3970/3574/3236
f 3955/3559/3221 3970/3574/3236 3954/3558/3220
f 3963/3567/3229 3962/3566/3228 3971/3575/3237
f 3971/3575/3237 3962/3566/3228 3970/3574/3236
f 3972/3576/3238 3963/3567/3229 3971/3575/3237
f 3970/3574/3236 3955/3559/3221 3973/3577/3239
f 3971/3575/3237 3970/3574/3236 3973/3577/3239
f 3972/3576/3238 3971/3575/3237 3974/3578/3240
f 3974/3578/3240 3971/3575/3237 3973/3577/3239
f 3975/3579/3241 3972/3576/3238 3974/3578/3240
f 3955/3559/3221 3976/3580/3242 3973/3577/3239
f 3955/3559/3221 3927/3531/3194 3976/3580/3242
f 3927/3531/3194 3923/3527/3190 3976/3580/3242
f 3976/3580/3242 3923/3527/3190 3917/3521/3184
f 3975/3579/3241 3974/3578/3240 3977/3581/3243
f 3978/3582/3244 3975/3579/3241 3977/3581/3243
f 3974/3578/3240 3973/3577/3239 3979/3583/3245
f 3977/3581/3243 3974/3578/3240 3979/3583/3245
f 3973/3577/3239 3976/3580/3242 3979/3583/3245
f 3978/3582/3244 3977/3581/3243 3980/3584/3246
f 3977/3581/3243 3979/3583/3245 3980/3584/3246
f 3981/3585/3247 3978/3582/3244 3980/3584/3246
f 3982/3586/3248 3976/3580/3242 3917/3521/3184
f 3976/3580/3242 3982/3586/3248 3979/3583/3245
f 3982/3586/3248 3917/3521/3184 3916/3520/3183
f 3979/3583/3245 3982/3586/3248 3983/3587/3249
f 3979/3583/3245 3983/3587/3249 3980/3584/3246
f 3984/3588/3161 3982/3586/3248 3916/3520/3183
f 3982/3586/3248 3984/3588/3161 3983/3587/3249
f 3984/3588/3161 3916/3520/3183 3914/3518/3181
f 3984/3588/3161 3914/3518/3181 3983/3587/3249
f 3914/3518/3181 3985/3589/3250 3983/3587/3249
f 3980/3584/3246 3983/3587/3249 3985/3589/3250
f 3915/3519/3182 3985/3589/3250 3914/3518/3181
f 3981/3585/3247 3980/3584/3246 3986/3590/3251
f 3986/3590/3251 3980/3584/3246 3985/3589/3250
f 3986/3590/3251 3985/3589/3250 3915/3519/3182
f 3987/3591/3252 3981/3585/3247 3986/3590/3251
f 3988/3592/3253 3986/3590/3251 3915/3519/3182
f 3987/3591/3252 3986/3590/3251 3988/3592/3253
f 3989/3593/3254 3987/3591/3252 3988/3592/3253
f 3991/3594/3255 3990/3595/3256 3992/3596/3257
f 3990/3595/3256 3993/3597/3258 3992/3596/3257
f 3994/3598/3259 3992/3596/3257 3993/3597/3258
f 3990/3595/3256 3995/3599/3260 3993/3597/3258
f 3996/3600/3261 3994/3598/3259 3993/3597/3258
f 3997/3601/3262 3994/3598/3259 3996/3600/3261
f 3995/3599/3260 3998/3602/3263 3993/3597/3258
f 3996/3600/3261 3993/3597/3258 3998/3602/3263
f 3999/3603/3264 3998/3602/3263 3995/3599/3260
f 3999/3603/3264 4000/3604/3265 3998/3602/3263
f 4001/3605/3266 3997/3601/3262 3996/3600/3261
f 4000/3604/3265 4002/3606/3267 3998/3602/3263
f 4002/3606/3267 3996/3600/3261 3998/3602/3263
f 4001/3605/3266 3996/3600/3261 4002/3606/3267
f 4000/3604/3265 4003/3607/3268 4002/3606/3267
f 4004/3608/3269 3997/3601/3262 4001/3605/3266
f 4003/3607/3268 4005/3609/3270 4002/3606/3267
f 4005/3609/3270 4001/3605/3266 4002/3606/3267
f 4003/3607/3268 4006/3610/3271 4005/3609/3270
f 4007/3611/3272 4004/3608/3269 4001/3605/3266
f 4007/3611/3272 4001/3605/3266 4005/3609/3270
f 4008/3612/3273 4004/3608/3269 4007/3611/3272
f 4006/3610/3271 4009/3613/3274 4005/3609/3270
f 4009/3613/3274 4007/3611/3272 4005/3609/3270
f 4006/3610/3271 4010/3614/3275 4009/3613/3274
f 4011/3615/3276 4008/3612/3273 4007/3611/3272
f 4011/3615/3276 4007/3611/3272 4009/3613/3274
f 4010/3614/3275 4012/3616/3277 4009/3613/3274
f 4012/3616/3277 4011/3615/3276 4009/3613/3274
f 4010/3614/3275 4013/3617/3278 4012/3616/3277
f 4011/3615/3276 4014/3618/3279 4008/3612/3273
f 4013/3617/3278 4015/3619/3280 4012/3616/3277
f 4012/3616/3277 4015/3619/3280 4011/3615/3276
f 4015/3619/3280 4014/3618/3279 4011/3615/3276
f 4013/3617/3278 4016/3620/3281 4015/3619/3280
f 4014/3618/3279 4017/3621/3282 4008/3612/3273
f 4016/3620/3281 4018/3622/3283 4015/3619/3280
f 4015/3619/3280 4018/3622/3283 4014/3618/3279
f 4016/3620/3281 4019/3623/3284 4018/3622/3283
f 4014/3618/3279 4020/3624/3285 4017/3621/3282
f 4018/3622/3283 4020/3624/3285 4014/3618/3279
f 4020/3624/3285 4021/3625/3286 4017/3621/3282
f 4019/3623/3284 4022/3626/3287 4018/3622/3283
f 4018/3622/3283 4022/3626/3287 4020/3624/3285
f 4020/3624/3285 4023/3627/3288 4021/3625/3286
f 4022/3626/3287 4023/3627/3288 4020/3624/3285
f 4023/3627/3288 4024/3628/3289 4021/3625/3286
f 4025/3629/3290 4022/3626/3287 4019/3623/3284
f 4022/3626/3287 4025/3629/3290 4023/3627/3288
f 4026/3630/3291 4025/3629/3290 4019/3623/3284
f 4027/3631/3292 4025/3629/3290 4026/3630/3291
f 4027/3631/3292 4028/3632/3293 4025/3629/3290
f 4023/3627/3288 4029/3633/3294 4024/3628/3289
f 4025/3629/3290 4029/3633/3294 4023/3627/3288
f 4028/3632/3293 4029/3633/3294 4025/3629/3290
f 4029/3633/3294 4030/3634/3295 4024/3628/3289
f 4030/3634/3295 4029/3633/3294 4028/3632/3293
f 4031/3635/3296 4030/3634/3295 4028/3632/3293
f 4033/3636/3297 4032/3637/3298 4034/3638/3299
f 4032/3637/3298 4035/3639/3300 4034/3638/3299
f 4036/3640/3301 4034/3638/3299 4035/3639/3300
f 4032/3637/3298 4037/3641/3302 4035/3639/3300
f 4038/3642/3303 4036/3640/3301 4035/3639/3300
f 4039/3643/3304 4036/3640/3301 4038/3642/3303
f 4037/3641/3302 4040/3644/3305 4035/3639/3300
f 4038/3642/3303 4035/3639/3300 4040/3644/3305
f 4041/3645/3306 4040/3644/3305 4037/3641/3302
f 4041/3645/3306 4042/3646/3307 4040/3644/3305
f 4043/3647/3308 4039/3643/3304 4038/3642/3303
f 4042/3646/3307 4044/3648/3309 4040/3644/3305
f 4044/3648/3309 4038/3642/3303 4040/3644/3305
f 4043/3647/3308 4038/3642/3303 4044/3648/3309
f 4042/3646/3307 4045/3649/3310 4044/3648/3309
f 4046/3650/3311 4039/3643/3304 4043/3647/3308
f 4045/3649/3310 4047/3651/3312 4044/3648/3309
f 4047/3651/3312 4043/3647/3308 4044/3648/3309
f 4045/3649/3310 4048/3652/3313 4047/3651/3312
f 4049/3653/3314 4046/3650/3311 4043/3647/3308
f 4049/3653/3314 4043/3647/3308 4047/3651/3312
f 4050/3654/3315 4046/3650/3311 4049/3653/3314
f 4048/3652/3313 4051/3655/3316 4047/3651/3312
f 4051/3655/3316 4049/3653/3314 4047/3651/3312
f 4048/3652/3313 4052/3656/3317 4051/3655/3316
f 4053/3657/3318 4050/3654/3315 4049/3653/3314
f 4053/3657/3318 4049/3653/3314 4051/3655/3316
f 4052/3656/3317 4054/3658/3319 4051/3655/3316
f 4054/3658/3319 4053/3657/3318 4051/3655/3316
f 4052/3656/3317 4055/3659/3320 4054/3658/3319
f 4053/3657/3318 4056/3660/3321 4050/3654/3315
f 4055/3659/3320 4057/3661/3322 4054/3658/3319
f 4054/3658/3319 4057/3661/3322 4053/3657/3318
f 4057/3661/3322 4056/3660/3321 4053/3657/3318
f 4055/3659/3320 4058/3662/3323 4057/3661/3322
f 4056/3660/3321 4059/3663/3324 4050/3654/3315
f 4058/3662/3323 4060/3664/3325 4057/3661/3322
f 4057/3661/3322 4060/3664/3325 4056/3660/3321
f 4058/3662/3323 4061/3665/3326 4060/3664/3325
f 4056/3660/3321 4062/3666/3327 4059/3663/3324
f 4060/3664/3325 4062/3666/3327 4056/3660/3321
f 4062/3666/3327 4063/3667/3328 4059/3663/3324
f 4061/3665/3326 4064/3668/3329 4060/3664/3325
f 4060/3664/3325 4064/3668/3329 4062/3666/3327
f 4062/3666/3327 4065/3669/3330 4063/3667/3328
f 4064/3668/3329 4065/3669/3330 4062/3666/3327
f 4065/3669/3330 4066/3670/3331 4063/3667/3328
f 4067/3671/3332 4064/3668/3329 4061/3665/3326
f 4064/3668/3329 4067/3671/3332 4065/3669/3330
f 4068/3672/3333 4067/3671/3332 4061/3665/3326
f 4069/3673/3334 4067/3671/3332 4068/3672/3333
f 4069/3673/3334 4070/3674/3335 4067/3671/3332
f 4065/3669/3330 4071/3675/3336 4066/3670/3331
f 4067/3671/3332 4071/3675/3336 4065/3669/3330
f 4070/3674/3335 4071/3675/3336 4067/3671/3332
f 4071/3675/3336 4072/3676/3337 4066/3670/3331
f 4072/3676/3337 4071/3675/3336 4070/3674/3335
f 4073/3677/3338 4072/3676/3337 4070/3674/3335
f 4075/3678/3339 4074/3679/593 4076/3680/3340
f 4077/3681/3341 4075/3678/3339 4076/3680/3340
f 4076/3680/3340 4078/3682/3342 4077/3681/3341
f 4079/3683/3343 4075/3678/3339 4077/3681/3341
f 4078/3682/3342 4080/3684/3344 4077/3681/3341
f 4081/3685/3345 4079/3683/3343 4077/3681/3341
f 4077/3681/3341 4080/3684/3344 4081/3685/3345
f 4082/3686/3346 4079/3683/3343 4081/3685/3345
f 4080/3684/3344 4083/3687/3347 4081/3685/3345
f 4084/3688/3348 4082/3686/3346 4081/3685/3345
f 4083/3687/3347 4085/3689/3349 4081/3685/3345
f 4085/3689/3349 4084/3688/3348 4081/3685/3345
f 4087/3690/431 4086/3691/431 4088/3692/467
f 4089/3693/3350 4088/3692/467 4086/3691/431
f 4090/3694/3351 4088/3692/467 4089/3693/3350
f 4091/3695/3352 4089/3693/3350 4086/3691/431
f 4092/3696/3353 4090/3694/3351 4089/3693/3350
f 4091/3695/3352 4093/3697/3354 4089/3693/3350
f 4093/3697/3354 4092/3696/3353 4089/3693/3350
f 4095/3680/3355 4094/3698/640 4096/3699/3356
f 4097/3700/3357 4095/3680/3355 4096/3699/3356
f 4095/3680/3355 4097/3700/3357 4098/3682/3358
f 4097/3700/3357 4096/3699/3356 4099/3701/3359
f 4097/3700/3357 4100/3702/3360 4098/3682/3358
f 4101/3703/3361 4097/3700/3357 4099/3701/3359
f 4097/3700/3357 4101/3703/3361 4100/3702/3360
f 4101/3703/3361 4099/3701/3359 4102/3686/3362
f 4101/3703/3361 4103/3704/3363 4100/3702/3360
f 4104/3705/3364 4101/3703/3361 4102/3686/3362
f 4105/3689/3365 4103/3704/3363 4101/3703/3361
f 4104/3705/3364 4105/3689/3365 4101/3703/3361
f 4107/3706/421 4106/3707/423 4108/3690/423
f 4106/3707/423 4107/3706/421 4109/3708/3366
f 4109/3708/3366 4107/3706/421 4110/3709/3367
f 4106/3707/423 4109/3708/3366 4111/3710/3368
f 4112/3711/3369 4109/3708/3366 4110/3709/3367
f 4113/3712/3370 4111/3710/3368 4109/3708/3366
f 4112/3711/3369 4113/3712/3370 4109/3708/3366
f 4115/3713/3371 4114/3595/3372 4116/3594/3373
f 4115/3713/3371 4117/3714/3374 4114/3595/3372
f 4117/3714/3374 4115/3713/3371 4118/3598/3375
f 4117/3714/3374 4119/3715/3376 4114/3595/3372
f 4117/3714/3374 4118/3598/3375 4120/3600/3377
f 4120/3600/3377 4118/3598/3375 4121/3601/3378
f 4117/3714/3374 4122/3602/3379 4119/3715/3376
f 4122/3602/3379 4117/3714/3374 4120/3600/3377
f 4119/3715/3376 4122/3602/3379 4123/3603/3380
f 4122/3602/3379 4124/3716/3381 4123/3603/3380
f 4120/3600/3377 4121/3601/3378 4125/3717/3382
f 4122/3602/3379 4126/3718/3383 4124/3716/3381
f 4122/3602/3379 4120/3600/3377 4126/3718/3383
f 4126/3718/3383 4120/3600/3377 4125/3717/3382
f 4126/3718/3383 4127/3719/3384 4124/3716/3381
f 4125/3717/3382 4121/3601/3378 4128/3608/3385
f 4126/3718/3383 4129/3609/3386 4127/3719/3384
f 4126/3718/3383 4125/3717/3382 4129/3609/3386
f 4129/3609/3386 4130/3610/3387 4127/3719/3384
f 4125/3717/3382 4128/3608/3385 4131/3611/3388
f 4129/3609/3386 4125/3717/3382 4131/3611/3388
f 4131/3611/3388 4128/3608/3385 4132/3612/3389
f 4129/3609/3386 4133/3720/3390 4130/3610/3387
f 4129/3609/3386 4131/3611/3388 4133/3720/3390
f 4133/3720/3390 4134/3614/3391 4130/3610/3387
f 4131/3611/3388 4132/3612/3389 4135/3615/3392
f 4133/3720/3390 4131/3611/3388 4135/3615/3392
f 4133/3720/3390 4136/3616/3393 4134/3614/3391
f 4133/3720/3390 4135/3615/3392 4136/3616/3393
f 4136/3616/3393 4137/3617/3394 4134/3614/3391
f 4132/3612/3389 4138/3618/3395 4135/3615/3392
f 4136/3616/3393 4139/3619/3396 4137/3617/3394
f 4135/3615/3392 4139/3619/3396 4136/3616/3393
f 4135/3615/3392 4138/3618/3395 4139/3619/3396
f 4139/3619/3396 4140/3620/3397 4137/3617/3394
f 4132/3612/3389 4141/3721/3398 4138/3618/3395
f 4139/3619/3396 4142/3622/3399 4140/3620/3397
f 4138/3618/3395 4142/3622/3399 4139/3619/3396
f 4142/3622/3399 4143/3623/3400 4140/3620/3397
f 4141/3721/3398 4144/3722/3401 4138/3618/3395
f 4138/3618/3395 4144/3722/3401 4142/3622/3399
f 4141/3721/3398 4145/3625/3402 4144/3722/3401
f 4142/3622/3399 4146/3723/3403 4143/3623/3400
f 4144/3722/3401 4146/3723/3403 4142/3622/3399
f 4145/3625/3402 4147/3724/3404 4144/3722/3401
f 4144/3722/3401 4147/3724/3404 4146/3723/3403
f 4145/3625/3402 4148/3628/3405 4147/3724/3404
f 4143/3623/3400 4146/3723/3403 4149/3629/3406
f 4147/3724/3404 4149/3629/3406 4146/3723/3403
f 4143/3623/3400 4149/3629/3406 4150/3630/3407
f 4150/3630/3407 4149/3629/3406 4151/3725/3408
f 4149/3629/3406 4152/3632/3409 4151/3725/3408
f 4148/3628/3405 4153/3633/3410 4147/3724/3404
f 4147/3724/3404 4153/3633/3410 4149/3629/3406
f 4149/3629/3406 4153/3633/3410 4152/3632/3409
f 4148/3628/3405 4154/3634/3411 4153/3633/3410
f 4152/3632/3409 4153/3633/3410 4154/3634/3411
f 4152/3632/3409 4154/3634/3411 4155/3635/3412
f 4157/3638/3413 4156/3726/3414 4158/3636/3415
f 4157/3638/3413 4159/3727/3416 4156/3726/3414
f 4159/3727/3416 4157/3638/3413 4160/3728/3417
f 4159/3727/3416 4161/3641/3418 4156/3726/3414
f 4159/3727/3416 4160/3728/3417 4162/3642/3419
f 4162/3642/3419 4160/3728/3417 4163/3729/3420
f 4159/3727/3416 4164/3730/3421 4161/3641/3418
f 4164/3730/3421 4159/3727/3416 4162/3642/3419
f 4161/3641/3418 4164/3730/3421 4165/3731/3422
f 4164/3730/3421 4166/3646/3423 4165/3731/3422
f 4162/3642/3419 4163/3729/3420 4167/3732/3424
f 4164/3730/3421 4168/3648/3425 4166/3646/3423
f 4164/3730/3421 4162/3642/3419 4168/3648/3425
f 4168/3648/3425 4162/3642/3419 4167/3732/3424
f 4168/3648/3425 4169/3733/3426 4166/3646/3423
f 4167/3732/3424 4163/3729/3420 4170/3734/3427
f 4168/3648/3425 4171/3735/3428 4169/3733/3426
f 4168/3648/3425 4167/3732/3424 4171/3735/3428
f 4171/3735/3428 4172/3652/3429 4169/3733/3426
f 4167/3732/3424 4170/3734/3427 4173/3653/3430
f 4171/3735/3428 4167/3732/3424 4173/3653/3430
f 4173/3653/3430 4170/3734/3427 4174/3654/3431
f 4171/3735/3428 4175/3736/3432 4172/3652/3429
f 4171/3735/3428 4173/3653/3430 4175/3736/3432
f 4175/3736/3432 4176/3656/3433 4172/3652/3429
f 4173/3653/3430 4174/3654/3431 4177/3737/3434
f 4175/3736/3432 4173/3653/3430 4177/3737/3434
f 4175/3736/3432 4178/3658/3435 4176/3656/3433
f 4175/3736/3432 4177/3737/3434 4178/3658/3435
f 4178/3658/3435 4179/3738/3436 4176/3656/3433
f 4174/3654/3431 4180/3660/3437 4177/3737/3434
f 4178/3658/3435 4181/3739/3438 4179/3738/3436
f 4177/3737/3434 4181/3739/3438 4178/3658/3435
f 4177/3737/3434 4180/3660/3437 4181/3739/3438
f 4181/3739/3438 4182/3740/3439 4179/3738/3436
f 4174/3654/3431 4183/3741/3440 4180/3660/3437
f 4181/3739/3438 4184/3664/3441 4182/3740/3439
f 4180/3660/3437 4184/3664/3441 4181/3739/3438
f 4184/3664/3441 4185/3665/3442 4182/3740/3439
f 4183/3741/3440 4186/3742/3443 4180/3660/3437
f 4180/3660/3437 4186/3742/3443 4184/3664/3441
f 4183/3741/3440 4187/3667/3444 4186/3742/3443
f 4184/3664/3441 4188/3668/3445 4185/3665/3442
f 4186/3742/3443 4188/3668/3445 4184/3664/3441
f 4187/3667/3444 4189/3669/3446 4186/3742/3443
f 4186/3742/3443 4189/3669/3446 4188/3668/3445
f 4187/3667/3444 4190/3670/3447 4189/3669/3446
f 4185/3665/3442 4188/3668/3445 4191/3743/3448
f 4189/3669/3446 4191/3743/3448 4188/3668/3445
f 4185/3665/3442 4191/3743/3448 4192/3744/3449
f 4192/3744/3449 4191/3743/3448 4193/3745/3450
f 4191/3743/3448 4194/3674/3451 4193/3745/3450
f 4190/3670/3447 4195/3746/3452 4189/3669/3446
f 4189/3669/3446 4195/3746/3452 4191/3743/3448
f 4191/3743/3448 4195/3746/3452 4194/3674/3451
f 4190/3670/3447 4196/3676/3453 4195/3746/3452
f 4194/3674/3451 4195/3746/3452 4196/3676/3453
f 4194/3674/3451 4196/3676/3453 4197/3677/3454
f 4199/3747/3455 4198/3748/3456 4200/3749/3457
f 4198/3748/3456 4201/3750/3458 4200/3749/3457
f 4200/3749/3457 4201/3750/3458 4202/3751/3459
f 4198/3748/3456 4203/3752/3460 4201/3750/3458
f 4201/3750/3458 4204/3753/3461 4202/3751/3459
f 4204/3753/3461 4201/3750/3458 4205/3754/3462
f 4203/3752/3460 4205/3754/3462 4201/3750/3458
f 4206/3755/3463 4204/3753/3461 4205/3754/3462
f 4206/3755/3463 4205/3754/3462 4207/3756/3464
f 4205/3754/3462 4203/3752/3460 4208/3757/3465
f 4205/3754/3462 4208/3757/3465 4207/3756/3464
f 4203/3752/3460 4209/3758/3466 4208/3757/3465
f 4207/3756/3464 4208/3757/3465 4210/3759/3467
f 4211/3760/3468 4208/3757/3465 4209/3758/3466
f 4208/3757/3465 4211/3760/3468 4210/3759/3467
f 4209/3758/3466 4212/3761/3469 4211/3760/3468
f 4213/3762/1136 4212/3761/3469 4209/3758/3466
f 4212/3761/3469 4213/3762/1136 4214/3763/3470
f 4215/3764/3471 4212/3761/3469 4214/3763/3470
f 4211/3760/3468 4216/3765/3472 4210/3759/3467
f 4211/3760/3468 4212/3761/3469 4216/3765/3472
f 4216/3765/3472 4217/3766/3473 4210/3759/3467
f 4212/3761/3469 4215/3764/3471 4218/3767/3474
f 4212/3761/3469 4218/3767/3474 4216/3765/3472
f 4215/3764/3471 4219/3768/3475 4218/3767/3474
f 4218/3767/3474 4219/3768/3475 4220/3769/3476
f 4217/3766/3473 4216/3765/3472 4221/3770/659
f 4216/3765/3472 4218/3767/3474 4221/3770/659
f 4222/3771/3477 4217/3766/3473 4221/3770/659
f 4223/3772/3478 4218/3767/3474 4220/3769/3476
f 4218/3767/3474 4223/3772/3478 4221/3770/659
f 4223/3772/3478 4220/3769/3476 4224/3773/3479
f 4222/3771/3477 4221/3770/659 4225/3774/3480
f 4226/3775/3481 4223/3772/3478 4224/3773/3479
f 4226/3775/3481 4224/3773/3479 4227/3776/2067
f 4221/3770/659 4223/3772/3478 4228/3777/3482
f 4221/3770/659 4228/3777/3482 4225/3774/3480
f 4223/3772/3478 4226/3775/3481 4228/3777/3482
f 4225/3774/3480 4228/3777/3482 4229/3778/215
f 4228/3777/3482 4226/3775/3481 4229/3778/215
f 4230/3779/3483 4225/3774/3480 4229/3778/215
f 4231/3780/215 4226/3775/3481 4227/3776/2067
f 4226/3775/3481 4231/3780/215 4229/3778/215
f 4231/3780/215 4227/3776/2067 4232/3781/3484
f 4230/3779/3483 4229/3778/215 4233/3782/3485
f 4229/3778/215 4231/3780/215 4233/3782/3485
f 4234/3783/3486 4230/3779/3483 4233/3782/3485
f 4235/3784/3487 4231/3780/215 4232/3781/3484
f 4231/3780/215 4235/3784/3487 4233/3782/3485
f 4234/3783/3486 4233/3782/3485 4236/3785/3488
f 4233/3782/3485 4235/3784/3487 4236/3785/3488
f 4237/3786/3489 4234/3783/3486 4236/3785/3488
f 4235/3784/3487 4232/3781/3484 4238/3787/3490
f 4235/3784/3487 4238/3787/3490 4236/3785/3488
f 4232/3781/3484 4239/3788/3491 4238/3787/3490
f 4238/3787/3490 4239/3788/3491 4240/3789/3492
f 4237/3786/3489 4236/3785/3488 4241/3790/3493
f 4236/3785/3488 4238/3787/3490 4241/3790/3493
f 4242/3791/3494 4237/3786/3489 4241/3790/3493
f 4243/3792/3493 4238/3787/3490 4240/3789/3492
f 4238/3787/3490 4243/3792/3493 4241/3790/3493
f 4243/3792/3493 4240/3789/3492 4244/3793/3495
f 4242/3791/3494 4241/3790/3493 4245/3794/3496
f 4246/3795/3497 4243/3792/3493 4244/3793/3495
f 4246/3795/3497 4244/3793/3495 4247/3796/3498
f 4248/3797/3499 4246/3795/3497 4247/3796/3498
f 4248/3797/3499 4249/3798/3500 4246/3795/3497
f 4241/3790/3493 4243/3792/3493 4250/3799/3501
f 4243/3792/3493 4246/3795/3497 4250/3799/3501
f 4241/3790/3493 4250/3799/3501 4245/3794/3496
f 4246/3795/3497 4249/3798/3500 4250/3799/3501
f 4245/3794/3496 4250/3799/3501 4251/3800/3502
f 4249/3798/3500 4251/3800/3502 4250/3799/3501
f 4252/3801/3503 4245/3794/3496 4251/3800/3502
f 4249/3798/3500 4253/3802/3504 4251/3800/3502
f 4252/3801/3503 4251/3800/3502 4254/3803/3505
f 4253/3802/3504 4254/3803/3505 4251/3800/3502
f 4255/3804/3506 4252/3801/3503 4254/3803/3505
f 4255/3804/3506 4254/3803/3505 4256/3805/3507
f 4257/3806/3508 4254/3803/3505 4253/3802/3504
f 4254/3803/3505 4257/3806/3508 4256/3805/3507
f 4258/3807/3509 4257/3806/3508 4253/3802/3504
f 4258/3807/3509 4259/3808/3510 4257/3806/3508
f 4259/3808/3510 4260/3809/3511 4257/3806/3508
f 4256/3805/3507 4257/3806/3508 4260/3809/3511
f 4261/3810/3512 4256/3805/3507 4260/3809/3511
f 4263/3811/431 4262/3812/3513 4264/3813/3514
f 4262/3812/3513 4265/3814/3515 4264/3813/3514
f 4262/3812/3513 4266/3815/3516 4265/3814/3515
f 4266/3815/3516 4267/3816/3517 4265/3814/3515
f 4264/3813/3514 4265/3814/3515 4268/3817/3518
f 4267/3816/3517 4269/3818/3519 4265/3814/3515
f 4265/3814/3515 4270/3819/3520 4268/3817/3518
f 4269/3818/3519 4270/3819/3520 4265/3814/3515
f 4268/3817/3518 4270/3819/3520 4271/3820/3521
f 4270/3819/3520 4269/3818/3519 4272/3821/3522
f 4273/3822/3523 4270/3819/3520 4272/3821/3522
f 4270/3819/3520 4273/3822/3523 4271/3820/3521
f 4273/3822/3523 4272/3821/3522 4274/3823/3524
f 4273/3822/3523 4275/3824/3525 4271/3820/3521
f 4275/3824/3525 4273/3822/3523 4274/3823/3524
f 4275/3824/3525 4276/3825/3526 4271/3820/3521
f 4275/3824/3525 4274/3823/3524 4277/3826/3527
f 4276/3825/3526 4275/3824/3525 4278/3827/3528
f 4278/3827/3528 4275/3824/3525 4277/3826/3527
f 4279/3828/3529 4276/3825/3526 4278/3827/3528
f 4277/3826/3527 4280/3829/3530 4278/3827/3528
f 4280/3829/3530 4281/3830/3531 4278/3827/3528
f 4281/3830/3531 4279/3828/3529 4278/3827/3528
f 4280/3829/3530 4282/3831/3532 4281/3830/3531
f 4282/3831/3532 4283/3832/3533 4281/3830/3531
f 4279/3828/3529 4281/3830/3531 4283/3832/3533
f 4284/3833/3534 4279/3828/3529 4283/3832/3533
f 4285/3834/3535 4284/3833/3534 4283/3832/3533
f 4283/3832/3533 4286/3835/3536 4285/3834/3535
f 4288/3815/3537 4287/3812/1518 4289/3836/3538
f 4287/3812/1518 4290/3837/3539 4289/3836/3538
f 4287/3812/1518 4291/3838/423 4290/3837/3539
f 4291/3838/423 4292/3839/3540 4290/3837/3539
f 4293/3840/3541 4289/3836/3538 4290/3837/3539
f 4290/3837/3539 4292/3839/3540 4294/3817/3542
f 4295/3841/3543 4293/3840/3541 4290/3837/3539
f 4295/3841/3543 4290/3837/3539 4294/3817/3542
f 4296/3842/3544 4293/3840/3541 4295/3841/3543
f 4297/3843/3545 4295/3841/3543 4294/3817/3542
f 4297/3843/3545 4296/3842/3544 4295/3841/3543
f 4298/3844/3546 4297/3843/3545 4294/3817/3542
f 4299/3845/3547 4296/3842/3544 4297/3843/3545
f 4300/3846/3548 4297/3843/3545 4298/3844/3546
f 4300/3846/3548 4299/3845/3547 4297/3843/3545
f 4301/3847/3549 4300/3846/3548 4298/3844/3546
f 4302/3848/3550 4299/3845/3547 4300/3846/3548
f 4303/3849/3551 4300/3846/3548 4301/3847/3549
f 4303/3849/3551 4302/3848/3550 4300/3846/3548
f 4304/3850/3552 4303/3849/3551 4301/3847/3549
f 4302/3848/3550 4303/3849/3551 4305/3851/3553
f 4303/3849/3551 4306/3830/3554 4305/3851/3553
f 4304/3850/3552 4306/3830/3554 4303/3849/3551
f 4307/3852/3555 4305/3851/3553 4306/3830/3554
f 4308/3853/3554 4307/3852/3555 4306/3830/3554
f 4308/3853/3554 4306/3830/3554 4304/3850/3552
f 4309/3833/3556 4308/3853/3554 4304/3850/3552
f 4309/3833/3556 4310/3854/3557 4308/3853/3554
f 4310/3854/3557 4311/3835/3558 4308/3853/3554
f 4313/3855/423 4312/3856/423 4314/3857/423
f 4315/3858/423 4313/3855/423 4314/3857/423
f 4315/3858/423 4316/3859/423 4313/3855/423
f 4316/3859/423 4317/3860/423 4313/3855/423
f 4317/3860/423 4318/3861/423 4313/3855/423
f 4317/3860/423 4319/3862/423 4318/3861/423
f 4317/3860/423 4320/3863/423 4319/3862/423
f 4317/3860/423 4321/3864/423 4320/3863/423
f 4322/3865/423 4321/3864/423 4317/3860/423
f 4323/3866/423 4322/3865/423 4317/3860/423
f 4324/3867/423 4323/3866/423 4317/3860/423
f 4325/3868/423 4324/3867/423 4317/3860/423
f 4327/3857/431 4326/3856/431 4328/3855/431
f 4327/3857/431 4328/3855/431 4329/3858/431
f 4328/3855/431 4330/3859/431 4329/3858/431
f 4328/3855/431 4331/3869/431 4330/3859/431
f 4328/3855/431 4332/3861/431 4331/3869/431
f 4332/3861/431 4333/3862/431 4331/3869/431
f 4333/3862/431 4334/3863/431 4331/3869/431
f 4334/3863/431 4335/3864/431 4331/3869/431
f 4331/3869/431 4335/3864/431 4336/3865/431
f 4331/3869/431 4336/3865/431 4337/3866/431
f 4331/3869/431 4337/3866/431 4338/3867/431
f 4331/3869/431 4338/3867/431 4339/3870/431
f 4341/3871/3559 4340/3872/3560 4342/3873/3561
f 4341/3871/3559 4343/3874/3562 4340/3872/3560
f 4341/3871/3559 4344/3875/3563 4343/3874/3562
f 4344/3875/3563 4345/3876/3564 4343/3874/3562
f 4341/3871/3559 4346/3877/3565 4344/3875/3563
f 4345/3876/3564 4347/3878/3566 4343/3874/3562
f 4346/3877/3565 4341/3871/3559 4348/3879/3567
f 4347/3878/3566 4345/3876/3564 4349/3880/3568
f 4341/3871/3559 4350/3881/3569 4348/3879/3567
f 4351/3882/3570 4347/3878/3566 4349/3880/3568
f 4352/3883/3571 4348/3879/3567 4350/3881/3569
f 4353/3884/3572 4351/3882/3570 4349/3880/3568
f 4352/3883/3571 4350/3881/3569 4354/3885/3573
f 4355/3886/3574 4353/3884/3572 4349/3880/3568
f 4349/3880/3568 4352/3883/3571 4355/3886/3574
f 4352/3883/3571 4354/3885/3573 4356/3887/3575
f 4352/3883/3571 4357/3888/3576 4355/3886/3574
f 4352/3883/3571 4356/3887/3575 4357/3888/3576
f 4359/3889/3577 4358/3890/3578 4360/3891/3579
f 4358/3890/3578 4361/3892/3580 4360/3891/3579
f 4361/3892/3580 4362/3893/3581 4360/3891/3579
f 4362/3893/3581 4361/3892/3580 4363/3894/3582
f 4362/3893/3581 4364/3895/3583 4360/3891/3579
f 4361/3892/3580 4365/3896/3584 4363/3894/3582
f 4360/3891/3579 4364/3895/3583 4366/3897/3585
f 4367/3898/3586 4363/3894/3582 4365/3896/3584
f 4368/3899/3587 4360/3891/3579 4366/3897/3585
f 4367/3898/3586 4365/3896/3584 4369/3900/3588
f 4368/3899/3587 4366/3897/3585 4370/3901/3589
f 4367/3898/3586 4369/3900/3588 4371/3902/3590
f 4372/3903/3591 4368/3899/3587 4370/3901/3589
f 4367/3898/3586 4371/3902/3590 4373/3904/3592
f 4373/3904/3592 4370/3901/3589 4367/3898/3586
f 4374/3905/3593 4372/3903/3591 4370/3901/3589
f 4373/3904/3592 4375/3906/3594 4370/3901/3589
f 4375/3906/3594 4374/3905/3593 4370/3901/3589
f 4377/3907/3595 4376/3908/3596 4378/3909/3597
f 4379/3910/3102 4377/3907/3595 4378/3909/3597
f 4379/3910/3102 4380/3911/3598 4377/3907/3595
f 4379/3910/3102 4381/3912/3598 4380/3911/3598
f 4379/3910/3102 4378/3909/3597 4382/3913/3599
f 4378/3909/3597 4383/3914/3600 4382/3913/3599
f 4381/3912/3598 4379/3910/3102 4384/3915/3601
f 4384/3915/3601 4385/3916/3598 4381/3912/3598
f 4384/3915/3601 4386/3917/3602 4385/3916/3598
f 4388/3918/3603 4387/3919/3604 4386/3917/3602
f 4384/3915/3601 4388/3918/3603 4386/3917/3602
f 4389/3920/3605 4384/3915/3601 4379/3910/3102
f 4384/3915/3601 4389/3920/3605 4388/3918/3603
f 4382/3913/3599 4389/3920/3605 4379/3910/3102
f 4389/3920/3605 4390/3921/3606 4388/3918/3603
f 4382/3913/3599 4383/3914/3600 4391/3922/3607
f 4389/3920/3605 4392/3923/3608 4390/3921/3606
f 4392/3923/3608 4389/3920/3605 4382/3913/3599
f 4391/3922/3607 4392/3923/3608 4382/3913/3599
f 4392/3923/3608 4393/3924/3609 4390/3921/3606
f 4383/3914/3600 4394/3925/3610 4391/3922/3607
f 4392/3923/3608 4395/3926/3611 4393/3924/3609
f 4392/3923/3608 4391/3922/3607 4395/3926/3611
f 4395/3926/3611 4396/3927/3612 4393/3924/3609
f 4396/3927/3612 4395/3926/3611 4397/3928/3613
f 4391/3922/3607 4394/3925/3610 4398/3929/3614
f 4391/3922/3607 4398/3929/3614 4395/3926/3611
f 4394/3925/3610 4399/3930/3615 4398/3929/3614
f 4395/3926/3611 4400/3931/3616 4397/3928/3613
f 4400/3931/3616 4395/3926/3611 4398/3929/3614
f 4401/3932/3617 4397/3928/3613 4400/3931/3616
f 4402/3933/3618 4398/3929/3614 4399/3930/3615
f 4402/3933/3618 4400/3931/3616 4398/3929/3614
f 4403/3934/3619 4402/3933/3618 4399/3930/3615
f 4404/3935/3620 4401/3932/3617 4400/3931/3616
f 4400/3931/3616 4402/3933/3618 4404/3935/3620
f 4405/3936/3621 4401/3932/3617 4404/3935/3620
f 4406/3937/3622 4402/3933/3618 4403/3934/3619
f 4402/3933/3618 4406/3937/3622 4404/3935/3620
f 4407/3938/3623 4406/3937/3622 4403/3934/3619
f 4408/3939/3624 4405/3936/3621 4404/3935/3620
f 4409/3940/3625 4405/3936/3621 4408/3939/3624
f 4410/3941/3626 4409/3940/3625 4408/3939/3624
f 4404/3935/3620 4406/3937/3622 4411/3942/3627
f 4411/3942/3627 4406/3937/3622 4407/3938/3623
f 4408/3939/3624 4404/3935/3620 4411/3942/3627
f 4412/3943/3628 4411/3942/3627 4407/3938/3623
f 4410/3941/3626 4408/3939/3624 4413/3944/3598
f 4412/3943/3628 4414/3945/3629 4411/3942/3627
f 4415/3946/3630 4408/3939/3624 4411/3942/3627
f 4414/3945/3629 4415/3946/3630 4411/3942/3627
f 4416/3947/3630 4415/3946/3630 4414/3945/3629
f 4416/3947/3630 4408/3939/3624 4415/3946/3630
f 4417/3948/3631 4416/3947/3630 4414/3945/3629
f 4408/3939/3624 4416/3947/3630 4418/3949/3632
f 4418/3949/3632 4416/3947/3630 4417/3948/3631
f 4413/3944/3598 4408/3939/3624 4418/3949/3632
f 4419/3950/3633 4418/3949/3632 4417/3948/3631
f 4419/3950/3633 4420/3951/3634 4418/3949/3632
f 4413/3944/3598 4418/3949/3632 4421/3952/3635
f 4420/3951/3634 4422/3953/3630 4418/3949/3632
f 4418/3949/3632 4422/3953/3630 4421/3952/3635
f 4422/3953/3630 4420/3951/3634 4423/3954/3636
f 4424/3955/3637 4413/3944/3598 4421/3952/3635
f 4425/3956/3630 4422/3953/3630 4423/3954/3636
f 4425/3956/3630 4421/3952/3635 4422/3953/3630
f 4426/3957/3638 4424/3955/3637 4427/3958/3639
f 4424/3955/3637 4421/3952/3635 4427/3958/3639
f 4428/3959/3640 4425/3956/3630 4423/3954/3636
f 4428/3959/3640 4421/3952/3635 4425/3956/3630
f 4429/3960/3641 4428/3959/3640 4423/3954/3636
f 4429/3960/3641 4430/3961/3642 4428/3959/3640
f 4421/3952/3635 4431/3962/3643 4427/3958/3639
f 4431/3962/3643 4421/3952/3635 4428/3959/3640
f 4431/3962/3643 4432/3963/3644 4427/3958/3639
f 4430/3961/3642 4433/3964/3645 4428/3959/3640
f 4433/3964/3645 4431/3962/3643 4428/3959/3640
f 4430/3961/3642 4434/3965/3646 4433/3964/3645
f 4432/3963/3644 4431/3962/3643 4435/3966/3647
f 4434/3965/3646 4436/3967/3648 4433/3964/3645
f 4431/3962/3643 4433/3964/3645 4436/3967/3648
f 4435/3966/3647 4431/3962/3643 4436/3967/3648
f 4434/3965/3646 4437/3968/3649 4436/3967/3648
f 4438/3969/3650 4432/3963/3644 4435/3966/3647
f 4437/3968/3649 4439/3970/3651 4436/3967/3648
f 4435/3966/3647 4436/3967/3648 4439/3970/3651
f 4439/3970/3651 4437/3968/3649 4440/3971/3652
f 4435/3966/3647 4441/3972/3653 4438/3969/3650
f 4441/3972/3653 4435/3966/3647 4439/3970/3651
f 4441/3972/3653 4442/3973/3654 4438/3969/3650
f 4442/3973/3654 4441/3972/3653 4443/3974/3655
f 4444/3975/3656 4439/3970/3651 4440/3971/3652
f 4441/3972/3653 4439/3970/3651 4444/3975/3656
f 4444/3975/3656 4440/3971/3652 4445/3976/3657
f 4441/3972/3653 4446/3977/3658 4443/3974/3655
f 4446/3977/3658 4441/3972/3653 4444/3975/3656
f 4447/3978/3659 4443/3974/3655 4446/3977/3658
f 4448/3979/3660 4444/3975/3656 4445/3976/3657
f 4446/3977/3658 4444/3975/3656 4448/3979/3660
f 4448/3979/3660 4445/3976/3657 4449/3980/3661
f 4450/3981/3662 4447/3978/3659 4446/3977/3658
f 4450/3981/3662 4446/3977/3658 4448/3979/3660
f 4447/3978/3659 4450/3981/3662 4451/3982/3663
f 4449/3980/3661 4452/3983/3664 4453/3984/3665
f 4455/3985/2304 4454/3986/3666 4451/3982/3663
f 4456/3987/3667 4449/3980/3661 4453/3984/3665
f 4456/3987/3667 4448/3979/3660 4449/3980/3661
f 4448/3979/3660 4456/3987/3667 4450/3981/3662
f 4456/3987/3667 4453/3984/3665 4457/3988/3598
f 4456/3987/3667 4457/3988/3598 4458/3989/3598
f 4450/3981/3662 4459/3990/3668 4451/3982/3663
f 4456/3987/3667 4459/3990/3668 4450/3981/3662
f 4459/3990/3668 4455/3985/2304 4451/3982/3663
f 4456/3987/3667 4458/3989/3598 4459/3990/3668
f 4459/3990/3668 4460/3991/3598 4455/3985/2304
f 4459/3990/3668 4458/3989/3598 4460/3991/3598
f 4462/3992/3669 4461/3993/3670 4463/3994/3457
f 4461/3993/3670 4464/3995/3458 4463/3994/3457
f 4461/3993/3670 4465/3996/3671 4464/3995/3458
f 4466/3997/3459 4463/3994/3457 4467/3998/3672
f 4463/3994/3457 4464/3995/3458 4467/3998/3672
f 4464/3995/3458 4468/3999/3673 4467/3998/3672
f 4465/3996/3671 4468/3999/3673 4464/3995/3458
f 4468/3999/3673 4469/4000/3463 4467/3998/3672
f 4469/4000/3463 4468/3999/3673 4470/4001/3674
f 4471/4002/3465 4468/3999/3673 4465/3996/3671
f 4468/3999/3673 4471/4002/3465 4470/4001/3674
f 4472/4003/3466 4471/4002/3465 4465/3996/3671
f 4470/4001/3674 4471/4002/3465 4473/4004/3675
f 4474/4005/3468 4471/4002/3465 4472/4003/3466
f 4471/4002/3465 4474/4005/3468 4473/4004/3675
f 4472/4003/3466 4475/4006/3469 4474/4005/3468
f 4476/4007/3676 4475/4006/3469 4472/4003/3466
f 4476/4007/3676 4477/4008/3677 4475/4006/3469
f 4477/4008/3677 4478/4009/3678 4475/4006/3469
f 4474/4005/3468 4479/4010/3679 4473/4004/3675
f 4474/4005/3468 4475/4006/3469 4479/4010/3679
f 4479/4010/3679 4480/4011/3680 4473/4004/3675
f 4480/4011/3680 4479/4010/3679 4481/4012/3681
f 4475/4006/3469 4478/4009/3678 4482/4013/3682
f 4475/4006/3469 4482/4013/3682 4479/4010/3679
f 4478/4009/3678 4483/4014/3683 4482/4013/3682
f 4479/4010/3679 4484/4015/3478 4481/4012/3681
f 4479/4010/3679 4482/4013/3682 4484/4015/3478
f 4481/4012/3681 4484/4015/3478 4485/4016/3684
f 4482/4013/3682 4483/4014/3683 4486/4017/3478
f 4482/4013/3682 4486/4017/3478 4484/4015/3478
f 4483/4014/3683 4487/4018/3685 4486/4017/3478
f 4484/4015/3478 4488/4019/3482 4485/4016/3684
f 4484/4015/3478 4486/4017/3478 4488/4019/3482
f 4485/4016/3684 4488/4019/3482 4489/4020/3686
f 4487/4018/3685 4490/4021/3687 4486/4017/3478
f 4488/4019/3482 4491/4022/3688 4489/4020/3686
f 4486/4017/3478 4492/4023/3689 4488/4019/3482
f 4490/4021/3687 4492/4023/3689 4486/4017/3478
f 4488/4019/3482 4492/4023/3689 4491/4022/3688
f 4489/4020/3686 4491/4022/3688 4493/4024/3690
f 4492/4023/3689 4490/4021/3687 4494/4025/215
f 4492/4023/3689 4494/4025/215 4491/4022/3688
f 4490/4021/3687 4495/4026/2833 4494/4025/215
f 4491/4022/3688 4496/4027/3485 4493/4024/3690
f 4491/4022/3688 4494/4025/215 4496/4027/3485
f 4494/4025/215 4495/4026/2833 4497/4028/3487
f 4494/4025/215 4497/4028/3487 4496/4027/3485
f 4495/4026/2833 4498/4029/3691 4497/4028/3487
f 4496/4027/3485 4499/4030/3692 4493/4024/3690
f 4496/4027/3485 4497/4028/3487 4499/4030/3692
f 4499/4030/3692 4500/4031/3693 4493/4024/3690
f 4500/4031/3693 4499/4030/3692 4501/4032/3694
f 4497/4028/3487 4498/4029/3691 4502/4033/3490
f 4497/4028/3487 4502/4033/3490 4499/4030/3692
f 4498/4029/3691 4503/4034/3695 4502/4033/3490
f 4499/4030/3692 4504/4035/3493 4501/4032/3694
f 4499/4030/3692 4502/4033/3490 4504/4035/3493
f 4505/4036/3496 4501/4032/3694 4504/4035/3493
f 4502/4033/3490 4503/4034/3695 4506/4037/3696
f 4502/4033/3490 4506/4037/3696 4504/4035/3493
f 4503/4034/3695 4507/4038/3492 4506/4037/3696
f 4507/4038/3492 4508/4039/3697 4506/4037/3696
f 4509/4040/3698 4505/4036/3496 4504/4035/3493
f 4504/4035/3493 4506/4037/3696 4509/4040/3698
f 4508/4039/3697 4510/4041/1517 4506/4037/3696
f 4506/4037/3696 4510/4041/1517 4509/4040/3698
f 4508/4039/3697 4511/4042/3699 4510/4041/1517
f 4511/4042/3699 4512/4043/3700 4510/4041/1517
f 4512/4043/3700 4513/4044/3701 4510/4041/1517
f 4510/4041/1517 4513/4044/3701 4509/4040/3698
f 4509/4040/3698 4514/4045/3502 4505/4036/3496
f 4513/4044/3701 4514/4045/3502 4509/4040/3698
f 4514/4045/3502 4515/4046/3702 4505/4036/3496
f 4514/4045/3502 4513/4044/3701 4516/4047/3703
f 4514/4045/3502 4517/4048/3704 4515/4046/3702
f 4517/4048/3704 4514/4045/3502 4516/4047/3703
f 4517/4048/3704 4518/4049/3705 4515/4046/3702
f 4516/4047/3703 4519/4050/3509 4517/4048/3704
f 4518/4049/3705 4517/4048/3704 4520/4051/3706
f 4519/4050/3509 4521/4052/3707 4517/4048/3704
f 4517/4048/3704 4521/4052/3707 4520/4051/3706
f 4519/4050/3509 4522/4053/3510 4521/4052/3707
f 4523/4054/3708 4520/4051/3706 4521/4052/3707
f 4522/4053/3510 4524/4055/3511 4521/4052/3707
f 4524/4055/3511 4523/4054/3708 4521/4052/3707
f 4526/4056/431 4525/4057/3709 4527/4058/431
f 4525/4057/3709 4526/4056/431 4528/4059/431
f 4525/4057/3709 4528/4059/431 4529/4060/431
f 4525/4057/3709 4529/4060/431 4530/4061/431
f 4525/4057/3709 4530/4061/431 4531/4062/431
f 4525/4057/3709 4531/4062/431 4532/4063/3710
f 4525/4057/3709 4532/4063/3710 4533/4064/640
f 4534/4065/640 4525/4057/3709 4533/4064/640
f 4536/4066/423 4535/4067/3711 4537/4056/423
f 4538/4068/423 4537/4056/423 4535/4067/3711
f 4539/4069/423 4538/4068/423 4535/4067/3711
f 4540/4061/423 4539/4069/423 4535/4067/3711
f 4541/4070/423 4540/4061/423 4535/4067/3711
f 4542/4071/3712 4541/4070/423 4535/4067/3711
f 4543/4072/593 4542/4071/3712 4535/4067/3711
f 4544/4073/593 4543/4072/593 4535/4067/3711
f 4546/4074/3713 4545/4075/3714 4547/4076/3715
f 4546/4074/3713 4547/4076/3715 4548/4077/1468
f 4546/4074/3713 4548/4077/1468 4549/4078/3716
f 4546/4074/3713 4549/4078/3716 4550/4079/3717
f 4546/4074/3713 4550/4079/3717 4551/4080/3718
f 4546/4074/3713 4551/4080/3718 4552/4081/3719
f 4546/4074/3713 4552/4081/3719 4553/4082/3720
f 4546/4074/3713 4553/4082/3720 4554/4083/3721
f 4546/4074/3713 4554/4083/3721 4555/4084/3721
f 4557/4085/3722 4556/4086/3723 4558/4087/3724
f 4559/4088/1462 4557/4085/3722 4558/4087/3724
f 4560/4089/3725 4559/4088/1462 4558/4087/3724
f 4561/4090/3726 4560/4089/3725 4558/4087/3724
f 4562/4091/3727 4561/4090/3726 4558/4087/3724
f 4563/4092/3728 4562/4091/3727 4558/4087/3724
f 4564/4093/3729 4563/4092/3728 4558/4087/3724
f 4565/4094/3730 4564/4093/3729 4558/4087/3724
f 4565/4094/3730 4558/4087/3724 4566/4095/3730
f 4568/4096/3731 4567/4097/3732 4569/4098/3733
f 4570/4099/3734 4568/4096/3731 4569/4098/3733
f 4567/4097/3732 4568/4096/3731 4571/4100/3735
f 4568/4096/3731 4570/4099/3734 4572/4101/3736
f 4568/4096/3731 4573/4102/3737 4571/4100/3735
f 4573/4102/3737 4568/4096/3731 4572/4101/3736
f 4571/4100/3735 4573/4102/3737 4574/4103/3738
f 4573/4102/3737 4575/4104/3739 4574/4103/3738
f 4575/4104/3739 4573/4102/3737 4572/4101/3736
f 4576/4105/3740 4574/4103/3738 4575/4104/3739
f 4572/4101/3736 4577/4106/3741 4575/4104/3739
f 4577/4106/3741 4576/4105/3740 4575/4104/3739
f 4577/4106/3741 4572/4101/3736 4578/4107/3742
f 4576/4105/3740 4577/4106/3741 4578/4107/3742
f 4580/4108/3743 4579/4109/3744 4581/4110/3745
f 4582/4111/3746 4580/4108/3743 4581/4110/3745
f 4580/4108/3743 4582/4111/3746 4583/4112/3747
f 4584/4113/2067 4579/4109/3744 4580/4108/3743
f 4585/4114/3748 4580/4108/3743 4583/4112/3747
f 4584/4113/2067 4580/4108/3743 4585/4114/3748
f 4585/4114/3748 4583/4112/3747 4586/4115/3749
f 4587/4116/3750 4585/4114/3748 4586/4115/3749
f 4584/4113/2067 4585/4114/3748 4587/4116/3750
f 4587/4116/3750 4586/4115/3749 4588/4117/3751
f 4587/4116/3750 4589/4118/3752 4584/4113/2067
f 4589/4118/3752 4587/4116/3750 4588/4117/3751
f 4590/4119/3753 4584/4113/2067 4589/4118/3752
f 4588/4117/3751 4590/4119/3753 4589/4118/3752
f 4592/4120/3754 4591/4121/3755 4593/4122/3756
f 4592/4120/3754 4594/4123/3757 4591/4121/3755
f 4591/4121/3755 4595/4124/3758 4593/4122/3756
f 4594/4123/3757 4596/4125/3759 4591/4121/3755
f 4597/4126/3760 4593/4122/3756 4595/4124/3758
f 4596/4125/3759 4594/4123/3757 4598/4127/3761
f 4599/4128/3762 4597/4126/3760 4595/4124/3758
f 4600/4129/3763 4596/4125/3759 4598/4127/3761
f 4597/4126/3760 4599/4128/3762 4601/4130/3764
f 4602/4131/3765 4600/4129/3763 4598/4127/3761
f 4599/4128/3762 4602/4131/3765 4601/4130/3764
f 4601/4130/3764 4602/4131/3765 4598/4127/3761
f 4604/4132/423 4603/4133/423 4605/4134/423
f 4603/4133/423 4604/4132/423 4606/4135/423
f 4603/4133/423 4607/4136/423 4605/4134/423
f 4608/4137/423 4603/4133/423 4606/4135/423
f 4605/4134/423 4607/4136/423 4609/4138/423
f 4608/4137/423 4606/4135/423 4610/4139/423
f 4607/4136/423 4611/4140/423 4609/4138/423
f 4612/4141/423 4608/4137/423 4610/4139/423
f 4611/4140/423 4613/4142/423 4609/4138/423
f 4612/4141/423 4610/4139/423 4614/4143/423
f 4613/4142/423 4614/4143/423 4609/4138/423
f 4613/4142/423 4612/4141/423 4614/4143/423
f 4616/4144/3766 4615/4145/3767 4617/4146/3768
f 4616/4144/3766 4618/4147/3769 4615/4145/3767
f 4615/4145/3767 4619/4148/3770 4617/4146/3768
f 4618/4147/3769 4620/4149/3771 4615/4145/3767
f 4617/4146/3768 4619/4148/3770 4621/4150/3772
f 4622/4151/3773 4620/4149/3771 4618/4147/3769
f 4619/4148/3770 4623/4152/3774 4621/4150/3772
f 4624/4153/3775 4622/4151/3773 4618/4147/3769
f 4621/4150/3772 4623/4152/3774 4625/4154/3776
f 4626/4155/3777 4622/4151/3773 4624/4153/3775
f 4627/4156/3778 4621/4150/3772 4625/4154/3776
f 4628/4157/3779 4626/4155/3777 4624/4153/3775
f 4627/4156/3778 4625/4154/3776 4629/4158/3780
f 4630/4159/3781 4626/4155/3777 4628/4157/3779
f 4631/4160/3780 4627/4156/3778 4629/4158/3780
f 4632/4161/3782 4630/4159/3781 4628/4157/3779
f 4629/4158/3780 4633/4162/3783 4631/4160/3780
f 4630/4159/3781 4632/4161/3782 4634/4163/3784
f 4633/4162/3783 4635/4164/3783 4631/4160/3780
f 4636/4165/3785 4630/4159/3781 4634/4163/3784
f 4637/4166/3786 4635/4164/3783 4633/4162/3783
f 4636/4165/3785 4634/4163/3784 4638/4167/3787
f 4639/4168/3788 4637/4166/3786 4633/4162/3783
f 4640/4169/3789 4636/4165/3785 4638/4167/3787
f 4641/4170/3790 4637/4166/3786 4639/4168/3788
f 4642/4171/3791 4640/4169/3789 4638/4167/3787
f 4643/4172/3792 4641/4170/3790 4639/4168/3788
f 4644/4173/3793 4642/4171/3791 4638/4167/3787
f 4641/4170/3790 4643/4172/3792 4645/4174/3794
f 4642/4171/3791 4644/4173/3793 4646/4175/3795
f 4647/4176/3794 4641/4170/3790 4645/4174/3794
f 4648/4177/3796 4642/4171/3791 4646/4175/3795
f 4647/4176/3794 4645/4174/3794 4649/4178/3797
f 4648/4177/3796 4646/4175/3795 4650/4179/3798
f 4651/4180/3799 4647/4176/3794 4649/4178/3797
f 4652/4181/3800 4648/4177/3796 4650/4179/3798
f 4651/4180/3799 4649/4178/3797 4653/4182/3801
f 4652/4181/3800 4650/4179/3798 4654/4183/3802
f 4655/4184/3803 4651/4180/3799 4653/4182/3801
f 4650/4179/3798 4656/4185/3804 4654/4183/3802
f 4653/4182/3801 4657/4186/3805 4655/4184/3803
f 4654/4183/3802 4656/4185/3804 4658/4187/3806
f 4657/4186/3805 4659/4188/3807 4655/4184/3803
f 4656/4185/3804 4660/4189/3808 4658/4187/3806
f 4657/4186/3805 4661/4190/3809 4659/4188/3807
f 4660/4189/3808 4662/4191/3810 4658/4187/3806
f 4661/4190/3809 4662/4191/3810 4659/4188/3807
f 4662/4191/3810 4661/4190/3809 4658/4187/3806
f 4664/4192/3811 4663/4193/3812 4665/4194/3813
f 4666/4195/3814 4663/4193/3812 4664/4192/3811
f 4667/4196/3815 4664/4192/3811 4665/4194/3813
f 4668/4197/3816 4666/4195/3814 4664/4192/3811
f 4667/4196/3815 4665/4194/3813 4669/4198/3817
f 4670/4199/3818 4666/4195/3814 4668/4197/3816
f 4671/4200/3819 4667/4196/3815 4669/4198/3817
f 4672/4201/3820 4670/4199/3818 4668/4197/3816
f 4673/4202/3821 4671/4200/3819 4669/4198/3817
f 4674/4203/3822 4670/4199/3818 4672/4201/3820
f 4675/4204/3823 4673/4202/3821 4669/4198/3817
f 4676/4205/3824 4674/4203/3822 4672/4201/3820
f 4673/4202/3821 4675/4204/3823 4677/4206/3825
f 4678/4207/3826 4674/4203/3822 4676/4205/3824
f 4679/4208/3827 4673/4202/3821 4677/4206/3825
f 4680/4209/3828 4678/4207/3826 4676/4205/3824
f 4679/4208/3827 4677/4206/3825 4681/4210/3829
f 4682/4211/3830 4678/4207/3826 4680/4209/3828
f 4683/4212/3831 4679/4208/3827 4681/4210/3829
f 4684/4213/3832 4682/4211/3830 4680/4209/3828
f 4683/4212/3831 4681/4210/3829 4685/4214/3833
f 4682/4211/3830 4684/4213/3832 4686/4215/3834
f 4687/4216/3835 4683/4212/3831 4685/4214/3833
f 4688/4217/3836 4682/4211/3830 4686/4215/3834
f 4685/4214/3833 4689/4218/3837 4687/4216/3835
f 4688/4217/3836 4686/4215/3834 4690/4219/3838
f 4689/4218/3837 4691/4220/3837 4687/4216/3835
f 4686/4215/3834 4692/4221/3839 4690/4219/3838
f 4691/4220/3837 4689/4218/3837 4693/4222/3840
f 4694/4223/3841 4690/4219/3838 4692/4221/3839
f 4695/4224/3842 4691/4220/3837 4693/4222/3840
f 4696/4225/3843 4694/4223/3841 4692/4221/3839
f 4697/4226/3844 4695/4224/3842 4693/4222/3840
f 4694/4223/3841 4696/4225/3843 4697/4226/3844
f 4698/4227/3845 4697/4226/3844 4693/4222/3840
f 4698/4227/3845 4694/4223/3841 4697/4226/3844
f 4700/4228/3846 4699/4229/3847 4701/4230/3848
f 4702/4231/3849 4699/4229/3847 4700/4228/3846
f 4703/4232/3850 4700/4228/3846 4701/4230/3848
f 4704/4233/3851 4702/4231/3849 4700/4228/3846
f 4703/4232/3850 4701/4230/3848 4705/4234/3852
f 4704/4233/3851 4706/4235/3853 4702/4231/3849
f 4707/4236/3852 4703/4232/3850 4705/4234/3852
f 4706/4235/3853 4708/4237/3854 4702/4231/3849
f 4707/4236/3852 4705/4234/3852 4709/4238/3855
f 4706/4235/3853 4710/4239/3856 4708/4237/3854
f 4705/4234/3852 4711/4240/3857 4709/4238/3855
f 4710/4239/3856 4712/4241/3858 4708/4237/3854
f 4709/4238/3855 4711/4240/3857 4713/4242/3859
f 4710/4239/3856 4714/4243/3860 4712/4241/3858
f 4711/4240/3857 4715/4244/3859 4713/4242/3859
f 4714/4243/3860 4716/4245/3861 4712/4241/3858
f 4713/4242/3859 4715/4244/3859 4717/4246/3862
f 4716/4245/3861 4714/4243/3860 4718/4247/3863
f 4715/4244/3859 4719/4248/3864 4717/4246/3862
f 4714/4243/3860 4720/4249/3865 4718/4247/3863
f 4719/4248/3864 4721/4250/3866 4717/4246/3862
f 4718/4247/3863 4720/4249/3865 4722/4251/3867
f 4721/4250/3866 4723/4252/3868 4717/4246/3862
f 4720/4249/3865 4724/4253/3869 4722/4251/3867
f 4721/4250/3866 4725/4254/3870 4723/4252/3868
f 4724/4253/3869 4726/4255/3871 4722/4251/3867
f 4725/4254/3870 4727/4256/3872 4723/4252/3868
f 4726/4255/3871 4728/4257/3873 4722/4251/3867
f 4727/4256/3872 4725/4254/3870 4729/4258/3874
f 4728/4257/3873 4726/4255/3871 4730/4259/3875
f 4725/4254/3870 4731/4260/3876 4729/4258/3874
f 4726/4255/3871 4732/4261/3877 4730/4259/3875
f 4729/4258/3874 4731/4260/3876 4733/4262/3878
f 4730/4259/3875 4732/4261/3877 4734/4263/3879
f 4731/4260/3876 4735/4264/3880 4733/4262/3878
f 4732/4261/3877 4736/4265/3881 4734/4263/3879
f 4733/4262/3878 4735/4264/3880 4737/4266/3882
f 4734/4263/3879 4736/4265/3881 4738/4267/3883
f 4735/4264/3880 4739/4268/3884 4737/4266/3882
f 4740/4269/3885 4734/4263/3879 4738/4267/3883
f 4741/4270/3886 4737/4266/3882 4739/4268/3884
f 4740/4269/3885 4738/4267/3883 4742/4271/3887
f 4743/4272/3888 4741/4270/3886 4739/4268/3884
f 4744/4273/3889 4740/4269/3885 4742/4271/3887
f 4745/4274/3890 4741/4270/3886 4743/4272/3888
f 4746/4275/3891 4744/4273/3889 4742/4271/3887
f 4746/4275/3891 4745/4274/3890 4743/4272/3888
f 4745/4274/3890 4746/4275/3891 4742/4271/3887
f 4748/4276/3892 4747/4277/3893 4749/4278/3894
f 4748/4276/3892 4750/4279/3895 4747/4277/3893
f 4747/4277/3893 4751/4280/3896 4749/4278/3894
f 4750/4279/3895 4752/4281/3897 4747/4277/3893
f 4749/4278/3894 4751/4280/3896 4753/4282/3898
f 4750/4279/3895 4754/4283/3899 4752/4281/3897
f 4751/4280/3896 4755/4284/3900 4753/4282/3898
f 4754/4283/3899 4756/4285/3901 4752/4281/3897
f 4755/4284/3900 4757/4286/3902 4753/4282/3898
f 4756/4285/3901 4758/4287/3903 4752/4281/3897
f 4757/4286/3902 4759/4288/3904 4753/4282/3898
f 4756/4285/3901 4760/4289/3905 4758/4287/3903
f 4759/4288/3904 4757/4286/3902 4761/4290/3906
f 4760/4289/3905 4762/4291/3907 4758/4287/3903
f 4757/4286/3902 4763/4292/3908 4761/4290/3906
f 4760/4289/3905 4764/4293/3905 4762/4291/3907
f 4761/4290/3906 4763/4292/3908 4765/4294/3909
f 4764/4293/3905 4766/4295/3910 4762/4291/3907
f 4763/4292/3908 4767/4296/3911 4765/4294/3909
f 4766/4295/3910 4764/4293/3905 4768/4297/3912
f 4769/4298/3913 4765/4294/3909 4767/4296/3911
f 4764/4293/3905 4770/4299/3914 4768/4297/3912
f 4771/4300/3915 4769/4298/3913 4767/4296/3911
f 4768/4297/3912 4770/4299/3914 4772/4301/3916
f 4773/4302/3917 4769/4298/3913 4771/4300/3915
f 4774/4303/3918 4768/4297/3912 4772/4301/3916
f 4775/4304/3919 4773/4302/3917 4771/4300/3915
f 4772/4301/3916 4776/4305/3920 4774/4303/3918
f 4773/4302/3917 4775/4304/3919 4777/4306/3921
f 4776/4305/3920 4778/4307/3922 4774/4303/3918
f 4775/4304/3919 4779/4308/3923 4777/4306/3921
f 4778/4307/3922 4776/4305/3920 4780/4309/3924
f 4779/4308/3923 4780/4309/3924 4777/4306/3921
f 4776/4305/3920 4781/4310/3925 4780/4309/3924
f 4780/4309/3924 4781/4310/3925 4777/4306/3921
f 4783/4311/3926 4782/4312/3927 4784/4313/3928
f 4783/4311/3926 4784/4313/3928 4785/4314/3929
f 4782/4312/3927 4786/4315/3930 4784/4313/3928
f 4782/4312/3927 4787/4316/3931 4786/4315/3930
f 4784/4313/3928 4788/4317/3932 4785/4314/3929
f 4784/4313/3928 4786/4315/3930 4788/4317/3932
f 4785/4314/3929 4788/4317/3932 4789/4318/3933
f 4787/4316/3931 4790/4319/3934 4786/4315/3930
f 4786/4315/3930 4790/4319/3934 4788/4317/3932
f 4787/4316/3931 4791/4320/3935 4790/4319/3934
f 4788/4317/3932 4792/4321/3936 4789/4318/3933
f 4790/4319/3934 4792/4321/3936 4788/4317/3932
f 4791/4320/3935 4793/4322/3937 4790/4319/3934
f 4790/4319/3934 4793/4322/3937 4792/4321/3936
f 4794/4323/3938 4793/4322/3937 4791/4320/3935
f 4795/4324/3939 4794/4323/3938 4791/4320/3935
f 4796/4325/3940 4794/4323/3938 4795/4324/3939
f 4797/4326/3941 4796/4325/3940 4795/4324/3939
f 4797/4326/3941 4798/4327/3942 4796/4325/3940
f 4796/4325/3940 4799/4328/3943 4794/4323/3938
f 4798/4327/3942 4799/4328/3943 4796/4325/3940
f 4794/4323/3938 4799/4328/3943 4793/4322/3937
f 4798/4327/3942 4800/4329/3944 4799/4328/3943
f 4799/4328/3943 4801/4330/3945 4793/4322/3937
f 4800/4329/3944 4801/4330/3945 4799/4328/3943
f 4793/4322/3937 4801/4330/3945 4792/4321/3936
f 4802/4331/3946 4801/4330/3945 4800/4329/3944
f 4803/4332/3947 4802/4331/3946 4800/4329/3944
f 4801/4330/3945 4804/4333/3948 4792/4321/3936
f 4805/4334/3949 4802/4331/3946 4803/4332/3947
f 4806/4335/3950 4805/4334/3949 4803/4332/3947
f 4806/4335/3950 4807/4336/3951 4805/4334/3949
f 4808/4337/3952 4801/4330/3945 4802/4331/3946
f 4808/4337/3952 4804/4333/3948 4801/4330/3945
f 4805/4334/3949 4809/4338/3953 4802/4331/3946
f 4804/4333/3948 4808/4337/3952 4810/4339/3954
f 4811/4340/3952 4808/4337/3952 4802/4331/3946
f 4809/4338/3953 4811/4340/3952 4802/4331/3946
f 4808/4337/3952 4812/4341/3955 4810/4339/3954
f 4808/4337/3952 4811/4340/3952 4812/4341/3955
f 4811/4340/3952 4813/4342/3956 4812/4341/3955
f 4813/4342/3956 4811/4340/3952 4814/4343/3957
f 4811/4340/3952 4809/4338/3953 4814/4343/3957
f 4814/4343/3957 4809/4338/3953 4815/4344/3958
f 4816/4345/3959 4804/4333/3948 4810/4339/3954
f 4804/4333/3948 4816/4345/3959 4792/4321/3936
f 4817/4346/3960 4816/4345/3959 4810/4339/3954
f 4809/4338/3953 4818/4347/3961 4815/4344/3958
f 4818/4347/3961 4809/4338/3953 4805/4334/3949
f 4819/4348/3962 4815/4344/3958 4818/4347/3961
f 4816/4345/3959 4817/4346/3960 4820/4349/3963
f 4816/4345/3959 4820/4349/3963 4792/4321/3936
f 4817/4346/3960 4821/4350/3964 4820/4349/3963
f 4822/4351/3965 4819/4348/3962 4818/4347/3961
f 4823/4352/3966 4820/4349/3963 4821/4350/3964
f 4819/4348/3962 4822/4351/3965 4824/4353/3376
f 4825/4354/3967 4823/4352/3966 4821/4350/3964
f 4820/4349/3963 4826/4355/3968 4792/4321/3936
f 4823/4352/3966 4826/4355/3968 4820/4349/3963
f 4789/4318/3933 4792/4321/3936 4826/4355/3968
f 4827/4356/3969 4789/4318/3933 4826/4355/3968
f 4827/4356/3969 4826/4355/3968 4828/4357/3970
f 4829/4358/3971 4823/4352/3966 4825/4354/3967
f 4829/4358/3971 4826/4355/3968 4823/4352/3966
f 4830/4359/3972 4829/4358/3971 4825/4354/3967
f 4829/4358/3971 4830/4359/3972 4831/4360/3973
f 4826/4355/3968 4832/4361/3974 4828/4357/3970
f 4832/4361/3974 4826/4355/3968 4829/4358/3971
f 4828/4357/3970 4832/4361/3974 4833/4362/3975
f 4834/4363/3976 4829/4358/3971 4831/4360/3973
f 4834/4363/3976 4832/4361/3974 4829/4358/3971
f 4834/4363/3976 4831/4360/3973 4835/4364/3977
f 4832/4361/3974 4836/4365/3978 4833/4362/3975
f 4836/4365/3978 4832/4361/3974 4834/4363/3976
f 4837/4366/3979 4834/4363/3976 4835/4364/3977
f 4837/4366/3979 4836/4365/3978 4834/4363/3976
f 4838/4367/3980 4837/4366/3979 4835/4364/3977
f 4838/4367/3980 4836/4365/3978 4837/4366/3979
f 4839/4368/3981 4838/4367/3980 4835/4364/3977
f 4833/4362/3975 4836/4365/3978 4840/4369/3982
f 4841/4370/3983 4833/4362/3975 4840/4369/3982
f 4838/4367/3980 4839/4368/3981 4842/4371/3984
f 4839/4368/3981 4843/4372/3985 4842/4371/3984
f 4843/4372/3985 4844/4373/3986 4842/4371/3984
f 4841/4370/3983 4840/4369/3982 4845/4374/3987
f 4846/4375/3988 4841/4370/3983 4845/4374/3987
f 4846/4375/3988 4845/4374/3987 4847/4376/3989
f 4845/4374/3987 4848/4377/3990 4847/4376/3989
f 4845/4374/3987 4840/4369/3982 4848/4377/3990
f 4847/4376/3989 4848/4377/3990 4849/4378/3991
f 4848/4377/3990 4840/4369/3982 4850/4379/3992
f 4848/4377/3990 4850/4379/3992 4849/4378/3991
f 4840/4369/3982 4836/4365/3978 4850/4379/3992
f 4849/4378/3991 4850/4379/3992 4851/4380/3993
f 4850/4379/3992 4836/4365/3978 4851/4380/3993
f 4852/4381/3994 4849/4378/3991 4851/4380/3993
f 4853/4382/3995 4836/4365/3978 4838/4367/3980
f 4836/4365/3978 4853/4382/3995 4851/4380/3993
f 4842/4371/3984 4853/4382/3995 4838/4367/3980
f 4852/4381/3994 4851/4380/3993 4854/4383/3996
f 4855/4384/3997 4852/4381/3994 4854/4383/3996
f 4853/4382/3995 4856/4385/3998 4851/4380/3993
f 4856/4385/3998 4854/4383/3996 4851/4380/3993
f 4855/4384/3997 4854/4383/3996 4857/4386/3999
f 4857/4386/3999 4854/4383/3996 4856/4385/3998
f 4858/4387/4000 4855/4384/3997 4857/4386/3999
f 4858/4387/4000 4857/4386/3999 4859/4388/4001
f 4857/4386/3999 4856/4385/3998 4859/4388/4001
f 4859/4388/4001 4856/4385/3998 4860/4389/4002
f 4856/4385/3998 4853/4382/3995 4860/4389/4002
f 4860/4389/4002 4853/4382/3995 4861/4390/4003
f 4861/4390/4003 4853/4382/3995 4842/4371/3984
f 4862/4391/4004 4860/4389/4002 4861/4390/4003
f 4844/4373/3986 4863/4392/4005 4842/4371/3984
f 4863/4392/4005 4861/4390/4003 4842/4371/3984
f 4844/4373/3986 4864/4393/4006 4863/4392/4005
f 4862/4391/4004 4861/4390/4003 4865/4394/4007
f 4866/4395/4008 4862/4391/4004 4865/4394/4007
f 4861/4390/4003 4863/4392/4005 4867/4396/4009
f 4864/4393/4006 4867/4396/4009 4863/4392/4005
f 4865/4394/4007 4861/4390/4003 4867/4396/4009
f 4866/4395/4008 4865/4394/4007 4868/4397/4010
f 4869/4398/4011 4867/4396/4009 4864/4393/4006
f 4865/4394/4007 4867/4396/4009 4869/4398/4011
f 4870/4399/4012 4869/4398/4011 4864/4393/4006
f 4869/4398/4011 4870/4399/4012 4871/4400/4013
f 4865/4394/4007 4872/4401/4014 4868/4397/4010
f 4872/4401/4014 4865/4394/4007 4869/4398/4011
f 4873/4402/4015 4869/4398/4011 4871/4400/4013
f 4873/4402/4015 4872/4401/4014 4869/4398/4011
f 4874/4403/4016 4873/4402/4015 4871/4400/4013
f 4874/4403/4016 4872/4401/4014 4873/4402/4015
f 4875/4404/4017 4874/4403/4016 4871/4400/4013
f 4868/4397/4010 4872/4401/4014 4876/4405/4018
f 4877/4406/4019 4868/4397/4010 4876/4405/4018
f 4874/4403/4016 4875/4404/4017 4878/4407/4020
f 4875/4404/4017 4879/4408/4021 4878/4407/4020
f 4877/4406/4019 4876/4405/4018 4880/4409/4022
f 4881/4410/4023 4877/4406/4019 4880/4409/4022
f 4881/4410/4023 4880/4409/4022 4882/4411/4024
f 4880/4409/4022 4883/4412/4025 4882/4411/4024
f 4880/4409/4022 4876/4405/4018 4883/4412/4025
f 4882/4411/4024 4883/4412/4025 4884/4413/4026
f 4883/4412/4025 4876/4405/4018 4885/4414/4027
f 4883/4412/4025 4885/4414/4027 4884/4413/4026
f 4876/4405/4018 4872/4401/4014 4885/4414/4027
f 4884/4413/4026 4885/4414/4027 4886/4415/4028
f 4887/4416/4029 4872/4401/4014 4874/4403/4016
f 4885/4414/4027 4872/4401/4014 4887/4416/4029
f 4878/4407/4020 4887/4416/4029 4874/4403/4016
f 4885/4414/4027 4888/4417/3376 4886/4415/4028
f 4888/4417/3376 4885/4414/4027 4887/4416/4029
f 4886/4415/4028 4888/4417/3376 4889/4418/4030
f 4890/4419/4031 4886/4415/4028 4889/4418/4030
f 4888/4417/3376 4887/4416/4029 4891/4420/4032
f 4889/4418/4030 4888/4417/3376 4891/4420/4032
f 4890/4419/4031 4889/4418/4030 4892/4421/4033
f 4892/4421/4033 4889/4418/4030 4891/4420/4032
f 4893/4422/4034 4890/4419/4031 4892/4421/4033
f 4893/4422/4034 4892/4421/4033 4894/4423/4035
f 4892/4421/4033 4891/4420/4032 4894/4423/4035
f 4894/4423/4035 4891/4420/4032 4895/4424/4036
f 4891/4420/4032 4887/4416/4029 4895/4424/4036
f 4895/4424/4036 4887/4416/4029 4896/4425/4037
f 4896/4425/4037 4887/4416/4029 4878/4407/4020
f 4897/4426/4038 4895/4424/4036 4896/4425/4037
f 4898/4427/4039 4878/4407/4020 4879/4408/4021
f 4898/4427/4039 4896/4425/4037 4878/4407/4020
f 4899/4428/4040 4898/4427/4039 4879/4408/4021
f 4897/4426/4038 4896/4425/4037 4900/4429/4041
f 4901/4430/4042 4897/4426/4038 4900/4429/4041
f 4898/4427/4039 4902/4431/4043 4896/4425/4037
f 4902/4431/4043 4898/4427/4039 4899/4428/4040
f 4902/4431/4043 4900/4429/4041 4896/4425/4037
f 4903/4432/4044 4902/4431/4043 4899/4428/4040
f 4901/4430/4042 4900/4429/4041 4904/4433/4045
f 4902/4431/4043 4903/4432/4044 4905/4434/4046
f 4906/4435/4047 4902/4431/4043 4905/4434/4046
f 4902/4431/4043 4906/4435/4047 4900/4429/4041
f 4906/4435/4047 4905/4434/4046 4907/4436/4048
f 4900/4429/4041 4908/4437/4049 4904/4433/4045
f 4906/4435/4047 4908/4437/4049 4900/4429/4041
f 4909/4438/4050 4906/4435/4047 4907/4436/4048
f 4906/4435/4047 4909/4438/4050 4908/4437/4049
f 4909/4438/4050 4907/4436/4048 4910/4439/4051
f 4904/4433/4045 4908/4437/4049 4911/4440/4052
f 4912/4441/4053 4904/4433/4045 4911/4440/4052
f 4913/4442/4054 4909/4438/4050 4910/4439/4051
f 4909/4438/4050 4913/4442/4054 4908/4437/4049
f 4912/4441/4053 4911/4440/4052 4914/4443/4055
f 4915/4444/4056 4912/4441/4053 4914/4443/4055
f 4915/4444/4056 4914/4443/4055 4916/4445/4057
f 4914/4443/4055 4917/4446/4058 4916/4445/4057
f 4914/4443/4055 4911/4440/4052 4917/4446/4058
f 4916/4445/4057 4917/4446/4058 4918/4447/4059
f 4917/4446/4058 4911/4440/4052 4919/4448/4060
f 4917/4446/4058 4919/4448/4060 4918/4447/4059
f 4911/4440/4052 4908/4437/4049 4919/4448/4060
f 4918/4447/4059 4919/4448/4060 4920/4449/4061
f 4921/4450/4062 4918/4447/4059 4920/4449/4061
f 4919/4448/4060 4908/4437/4049 4922/4451/4063
f 4920/4449/4061 4919/4448/4060 4922/4451/4063
f 4913/4442/4054 4922/4451/4063 4908/4437/4049
f 4921/4450/4062 4920/4449/4061 4923/4452/4064
f 4924/4453/4065 4921/4450/4062 4923/4452/4064
f 4913/4442/4054 4910/4439/4051 4925/4454/4066
f 4913/4442/4054 4925/4454/4066 4922/4451/4063
f 4910/4439/4051 4926/4455/4067 4925/4454/4066
f 4924/4453/4065 4923/4452/4064 4927/4456/4068
f 4928/4457/4069 4924/4453/4065 4927/4456/4068
f 4928/4457/4069 4927/4456/4068 4929/4458/4070
f 4923/4452/4064 4920/4449/4061 4930/4459/4071
f 4927/4456/4068 4923/4452/4064 4930/4459/4071
f 4927/4456/4068 4930/4459/4071 4929/4458/4070
f 4920/4449/4061 4922/4451/4063 4930/4459/4071
f 4929/4458/4070 4930/4459/4071 4931/4460/4072
f 4930/4459/4071 4922/4451/4063 4931/4460/4072
f 4932/4461/4073 4925/4454/4066 4926/4455/4067
f 4933/4462/4074 4932/4461/4073 4926/4455/4067
f 4922/4451/4063 4925/4454/4066 4934/4463/2216
f 4931/4460/4072 4922/4451/4063 4934/4463/2216
f 4925/4454/4066 4932/4461/4073 4934/4463/2216
f 4935/4464/4075 4931/4460/4072 4934/4463/2216
f 4935/4464/4075 4934/4463/2216 4936/4465/4076
f 4937/4466/4077 4932/4461/4073 4933/4462/4074
f 4932/4461/4073 4937/4466/4077 4934/4463/2216
f 4938/4467/4078 4937/4466/4077 4933/4462/4074
f 4937/4466/4077 4938/4467/4078 4939/4468/4079
f 4934/4463/2216 4940/4469/4080 4936/4465/4076
f 4937/4466/4077 4940/4469/4080 4934/4463/2216
f 4936/4465/4076 4940/4469/4080 4941/4470/4081
f 4942/4471/4082 4937/4466/4077 4939/4468/4079
f 4937/4466/4077 4942/4471/4082 4940/4469/4080
f 4942/4471/4082 4939/4468/4079 4943/4472/4083
f 4940/4469/4080 4944/4473/4084 4941/4470/4081
f 4942/4471/4082 4944/4473/4084 4940/4469/4080
f 4945/4474/4085 4942/4471/4082 4943/4472/4083
f 4942/4471/4082 4945/4474/4085 4944/4473/4084
f 4946/4475/4086 4945/4474/4085 4943/4472/4083
f 4945/4474/4085 4946/4475/4086 4944/4473/4084
f 4947/4476/4087 4946/4475/4086 4943/4472/4083
f 4941/4470/4081 4944/4473/4084 4948/4477/4088
f 4949/4478/4089 4941/4470/4081 4948/4477/4088
f 4946/4475/4086 4947/4476/4087 4950/4479/4090
f 4947/4476/4087 4951/4480/4091 4950/4479/4090
f 4949/4478/4089 4948/4477/4088 4952/4481/4092
f 4953/4482/4093 4949/4478/4089 4952/4481/4092
f 4953/4482/4093 4952/4481/4092 4954/4483/4094
f 4952/4481/4092 4955/4484/4095 4954/4483/4094
f 4952/4481/4092 4948/4477/4088 4955/4484/4095
f 4954/4483/4094 4955/4484/4095 4956/4485/4096
f 4955/4484/4095 4948/4477/4088 4957/4486/4097
f 4955/4484/4095 4957/4486/4097 4956/4485/4096
f 4948/4477/4088 4944/4473/4084 4957/4486/4097
f 4956/4485/4096 4957/4486/4097 4958/4487/4098
f 4957/4486/4097 4944/4473/4084 4958/4487/4098
f 4959/4488/4099 4956/4485/4096 4958/4487/4098
f 4944/4473/4084 4946/4475/4086 4960/4489/4100
f 4944/4473/4084 4960/4489/4100 4958/4487/4098
f 4946/4475/4086 4950/4479/4090 4960/4489/4100
f 4959/4488/4099 4958/4487/4098 4961/4490/4101
f 4962/4491/4102 4959/4488/4099 4961/4490/4101
f 4958/4487/4098 4960/4489/4100 4963/4492/4103
f 4961/4490/4101 4958/4487/4098 4963/4492/4103
f 4962/4491/4102 4961/4490/4101 4964/4493/4104
f 4964/4493/4104 4961/4490/4101 4963/4492/4103
f 4965/4494/4105 4962/4491/4102 4964/4493/4104
f 4965/4494/4105 4964/4493/4104 4966/4495/4106
f 4964/4493/4104 4963/4492/4103 4966/4495/4106
f 4966/4495/4106 4963/4492/4103 4967/4496/4107
f 4963/4492/4103 4960/4489/4100 4967/4496/4107
f 4967/4496/4107 4960/4489/4100 4968/4497/4108
f 4960/4489/4100 4950/4479/4090 4968/4497/4108
f 4969/4498/4109 4967/4496/4107 4968/4497/4108
f 4969/4498/4109 4968/4497/4108 4970/4499/4110
f 4971/4500/4111 4950/4479/4090 4951/4480/4091
f 4950/4479/4090 4971/4500/4111 4968/4497/4108
f 4972/4501/4112 4971/4500/4111 4951/4480/4091
f 4968/4497/4108 4973/4502/4113 4970/4499/4110
f 4968/4497/4108 4971/4500/4111 4973/4502/4113
f 4970/4499/4110 4973/4502/4113 4974/4503/4114
f 4975/4504/4115 4971/4500/4111 4972/4501/4112
f 4971/4500/4111 4975/4504/4115 4973/4502/4113
f 4976/4505/4116 4975/4504/4115 4972/4501/4112
f 4975/4504/4115 4976/4505/4116 4977/4506/4117
f 4978/4507/4118 4975/4504/4115 4977/4506/4117
f 4975/4504/4115 4978/4507/4118 4973/4502/4113
f 4978/4507/4118 4977/4506/4117 4824/4353/3376
f 4973/4502/4113 4979/4508/4119 4974/4503/4114
f 4978/4507/4118 4979/4508/4119 4973/4502/4113
f 4980/4509/4120 4978/4507/4118 4824/4353/3376
f 4978/4507/4118 4980/4509/4120 4979/4508/4119
f 4822/4351/3965 4980/4509/4120 4824/4353/3376
f 4980/4509/4120 4822/4351/3965 4979/4508/4119
f 4974/4503/4114 4979/4508/4119 4981/4510/4121
f 4982/4511/4122 4974/4503/4114 4981/4510/4121
f 4979/4508/4119 4822/4351/3965 4983/4512/4123
f 4822/4351/3965 4818/4347/3961 4983/4512/4123
f 4983/4512/4123 4818/4347/3961 4805/4334/3949
f 4807/4336/3951 4983/4512/4123 4805/4334/3949
f 4982/4511/4122 4981/4510/4121 4984/4513/4124
f 4985/4514/4125 4982/4511/4122 4984/4513/4124
f 4985/4514/4125 4984/4513/4124 4986/4515/4126
f 4984/4513/4124 4987/4516/4127 4986/4515/4126
f 4984/4513/4124 4981/4510/4121 4987/4516/4127
f 4986/4515/4126 4987/4516/4127 4988/4517/4128
f 4981/4510/4121 4979/4508/4119 4989/4518/4129
f 4987/4516/4127 4981/4510/4121 4989/4518/4129
f 4989/4518/4129 4979/4508/4119 4983/4512/4123
f 4987/4516/4127 4989/4518/4129 4988/4517/4128
f 4990/4519/4130 4983/4512/4123 4807/4336/3951
f 4988/4517/4128 4989/4518/4129 4991/4520/4131
f 4991/4520/4131 4989/4518/4129 4983/4512/4123
f 4991/4520/4131 4983/4512/4123 4990/4519/4130
f 4992/4521/4132 4988/4517/4128 4991/4520/4131
f 4993/4522/4133 4990/4519/4130 4807/4336/3951
f 4992/4521/4132 4991/4520/4131 4994/4523/4134
f 4994/4523/4134 4991/4520/4131 4990/4519/4130
f 4995/4524/4135 4992/4521/4132 4994/4523/4134
f 4996/4525/4136 4990/4519/4130 4993/4522/4133
f 4996/4525/4136 4994/4523/4134 4990/4519/4130
f 4995/4524/4135 4994/4523/4134 4996/4525/4136
f 4997/4526/4137 4996/4525/4136 4993/4522/4133
f 4997/4526/4137 4995/4524/4135 4996/4525/4136
f 4999/4527/4138 4998/4528/4139 5000/4529/4140
f 5001/4530/4141 4999/4527/4138 5000/4529/4140
f 4998/4528/4139 5002/4531/4142 5000/4529/4140
f 4998/4528/4139 5003/4532/4143 5002/4531/4142
f 5004/4533/4144 5001/4530/4141 5000/4529/4140
f 5005/4534/4145 5001/4530/4141 5004/4533/4144
f 5006/4535/4146 5000/4529/4140 5002/4531/4142
f 5004/4533/4144 5000/4529/4140 5006/4535/4146
f 5003/4532/4143 5007/4536/4147 5002/4531/4142
f 5003/4532/4143 5008/4537/4148 5007/4536/4147
f 5009/4538/4149 5005/4534/4145 5004/4533/4144
f 5010/4539/4150 5005/4534/4145 5009/4538/4149
f 5011/4540/4151 5004/4533/4144 5006/4535/4146
f 5009/4538/4149 5004/4533/4144 5011/4540/4151
f 5012/4541/4152 5006/4535/4146 5002/4531/4142
f 5012/4541/4152 5002/4531/4142 5007/4536/4147
f 5013/4542/4153 5010/4539/4150 5009/4538/4149
f 5014/4543/4154 5010/4539/4150 5013/4542/4153
f 5015/4544/4155 5009/4538/4149 5011/4540/4151
f 5013/4542/4153 5009/4538/4149 5015/4544/4155
f 5011/4540/4151 5006/4535/4146 5016/4545/4156
f 5006/4535/4146 5012/4541/4152 5016/4545/4156
f 5015/4544/4155 5011/4540/4151 5017/4546/4157
f 5017/4546/4157 5011/4540/4151 5016/4545/4156
f 5018/4547/4158 5014/4543/4154 5013/4542/4153
f 5019/4548/4159 5014/4543/4154 5018/4547/4158
f 5020/4549/4160 5013/4542/4153 5015/4544/4155
f 5018/4547/4158 5013/4542/4153 5020/4549/4160
f 5021/4550/4161 5015/4544/4155 5017/4546/4157
f 5020/4549/4160 5015/4544/4155 5021/4550/4161
f 5022/4551/4162 5019/4548/4159 5018/4547/4158
f 5019/4548/4159 5022/4551/4162 5023/4552/4163
f 5024/4553/4164 5018/4547/4158 5020/4549/4160
f 5022/4551/4162 5018/4547/4158 5024/4553/4164
f 5025/4554/4165 5020/4549/4160 5021/4550/4161
f 5024/4553/4164 5020/4549/4160 5025/4554/4165
f 5021/4550/4161 5017/4546/4157 5026/4555/4166
f 5025/4554/4165 5021/4550/4161 5026/4555/4166
f 5017/4546/4157 5016/4545/4156 5026/4555/4166
f 5027/4556/4167 5024/4553/4164 5025/4554/4165
f 5027/4556/4167 5025/4554/4165 5026/4555/4166
f 5028/4557/4168 5022/4551/4162 5024/4553/4164
f 5028/4557/4168 5024/4553/4164 5027/4556/4167
f 5022/4551/4162 5029/4558/4169 5023/4552/4163
f 5022/4551/4162 5028/4557/4168 5029/4558/4169
f 5030/4559/4170 5028/4557/4168 5027/4556/4167
f 5030/4559/4170 5027/4556/4167 5026/4555/4166
f 5031/4560/4171 5028/4557/4168 5030/4559/4170
f 5028/4557/4168 5031/4560/4171 5029/4558/4169
f 5026/4555/4166 5031/4560/4171 5030/4559/4170
f 5023/4552/4163 5029/4558/4169 5032/4561/4172
f 5033/4562/4173 5023/4552/4163 5032/4561/4172
f 5029/4558/4169 5031/4560/4171 5034/4563/4174
f 5032/4561/4172 5029/4558/4169 5034/4563/4174
f 5035/4564/4175 5034/4563/4174 5031/4560/4171
f 5026/4555/4166 5035/4564/4175 5031/4560/4171
f 5032/4561/4172 5036/4565/4176 5033/4562/4173
f 5036/4565/4176 5037/4566/4177 5033/4562/4173
f 5035/4564/4175 5038/4567/4178 5034/4563/4174
f 5026/4555/4166 5038/4567/4178 5035/4564/4175
f 5034/4563/4174 5039/4568/4179 5032/4561/4172
f 5038/4567/4178 5039/4568/4179 5034/4563/4174
f 5039/4568/4179 5036/4565/4176 5032/4561/4172
f 5038/4567/4178 5040/4569/4180 5039/4568/4179
f 5026/4555/4166 5040/4569/4180 5038/4567/4178
f 5036/4565/4176 5039/4568/4179 5041/4570/4181
f 5040/4569/4180 5041/4570/4181 5039/4568/4179
f 5036/4565/4176 5042/4571/4182 5037/4566/4177
f 5042/4571/4182 5036/4565/4176 5041/4570/4181
f 5042/4571/4182 5043/4572/4183 5037/4566/4177
f 5040/4569/4180 5044/4573/4184 5041/4570/4181
f 5026/4555/4166 5044/4573/4184 5040/4569/4180
f 5041/4570/4181 5045/4574/4185 5042/4571/4182
f 5044/4573/4184 5045/4574/4185 5041/4570/4181
f 5042/4571/4182 5046/4575/4186 5043/4572/4183
f 5045/4574/4185 5046/4575/4186 5042/4571/4182
f 5046/4575/4186 5047/4576/4187 5043/4572/4183
f 5044/4573/4184 5048/4577/4188 5045/4574/4185
f 5026/4555/4166 5048/4577/4188 5044/4573/4184
f 5045/4574/4185 5049/4578/4189 5046/4575/4186
f 5048/4577/4188 5049/4578/4189 5045/4574/4185
f 5046/4575/4186 5050/4579/4190 5047/4576/4187
f 5049/4578/4189 5050/4579/4190 5046/4575/4186
f 5050/4579/4190 5051/4580/4191 5047/4576/4187
f 5048/4577/4188 5052/4581/4192 5049/4578/4189
f 5026/4555/4166 5052/4581/4192 5048/4577/4188
f 5049/4578/4189 5053/4582/4193 5050/4579/4190
f 5052/4581/4192 5053/4582/4193 5049/4578/4189
f 5050/4579/4190 5054/4583/4194 5051/4580/4191
f 5053/4582/4193 5054/4583/4194 5050/4579/4190
f 5054/4583/4194 5055/4584/4195 5051/4580/4191
f 5056/4585/4196 5055/4584/4195 5054/4583/4194
f 5057/4586/4197 5056/4585/4196 5054/4583/4194
f 5057/4586/4197 5054/4583/4194 5053/4582/4193
f 5058/4587/4198 5056/4585/4196 5057/4586/4197
f 5059/4588/4199 5053/4582/4193 5052/4581/4192
f 5059/4588/4199 5057/4586/4197 5053/4582/4193
f 5060/4589/4200 5058/4587/4198 5057/4586/4197
f 5060/4589/4200 5057/4586/4197 5059/4588/4199
f 5008/4537/4148 5058/4587/4198 5060/4589/4200
f 5061/4590/4201 5059/4588/4199 5052/4581/4192
f 5026/4555/4166 5061/4590/4201 5052/4581/4192
f 5062/4591/4202 5060/4589/4200 5059/4588/4199
f 5062/4591/4202 5059/4588/4199 5061/4590/4201
f 5063/4592/1274 5008/4537/4148 5060/4589/4200
f 5063/4592/1274 5060/4589/4200 5062/4591/4202
f 5008/4537/4148 5063/4592/1274 5007/4536/4147
f 5064/4593/4203 5062/4591/4202 5061/4590/4201
f 5026/4555/4166 5064/4593/4203 5061/4590/4201
f 5065/4594/4204 5063/4592/1274 5062/4591/4202
f 5065/4594/4204 5062/4591/4202 5064/4593/4203
f 5066/4595/1245 5007/4536/4147 5063/4592/1274
f 5065/4594/4204 5066/4595/1245 5063/4592/1274
f 5066/4595/1245 5012/4541/4152 5007/4536/4147
f 5067/4596/4205 5065/4594/4204 5064/4593/4203
f 5067/4596/4205 5064/4593/4203 5026/4555/4166
f 5065/4594/4204 5067/4596/4205 5068/4597/4206
f 5026/4555/4166 5068/4597/4206 5067/4596/4205
f 5066/4595/1245 5065/4594/4204 5068/4597/4206
f 5069/4598/4207 5068/4597/4206 5026/4555/4166
f 5066/4595/1245 5068/4597/4206 5069/4598/4207
f 5012/4541/4152 5066/4595/1245 5069/4598/4207
f 5016/4545/4156 5069/4598/4207 5026/4555/4166
f 5012/4541/4152 5069/4598/4207 5016/4545/4156
f 5071/4599/4208 5070/4600/4209 5072/4601/4210
f 5071/4599/4208 5073/4602/4211 5070/4600/4209
f 5070/4600/4209 5074/4603/3231 5072/4601/4210
f 5072/4601/4210 5074/4603/3231 5075/4604/4212
f 5073/4602/4211 5076/4605/4213 5070/4600/4209
f 5073/4602/4211 5077/4606/4214 5076/4605/4213
f 5074/4603/3231 5070/4600/4209 5078/4607/4215
f 5070/4600/4209 5076/4605/4213 5078/4607/4215
f 5079/4608/4216 5074/4603/3231 5078/4607/4215
f 5076/4605/4213 5080/4609/4204 5078/4607/4215
f 5079/4608/4216 5081/4610/4217 5074/4603/3231
f 5076/4605/4213 5082/4611/4213 5080/4609/4204
f 5077/4606/4214 5082/4611/4213 5076/4605/4213
f 5082/4611/4213 5083/4612/4204 5080/4609/4204
f 5083/4612/4204 5082/4611/4213 5084/4613/4218
f 5081/4610/4217 5085/4614/3231 5074/4603/3231
f 5074/4603/3231 5085/4614/3231 5075/4604/4212
f 5085/4614/3231 5081/4610/4217 5086/4615/4219
f 5087/4616/4220 5082/4611/4213 5077/4606/4214
f 5082/4611/4213 5087/4616/4220 5084/4613/4218
f 5088/4617/4221 5087/4616/4220 5077/4606/4214
f 5087/4616/4220 5088/4617/4221 5089/4618/4222
f 5085/4614/3231 5090/4619/3137 5075/4604/4212
f 5090/4619/3137 5085/4614/3231 5086/4615/4219
f 5090/4619/3137 5091/4620/4223 5075/4604/4212
f 5092/4621/4224 5091/4620/4223 5090/4619/3137
f 5093/4622/4225 5087/4616/4220 5089/4618/4222
f 5084/4613/4218 5087/4616/4220 5093/4622/4225
f 5094/4623/4226 5084/4613/4218 5093/4622/4225
f 5089/4618/4222 5095/4624/4227 5093/4622/4225
f 5094/4623/4226 5093/4622/4225 5096/4625/4228
f 5097/4626/4229 5090/4619/3137 5086/4615/4219
f 5097/4626/4229 5092/4621/4224 5090/4619/3137
f 5098/4627/4230 5097/4626/4229 5086/4615/4219
f 5098/4627/4230 5099/4628/4231 5097/4626/4229
f 5093/4622/4225 5100/4629/4232 5096/4625/4228
f 5095/4624/4227 5100/4629/4232 5093/4622/4225
f 5096/4625/4228 5100/4629/4232 5101/4630/4233
f 5099/4628/4231 5102/4631/4234 5097/4626/4229
f 5097/4626/4229 5102/4631/4234 5092/4621/4224
f 5099/4628/4231 5101/4630/4233 5102/4631/4234
f 5102/4631/4234 5103/4632/4235 5092/4621/4224
f 5100/4629/4232 5104/4633/4236 5101/4630/4233
f 5101/4630/4233 5104/4633/4236 5102/4631/4234
f 5100/4629/4232 5095/4624/4227 5104/4633/4236
f 5102/4631/4234 5104/4633/4236 5103/4632/4235
f 5095/4624/4227 5105/4634/4237 5104/4633/4236
f 5104/4633/4236 5105/4634/4237 5103/4632/4235
f 5107/4635/3598 5106/4636/3598 5108/4637/3598
f 5108/4637/3598 5106/4636/3598 5109/4638/3598
f 5110/4639/3598 5106/4636/3598 5107/4635/3598
f 5109/4638/3598 5106/4636/3598 5111/4640/3598
f 5112/4641/3598 5106/4636/3598 5110/4639/3598
f 5111/4640/3598 5106/4636/3598 5113/4642/3598
f 5114/4643/3598 5106/4636/3598 5112/4641/3598
f 5113/4642/3598 5106/4636/3598 5115/4644/3598
f 5116/4645/3598 5106/4636/3598 5114/4643/3598
f 5115/4644/3598 5106/4636/3598 5117/4646/3598
f 5118/4647/3598 5106/4636/3598 5116/4645/3598
f 5117/4646/3598 5106/4636/3598 5119/4648/3598
f 5120/4649/3598 5106/4636/3598 5118/4647/3598
f 5119/4648/3598 5106/4636/3598 5121/4650/3598
f 5122/4651/3598 5106/4636/3598 5120/4649/3598
f 5121/4650/3598 5106/4636/3598 5122/4651/3598
f 5124/4652/3598 5123/4653/3598 5125/4654/3598
f 5126/4655/3598 5123/4653/3598 5124/4652/3598
f 5125/4654/3598 5123/4653/3598 5127/4656/3598
f 5128/4657/3598 5123/4653/3598 5126/4655/3598
f 5127/4656/3598 5123/4653/3598 5129/4658/3598
f 5130/4659/3598 5123/4653/3598 5128/4657/3598
f 5129/4658/3598 5123/4653/3598 5131/4660/3598
f 5132/4661/3598 5123/4653/3598 5130/4659/3598
f 5131/4660/3598 5123/4653/3598 5133/4662/3598
f 5134/4663/3598 5123/4653/3598 5132/4661/3598
f 5133/4662/3598 5123/4653/3598 5135/4664/3598
f 5136/4665/3598 5123/4653/3598 5134/4663/3598
f 5135/4664/3598 5123/4653/3598 5137/4666/3598
f 5138/4667/3598 5123/4653/3598 5136/4665/3598
f 5137/4666/3598 5123/4653/3598 5139/4668/3598
f 5139/4668/3598 5123/4653/3598 5138/4667/3598
f 5141/4669/4238 5140/4670/4239 5142/4671/4240
f 5140/4670/4239 5143/4672/4241 5142/4671/4240
f 5144/4673/4242 5141/4669/4238 5142/4671/4240
f 5141/4669/4238 5144/4673/4242 5145/4674/4243
f 5143/4672/4241 5146/4675/4244 5142/4671/4240
f 5146/4675/4244 5143/4672/4241 5147/4676/4245
f 5144/4673/4242 5148/4677/4246 5145/4674/4243
f 5149/4678/4247 5145/4674/4243 5148/4677/4246
f 5150/4679/4248 5146/4675/4244 5147/4676/4245
f 5147/4676/4245 5151/4680/4249 5150/4679/4248
f 5152/4681/4250 5149/4678/4247 5148/4677/4246
f 5149/4678/4247 5152/4681/4250 5153/4682/4251
f 5151/4680/4249 5154/4683/4230 5150/4679/4248
f 5152/4681/4250 5155/4684/4252 5153/4682/4251
f 5156/4685/4253 5153/4682/4251 5155/4684/4252
f 5154/4683/4230 5151/4680/4249 5157/4686/4254
f 5151/4680/4249 5158/4687/4255 5157/4686/4254
f 5150/4679/4248 5154/4683/4230 5159/4688/215
f 5150/4679/4248 5159/4688/215 5146/4675/4244
f 5154/4683/4230 5157/4686/4254 5160/4689/215
f 5154/4683/4230 5160/4689/215 5159/4688/215
f 5161/4690/4256 5157/4686/4254 5158/4687/4255
f 5162/4691/4257 5161/4690/4256 5158/4687/4255
f 5161/4690/4256 5162/4691/4257 5163/4692/4258
f 5157/4686/4254 5164/4693/4259 5160/4689/215
f 5164/4693/4259 5157/4686/4254 5161/4690/4256
f 5165/4694/4260 5161/4690/4256 5163/4692/4258
f 5163/4692/4258 5166/4695/4261 5165/4694/4260
f 5167/4696/4262 5164/4693/4259 5161/4690/4256
f 5167/4696/4262 5161/4690/4256 5165/4694/4260
f 5160/4689/215 5164/4693/4259 5168/4697/4263
f 5160/4689/215 5168/4697/4263 5159/4688/215
f 5166/4695/4261 5169/4698/4264 5165/4694/4260
f 5169/4698/4264 5166/4695/4261 5170/4699/4265
f 5159/4688/215 5171/4700/4266 5146/4675/4244
f 5142/4671/4240 5146/4675/4244 5171/4700/4266
f 5165/4694/4260 5169/4698/4264 5172/4701/4267
f 5172/4701/4267 5167/4696/4262 5165/4694/4260
f 5173/4702/4268 5169/4698/4264 5170/4699/4265
f 5173/4702/4268 5170/4699/4265 5174/4703/4269
f 5169/4698/4264 5175/4704/3900 5172/4701/4267
f 5175/4704/3900 5169/4698/4264 5173/4702/4268
f 5159/4688/215 5176/4705/4270 5171/4700/4266
f 5168/4697/4263 5176/4705/4270 5159/4688/215
f 5177/4706/4271 5142/4671/4240 5171/4700/4266
f 5144/4673/4242 5142/4671/4240 5177/4706/4271
f 5176/4705/4270 5178/4707/4272 5171/4700/4266
f 5171/4700/4266 5178/4707/4272 5177/4706/4271
f 5176/4705/4270 5168/4697/4263 5179/4708/4273
f 5176/4705/4270 5179/4708/4273 5178/4707/4272
f 5180/4709/4274 5144/4673/4242 5177/4706/4271
f 5144/4673/4242 5180/4709/4274 5148/4677/4246
f 5178/4707/4272 5181/4710/4275 5177/4706/4271
f 5180/4709/4274 5182/4711/4276 5148/4677/4246
f 5152/4681/4250 5148/4677/4246 5182/4711/4276
f 5180/4709/4274 5177/4706/4271 5183/4712/4277
f 5177/4706/4271 5181/4710/4275 5183/4712/4277
f 5184/4713/4278 5182/4711/4276 5180/4709/4274
f 5183/4712/4277 5184/4713/4278 5180/4709/4274
f 5181/4710/4275 5178/4707/4272 5185/4714/4279
f 5179/4708/4273 5185/4714/4279 5178/4707/4272
f 5181/4710/4275 5186/4715/4280 5183/4712/4277
f 5186/4715/4280 5181/4710/4275 5185/4714/4279
f 5179/4708/4273 5187/4716/4281 5185/4714/4279
f 5187/4716/4281 5188/4717/4282 5185/4714/4279
f 5185/4714/4279 5188/4717/4282 5186/4715/4280
f 5189/4718/4283 5187/4716/4281 5179/4708/4273
f 5188/4717/4282 5190/4719/4284 5186/4715/4280
f 5191/4720/4285 5189/4718/4283 5179/4708/4273
f 5168/4697/4263 5191/4720/4285 5179/4708/4273
f 5190/4719/4284 5192/4721/4286 5186/4715/4280
f 5186/4715/4280 5192/4721/4286 5183/4712/4277
f 5192/4721/4286 5190/4719/4284 5193/4722/972
f 5183/4712/4277 5192/4721/4286 5193/4722/972
f 5184/4713/4278 5183/4712/4277 5193/4722/972
f 5190/4719/4284 5194/4723/4287 5193/4722/972
f 5191/4720/4285 5168/4697/4263 5195/4724/4288
f 5164/4693/4259 5195/4724/4288 5168/4697/4263
f 5195/4724/4288 5164/4693/4259 5167/4696/4262
f 5193/4722/972 5194/4723/4287 5196/4725/3137
f 5193/4722/972 5196/4725/3137 5184/4713/4278
f 5194/4723/4287 5197/4726/4289 5196/4725/3137
f 5191/4720/4285 5198/4727/4290 5189/4718/4283
f 5198/4727/4290 5191/4720/4285 5195/4724/4288
f 5198/4727/4290 5199/4728/4291 5189/4718/4283
f 5200/4729/4292 5195/4724/4288 5167/4696/4262
f 5198/4727/4290 5195/4724/4288 5200/4729/4292
f 5201/4730/4293 5199/4728/4291 5198/4727/4290
f 5201/4730/4293 5198/4727/4290 5200/4729/4292
f 5202/4731/4294 5199/4728/4291 5201/4730/4293
f 5200/4729/4292 5167/4696/4262 5203/4732/4295
f 5201/4730/4293 5200/4729/4292 5203/4732/4295
f 5167/4696/4262 5172/4701/4267 5203/4732/4295
f 5204/4733/4296 5202/4731/4294 5201/4730/4293
f 5204/4733/4296 5201/4730/4293 5203/4732/4295
f 5202/4731/4294 5204/4733/4296 5205/4734/4297
f 5203/4732/4295 5172/4701/4267 5206/4735/4298
f 5172/4701/4267 5175/4704/3900 5206/4735/4298
f 5204/4733/4296 5203/4732/4295 5207/4736/4299
f 5204/4733/4296 5207/4736/4299 5205/4734/4297
f 5203/4732/4295 5206/4735/4298 5207/4736/4299
f 5207/4736/4299 5208/4737/4300 5205/4734/4297
f 5208/4737/4300 5207/4736/4299 5206/4735/4298
f 5208/4737/4300 5209/4738/4301 5205/4734/4297
f 5206/4735/4298 5175/4704/3900 5210/4739/4302
f 5210/4739/4302 5208/4737/4300 5206/4735/4298
f 5208/4737/4300 5211/4740/4303 5209/4738/4301
f 5208/4737/4300 5210/4739/4302 5211/4740/4303
f 5212/4741/4304 5209/4738/4301 5211/4740/4303
f 5175/4704/3900 5213/4742/4305 5210/4739/4302
f 5213/4742/4305 5175/4704/3900 5173/4702/4268
f 5214/4743/4306 5212/4741/4304 5211/4740/4303
f 5212/4741/4304 5214/4743/4306 5215/4744/4307
f 5210/4739/4302 5216/4745/4308 5211/4740/4303
f 5214/4743/4306 5211/4740/4303 5216/4745/4308
f 5213/4742/4305 5217/4746/4309 5210/4739/4302
f 5217/4746/4309 5216/4745/4308 5210/4739/4302
f 5213/4742/4305 5173/4702/4268 5217/4746/4309
f 5218/4747/1031 5214/4743/4306 5216/4745/4308
f 5216/4745/4308 5217/4746/4309 5218/4747/1031
f 5173/4702/4268 5219/4748/4310 5217/4746/4309
f 5219/4748/4310 5173/4702/4268 5174/4703/4269
f 5219/4748/4310 5174/4703/4269 5220/4749/4311
f 5217/4746/4309 5221/4750/4312 5218/4747/1031
f 5217/4746/4309 5219/4748/4310 5221/4750/4312
f 5222/4751/4202 5219/4748/4310 5220/4749/4311
f 5219/4748/4310 5222/4751/4202 5221/4750/4312
f 5222/4751/4202 5220/4749/4311 5156/4685/4253
f 5223/4752/4202 5222/4751/4202 5156/4685/4253
f 5221/4750/4312 5222/4751/4202 5223/4752/4202
f 5223/4752/4202 5156/4685/4253 5155/4684/4252
f 5224/4753/4313 5221/4750/4312 5223/4752/4202
f 5224/4753/4313 5223/4752/4202 5155/4684/4252
f 5218/4747/1031 5221/4750/4312 5224/4753/4313
f 5225/4754/4314 5224/4753/4313 5155/4684/4252
f 5225/4754/4314 5155/4684/4252 5152/4681/4250
f 5226/4755/4213 5218/4747/1031 5224/4753/4313
f 5224/4753/4313 5225/4754/4314 5226/4755/4213
f 5214/4743/4306 5218/4747/1031 5226/4755/4213
f 5227/4756/4315 5225/4754/4314 5152/4681/4250
f 5227/4756/4315 5152/4681/4250 5182/4711/4276
f 5228/4757/4229 5214/4743/4306 5226/4755/4213
f 5214/4743/4306 5228/4757/4229 5215/4744/4307
f 5227/4756/4315 5182/4711/4276 5229/4758/4316
f 5225/4754/4314 5227/4756/4315 5229/4758/4316
f 5182/4711/4276 5184/4713/4278 5229/4758/4316
f 5196/4725/3137 5229/4758/4316 5184/4713/4278
f 5225/4754/4314 5230/4759/4317 5226/4755/4213
f 5230/4759/4317 5225/4754/4314 5229/4758/4316
f 5228/4757/4229 5226/4755/4213 5230/4759/4317
f 5196/4725/3137 5231/4760/4318 5229/4758/4316
f 5231/4760/4318 5230/4759/4317 5229/4758/4316
f 5231/4760/4318 5228/4757/4229 5230/4759/4317
f 5215/4744/4307 5228/4757/4229 5231/4760/4318
f 5197/4726/4289 5231/4760/4318 5196/4725/3137
f 5197/4726/4289 5215/4744/4307 5231/4760/4318
