# Blender 5.2.1 LTS
# www.blender.org
mtllib twig.mtl
o stick_1
v -1.997247 -0.350707 -0.123837
v -1.957201 -0.398330 -0.119498
v -1.952763 -0.399554 -0.178287
v -1.992600 -0.351982 -0.182478
v -1.595455 0.245674 -0.107144
v -1.662415 0.184753 -0.114711
v -1.657757 0.183077 -0.195396
v -1.591275 0.244028 -0.187918
v 1.708143 0.534557 -0.055865
v 1.727544 0.421706 -0.055702
v 1.727396 0.422903 -0.174478
v 1.707878 0.535723 -0.174649
v 1.522446 0.468210 -0.037354
v 1.538499 0.350648 -0.037174
v 1.533503 0.350469 -0.160215
v 1.517257 0.467708 -0.160378
v 1.285413 0.389742 -0.012269
v 1.294879 0.269428 -0.012000
v 1.281835 0.257314 -0.158910
v 1.269462 0.391517 -0.158005
v 0.949642 0.293782 0.020040
v 0.945619 0.178668 0.020782
v 0.965778 0.171074 -0.121561
v 0.964917 0.300980 -0.119025
v 0.736893 0.245399 0.037076
v 0.726556 0.140811 0.037916
v 0.732628 0.141768 -0.069174
v 0.742319 0.246407 -0.069973
v 0.589159 0.223975 0.051176
v 0.540904 0.127839 0.057316
v 0.539391 0.122106 -0.047156
v 0.550395 0.226647 -0.044889
v 0.245366 0.180774 0.065194
v 0.277579 0.103536 0.067143
v 0.277750 0.098719 -0.028677
v 0.284780 0.193076 -0.025790
v 0.091959 0.163986 0.061124
v 0.086027 0.080811 0.061124
v 0.086029 0.080803 -0.023572
v 0.091961 0.163979 -0.023572
v -0.093393 0.147119 0.057642
v -0.104658 0.061725 0.057080
v -0.109760 0.066064 -0.039001
v -0.076366 0.155406 -0.027283
v -0.341009 0.134218 0.040142
v -0.361679 0.037387 0.043999
v -0.365066 0.038050 -0.054430
v -0.364753 0.138654 -0.059543
v -0.526051 0.110521 0.032069
v -0.540957 0.022179 0.031049
v -0.540618 0.022427 -0.058654
v -0.525169 0.111021 -0.057399
v -0.686308 0.098444 0.017806
v -0.700593 0.008043 0.016786
v -0.700488 0.008078 -0.076122
v -0.686209 0.098413 -0.075095
v -0.851646 0.084635 0.002197
v -0.865574 -0.008315 0.001210
v -0.865104 -0.008534 -0.095637
v -0.851221 0.084364 -0.094618
v -1.034280 0.066803 -0.005893
v -1.014437 -0.027406 -0.006137
v -1.050338 -0.043542 -0.115926
v -1.058648 0.073750 -0.128346
v -1.374133 0.024269 -0.051438
v -1.332493 -0.089126 -0.041619
v -1.291290 -0.094586 -0.149647
v -1.340788 0.028640 -0.170882
v -1.515578 -0.015268 -0.071303
v -1.515591 -0.143607 -0.061020
v -1.509108 -0.146080 -0.191000
v -1.509769 -0.017536 -0.187526
v -1.799043 -0.042137 -0.102275
v -1.833392 -0.190819 -0.094300
v -1.823421 -0.193324 -0.229434
v -1.789901 -0.044499 -0.225813
v -2.044014 -0.050757 -0.122034
v -2.070647 -0.179291 -0.114801
v -2.057709 -0.181856 -0.243868
v -2.031907 -0.053173 -0.252333
v -2.276598 -0.062084 -0.136077
v -2.299377 -0.196222 -0.129162
v -2.274969 -0.200601 -0.264810
v -2.259482 -0.065214 -0.271146
v -1.686161 0.286500 -0.118414
v -1.752790 0.226253 -0.125631
v -1.747350 0.224706 -0.208231
v -1.681056 0.284963 -0.200990
v -1.764455 0.324035 -0.123111
v -1.835661 0.260593 -0.130524
v -1.829540 0.259213 -0.220040
v -1.758728 0.322667 -0.212635
v -1.720738 -0.255707 -0.099674
v -1.714393 -0.257555 -0.196758
v -1.914128 -0.284014 -0.121773
v -1.851523 -0.332762 -0.116538
v -1.846075 -0.334114 -0.191636
v -1.908238 -0.285390 -0.198103
v -2.093526 -0.396509 -0.121716
v -2.067014 -0.445731 -0.116897
v -2.062806 -0.447216 -0.170091
v -2.089162 -0.398066 -0.174788
v -2.183173 -0.435720 -0.123070
v -2.159456 -0.483676 -0.118039
v -2.155349 -0.485308 -0.168517
v -2.178923 -0.437420 -0.173426
v -2.264549 -0.474531 -0.129439
v -2.241377 -0.520326 -0.124440
v -2.237473 -0.521842 -0.172578
v -2.260514 -0.476110 -0.177463
v -2.340818 -0.513911 -0.138728
v -2.318125 -0.557570 -0.133859
v -2.314507 -0.558778 -0.179869
v -2.337072 -0.515167 -0.184648
v -2.413379 -0.554177 -0.148350
v -2.391125 -0.595728 -0.143678
v -2.387874 -0.596531 -0.187698
v -2.410005 -0.555013 -0.192289
v -2.480217 -0.593600 -0.156049
v -2.458351 -0.633153 -0.151629
v -2.455498 -0.633573 -0.193797
v -2.477232 -0.594044 -0.198152
v -0.235278 0.181014 -0.048477
v -0.312730 0.101974 -0.104884
v -0.212543 0.132450 -0.097830
v 0.481182 0.221374 0.087783
v 0.352244 0.200820 0.093866
v 0.362698 0.246764 0.031025
v 0.467830 0.262301 0.025643
v -1.225135 -0.088630 0.008305
v -1.095808 -0.053203 0.024036
v -1.095293 -0.104326 -0.049978
v -1.202898 -0.141730 -0.063466
v -1.179760 -0.167917 0.035012
v -1.093483 -0.133197 0.045597
v -1.077770 -0.160220 -0.015173
v -1.165144 -0.196345 -0.026851
v -1.254639 0.092219 -0.036449
v -1.254360 0.113281 -0.146368
v -1.387906 0.156505 -0.071205
v -1.463477 0.086192 -0.079662
v -1.459645 0.084288 -0.171249
v -1.384662 0.154699 -0.162368
v -1.493965 0.202092 -0.090287
v -1.566082 0.135945 -0.098581
v -1.561854 0.134103 -0.183579
v -1.490291 0.200308 -0.175424
v -2.469720 -0.082412 -0.143482
v -2.520442 -0.112556 -0.166854
v -2.520476 -0.090719 -0.146279
v -2.522653 -0.208054 -0.166438
v -2.481887 -0.220787 -0.141076
v -2.529077 -0.226974 -0.145088
v -2.489379 -0.212736 -0.263367
v -2.436962 -0.227590 -0.281870
v -2.479969 -0.234009 -0.284080
v -2.497347 -0.115932 -0.262861
v -2.443998 -0.086540 -0.282596
v -2.492787 -0.094948 -0.283338
v -2.528177 -0.623188 -0.160061
v -2.544735 -0.646919 -0.169953
v -2.546836 -0.637183 -0.162572
v -2.533764 -0.666080 -0.167857
v -2.506605 -0.661282 -0.155836
v -2.527090 -0.671710 -0.158772
v -2.532561 -0.665980 -0.188480
v -2.504033 -0.661461 -0.196652
v -2.524852 -0.671747 -0.195852
v -2.543495 -0.646826 -0.190560
v -2.525486 -0.623376 -0.200811
v -2.544494 -0.637226 -0.199604
v -0.260274 0.208620 -0.099339
v -0.280524 0.206076 -0.125712
v -0.267795 0.215978 -0.115991
v -0.329816 0.193236 -0.128982
v -0.347715 0.182174 -0.105431
v -0.348957 0.193835 -0.121374
v -0.313219 0.173496 -0.152387
v -0.318408 0.145755 -0.144427
v -0.320848 0.160958 -0.158274
v -0.271846 0.186446 -0.149736
v -0.245073 0.171802 -0.139706
v -0.255620 0.183249 -0.154164
v 0.450686 0.267821 0.111946
v 0.431248 0.285789 0.112011
v 0.444483 0.283187 0.119505
v 0.392694 0.284745 0.112125
v 0.377325 0.258398 0.114400
v 0.380261 0.276816 0.121087
v 0.392205 0.293257 0.078356
v 0.375310 0.282041 0.056762
v 0.378738 0.295687 0.066988
v 0.431835 0.287570 0.080272
v 0.450371 0.280253 0.057699
v 0.445092 0.288591 0.069500
v -1.120621 -0.228778 0.077393
v -1.148330 -0.213308 0.072101
v -1.135374 -0.228536 0.083583
v -1.089117 -0.213675 0.083460
v -1.083813 -0.185622 0.081634
v -1.082385 -0.204929 0.092129
v -1.072988 -0.215517 0.058270
v -1.059968 -0.196830 0.033145
v -1.057454 -0.210133 0.050939
v -1.131844 -0.231809 0.018654
v -1.108977 -0.235018 0.049251
v -1.119375 -0.242553 0.036472
v 1.063612 0.289334 -0.225250
v 1.027481 0.298432 -0.194025
v 1.037208 0.296832 -0.214143
v 1.040300 0.195360 -0.214771
v 1.074213 0.223514 -0.241829
v 1.052314 0.200541 -0.239089
v 1.211041 0.248720 -0.240329
v 1.174981 0.257222 -0.260740
v 1.200733 0.249007 -0.263105
v 1.198538 0.356273 -0.233324
v 1.165611 0.325539 -0.252422
v 1.187734 0.350273 -0.254689
v 1.890741 0.578163 -0.090817
v 1.842527 0.582078 -0.067143
v 1.883344 0.594151 -0.072175
v 1.904677 0.508486 -0.090719
v 1.863709 0.472705 -0.067005
v 1.904184 0.489637 -0.072044
v 1.904568 0.509087 -0.164513
v 1.863549 0.473729 -0.182706
v 1.904038 0.490561 -0.182755
v 1.842270 0.583077 -0.182845
v 1.890600 0.578757 -0.164619
v 1.883125 0.595046 -0.182885
v -1.884925 0.356745 -0.150519
v -1.839515 0.356720 -0.128656
v -1.869960 0.366665 -0.133688
v -1.925143 0.321222 -0.154491
v -1.910382 0.294107 -0.135775
v -1.935557 0.308791 -0.140179
v -1.921461 0.320522 -0.207995
v -1.904148 0.292869 -0.225561
v -1.929697 0.307666 -0.224354
v -1.881362 0.356064 -0.204040
v -1.833658 0.355521 -0.218490
v -1.864412 0.365590 -0.217911
v 0.409135 0.110070 0.058939
v 1.292773 0.330402 0.011625
v 1.290141 0.243595 -0.077476
v 1.118509 0.220900 0.004970
v 0.954819 0.156566 -0.042809
v 1.123787 0.195424 -0.137691
v 1.276152 0.411055 -0.077606
v 0.330598 0.149843 0.089210
v 0.496831 0.169599 0.082841
v 1.115783 0.339614 0.004473
v 0.944246 0.235811 0.043518
v 0.958307 0.317566 -0.043299
v 0.416170 0.202982 0.101744
v 1.114750 0.360467 -0.134380
v 0.276319 0.082981 0.015547
v 0.409233 0.110450 -0.036922
v 0.537561 0.104754 0.001398
v 0.545051 0.170215 -0.065398
v 0.585738 0.242720 0.005908
v 0.582495 0.179862 0.068619
v 0.535503 0.222341 0.066017
v 0.490478 0.251681 0.055204
v -0.174703 0.099339 -0.072836
v 0.299739 0.189665 0.076366
v 0.342250 0.228289 0.062649
v 0.244512 0.142741 0.080125
v 0.414814 0.259297 0.016941
v 0.251397 0.198544 0.024566
v 0.280982 0.142200 -0.045028
v -0.077288 0.117016 -0.047066
v 0.417327 0.206832 -0.043600
v 0.495913 0.248591 -0.005892
v 0.338784 0.225646 0.004399
v -0.259478 0.108978 -0.107062
v -0.345357 0.115404 -0.090271
v -1.193725 0.045087 -0.161920
v -0.304215 0.173414 -0.048999
v -0.201323 0.162065 -0.078626
v -0.159445 0.164746 -0.033578
v -0.084046 0.166291 0.015783
v -0.100483 0.103817 0.073153
v -0.106391 0.046045 0.013312
v -1.161274 0.098037 -0.135270
v -0.234115 0.049215 0.051102
v -0.364697 0.021029 -0.000918
v -0.240021 0.044047 -0.044220
v -0.323809 0.069675 -0.083250
v -0.388829 0.081093 -0.068807
v -1.292203 0.081516 -0.171844
v -0.369837 0.146897 -0.006512
v -0.272496 0.165886 0.000558
v -0.212943 0.139144 0.052285
v -0.354304 0.081505 0.060505
v -1.240129 0.122794 -0.094406
v -1.142832 0.079030 -0.023980
v -1.031788 0.094447 -0.067258
v -1.010839 0.016661 0.011486
v -1.019952 -0.047763 -0.054430
v -1.766642 -0.233890 -0.082932
v -1.049658 0.013474 -0.140146
v -1.170987 -0.065557 -0.143188
v -1.306873 -0.035786 -0.177512
v -1.322700 0.055088 -0.030463
v -1.700838 -0.263321 -0.146197
v -1.321292 -0.112490 -0.091551
v -1.347919 -0.034824 -0.027756
v -1.756932 -0.236544 -0.224321
v -1.058168 -0.037976 0.005443
v -1.082131 0.010135 0.018597
v -1.088441 -0.079297 -0.081293
v -1.146843 -0.127991 -0.070047
v -1.234317 -0.118399 -0.100620
v -1.280276 -0.082122 -0.021069
v -1.233263 0.003345 -0.001693
v -1.158292 -0.061371 0.028619
v -1.230981 -0.132888 -0.030170
v -1.079192 -0.081496 -0.011756
v -1.615563 -0.210104 -0.192101
v -1.484718 -0.160482 -0.122132
v -1.621827 -0.208034 -0.083878
v -1.665569 -0.158495 -0.062545
v -1.811303 -0.104190 -0.077949
v -1.791116 -0.020933 -0.164709
v -1.798814 -0.107380 -0.246975
v -1.655551 -0.161586 -0.225675
v -1.503839 -0.074216 -0.208297
v -1.514754 0.003947 -0.130246
v -1.511842 -0.071100 -0.046210
v -1.651248 -0.029699 -0.086495
v -1.643810 -0.032047 -0.206649
v 1.717888 0.477913 -0.033513
v 1.731121 0.401144 -0.115061
v 1.717597 0.479533 -0.196839
v 1.704365 0.556302 -0.115290
v 1.618920 0.502582 -0.047319
v 1.531425 0.409497 -0.014194
v 1.636814 0.387415 -0.047131
v 1.539028 0.328543 -0.098662
v 1.636083 0.388471 -0.167962
v 1.524427 0.409021 -0.183367
v 1.618033 0.503574 -0.168142
v 1.516826 0.489974 -0.098898
v 1.417524 0.431989 -0.026075
v 1.431190 0.312360 -0.025888
v 1.418949 0.309001 -0.153373
v 1.311748 0.335533 -0.184247
v 1.404699 0.429425 -0.153438
v 0.827529 0.263884 0.030495
v 0.730646 0.192925 0.057569
v 0.819323 0.153741 0.031343
v 0.727711 0.121677 -0.015474
v 0.835111 0.154742 -0.086307
v 0.738546 0.194270 -0.089651
v 0.841344 0.266621 -0.086723
v 0.930589 0.226074 -0.135098
v 0.741482 0.265518 -0.016600
v 0.657185 0.231720 0.042597
v 0.642113 0.132098 0.043828
v 0.641756 0.131748 -0.057366
v 0.653980 0.232122 -0.057969
v 0.173974 0.172140 0.061288
v 0.088987 0.122397 0.077002
v 0.171907 0.089385 0.061361
v 0.084917 0.065211 0.018776
v 0.172914 0.089136 -0.024551
v 0.088992 0.122382 -0.039450
v 0.177931 0.173319 -0.024249
v 0.093072 0.179579 0.018776
v 0.005889 0.155613 0.060342
v -0.000717 0.072111 0.060276
v -0.000355 0.072583 -0.025521
v 0.008017 0.156629 -0.024379
v -0.445381 0.117431 0.038185
v -0.533612 0.066281 0.048354
v -0.460407 0.028841 0.037434
v -0.543636 0.005715 -0.014015
v -0.460998 0.029126 -0.051943
v -0.532779 0.066794 -0.074826
v -0.445849 0.119023 -0.050785
v -0.522766 0.127357 -0.012457
v -0.605476 0.104671 0.025129
v -0.693473 0.053241 0.034711
v -0.619978 0.015384 0.024142
v -0.703223 -0.008884 -0.029860
v -0.619888 0.015481 -0.067111
v -0.693326 0.053248 -0.093027
v -0.605319 0.104728 -0.066092
v -0.683587 0.115371 -0.028457
v -0.768425 0.091758 0.010197
v -0.858690 0.038203 0.019861
v -0.782531 0.000127 0.009170
v -0.867943 -0.025854 -0.047401
v -0.782282 0.000094 -0.085647
v -0.858076 0.037869 -0.113284
v -0.768212 0.091643 -0.084595
v -0.848823 0.101926 -0.046023
v -0.936615 0.077206 -0.005289
v -0.947074 -0.017354 -0.005974
v -0.950140 -0.019361 -0.105969
v -0.938794 0.077235 -0.106393
v -1.424017 -0.002027 -0.061150
v -1.400501 -0.106230 -0.053860
v -1.392154 -0.108718 -0.168452
v -1.416450 -0.003673 -0.173793
v -1.392500 0.029991 -0.114630
v -1.927840 -0.048058 -0.113684
v -2.059674 -0.114557 -0.094096
v -1.955772 -0.175246 -0.109411
v -2.069090 -0.204683 -0.177863
v -1.945167 -0.177540 -0.234368
v -1.883293 -0.208747 -0.166038
v -2.042459 -0.117985 -0.272419
v -1.917220 -0.050404 -0.240729
v -2.033043 -0.027858 -0.188652
v -2.160206 -0.054825 -0.129594
v -2.291883 -0.128452 -0.107242
v -2.186141 -0.186473 -0.121374
v -2.290766 -0.223675 -0.195738
v -2.169055 -0.189755 -0.254331
v -2.263334 -0.133614 -0.293352
v -2.146182 -0.057499 -0.262445
v -2.264453 -0.038383 -0.204855
v -1.642741 0.266522 -0.113733
v -1.720467 0.256662 -0.106540
v -1.708688 0.206669 -0.121048
v -1.629761 0.215522 -0.095792
v -1.762537 0.214180 -0.168289
v -1.703670 0.205062 -0.201699
v -1.672606 0.172484 -0.156464
v -1.713216 0.254547 -0.220097
v -1.638118 0.264942 -0.194409
v -1.623695 0.213240 -0.206788
v -1.671147 0.297030 -0.158348
v -1.580849 0.256276 -0.146116
v -1.725487 0.305472 -0.121064
v -1.801171 0.292576 -0.110039
v -1.794475 0.243545 -0.128379
v -1.845920 0.248009 -0.176672
v -1.788640 0.242074 -0.214649
v -1.793021 0.290677 -0.233120
v -1.720002 0.304017 -0.207310
v -1.748283 0.335243 -0.166487
v -1.872457 -0.245921 -0.115135
v -1.883885 -0.308132 -0.104966
v -1.795117 -0.296183 -0.110340
v -1.837099 -0.342575 -0.152990
v -1.789078 -0.297778 -0.196480
v -1.876087 -0.310001 -0.209063
v -1.865407 -0.247612 -0.208403
v -1.922872 -0.275560 -0.161039
v -1.954876 -0.319489 -0.123926
v -1.978078 -0.374282 -0.110658
v -1.903874 -0.367330 -0.119278
v -1.947492 -0.407862 -0.148097
v -1.899022 -0.368560 -0.184909
v -1.971834 -0.376003 -0.191392
v -1.949741 -0.320744 -0.189565
v -2.002410 -0.342420 -0.153961
v -2.044628 -0.375617 -0.122728
v -2.081067 -0.420832 -0.109345
v -2.012911 -0.424042 -0.118234
v -2.059947 -0.455700 -0.142601
v -2.008662 -0.425379 -0.173296
v -2.075177 -0.422925 -0.182397
v -2.040203 -0.377013 -0.177651
v -2.096294 -0.388066 -0.149141
v -2.139739 -0.416274 -0.121741
v -2.172090 -0.459381 -0.111099
v -2.115456 -0.465223 -0.116750
v -2.152971 -0.493479 -0.142340
v -2.111280 -0.466812 -0.168517
v -2.166355 -0.461675 -0.180423
v -2.135429 -0.417934 -0.173394
v -2.185485 -0.427579 -0.149182
v -2.224627 -0.455092 -0.125720
v -2.253706 -0.497132 -0.117924
v -2.201202 -0.501961 -0.120697
v -2.235093 -0.529665 -0.147584
v -2.197180 -0.503575 -0.169969
v -2.248251 -0.499273 -0.184036
v -2.220477 -0.456761 -0.174878
v -2.266864 -0.466740 -0.154377
v -2.303215 -0.494123 -0.133884
v -2.330163 -0.535510 -0.127670
v -2.280294 -0.538846 -0.128942
v -2.312076 -0.566355 -0.155959
v -2.276515 -0.540231 -0.175995
v -2.325099 -0.537203 -0.190870
v -2.299319 -0.495559 -0.180839
v -2.343197 -0.506361 -0.162589
v -2.377514 -0.533924 -0.143637
v -2.402872 -0.574797 -0.137765
v -2.355036 -0.576525 -0.138858
v -2.385332 -0.603918 -0.164815
v -2.351595 -0.577536 -0.183865
v -2.398320 -0.575927 -0.198242
v -2.373936 -0.534974 -0.188554
v -2.415849 -0.546804 -0.171184
v -2.448182 -0.574446 -0.152583
v -2.469832 -0.613300 -0.145936
v -2.426127 -0.614959 -0.148032
v -2.452841 -0.640778 -0.171885
v -2.423077 -0.615563 -0.191098
v -2.465811 -0.613888 -0.203877
v -2.445000 -0.575074 -0.195575
v -2.482815 -0.586406 -0.177928
v -1.196932 -0.136256 0.022038
v -1.139468 -0.145364 0.051803
v -1.101741 -0.099663 0.033381
v -1.069353 -0.140069 0.017300
v -1.089075 -0.132475 -0.031409
v -1.118615 -0.183481 -0.032510
v -1.182220 -0.169293 -0.042834
v -1.188730 -0.188776 0.001993
v -1.330452 0.131717 -0.059560
v -1.426345 0.121697 -0.058296
v -1.408838 0.062432 -0.067992
v -1.475678 0.072043 -0.127082
v -1.402456 0.061644 -0.166217
v -1.421495 0.119142 -0.183946
v -1.327025 0.132235 -0.155363
v -1.372162 0.168796 -0.115160
v -1.441605 0.179465 -0.080975
v -1.530765 0.169353 -0.078487
v -1.516445 0.110463 -0.089570
v -1.577438 0.122618 -0.142617
v -1.512411 0.108578 -0.177512
v -1.525325 0.166869 -0.195453
v -1.438129 0.177655 -0.168982
v -1.478665 0.213608 -0.131315
v -1.545496 0.224173 -0.099152
v -1.614709 0.160977 -0.107062
v -1.610295 0.159223 -0.189443
v -1.541621 0.222458 -0.181655
v -1.140318 -0.224051 0.081422
v -1.152870 -0.228435 0.043126
v -1.123647 -0.239921 0.030853
v -1.138148 -0.240793 0.057870
v -1.129078 -0.229661 0.081772
v -1.114682 -0.240393 0.041846
v -1.117892 -0.233541 0.062576
v 0.378221 0.270455 0.119734
v 0.414221 0.259726 0.123664
v 0.447653 0.278052 0.117809
v 0.412454 0.277718 0.130058
v 0.385149 0.281303 0.118413
v 0.438990 0.285471 0.117442
v 0.411938 0.284947 0.115257
v 0.376482 0.291554 0.062601
v 0.362409 0.269503 0.085720
v 0.367261 0.286316 0.093948
v 0.384043 0.295961 0.071636
v 0.388815 0.289374 0.095122
v 0.447972 0.285965 0.064672
v 0.412621 0.284526 0.046739
v 0.411833 0.294422 0.058482
v 0.439823 0.287906 0.074360
v 0.412053 0.290709 0.076154
v 0.464444 0.274750 0.084684
v 0.457026 0.285815 0.094592
v 0.435188 0.286277 0.096288
v -0.350577 0.190625 -0.115812
v -0.308166 0.202259 -0.094944
v -0.264546 0.214956 -0.110038
v -0.312152 0.211059 -0.111645
v -0.342351 0.194323 -0.125109
v -0.272550 0.212542 -0.120477
v -0.306396 0.201496 -0.125027
v -0.321132 0.155411 -0.154703
v -0.348139 0.159041 -0.125940
v -0.348632 0.173236 -0.140709
v -0.317827 0.166627 -0.157035
v -0.325865 0.182207 -0.140953
v -0.250935 0.179723 -0.150266
v -0.277574 0.151914 -0.149508
v -0.284458 0.165950 -0.163257
v -0.262401 0.185049 -0.153536
v -0.291305 0.178147 -0.153357
v -0.237601 0.195133 -0.118511
v -0.247980 0.203782 -0.134193
v -0.271836 0.197436 -0.137422
v -2.519732 -0.668880 -0.156913
v -2.517887 -0.642201 -0.150299
v -2.541014 -0.631552 -0.161031
v -2.537391 -0.654435 -0.153724
v -2.531203 -0.670103 -0.162711
v -2.547185 -0.642213 -0.165777
v -2.539354 -0.656538 -0.167131
v -2.517269 -0.668990 -0.196962
v -2.501288 -0.668513 -0.175465
v -2.522273 -0.678204 -0.176607
v -2.529426 -0.670042 -0.192713
v -2.532224 -0.667694 -0.177985
v -2.538432 -0.631678 -0.201015
v -2.514274 -0.642450 -0.206380
v -2.534240 -0.654496 -0.204676
v -2.545330 -0.642148 -0.195738
v -2.537919 -0.656403 -0.191286
v -2.530863 -0.616137 -0.181223
v -2.549356 -0.630734 -0.181793
v -2.545060 -0.645250 -0.180432
v 1.033054 0.297572 -0.207831
v 1.110642 0.347099 -0.211069
v 1.191756 0.353172 -0.248842
v 1.109832 0.342072 -0.231293
v 1.045271 0.294377 -0.218090
v 1.180819 0.342820 -0.255546
v 1.113567 0.314293 -0.237474
v -2.518997 -0.226464 -0.143302
v -2.482431 -0.150571 -0.116041
v -2.509250 -0.087655 -0.144746
v -2.531976 -0.157784 -0.119800
v -2.528982 -0.222163 -0.150984
v -2.522663 -0.096997 -0.151873
v -2.524463 -0.159888 -0.156570
v -2.470003 -0.233634 -0.284798
v -2.459905 -0.250387 -0.211184
v -2.504132 -0.256305 -0.214543
v -2.483359 -0.228600 -0.278592
v -2.505484 -0.220454 -0.214935
v -2.481789 -0.091933 -0.284325
v -2.433853 -0.158090 -0.308471
v -2.479180 -0.165534 -0.309589
v -2.495713 -0.101029 -0.277793
v -2.490182 -0.164779 -0.273210
v -2.456378 -0.058281 -0.213328
v -2.507022 -0.067020 -0.214853
v -2.509161 -0.104213 -0.214845
v -1.082023 -0.198433 0.090539
v -1.119848 -0.196683 0.086421
v -1.112710 -0.214924 0.096133
v -1.085403 -0.209717 0.089259
v -1.106295 -0.220976 0.082939
v -1.056643 -0.205695 0.045785
v -1.059106 -0.185354 0.059640
v -1.059142 -0.202277 0.073691
v -1.062886 -0.212459 0.054698
v -1.077961 -0.212930 0.071628
v -1.092129 -0.217106 0.016338
v -1.084580 -0.228145 0.035428
v -1.089558 -0.225494 0.051265
v 1.236830 0.312921 -0.242905
v 1.204887 0.248438 -0.257095
v 1.222259 0.309198 -0.264948
v 1.192784 0.251420 -0.263970
v 1.180767 0.294974 -0.259036
v 1.128037 0.202298 -0.230159
v 1.047843 0.197784 -0.232263
v 1.129158 0.206250 -0.254224
v 1.059414 0.207501 -0.241503
v 1.125651 0.233458 -0.252642
v 1.001851 0.236467 -0.198323
v 1.016740 0.239134 -0.220561
v 1.058453 0.252770 -0.231081
v -2.386693 -0.072657 -0.140734
v -2.403989 -0.209179 -0.136183
v -2.365035 -0.076347 -0.278045
v -2.368736 -0.214910 -0.274637
v -2.507498 -0.610297 -0.158519
v -2.485786 -0.649026 -0.154206
v -2.504667 -0.610586 -0.199857
v -2.483097 -0.649302 -0.195608
v -0.252565 0.196644 -0.080819
v -0.343506 0.166078 -0.087710
v -0.234098 0.156727 -0.121088
v -0.313665 0.128165 -0.126397
v 0.457375 0.250029 0.101589
v 0.373882 0.236684 0.105234
v 0.454939 0.272499 0.046030
v 0.372550 0.266154 0.047661
v -1.147059 -0.217446 -0.003740
v -1.162652 -0.193976 0.054030
v -1.087150 -0.162779 0.064101
v -1.067343 -0.181911 0.009349
v 1.215388 0.364224 -0.203689
v 1.013820 0.300416 -0.168166
v 1.022097 0.189862 -0.180325
v 1.226765 0.250189 -0.207823
v 1.893301 0.484926 -0.184019
v 1.852871 0.528600 -0.204471
v 1.871810 0.593041 -0.184150
v 1.893546 0.542968 -0.203574
v 1.906427 0.497214 -0.177038
v 1.887697 0.590580 -0.177169
v 1.897580 0.543982 -0.172023
v 1.893460 0.483949 -0.069500
v 1.867611 0.452710 -0.124831
v 1.908026 0.470501 -0.127375
v 1.906556 0.496400 -0.078128
v 1.906034 0.501739 -0.127604
v 1.872054 0.592094 -0.069631
v 1.853149 0.527202 -0.045378
v 1.893798 0.541717 -0.051355
v 1.887901 0.589784 -0.078250
v 1.897722 0.543251 -0.083306
v 1.838422 0.603085 -0.125018
v 1.879315 0.614192 -0.127555
v 1.889267 0.585502 -0.127734
v 1.785474 0.563198 -0.179607
v 1.785731 0.562109 -0.062601
v 1.806223 0.451267 -0.062446
v 1.806072 0.452390 -0.179452
v -1.877339 0.363597 -0.139877
v -1.905393 0.339057 -0.147290
v -1.933243 0.314262 -0.145406
v -1.903828 0.337933 -0.121146
v -1.859650 0.364715 -0.130760
v -1.929213 0.303327 -0.137684
v -1.876075 0.325640 -0.115372
v -1.927105 0.317504 -0.181614
v -1.928160 0.313300 -0.218564
v -1.944898 0.297370 -0.183481
v -1.923059 0.302132 -0.226123
v -1.920516 0.281748 -0.181997
v -1.901055 0.338227 -0.211232
v -1.872492 0.362664 -0.213075
v -1.895985 0.336423 -0.236920
v -1.853842 0.363569 -0.219257
v -1.867776 0.323964 -0.238869
v -1.879341 0.359772 -0.176900
v -1.854916 0.376985 -0.174584
v -1.823326 0.367865 -0.172244
v -1.799362 0.340874 -0.216321
v -1.805194 0.342159 -0.125883
v -1.876807 0.278693 -0.133198
v -1.870569 0.277392 -0.223603
v -0.949992 -0.035615 -0.055466
v -0.940917 0.029624 0.012766
v -0.765673 0.108878 -0.037003
v -0.775203 0.045856 -0.102895
v -0.785048 -0.017062 -0.038430
v -0.775517 0.045961 0.027461
v -0.602667 0.121435 -0.020294
v -0.612577 0.060115 -0.083706
v -0.622657 -0.001306 -0.021672
v -0.612758 0.060012 0.041740
v -0.443905 0.134377 -0.005990
v -0.454937 0.073794 -0.067592
v 0.540251 0.189858 0.077002
v -0.463147 0.012564 -0.007165
v -0.452941 0.072692 0.054413
v 0.008034 0.171657 0.018059
v 0.290290 0.159504 0.086339
v -1.646769 -0.009381 -0.147217
v 0.005049 0.115250 -0.040754
v -0.001923 0.056527 0.017643
v 0.002403 0.113794 0.076178
v 0.175960 0.188038 0.019013
v 0.175863 0.131034 -0.040461
v 0.171763 0.073557 0.018132
v 0.171578 0.130901 0.077043
v 0.658702 0.250516 -0.007482
v -1.655884 -0.088572 -0.061003
v 0.647568 0.181624 -0.076538
v 0.639316 0.113142 -0.006871
v 0.650946 0.182291 0.061720
v 0.836354 0.285932 -0.027845
v -0.354604 0.086021 -0.080322
v 0.838233 0.210303 -0.107755
v -0.317188 0.163029 -0.016241
v 0.826348 0.134017 -0.026850
v 0.820448 0.208353 0.052627
v 1.408036 0.452710 -0.089129
v -1.212242 0.078049 -0.161708
v 1.412293 0.369531 -0.177267
v 1.427140 0.288407 -0.088933
v -1.681531 -0.203434 -0.069786
v 1.426895 0.372778 -0.002508
v 1.615112 0.524668 -0.107763
v -1.050568 -0.002995 0.017178
v 1.626907 0.446212 -0.190706
v 1.639820 0.366351 -0.107518
v 1.628026 0.444806 -0.024575
v 1.796018 0.506485 -0.040583
v 1.795731 0.508001 -0.201462
v 1.809999 0.431046 -0.120917
v 0.981503 0.234035 -0.170066
v -1.645564 -0.091811 -0.228945
v 1.115474 0.363543 -0.060546
v -1.128214 -0.174381 0.069613
v 0.471304 0.263663 0.073267
v -1.672136 -0.206290 -0.220366
v 1.121101 0.195371 -0.060432
v 1.116708 0.280509 0.028456
v -0.227102 0.182043 -0.100350
v -2.510142 -0.603187 -0.179991
v -2.373888 -0.048714 -0.210132
v 1.781751 0.583431 -0.121129
v -1.179984 -0.010706 -0.160338
v -1.595559 -0.211918 -0.135107
v 0.413617 0.155881 -0.054650
v 0.407562 0.093817 0.008982
v -0.236729 0.032768 0.006797
v -1.139526 0.105205 -0.080909
v -0.227790 0.092280 0.067477
v -1.153257 0.012475 0.010996
v 0.413080 0.153459 0.087514
v -0.184818 0.165374 0.011151
v -1.159977 -0.101128 -0.106246
v -0.248488 0.074598 -0.080493
v 0.416994 0.239522 -0.013688
v -1.294604 -0.014450 -0.014985
v -1.268731 -0.116110 -0.060538
v -0.148998 0.136539 -0.060448
v 0.529177 0.244569 0.029851
v 0.306951 0.211953 0.042213
v -1.061676 -0.062427 -0.035087
v -0.944765 0.028513 -0.124717
v -0.934818 0.095405 -0.055776
v -1.412495 -0.053169 -0.036865
v -1.391775 -0.126534 -0.109590
v -1.401870 -0.055893 -0.191571
v -1.426960 0.015082 -0.118740
v -1.942582 -0.110378 -0.088200
v -1.959286 -0.199674 -0.171200
v -1.928051 -0.113552 -0.260659
v -1.917873 -0.025941 -0.178262
v -2.176084 -0.120094 -0.100563
v -2.182170 -0.212850 -0.186328
v -2.154702 -0.124185 -0.283305
v -2.148618 -0.031420 -0.197549
v -2.507046 -0.162359 -0.214919
v -2.361540 -0.146513 -0.302200
v -2.388336 -0.237841 -0.204668
v -1.676619 0.236899 -0.102267
v -1.718517 0.194639 -0.162744
v -1.669989 0.234697 -0.213181
v -1.628092 0.276959 -0.152705
v -1.761046 0.274787 -0.108546
v -1.804462 0.231200 -0.172888
v -1.753256 0.272770 -0.227159
v -1.709851 0.316355 -0.162809
v -1.903217 0.338639 -0.179257
v -1.833841 0.308893 -0.236920
v -1.842131 0.310668 -0.112583
v -2.497155 -0.629611 -0.148603
v -1.833790 -0.271351 -0.096526
v -1.778303 -0.305953 -0.151914
v -1.824912 -0.273582 -0.218401
v -1.885921 -0.239035 -0.163445
v -1.930314 -0.343179 -0.109296
v -1.891912 -0.376911 -0.151221
v -1.923443 -0.344882 -0.199538
v -1.961845 -0.311150 -0.157622
v -2.029587 -0.399576 -0.110169
v -2.004856 -0.433788 -0.144933
v -2.023614 -0.401454 -0.185781
v -2.048345 -0.367240 -0.151017
v -2.128389 -0.440439 -0.109549
v -2.108826 -0.475190 -0.141712
v -2.122564 -0.442678 -0.180652
v -2.142125 -0.407934 -0.148497
v -2.213684 -0.478216 -0.113977
v -2.194808 -0.511546 -0.144395
v -2.208071 -0.480478 -0.181655
v -2.226936 -0.447145 -0.151237
v -2.292478 -0.516219 -0.122605
v -2.274113 -0.547920 -0.151547
v -2.287199 -0.518163 -0.187225
v -2.305554 -0.486458 -0.158283
v -2.366927 -0.555033 -0.132815
v -2.349108 -0.585018 -0.160477
v -2.362107 -0.556449 -0.194637
v -2.379927 -0.526464 -0.166984
v -2.437740 -0.594591 -0.142242
v -2.420477 -0.622854 -0.168721
v -2.433458 -0.595436 -0.201398
v -2.450710 -0.567161 -0.174927
v -2.538637 -0.656515 -0.179192
v -2.493368 -0.630001 -0.205492
v -0.302643 0.188915 -0.076978
v -2.480392 -0.656421 -0.174103
v -0.298846 0.189827 -0.139159
v -0.269764 0.135169 -0.130817
v 0.415898 0.238247 0.113846
v -0.343519 0.141662 -0.108676
v 0.412008 0.287800 0.095734
v 0.413365 0.273819 0.036293
v -1.169408 -0.211965 0.022968
v 0.358138 0.250249 0.076863
v -1.151536 -0.111396 0.039620
v -1.078215 -0.110033 0.002988
v -1.133057 -0.156534 -0.049219
v -1.206910 -0.160514 -0.012547
v -1.062693 -0.166095 0.038894
v -1.103878 -0.203668 -0.007744
v 1.112663 0.352415 -0.183489
v -1.097931 -0.223216 0.067126
v -1.370783 0.096584 -0.046202
v -1.421208 0.050193 -0.118911
v -1.363502 0.097303 -0.178262
v -1.314588 0.145461 -0.106157
v -1.479729 0.145312 -0.068775
v -1.528402 0.096578 -0.135147
v -1.474562 0.142774 -0.189744
v -1.425888 0.191508 -0.123372
v -1.580882 0.192904 -0.087653
v -1.625426 0.148251 -0.149728
v -1.575179 0.190512 -0.201006
v -1.530635 0.235164 -0.138931
v 1.126155 0.199569 -0.194784
v 1.257711 0.318551 -0.213181
v 1.119624 0.273814 -0.245058
v -1.143737 -0.237597 0.053883
v -1.130720 -0.239481 0.059917
v 0.413068 0.271531 0.129104
v 0.412083 0.281836 0.126290
v 0.364140 0.280815 0.091151
v 0.374422 0.289023 0.094853
v 0.412094 0.291486 0.053296
v 0.411914 0.293483 0.064639
v 0.461024 0.282194 0.091257
v 0.449575 0.286296 0.096076
v -0.311597 0.209393 -0.105504
v -0.310679 0.208548 -0.116742
v -0.350504 0.168459 -0.136215
v -0.341729 0.177077 -0.141826
v -0.282004 0.160963 -0.159905
v -0.286890 0.170718 -0.161333
v -0.243096 0.201897 -0.129194
v -0.255840 0.202188 -0.136248
v -2.530843 -0.650199 -0.151465
v -2.539529 -0.656172 -0.158715
v -2.514518 -0.675935 -0.176167
v -2.527370 -0.675221 -0.177153
v -2.527379 -0.650359 -0.206495
v -2.537048 -0.656082 -0.199759
v -2.543704 -0.624623 -0.181793
v -2.549193 -0.637038 -0.181320
v 1.109785 0.344538 -0.225275
v 1.110610 0.335256 -0.233821
v -1.887075 0.266146 -0.179771
v -2.521287 -0.155979 -0.117680
v -2.532628 -0.158598 -0.127702
v -2.494312 -0.256347 -0.213956
v -2.505564 -0.249037 -0.214788
v -2.468724 -0.163853 -0.310910
v -2.482708 -0.165795 -0.301923
v -2.495708 -0.063496 -0.214625
v -2.509758 -0.075361 -0.214837
v -1.115110 -0.209075 0.094918
v -1.110686 -0.218464 0.092431
v -1.057585 -0.196451 0.070421
v -1.065302 -0.206638 0.073870
v -1.086199 -0.224978 0.029385
v -1.085338 -0.227655 0.041357
v 1.227932 0.310763 -0.259142
v 1.211943 0.305761 -0.265372
v 1.128993 0.203939 -0.247741
v 1.128543 0.212793 -0.255733
v 1.010845 0.237715 -0.213874
v 1.027207 0.242295 -0.224182
v -2.400684 -0.140040 -0.112607
v 1.882521 0.539164 -0.205556
v 1.897034 0.544052 -0.195566
v 1.897401 0.464159 -0.126739
v 1.909980 0.479383 -0.127555
v 1.882791 0.537845 -0.048094
v 1.897262 0.542939 -0.059731
v 1.867911 0.612842 -0.126919
v 1.884304 0.607612 -0.127734
v 1.897656 0.543598 -0.127661
v -1.906209 0.339105 -0.129023
v -1.895551 0.334242 -0.117631
v -1.941054 0.304616 -0.183008
v -1.939145 0.291213 -0.183196
v -1.899407 0.337803 -0.229442
v -1.887337 0.332632 -0.239277
v -1.864553 0.372302 -0.175457
v -1.843731 0.375656 -0.173712
v -1.788885 0.353418 -0.169732
vn 0.2529 -0.6969 0.6711
vn 0.3162 -0.9473 0.0509
vn 0.1587 -0.9871 0.0217
vn 0.0679 -0.7218 0.6887
vn 0.3036 -0.6825 -0.6648
vn 0.1980 -0.7249 -0.6598
vn 0.1635 -0.7193 -0.6752
vn 0.1133 -0.9935 0.0049
vn 0.0135 -0.7213 0.6925
vn -0.0364 0.6721 0.7395
vn 0.0783 0.0091 0.9969
vn -0.0463 0.0009 0.9989
vn -0.0991 0.7137 0.6934
vn -0.0887 0.0042 0.9960
vn -0.1256 0.7192 0.6833
vn 0.0262 0.7193 -0.6942
vn -0.0793 0.9968 -0.0004
vn -0.0804 0.9968 -0.0004
vn 0.0208 0.7204 -0.6932
vn -0.1246 0.7179 0.6849
vn -0.1198 0.7164 0.6873
vn -0.0763 0.9971 0.0005
vn 0.0213 0.7190 -0.6946
vn 0.1296 -0.0102 -0.9915
vn 0.1220 -0.0066 -0.9925
vn 0.1529 -0.7173 -0.6798
vn 0.1171 -0.0065 -0.9931
vn 0.1457 -0.7159 -0.6828
vn 0.1029 -0.9947 0.0013
vn 0.0060 -0.7204 0.6936
vn 0.0972 -0.9953 0.0001
vn 0.0035 -0.7192 0.6948
vn -0.0906 0.0042 0.9959
vn -0.0884 0.0041 0.9961
vn -0.0738 0.9973 0.0020
vn 0.0206 0.7175 -0.6962
vn -0.1156 0.7143 0.6902
vn -0.1140 0.7088 0.6961
vn -0.0828 0.9965 0.0095
vn 0.0060 0.7176 -0.6964
vn 0.1124 -0.0064 -0.9936
vn 0.1392 -0.7144 -0.6857
vn 0.0988 -0.0048 -0.9951
vn 0.1288 -0.7129 -0.6893
vn 0.0918 -0.9958 -0.0006
vn 0.0014 -0.7177 0.6963
vn 0.0867 -0.9962 -0.0004
vn 0.0027 -0.7165 0.6976
vn -0.0859 0.0040 0.9963
vn -0.0803 0.0022 0.9968
vn -0.1436 0.9885 0.0480
vn -0.1026 0.7211 -0.6852
vn -0.1215 0.6978 0.7059
vn -0.1315 0.7008 0.7012
vn -0.2423 0.9622 0.1245
vn -0.5455 0.7315 -0.4091
vn 0.0182 -0.0135 -0.9997
vn 0.0907 -0.7201 -0.6879
vn -0.2095 -0.0676 -0.9755
vn 0.0155 -0.7772 -0.6291
vn 0.1173 0.6889 0.7153
vn 0.2715 0.5616 0.7816
vn 0.2345 0.0369 0.9714
vn 0.1647 -0.0227 0.9861
vn 0.3800 0.1400 0.9143
vn 0.1707 -0.2503 0.9530
vn 0.1355 -0.6960 0.7051
vn 0.0815 -0.9967 0.0067
vn 0.0107 -0.7153 0.6987
vn 0.0794 -0.9965 0.0258
vn 0.0214 -0.7139 0.6999
vn -0.0680 0.0038 0.9977
vn -0.0600 0.0079 0.9982
vn 0.0802 0.8110 -0.5795
vn -0.0282 0.9921 0.1220
vn -0.0739 0.9969 0.0276
vn -0.0208 0.7326 -0.6803
vn -0.0702 0.6749 0.7346
vn -0.0742 0.7028 0.7075
vn -0.0739 0.7120 0.6983
vn -0.0981 0.9952 0.0057
vn -0.0684 0.7174 -0.6932
vn -0.2103 0.6917 0.6909
vn -0.0988 -0.0060 0.9951
vn -0.1811 0.0471 0.9823
vn -0.3287 0.5587 0.7615
vn 0.0430 -0.7064 0.7065
vn -0.0508 -0.2613 0.9639
vn -0.3339 0.1163 0.9354
vn -0.1640 0.7342 0.6588
vn -0.1133 0.9932 -0.0247
vn -0.0870 0.9959 -0.0258
vn -0.1438 0.7360 0.6616
vn 0.0148 0.7072 -0.7069
vn 0.0275 0.7013 -0.7123
vn 0.0416 0.6875 -0.7250
vn -0.0571 0.9980 -0.0265
vn -0.1137 0.7345 0.6690
vn 0.1788 -0.6888 -0.7025
vn 0.1660 0.1131 -0.9796
vn 0.0513 0.0219 -0.9984
vn 0.0990 -0.7072 -0.7000
vn 0.0023 0.0019 -1.0000
vn 0.0715 -0.7154 -0.6950
vn 0.0434 -0.7152 0.6975
vn 0.1062 -0.9943 0.0062
vn 0.0989 -0.9951 -0.0012
vn 0.0567 -0.7139 0.6980
vn 0.0975 -0.9952 0.0027
vn 0.0672 -0.7132 0.6977
vn -0.0344 -0.0070 0.9994
vn -0.0184 -0.0016 0.9998
vn -0.0053 0.0004 1.0000
vn -0.1299 0.9913 0.0190
vn -0.1053 0.7221 -0.6837
vn -0.1026 0.7115 0.6951
vn -0.2318 0.9708 0.0625
vn -0.1962 0.7060 -0.6805
vn -0.0282 0.0015 -0.9996
vn 0.0506 -0.7173 -0.6949
vn -0.0643 -0.0144 -0.9978
vn 0.0293 -0.7187 -0.6947
vn 0.0940 -0.9955 0.0084
vn 0.0642 -0.7145 0.6967
vn 0.0842 -0.9964 0.0096
vn -0.0247 -0.0001 0.9997
vn -0.0767 0.7100 -0.7000
vn 0.0068 0.9987 0.0507
vn -0.1329 0.9910 0.0160
vn -0.1762 0.7110 -0.6808
vn -0.0278 0.7110 0.7026
vn -0.0838 0.7142 0.6949
vn -0.1951 0.9808 0.0053
vn -0.2324 0.7029 -0.6722
vn -0.1165 0.1537 0.9812
vn -0.0911 0.1067 0.9901
vn -0.1228 0.1240 0.9846
vn -0.2815 -0.2038 0.9377
vn -0.0589 -0.1596 0.9854
vn 0.1685 -0.5812 0.7961
vn 0.0040 -0.7189 -0.6951
vn -0.0853 -0.0159 -0.9962
vn -0.1245 0.0007 -0.9922
vn -0.0073 -0.7192 -0.6948
vn -0.1618 0.0020 -0.9868
vn -0.0142 -0.7233 -0.6904
vn 0.0859 -0.9962 0.0120
vn 0.0880 -0.9961 0.0081
vn 0.1209 -0.7132 0.6905
vn 0.1086 -0.9941 0.0037
vn 0.1339 -0.7144 0.6868
vn 0.0837 -0.0077 0.9965
vn 0.0564 -0.0028 0.9984
vn -0.2373 0.9713 0.0132
vn -0.3020 0.7027 -0.6443
vn -0.1050 0.7162 0.6899
vn -0.1254 0.7169 0.6858
vn -0.2765 0.9593 0.0576
vn -0.4356 0.7654 -0.4737
vn -0.4117 -0.2036 -0.8883
vn -0.0905 -0.5742 -0.8137
vn -0.6434 -0.1402 -0.7526
vn -0.1849 -0.5427 -0.8193
vn -0.2347 0.0007 -0.9721
vn -0.0305 -0.7547 -0.6553
vn -0.4336 -0.0054 -0.9011
vn -0.0703 -0.8770 -0.4753
vn -0.0843 0.9298 0.3583
vn -0.2571 0.9476 0.1895
vn 0.1504 0.9745 0.1665
vn -0.2902 0.9172 0.2728
vn 0.1414 -0.9895 0.0286
vn 0.1696 -0.7119 0.6815
vn 0.1890 -0.9776 0.0924
vn 0.2113 -0.7002 0.6820
vn 0.0667 -0.0035 0.9978
vn 0.0803 0.0019 0.9968
vn -0.1227 0.8491 -0.5137
vn -0.2674 0.9609 0.0721
vn -0.3010 0.9532 0.0280
vn -0.2404 0.7106 -0.6613
vn -0.1465 0.7075 0.6914
vn -0.1598 0.7018 0.6942
vn -0.1718 0.6977 0.6955
vn -0.3255 0.9455 0.0125
vn -0.2845 0.6783 -0.6775
vn -0.1048 0.0913 -0.9903
vn 0.1102 0.1841 -0.9767
vn 0.1517 0.2982 -0.9424
vn 0.1429 0.1389 -0.9799
vn 0.2279 0.7633 -0.6045
vn 0.2130 0.7507 -0.6254
vn 0.1694 0.6184 -0.7674
vn 0.4004 -0.8023 -0.4427
vn 0.2543 0.0380 -0.9664
vn 0.0037 -0.0008 -1.0000
vn 0.2473 -0.7093 -0.6601
vn -0.0596 -0.0117 -0.9982
vn 0.2061 -0.6925 -0.6914
vn 0.2717 -0.6856 0.6754
vn 0.3172 -0.9446 0.0843
vn 0.3353 -0.9420 0.0158
vn 0.2985 -0.6806 0.6691
vn 0.3457 -0.9383 -0.0111
vn 0.3144 -0.6715 0.6710
vn 0.0037 -0.3327 0.9430
vn 0.2662 -0.7036 0.6589
vn -0.0708 -0.2575 0.9637
vn 0.2686 -0.7302 0.6282
vn 0.0968 0.0084 0.9953
vn 0.1035 0.0108 0.9946
vn 0.1025 0.0157 0.9946
vn -0.3322 0.9431 0.0106
vn -0.2906 0.6725 -0.6807
vn -0.1796 0.6953 0.6959
vn -0.1846 0.6943 0.6956
vn -0.3316 0.9434 0.0092
vn -0.2857 0.6726 -0.6826
vn 0.3372 -0.0023 0.9414
vn 0.4600 -0.4898 0.7406
vn 0.2317 -0.0693 0.9703
vn 0.0319 0.2504 0.9676
vn -0.0652 -0.0131 -0.9978
vn 0.2061 -0.6880 -0.6958
vn -0.0593 -0.0117 -0.9982
vn 0.2106 -0.6856 -0.6969
vn 0.3531 -0.9355 -0.0128
vn 0.3167 -0.6662 0.6752
vn 0.3547 -0.9349 -0.0122
vn 0.3121 -0.6653 0.6782
vn 0.0959 0.0179 0.9952
vn 0.0876 0.0184 0.9960
vn 0.0803 0.0177 0.9966
vn -0.1873 0.6937 0.6955
vn 0.3057 -0.6661 0.6803
vn 0.3052 -0.6653 0.6814
vn 0.0804 0.0185 0.9966
vn -0.1829 0.6949 0.6955
vn -0.0522 -0.0107 -0.9986
vn 0.2136 -0.6848 -0.6967
vn -0.2785 0.6742 -0.6840
vn -0.2672 0.6775 -0.6853
vn -0.0417 -0.0084 -0.9991
vn 0.2201 -0.6833 -0.6961
vn 0.3527 -0.9357 -0.0111
vn 0.3547 -0.9349 -0.0103
vn -0.6796 0.6516 -0.3370
vn -0.8541 -0.0601 -0.5166
vn -0.7134 -0.0259 -0.7003
vn -0.5914 0.6819 -0.4304
vn -0.3178 -0.9027 -0.2901
vn -0.2476 -0.8910 -0.3806
vn 0.1240 0.0895 -0.9882
vn 0.0853 0.0399 -0.9956
vn 0.1662 0.0552 -0.9845
vn 0.3576 -0.5928 -0.7216
vn 0.1693 -0.2049 -0.9640
vn -0.1039 -0.2875 -0.9521
vn -0.2729 0.9567 0.1016
vn -0.3051 0.9324 -0.1937
vn -0.1380 0.7128 0.6877
vn -0.7689 0.0007 0.6394
vn -0.3148 0.4661 0.8268
vn -0.2932 0.4556 0.8405
vn -0.7522 0.0075 0.6589
vn 0.2197 0.6166 0.7560
vn 0.2808 0.6025 0.7471
vn 0.3687 0.4938 0.7875
vn -0.2397 0.3386 0.9099
vn -0.7113 -0.0388 0.7018
vn 0.4842 0.7457 -0.4577
vn 0.9147 0.3840 0.1259
vn 0.7926 0.5713 0.2131
vn 0.3580 0.8559 -0.3732
vn 0.6393 -0.2101 0.7397
vn 0.5943 -0.0931 0.7989
vn 0.4911 0.8209 0.2914
vn 0.1899 0.9351 -0.2992
vn 0.2131 -0.3683 -0.9050
vn 0.1107 -0.3164 -0.9422
vn 0.4070 -0.7113 -0.5731
vn 0.3806 -0.7469 -0.5453
vn 0.2414 -0.9634 -0.1169
vn 0.2603 -0.9560 0.1354
vn 0.2435 -0.6888 0.6828
vn 0.0888 0.0071 0.9960
vn 0.7434 -0.2588 -0.6168
vn 0.8539 0.5076 -0.1145
vn 0.7978 0.5731 -0.1875
vn 0.6838 -0.2078 -0.6995
vn 0.2584 0.8603 0.4394
vn 0.2282 0.8910 0.3924
vn 0.6095 0.5960 -0.5228
vn 0.5033 -0.1767 -0.8458
vn -0.3221 0.5516 -0.7694
vn -0.5375 0.8417 -0.0518
vn -0.5230 0.8506 -0.0545
vn -0.3014 0.5632 -0.7694
vn -0.4335 0.6018 0.6708
vn -0.4299 0.6069 0.6684
vn -0.4337 0.6078 0.6652
vn -0.5139 0.8559 -0.0585
vn -0.2857 0.5711 -0.7696
vn -0.0510 0.6893 -0.7227
vn -0.1226 0.9913 -0.0473
vn -0.1037 0.9937 -0.0426
vn -0.0309 0.6890 -0.7241
vn -0.1174 0.7378 0.6647
vn -0.1075 0.7428 0.6608
vn -0.0938 0.7479 0.6572
vn -0.0756 0.9965 -0.0369
vn -0.0039 0.6864 -0.7272
vn -0.3285 0.9445 0.0091
vn -0.3201 0.9473 0.0084
vn 0.1629 -0.7186 -0.6761
vn 0.1302 -0.1102 -0.9853
vn 0.1673 -0.1173 -0.9789
vn 0.2277 -0.5398 -0.8104
vn 0.1896 -0.0793 -0.9787
vn 0.4416 -0.8962 0.0426
vn 0.4452 -0.8942 0.0466
vn 0.3850 -0.9220 0.0417
vn -0.1271 0.5332 -0.8364
vn -0.0735 -0.0349 -0.9967
vn 0.0152 -0.7192 -0.6946
vn 0.0845 -0.9964 0.0042
vn 0.0965 -0.7773 0.6217
vn 0.0317 -0.7142 0.6992
vn 0.0986 -0.9946 0.0312
vn 0.1319 -0.8509 -0.5084
vn 0.2167 0.9694 0.1155
vn 0.1296 0.9868 0.0976
vn -0.0006 0.6183 0.7860
vn -0.0258 0.7091 0.7046
vn 0.0396 0.9982 0.0457
vn -0.0515 -0.0023 0.9987
vn -0.0775 0.6401 0.7644
vn -0.4645 -0.1255 0.8767
vn -0.1490 0.1624 0.9754
vn -0.1237 0.3106 0.9424
vn -0.2116 0.2145 0.9535
vn 0.0748 -0.3567 0.9312
vn 0.0729 -0.2182 0.9732
vn -0.0032 0.9546 0.2979
vn 0.1908 0.9435 -0.2710
vn -0.1917 -0.8269 -0.5287
vn -0.0061 -0.8898 -0.4562
vn 0.2652 -0.7421 -0.6156
vn 0.2890 -0.6380 -0.7138
vn 0.4905 -0.7710 -0.4061
vn 0.7180 -0.4977 -0.4866
vn 0.1599 -0.6093 -0.7766
vn 0.2081 -0.5394 -0.8160
vn 0.3084 -0.3287 -0.8927
vn -0.3327 0.8678 -0.3690
vn -0.1467 0.8045 -0.5755
vn -0.4924 0.8069 -0.3263
vn -0.1416 0.8403 -0.5233
vn 0.0480 0.9145 -0.4018
vn -0.2807 0.0493 0.9585
vn -0.3659 -0.4263 0.8273
vn -0.2352 0.1906 0.9531
vn -0.4930 0.1942 0.8481
vn -0.2467 -0.0287 0.9687
vn -0.1216 -0.6285 0.7683
vn -0.3181 -0.9306 0.1811
vn -0.6566 -0.7275 0.1989
vn 0.0240 -0.9964 0.0808
vn 0.3614 0.3596 -0.8603
vn 0.2168 0.9590 0.1824
vn -0.4124 0.8906 0.1916
vn -0.6824 0.6734 0.2843
vn 0.6130 -0.7768 0.1446
vn 0.9264 -0.3165 0.2039
vn 0.1535 -0.0367 -0.9875
vn 0.0649 0.7008 -0.7104
vn -0.0513 0.9986 0.0137
vn -0.1335 0.0287 0.9906
vn -0.2946 0.6759 0.6755
vn 0.0855 -0.6616 0.7450
vn 0.2533 -0.9661 0.0495
vn 0.2864 -0.6858 -0.6691
vn 0.1531 -0.0284 -0.9878
vn -0.0818 0.6588 -0.7479
vn -0.2775 0.9599 -0.0403
vn -0.9502 0.2708 -0.1543
vn -0.0647 0.7438 0.6653
vn -0.0570 0.0630 0.9964
vn -0.0807 0.0737 0.9940
vn -0.0761 0.7370 0.6716
vn -0.0051 -0.6780 0.7350
vn -0.0780 -0.6546 0.7519
vn 0.0564 -0.9979 0.0330
vn -0.0425 -0.9990 0.0167
vn 0.1008 -0.7446 -0.6598
vn 0.0359 -0.7066 -0.7067
vn -0.7051 -0.7067 -0.0591
vn 0.1006 -0.0718 -0.9923
vn 0.0898 -0.0374 -0.9953
vn 0.0492 0.6781 -0.7333
vn 0.0551 0.6779 -0.7331
vn -0.0222 0.9994 -0.0271
vn -0.0262 0.9993 -0.0261
vn -0.0590 0.0631 0.9963
vn -0.0607 0.0695 0.9957
vn -0.0766 0.7481 0.6591
vn 0.0257 -0.6747 0.7377
vn 0.0054 -0.6756 0.7372
vn 0.1169 -0.9915 0.0563
vn 0.0827 -0.9957 0.0421
vn 0.1539 -0.7436 -0.6507
vn 0.1241 -0.7470 -0.6531
vn 0.0963 -0.0475 -0.9942
vn 0.0988 -0.0659 -0.9929
vn 0.0265 0.6817 -0.7312
vn -0.0438 0.9986 -0.0312
vn -0.9701 -0.0698 -0.2323
vn -0.9625 -0.0747 -0.2609
vn -0.9596 -0.0294 -0.2798
vn -0.9726 -0.0258 -0.2311
vn -0.9539 -0.0479 -0.2964
vn -0.9469 -0.0112 -0.3214
vn -0.9479 0.0187 -0.3180
vn -0.9602 0.0231 -0.2783
vn -0.9709 0.0164 -0.2389
vn 0.1883 -0.7380 -0.6480
vn 0.0825 -0.0125 -0.9965
vn 0.0936 -0.0278 -0.9952
vn 0.1827 -0.7402 -0.6471
vn 0.0634 -0.6759 0.7343
vn 0.1639 -0.9827 0.0867
vn 0.1517 -0.9856 0.0749
vn 0.0511 -0.6750 0.7361
vn 0.2316 0.6284 0.7426
vn -0.0820 -0.0131 0.9965
vn -0.1120 0.0178 0.9935
vn 0.2009 0.6468 0.7357
vn -0.3338 -0.6401 0.6920
vn -0.3655 -0.6116 0.7017
vn -0.3909 -0.5863 0.7095
vn -0.1348 0.0411 0.9900
vn 0.1781 0.6588 0.7309
vn -0.3862 -0.9222 -0.0186
vn -0.4154 -0.9094 -0.0185
vn -0.1775 -0.6657 -0.7248
vn -0.1946 -0.6494 -0.7351
vn -0.2115 -0.6326 -0.7450
vn -0.4414 -0.8971 -0.0183
vn 0.1408 -0.0498 -0.9888
vn 0.1290 -0.0349 -0.9910
vn 0.3934 0.5929 -0.7026
vn 0.3767 0.6018 -0.7042
vn 0.3611 0.6091 -0.7061
vn 0.1161 -0.0197 -0.9930
vn 0.4351 0.9002 0.0172
vn 0.4124 0.9109 0.0140
vn 0.3949 0.9186 0.0112
vn 0.2438 0.6246 0.7419
vn -0.0641 -0.0284 0.9975
vn -0.0608 -0.0340 0.9976
vn 0.2515 0.6163 0.7463
vn -0.3205 -0.6553 0.6840
vn -0.3135 -0.6579 0.6848
vn -0.3866 -0.9220 -0.0221
vn -0.3721 -0.9280 -0.0196
vn -0.2018 -0.6537 -0.7294
vn -0.1766 -0.6692 -0.7218
vn 0.1092 -0.0201 -0.9938
vn 0.1369 -0.0479 -0.9894
vn 0.3664 0.6193 -0.6944
vn 0.3935 0.5959 -0.7001
vn 0.4250 0.9050 0.0200
vn 0.4443 0.8956 0.0197
vn -0.6504 0.7585 -0.0417
vn -0.6484 0.7595 -0.0531
vn -0.6587 0.7504 -0.0544
vn -0.6594 0.7508 -0.0396
vn -0.6495 0.7576 -0.0646
vn -0.6578 0.7500 -0.0692
vn -0.6665 0.7425 -0.0673
vn -0.6692 0.7410 -0.0557
vn -0.6677 0.7431 -0.0445
vn -0.2592 -0.6156 -0.7442
vn 0.0539 0.0368 -0.9979
vn 0.0785 0.0116 -0.9968
vn -0.2325 -0.6339 -0.7376
vn 0.3087 0.6654 -0.6797
vn 0.3348 0.6453 -0.6867
vn 0.2044 0.6581 0.7247
vn -0.0959 0.0094 0.9953
vn -0.0785 -0.0112 0.9969
vn 0.2252 0.6412 0.7336
vn -0.3601 -0.6292 0.6888
vn -0.3387 -0.6441 0.6859
vn -0.1094 0.0394 0.9932
vn -0.1129 0.0392 0.9928
vn 0.2776 -0.5811 0.7650
vn 0.2733 -0.5818 0.7660
vn 0.2576 -0.5891 0.7659
vn -0.1258 0.0338 0.9915
vn -0.5279 0.5186 0.6726
vn -0.1020 -0.0355 0.9941
vn -0.1168 -0.1528 0.9813
vn -0.5876 0.3153 0.7452
vn 0.3280 -0.5953 0.7335
vn 0.2925 -0.6522 0.6993
vn 0.5245 -0.8499 0.0504
vn 0.4932 -0.8686 0.0484
vn 0.3610 -0.6772 -0.6412
vn 0.3718 -0.6980 -0.6120
vn -0.0426 -0.1981 -0.9793
vn 0.0086 -0.2684 -0.9633
vn -0.4953 0.3871 -0.7777
vn -0.4890 0.1912 -0.8511
vn -0.6937 0.7167 -0.0713
vn -0.8388 0.5384 -0.0813
vn -0.3802 0.6246 0.6822
vn -0.0297 0.0421 0.9987
vn -0.0642 0.0122 0.9979
vn -0.4694 0.5651 0.6784
vn 0.3126 -0.5885 0.7456
vn 0.3367 -0.5769 0.7442
vn 0.4494 -0.8917 0.0539
vn 0.5071 -0.8603 0.0522
vn 0.2955 -0.7015 -0.6485
vn 0.3350 -0.6825 -0.6496
vn -0.0474 -0.1519 -0.9873
vn -0.0562 -0.1753 -0.9829
vn -0.4044 0.4844 -0.7758
vn -0.4722 0.4212 -0.7743
vn -0.5483 0.8340 -0.0618
vn -0.6482 0.7585 -0.0671
vn -0.2881 0.6904 0.6636
vn -0.0263 0.0798 0.9965
vn -0.0164 0.0682 0.9975
vn -0.3052 0.6751 0.6716
vn 0.2496 -0.5956 0.7635
vn 0.2749 -0.5978 0.7530
vn 0.3702 -0.9269 0.0618
vn 0.3913 -0.9185 0.0567
vn 0.2557 -0.7077 -0.6586
vn 0.2598 -0.7115 -0.6529
vn -0.0095 -0.0981 -0.9951
vn -0.0302 -0.1206 -0.9922
vn -0.2839 0.5819 -0.7621
vn -0.3255 0.5526 -0.7673
vn -0.3993 0.9150 -0.0585
vn -0.4399 0.8962 -0.0580
vn -0.3371 0.6701 0.6613
vn -0.0796 0.0632 0.9948
vn -0.0507 0.0746 0.9959
vn -0.3086 0.6829 0.6621
vn 0.2201 -0.5982 0.7705
vn 0.2341 -0.5951 0.7688
vn 0.3866 -0.9196 0.0698
vn 0.3754 -0.9244 0.0669
vn 0.3058 -0.6868 -0.6594
vn 0.2772 -0.6985 -0.6597
vn 0.0450 -0.0745 -0.9962
vn 0.0160 -0.0864 -0.9961
vn -0.2561 0.5895 -0.7661
vn -0.2689 0.5867 -0.7639
vn -0.4174 0.9064 -0.0643
vn -0.4047 0.9124 -0.0615
vn -0.3881 0.6452 0.6581
vn -0.1277 0.0403 0.9910
vn -0.1064 0.0509 0.9930
vn -0.3645 0.6572 0.6597
vn 0.2015 -0.6059 0.7696
vn 0.2086 -0.6024 0.7705
vn 0.4104 -0.9092 0.0705
vn 0.3982 -0.9145 0.0712
vn 0.3566 -0.6615 -0.6598
vn 0.3333 -0.6740 -0.6593
vn 0.0952 -0.0519 -0.9941
vn 0.0730 -0.0623 -0.9954
vn -0.2359 0.5954 -0.7680
vn -0.2439 0.5930 -0.7674
vn -0.4415 0.8946 -0.0689
vn -0.4295 0.9006 -0.0671
vn -0.4206 0.6258 0.6569
vn -0.1501 0.0275 0.9883
vn -0.1424 0.0325 0.9893
vn -0.4068 0.6345 0.6572
vn 0.2037 -0.6077 0.7676
vn 0.1998 -0.6077 0.7686
vn 0.4362 -0.8974 0.0659
vn 0.4230 -0.9035 0.0687
vn 0.3887 -0.6408 -0.6621
vn 0.3752 -0.6503 -0.6606
vn 0.1182 -0.0392 -0.9922
vn 0.1103 -0.0441 -0.9929
vn -0.2356 0.5949 -0.7685
vn -0.2330 0.5961 -0.7684
vn -0.4662 0.8820 -0.0693
vn -0.4537 0.8884 -0.0697
vn -0.4346 0.6133 0.6596
vn -0.1465 0.0262 0.9889
vn -0.1510 0.0254 0.9882
vn -0.4297 0.6186 0.6578
vn 0.2255 -0.6012 0.7666
vn 0.2126 -0.6054 0.7670
vn 0.4626 -0.8846 0.0581
vn 0.4495 -0.8911 0.0623
vn 0.4018 -0.6276 -0.6668
vn 0.3975 -0.6331 -0.6642
vn 0.1149 -0.0387 -0.9926
vn 0.1194 -0.0374 -0.9921
vn -0.2553 0.5858 -0.7692
vn -0.2433 0.5912 -0.7689
vn -0.4916 0.8683 -0.0654
vn -0.4789 0.8752 -0.0679
vn -0.1376 0.0291 0.9901
vn -0.4355 0.6096 0.6623
vn 0.2408 -0.5957 0.7663
vn 0.4854 -0.8729 0.0493
vn 0.4748 -0.8784 0.0539
vn 0.4004 -0.6224 -0.6725
vn 0.4026 -0.6241 -0.6696
vn 0.0943 -0.0475 -0.9944
vn 0.1062 -0.0422 -0.9935
vn -0.2698 0.5789 -0.7695
vn -0.5033 0.8619 -0.0620
vn -0.8745 -0.4776 -0.0844
vn -0.8606 -0.5016 -0.0888
vn -0.8643 -0.5001 -0.0538
vn -0.8808 -0.4703 -0.0549
vn -0.8480 -0.5238 -0.0812
vn -0.8466 -0.5297 -0.0522
vn -0.8521 -0.5229 -0.0214
vn -0.8669 -0.4981 -0.0169
vn -0.8795 -0.4753 -0.0250
vn 0.3854 -0.6276 -0.6764
vn 0.0636 -0.0637 -0.9959
vn 0.0820 -0.0539 -0.9952
vn 0.3970 -0.6221 -0.6748
vn -0.2731 0.7432 0.6108
vn -0.2884 0.7951 0.5335
vn -0.8004 0.3544 0.4834
vn -0.8277 0.4826 0.2863
vn 0.4923 -0.8693 0.0431
vn 0.4944 -0.8680 0.0460
vn -0.1678 0.7139 -0.6798
vn -0.1719 0.6889 -0.7042
vn -0.1593 0.7174 -0.6782
vn -0.1645 0.7299 -0.6634
vn -0.1783 0.6715 -0.7193
vn -0.1694 0.6885 -0.7052
vn -0.1541 0.7072 -0.6900
vn -0.1460 0.7200 -0.6784
vn -0.1544 0.7262 -0.6699
vn -0.2645 -0.7360 -0.6232
vn 0.2767 -0.6488 -0.7089
vn 0.2591 -0.6030 -0.7545
vn -0.2474 -0.6693 -0.7006
vn 0.0825 -0.3984 0.9135
vn 0.0894 -0.3309 0.9394
vn -0.5654 -0.2787 0.7763
vn -0.5118 -0.1442 0.8469
vn -0.8712 -0.4466 -0.2036
vn -0.8424 -0.3410 -0.4172
vn 0.0691 0.9885 0.1346
vn 0.1145 0.9745 0.1928
vn 0.0578 0.9871 0.1494
vn 0.0281 0.9967 0.0763
vn 0.0856 0.9692 0.2311
vn 0.0089 0.9682 0.2502
vn -0.0532 0.9583 0.2809
vn -0.0294 0.9753 0.2191
vn -0.0043 0.9928 0.1201
vn -0.5992 0.5132 -0.6145
vn -0.0153 0.6942 -0.7196
vn -0.0898 0.7676 -0.6346
vn -0.6044 0.6215 -0.4985
vn -0.0913 -0.8670 -0.4898
vn -0.7208 -0.6929 0.0184
vn -0.7513 -0.6592 0.0301
vn -0.1507 -0.8360 -0.5276
vn -0.8118 -0.5839 0.0089
vn -0.2498 -0.7137 -0.6544
vn -0.9876 0.1347 0.0801
vn -0.9278 0.3256 0.1819
vn -0.1849 0.2051 0.9611
vn -0.6387 -0.0875 0.7645
vn 0.4238 0.2914 0.8576
vn 0.9428 0.3201 0.0931
vn 0.9810 0.1654 0.1019
vn 0.7611 -0.1842 -0.6219
vn 0.7463 -0.1744 -0.6423
vn 0.3017 -0.5123 -0.8041
vn 0.2655 -0.4501 -0.8526
vn -0.2986 -0.6675 -0.6821
vn -0.8226 -0.5646 0.0677
vn 0.8452 0.4388 0.3052
vn 0.9058 0.3776 0.1921
vn 0.8755 -0.2579 -0.4088
vn 0.8262 -0.2734 -0.4926
vn 0.4355 -0.6691 -0.6023
vn 0.3831 -0.6453 -0.6610
vn 0.2028 0.9215 -0.3311
vn -0.3360 0.9226 -0.1896
vn -0.3207 0.9182 -0.2324
vn 0.0998 0.8854 -0.4540
vn 0.3690 -0.8650 0.3400
vn 0.3793 -0.8624 0.3353
vn 0.3740 -0.8691 0.3236
vn 0.3475 -0.8727 0.3430
vn 0.3779 -0.8671 0.3245
vn 0.3792 -0.8699 0.3153
vn 0.3680 -0.8665 0.3372
vn 0.3460 -0.8679 0.3565
vn 0.3278 -0.8736 0.3598
vn 0.1496 0.6765 0.7211
vn -0.1667 0.0753 0.9831
vn -0.1946 0.1443 0.9702
vn 0.1241 0.6714 0.7306
vn -0.3959 -0.5860 0.7070
vn -0.5100 -0.4761 0.7164
vn -0.4046 -0.9144 -0.0130
vn -0.4965 -0.8664 -0.0537
vn -0.1954 -0.6462 -0.7377
vn -0.2295 -0.5806 -0.7812
vn 0.1043 -0.0044 -0.9945
vn 0.0903 0.0730 -0.9932
vn 0.3400 0.6222 -0.7052
vn 0.2986 0.6722 -0.6775
vn 0.3773 0.9260 0.0108
vn 0.3306 0.9424 0.0502
vn 0.1589 0.6652 0.7296
vn -0.1564 0.0622 0.9857
vn -0.1603 0.0632 0.9850
vn 0.1554 0.6673 0.7284
vn -0.4151 -0.5580 0.7186
vn -0.4064 -0.5682 0.7155
vn -0.4665 -0.8843 -0.0172
vn -0.4449 -0.8955 -0.0143
vn -0.2255 -0.6148 -0.7557
vn -0.2150 -0.6266 -0.7491
vn 0.1059 -0.0078 -0.9943
vn 0.1066 -0.0107 -0.9942
vn 0.3503 0.6087 -0.7119
vn 0.3498 0.6082 -0.7126
vn 0.3852 0.9228 0.0078
vn 0.3861 0.9224 0.0073
vn -0.1490 0.0555 0.9873
vn 0.1646 0.6643 0.7291
vn -0.4078 -0.5676 0.7153
vn -0.4599 -0.8878 -0.0181
vn -0.2228 -0.6196 -0.7526
vn 0.1079 -0.0098 -0.9941
vn 0.3520 0.6114 -0.7088
vn 0.3861 0.9224 0.0089
vn 0.2700 -0.9570 -0.1061
vn 0.2519 -0.9592 -0.1285
vn 0.6755 -0.6919 -0.2549
vn 0.5793 -0.7359 -0.3506
vn 0.8458 0.1555 -0.5104
vn 0.6607 0.1022 -0.7436
vn -0.2729 0.0962 -0.9572
vn -0.2349 0.0837 -0.9684
vn -0.2650 0.1385 -0.9543
vn -0.2944 0.1287 -0.9470
vn -0.2082 0.0861 -0.9743
vn -0.2227 0.1269 -0.9666
vn -0.2469 0.1742 -0.9532
vn -0.2757 0.1889 -0.9425
vn -0.2951 0.1657 -0.9410
vn -0.6374 -0.7693 0.0437
vn -0.7007 -0.1693 0.6931
vn -0.0491 -0.8835 -0.4659
vn 0.1039 -0.9745 -0.1990
vn -0.2581 -0.9417 0.2160
vn -0.3303 -0.6167 0.7145
vn 0.1805 -0.9253 0.3335
vn 0.1399 -0.8592 0.4922
vn 0.3089 -0.9282 0.2075
vn 0.0562 -0.2722 0.9606
vn -0.5863 -0.1492 0.7962
vn 0.6261 -0.0473 0.7783
vn 0.4159 0.5272 0.7410
vn -0.0151 0.2715 0.9623
vn -0.4949 0.3716 0.7855
vn -0.0671 0.8275 0.5574
vn -0.2381 0.8318 0.5014
vn 0.0882 0.9340 0.3463
vn -0.9548 0.2731 0.1174
vn -0.5476 0.6487 -0.5285
vn -0.6672 0.6915 0.2768
vn -0.3826 0.9053 -0.1842
vn -0.2267 0.9215 0.3153
vn -0.0603 0.9859 0.1562
vn 0.0306 0.7673 -0.6406
vn 0.4851 0.7751 -0.4048
vn 0.0665 0.9590 -0.2754
vn 0.2935 0.9496 -0.1099
vn 0.1074 0.9816 0.1581
vn 0.0636 0.9880 0.1406
vn 0.8579 0.4942 0.1410
vn 0.4835 0.8535 0.1941
vn 0.0752 0.9919 0.1021
vn -0.2838 0.8454 0.4526
vn -0.8127 0.5005 0.2983
vn 0.2226 0.9349 0.2764
vn 0.0699 0.9818 -0.1766
vn -0.2774 0.9596 -0.0469
vn -0.6519 0.7260 -0.2189
vn -0.1830 0.8102 -0.5568
vn -0.2918 0.7385 -0.6079
vn -0.1113 0.8047 -0.5831
vn -0.8889 -0.2994 -0.3467
vn -0.2971 -0.6388 -0.7097
vn -0.6954 0.1988 -0.6906
vn -0.3228 -0.1418 -0.9358
vn -0.3152 0.5782 -0.7525
vn -0.2384 0.4743 -0.8474
vn 0.2465 -0.5669 -0.7860
vn 0.6978 -0.1552 -0.6993
vn 0.0962 -0.1173 -0.9884
vn 0.3910 0.2499 -0.8858
vn -0.1099 0.4868 -0.8666
vn -0.0296 0.6200 -0.7840
vn 0.7672 0.5922 -0.2464
vn 0.3809 0.7428 -0.5506
vn -0.0465 0.7483 -0.6617
vn -0.1922 -0.0169 0.9812
vn 0.1817 -0.6394 0.7471
vn -0.5205 0.5396 0.6618
vn -0.7853 0.2504 0.5663
vn -0.5025 -0.2348 0.8321
vn -0.1861 -0.7717 0.6081
vn -0.8361 -0.4560 0.3049
vn -0.7060 -0.6733 0.2196
vn -0.9437 -0.2672 0.1951
vn 0.3835 -0.9228 0.0355
vn 0.2748 -0.6863 -0.6734
vn -0.0293 -0.9996 0.0055
vn -0.1134 -0.8039 -0.5838
vn -0.6327 -0.7733 -0.0406
vn -0.6664 -0.6874 -0.2888
vn -0.0430 -0.1279 -0.9909
vn -0.4261 0.4771 -0.7687
vn -0.3772 -0.3337 -0.8639
vn -0.7022 0.1850 -0.6875
vn -0.7736 -0.4970 -0.3931
vn -0.9037 -0.2925 -0.3126
vn -0.6333 0.7718 -0.0569
vn -0.8907 0.4499 -0.0648
vn -0.9797 -0.1913 -0.0592
vn -0.3563 0.8962 -0.2643
vn -0.6909 0.6156 -0.3791
vn 0.1844 0.8919 -0.4130
vn 0.0159 0.6445 -0.7644
vn -0.3761 0.6770 -0.6326
vn -0.5695 0.4730 -0.6723
vn -0.3287 0.2307 -0.9158
vn -0.3465 0.2211 -0.9116
vn -0.2148 0.2140 -0.9529
vn -0.4353 -0.8999 -0.0258
vn -0.4104 -0.9116 -0.0236
vn -0.0462 0.0311 0.9984
vn -0.1244 0.0314 0.9917
vn -0.0124 -0.6882 0.7254
vn -0.2036 0.7352 0.6466
vn -0.6127 0.6290 0.4785
vn -0.6254 0.0452 0.7790
vn -0.5627 -0.6304 0.5347
vn -0.9957 0.0607 -0.0698
vn -0.9773 -0.0799 -0.1961
vn -0.9793 0.1888 -0.0723
vn 0.0808 -0.9948 0.0626
vn 0.0878 -0.7362 -0.6710
vn -0.4426 -0.8927 -0.0847
vn -0.3788 -0.6417 -0.6669
vn -0.9382 -0.1289 -0.3211
vn -0.9234 -0.1266 -0.3624
vn -0.0193 -0.0119 -0.9997
vn -0.1480 0.6727 -0.7249
vn -0.4638 -0.0433 -0.8849
vn -0.5509 0.5160 -0.6559
vn -0.9280 -0.0818 -0.3634
vn -0.9455 0.0489 -0.3219
vn -0.2126 0.9751 -0.0632
vn -0.5996 0.7917 -0.1168
vn -0.9633 0.1813 -0.1977
vn -0.2590 0.2835 0.9233
vn 0.2665 0.4271 0.8640
vn -0.0358 -0.2771 0.9602
vn 0.3899 -0.1931 0.9004
vn 0.2334 -0.7667 0.5980
vn 0.3902 -0.7459 0.5398
vn 0.8498 0.2772 0.4484
vn 0.9013 -0.3065 -0.3061
vn 0.7636 -0.3419 0.5477
vn 0.7791 -0.6269 -0.0012
vn 0.4757 -0.7859 0.3951
vn 0.4728 -0.8390 0.2693
vn 0.4664 -0.6794 -0.5665
vn 0.4918 -0.8326 -0.2547
vn 0.4220 -0.8819 0.2100
vn 0.7949 0.1741 -0.5813
vn 0.6674 -0.6517 -0.3604
vn 0.4055 -0.4566 -0.7919
vn 0.4042 0.1239 -0.9062
vn -0.0747 0.0652 -0.9951
vn -0.0462 -0.0667 -0.9967
vn 0.2536 -0.9389 -0.2329
vn -0.3382 -0.8504 -0.4030
vn -0.3051 -0.5494 -0.7779
vn 0.1263 -0.6847 -0.7178
vn -0.1240 -0.0864 -0.9885
vn -0.2624 0.0239 -0.9647
vn -0.8383 -0.0520 -0.5427
vn -0.6196 0.0578 -0.7828
vn -0.3395 0.1833 -0.9226
vn -0.0510 0.0460 0.9976
vn 0.0618 0.0166 -0.9980
vn 0.3091 -0.6525 -0.6919
vn -0.1573 0.7067 -0.6898
vn 0.3084 0.7298 -0.6102
vn 0.4876 0.1227 -0.8644
vn 0.6565 -0.4569 -0.6002
vn 0.9430 0.1919 -0.2719
vn 0.9816 0.0024 -0.1907
vn 0.8999 0.3901 -0.1949
vn 0.9779 0.2085 -0.0117
vn 0.9804 0.1965 -0.0147
vn 0.9828 0.1845 -0.0114
vn 0.4303 -0.9026 -0.0116
vn 0.3825 -0.6352 0.6710
vn 0.7381 -0.6745 -0.0165
vn 0.6971 -0.4454 0.5618
vn 0.9974 -0.0721 -0.0038
vn 0.9833 0.0047 0.1818
vn 0.9834 0.1814 0.0001
vn 0.9828 0.1842 0.0116
vn 0.1679 0.0409 0.9850
vn -0.0836 0.7184 0.6906
vn 0.5458 0.1338 0.8272
vn 0.3486 0.7317 0.5857
vn 0.9457 0.1927 0.2616
vn 0.9024 0.3870 0.1897
vn 0.9805 0.1961 0.0146
vn 0.9781 0.2080 0.0113
vn -0.2172 0.9761 0.0062
vn 0.2526 0.9676 -0.0050
vn 0.8825 0.4703 0.0005
vn 0.9774 0.2112 -0.0001
vn 0.9805 0.1963 -0.0000
vn -0.6642 0.7259 0.1786
vn -0.5551 0.8259 0.0986
vn -0.7740 0.6253 0.0998
vn -0.8324 0.0152 0.5540
vn -0.4936 0.4641 0.7355
vn -0.2324 0.8577 0.4586
vn -0.1982 0.1254 0.9721
vn 0.0903 0.7325 0.6747
vn -0.4895 -0.5192 0.7006
vn -0.8051 0.5899 -0.0618
vn -0.7480 0.6241 -0.2259
vn -0.7323 0.0216 -0.6807
vn -0.9790 -0.1903 -0.0731
vn -0.5849 -0.8101 -0.0401
vn -0.3884 -0.4986 -0.7749
vn -0.6212 0.7307 -0.2833
vn -0.5333 0.8246 -0.1887
vn -0.1666 0.8572 -0.4873
vn -0.3726 0.4800 -0.7942
vn -0.0534 0.1494 -0.9873
vn 0.1888 0.7373 -0.6486
vn -0.5155 0.8556 -0.0471
vn -0.1305 0.9912 -0.0201
vn 0.2432 0.9699 0.0107
vn 0.3722 0.9280 0.0191
vn 0.3978 0.9173 0.0197
vt 0.937549 0.483925
vt 0.952404 0.482392
vt 0.952114 0.494350
vt 0.937549 0.495871
vt 0.967260 0.480858
vt 0.966679 0.492829
vt 0.966128 0.504720
vt 0.951860 0.506226
vt 0.937592 0.507733
vt 0.221997 0.759097
vt 0.203672 0.756677
vt 0.204174 0.745926
vt 0.219137 0.744482
vt 0.190325 0.758259
vt 0.189680 0.747809
vt 0.189046 0.735261
vt 0.203423 0.733291
vt 0.217801 0.731321
vt 0.461508 0.863045
vt 0.475862 0.865273
vt 0.475608 0.877401
vt 0.461558 0.875191
vt 0.490215 0.867502
vt 0.489659 0.879611
vt 0.489055 0.891569
vt 0.475287 0.889388
vt 0.461519 0.887207
vt 0.885248 0.182103
vt 0.870938 0.180244
vt 0.871733 0.167547
vt 0.885824 0.169425
vt 0.856629 0.178386
vt 0.857642 0.165670
vt 0.858727 0.153110
vt 0.872621 0.155008
vt 0.886514 0.156906
vt 0.951672 0.517948
vt 0.937708 0.519438
vt 0.965636 0.516458
vt 0.965224 0.528013
vt 0.951545 0.529483
vt 0.937866 0.530953
vt 0.202519 0.720514
vt 0.216685 0.718531
vt 0.188354 0.722497
vt 0.187584 0.709914
vt 0.201553 0.707915
vt 0.215522 0.705917
vt 0.474919 0.901226
vt 0.461394 0.899079
vt 0.488445 0.903374
vt 0.487835 0.915093
vt 0.474528 0.912982
vt 0.461220 0.910871
vt 0.873588 0.142635
vt 0.887297 0.144553
vt 0.859878 0.140718
vt 0.861065 0.128420
vt 0.874597 0.130356
vt 0.888128 0.132292
vt 0.951466 0.540830
vt 0.938031 0.542277
vt 0.964901 0.539382
vt 0.964629 0.550648
vt 0.951412 0.552071
vt 0.938196 0.553494
vt 0.200523 0.695500
vt 0.214307 0.693487
vt 0.186740 0.697514
vt 0.185855 0.685218
vt 0.199458 0.683189
vt 0.213062 0.681159
vt 0.462228 0.681760
vt 0.475958 0.682382
vt 0.476669 0.693951
vt 0.463436 0.693591
vt 0.489688 0.683004
vt 0.490144 0.694837
vt 0.490534 0.709234
vt 0.476146 0.704483
vt 0.464455 0.704487
vt 0.578425 0.225356
vt 0.578425 0.238411
vt 0.566912 0.239205
vt 0.567274 0.226029
vt 0.578425 0.251466
vt 0.566550 0.252381
vt 0.554675 0.253296
vt 0.555399 0.239999
vt 0.556123 0.226702
vt 0.279542 0.304090
vt 0.278582 0.312468
vt 0.269709 0.311033
vt 0.266582 0.304660
vt 0.277596 0.320362
vt 0.265700 0.317272
vt 0.250834 0.310650
vt 0.241385 0.467904
vt 0.227508 0.467300
vt 0.229025 0.455814
vt 0.242694 0.456407
vt 0.213630 0.466696
vt 0.215356 0.455221
vt 0.217228 0.440899
vt 0.230695 0.441480
vt 0.244163 0.442062
vt 0.277234 0.469539
vt 0.263887 0.470513
vt 0.263623 0.458617
vt 0.276810 0.457643
vt 0.250539 0.471487
vt 0.250436 0.459591
vt 0.250422 0.444805
vt 0.263451 0.443962
vt 0.276479 0.443119
vt 0.465072 0.747757
vt 0.477945 0.746883
vt 0.477595 0.760602
vt 0.464653 0.760191
vt 0.490818 0.746009
vt 0.490537 0.761013
vt 0.489954 0.773660
vt 0.477002 0.773064
vt 0.464049 0.772468
vt 0.276429 0.354611
vt 0.265161 0.354602
vt 0.268023 0.347741
vt 0.275834 0.345823
vt 0.251282 0.349330
vt 0.264736 0.341602
vt 0.275614 0.337759
vt 0.240387 0.681447
vt 0.257495 0.682129
vt 0.259005 0.700719
vt 0.241075 0.700160
vt 0.274603 0.682810
vt 0.276935 0.701277
vt 0.279037 0.721659
vt 0.260472 0.721241
vt 0.241907 0.720823
vt 0.628962 0.807793
vt 0.616087 0.807774
vt 0.615845 0.795134
vt 0.628705 0.795164
vt 0.603213 0.807755
vt 0.602985 0.795105
vt 0.602796 0.782471
vt 0.615645 0.782502
vt 0.628494 0.782533
vt 0.247307 0.404414
vt 0.234153 0.403853
vt 0.235073 0.388629
vt 0.248174 0.389186
vt 0.220999 0.403292
vt 0.221972 0.388071
vt 0.222345 0.375380
vt 0.235438 0.375938
vt 0.248531 0.376496
vt 0.276317 0.405845
vt 0.263549 0.406030
vt 0.263733 0.390635
vt 0.276447 0.390589
vt 0.250780 0.406214
vt 0.251019 0.390680
vt 0.251215 0.377772
vt 0.263912 0.377746
vt 0.276609 0.377720
vt 0.476160 0.785308
vt 0.463208 0.784711
vt 0.489112 0.785905
vt 0.488132 0.798144
vt 0.475180 0.797547
vt 0.462228 0.796950
vt 0.615496 0.769425
vt 0.628373 0.769456
vt 0.602619 0.769395
vt 0.602162 0.753509
vt 0.615269 0.753622
vt 0.628376 0.753734
vt 0.235433 0.363244
vt 0.248558 0.363804
vt 0.222308 0.362685
vt 0.221584 0.347418
vt 0.234934 0.347987
vt 0.248284 0.348556
vt 0.264113 0.365467
vt 0.276674 0.365498
vt 0.251318 0.364863
vt 0.466250 0.255072
vt 0.466250 0.240214
vt 0.477476 0.241846
vt 0.477473 0.257536
vt 0.466250 0.225356
vt 0.477480 0.226155
vt 0.488709 0.226954
vt 0.488703 0.243478
vt 0.488696 0.260001
vt 0.246660 0.625759
vt 0.246676 0.606005
vt 0.264193 0.606298
vt 0.263452 0.627732
vt 0.246115 0.584361
vt 0.264161 0.583136
vt 0.282206 0.581911
vt 0.281710 0.606591
vt 0.280243 0.629705
vt 0.628694 0.714644
vt 0.614258 0.714132
vt 0.613587 0.699007
vt 0.628842 0.699528
vt 0.599822 0.713621
vt 0.598331 0.698486
vt 0.596790 0.686441
vt 0.612876 0.686856
vt 0.628962 0.687271
vt 0.247122 0.310664
vt 0.232471 0.310036
vt 0.231154 0.295332
vt 0.246610 0.295996
vt 0.217820 0.309409
vt 0.215697 0.294667
vt 0.213630 0.282685
vt 0.229904 0.283387
vt 0.246178 0.284090
vt 0.265821 0.294515
vt 0.280780 0.293949
vt 0.250613 0.295666
vt 0.250422 0.283502
vt 0.266314 0.283093
vt 0.282206 0.282685
vt 0.687036 0.006828
vt 0.703764 0.003880
vt 0.703346 0.018751
vt 0.685250 0.023474
vt 0.720493 0.000932
vt 0.721442 0.014027
vt 0.722198 0.031487
vt 0.702938 0.036684
vt 0.683677 0.041881
vt 0.077607 0.961777
vt 0.068180 0.951695
vt 0.071209 0.949054
vt 0.077492 0.952950
vt 0.061067 0.942388
vt 0.068878 0.942711
vt 0.077426 0.944449
vt 0.933799 0.917157
vt 0.934914 0.901518
vt 0.951121 0.900362
vt 0.950564 0.917010
vt 0.936028 0.885880
vt 0.951678 0.883715
vt 0.967328 0.881550
vt 0.967328 0.899206
vt 0.967328 0.916863
vt 0.476706 0.718344
vt 0.473257 0.711721
vt 0.465419 0.723769
vt 0.465126 0.714018
vt 0.637222 0.449175
vt 0.621708 0.447192
vt 0.620773 0.431950
vt 0.637636 0.435913
vt 0.606194 0.445209
vt 0.603909 0.427986
vt 0.601972 0.408372
vt 0.619951 0.412855
vt 0.637929 0.417338
vt 0.490818 0.669911
vt 0.476090 0.674904
vt 0.473829 0.661831
vt 0.489461 0.656804
vt 0.461362 0.679896
vt 0.458197 0.666858
vt 0.455186 0.648710
vt 0.471735 0.643879
vt 0.488284 0.639048
vt 0.681954 0.084116
vt 0.702277 0.082065
vt 0.702136 0.100593
vt 0.682038 0.102654
vt 0.722599 0.080015
vt 0.722233 0.098531
vt 0.721737 0.112878
vt 0.702098 0.115739
vt 0.682460 0.118599
vt 0.860622 0.252829
vt 0.850009 0.248141
vt 0.851828 0.233832
vt 0.859225 0.231108
vt 0.840845 0.240668
vt 0.847556 0.222618
vt 0.852753 0.205909
vt 0.367793 0.953356
vt 0.350088 0.949178
vt 0.350147 0.930798
vt 0.367822 0.934733
vt 0.332383 0.945000
vt 0.332472 0.926863
vt 0.332513 0.909714
vt 0.350094 0.913397
vt 0.367675 0.917080
vt 0.637900 0.363000
vt 0.619038 0.362072
vt 0.619056 0.340878
vt 0.637672 0.341802
vt 0.600177 0.361145
vt 0.600440 0.339954
vt 0.601104 0.321539
vt 0.619281 0.323353
vt 0.637459 0.325168
vt 0.026897 0.667696
vt 0.012886 0.642542
vt 0.016489 0.636195
vt 0.025360 0.645952
vt 0.003253 0.621570
vt 0.013275 0.622550
vt 0.024511 0.627091
vt 0.487137 0.588765
vt 0.469106 0.592374
vt 0.469267 0.572398
vt 0.487381 0.569272
vt 0.451075 0.595983
vt 0.451154 0.575525
vt 0.452236 0.559520
vt 0.470121 0.556730
vt 0.488006 0.553940
vt 0.702124 0.129361
vt 0.682895 0.132594
vt 0.721354 0.126128
vt 0.721153 0.138468
vt 0.702257 0.141707
vt 0.683362 0.144947
vt 0.190285 0.771947
vt 0.190852 0.765369
vt 0.200324 0.762944
vt 0.204769 0.767622
vt 0.349865 0.897764
vt 0.367249 0.901182
vt 0.332480 0.894345
vt 0.332451 0.880759
vt 0.349586 0.883931
vt 0.366720 0.887104
vt 0.619591 0.307476
vt 0.637385 0.309721
vt 0.601797 0.305232
vt 0.602492 0.290806
vt 0.619978 0.293076
vt 0.637463 0.295345
vt 0.471178 0.542142
vt 0.488781 0.539635
vt 0.453575 0.544650
vt 0.454877 0.530787
vt 0.472208 0.528519
vt 0.489539 0.526251
vt 0.473062 0.516671
vt 0.490149 0.514589
vt 0.455975 0.518752
vt 0.456744 0.509969
vt 0.473650 0.508012
vt 0.490555 0.506055
vt 0.349397 0.872030
vt 0.366298 0.875006
vt 0.332496 0.869053
vt 0.332579 0.860491
vt 0.349305 0.863336
vt 0.366031 0.866181
vt 0.620437 0.280661
vt 0.637662 0.282893
vt 0.603212 0.278430
vt 0.603806 0.269413
vt 0.620841 0.271615
vt 0.637876 0.273818
vt 0.816552 0.931428
vt 0.821514 0.949372
vt 0.814862 0.948871
vt 0.812010 0.929977
vt 0.826476 0.967316
vt 0.817714 0.967765
vt 0.806483 0.968330
vt 0.806483 0.948184
vt 0.806483 0.928038
vt 0.065742 0.592472
vt 0.064532 0.614097
vt 0.046748 0.613858
vt 0.047468 0.590683
vt 0.063983 0.633851
vt 0.046874 0.635321
vt 0.029765 0.636792
vt 0.028965 0.613618
vt 0.029193 0.588895
vt 0.702561 0.059254
vt 0.682523 0.062948
vt 0.722599 0.055559
vt 0.550065 0.254435
vt 0.541989 0.254443
vt 0.541602 0.248821
vt 0.551346 0.248818
vt 0.533913 0.254452
vt 0.531859 0.248825
vt 0.529730 0.241503
vt 0.541117 0.241517
vt 0.552504 0.241531
vt 0.960976 0.224510
vt 0.960447 0.233933
vt 0.958446 0.231236
vt 0.959799 0.221424
vt 0.959918 0.243357
vt 0.957093 0.241048
vt 0.952485 0.237885
vt 0.954358 0.226872
vt 0.956231 0.215858
vt 0.642309 0.307953
vt 0.651921 0.287225
vt 0.655540 0.293549
vt 0.652335 0.307065
vt 0.665878 0.262404
vt 0.664392 0.283951
vt 0.663566 0.302657
vt 0.600686 0.385066
vt 0.619347 0.387851
vt 0.638009 0.390637
vt 0.470025 0.618488
vt 0.487462 0.614217
vt 0.452588 0.622759
vt 0.701941 0.970216
vt 0.707079 0.963836
vt 0.712512 0.964552
vt 0.707781 0.971371
vt 0.711267 0.954591
vt 0.717132 0.957441
vt 0.723035 0.957575
vt 0.719071 0.965199
vt 0.715108 0.972824
vt 0.821685 0.240057
vt 0.814527 0.240393
vt 0.814414 0.237737
vt 0.821675 0.237379
vt 0.807368 0.240728
vt 0.807153 0.238096
vt 0.806766 0.234601
vt 0.814160 0.234213
vt 0.821553 0.233824
vt 0.281336 0.816819
vt 0.260948 0.817013
vt 0.261490 0.805447
vt 0.281642 0.805379
vt 0.240561 0.817206
vt 0.241339 0.805515
vt 0.242140 0.789881
vt 0.261990 0.789951
vt 0.281840 0.790021
vt 0.702524 0.152407
vt 0.683913 0.155602
vt 0.721136 0.149212
vt 0.721210 0.157078
vt 0.702807 0.160244
vt 0.684403 0.163409
vt 0.888128 0.250134
vt 0.873650 0.252874
vt 0.871844 0.230037
vt 0.886354 0.229300
vt 0.870253 0.209347
vt 0.885143 0.210541
vt 0.186228 0.547173
vt 0.185855 0.529850
vt 0.201232 0.529224
vt 0.199987 0.546689
vt 0.185855 0.509772
vt 0.202906 0.508979
vt 0.219957 0.508185
vt 0.216609 0.528598
vt 0.213745 0.546206
vt 0.601176 0.733433
vt 0.614843 0.733757
vt 0.628511 0.734081
vt 0.233842 0.328914
vt 0.247741 0.329508
vt 0.219944 0.328320
vt 0.245837 0.423394
vt 0.232552 0.422824
vt 0.219268 0.422254
vt 0.461306 0.800008
vt 0.475725 0.801950
vt 0.475933 0.821048
vt 0.461272 0.818968
vt 0.490144 0.803892
vt 0.490595 0.823129
vt 0.490818 0.840558
vt 0.476055 0.838375
vt 0.461291 0.836191
vt 0.263436 0.425127
vt 0.276316 0.424612
vt 0.250555 0.425641
vt 0.185962 0.789990
vt 0.188044 0.780715
vt 0.207280 0.778371
vt 0.207495 0.790424
vt 0.226754 0.775589
vt 0.229028 0.790858
vt 0.263984 0.329447
vt 0.276389 0.329036
vt 0.251090 0.329893
vt 0.490791 0.727515
vt 0.477965 0.731584
vt 0.465362 0.735262
vt 0.774250 0.463371
vt 0.763987 0.470803
vt 0.763822 0.453935
vt 0.773921 0.451518
vt 0.753724 0.478236
vt 0.753724 0.456352
vt 0.753724 0.434468
vt 0.763658 0.437067
vt 0.773593 0.439665
vt 0.632132 0.211520
vt 0.641688 0.214496
vt 0.648829 0.231340
vt 0.639447 0.236282
vt 0.650125 0.216003
vt 0.657201 0.226806
vt 0.668779 0.232785
vt 0.657179 0.242590
vt 0.648618 0.253610
vt 0.966600 0.167370
vt 0.958324 0.171285
vt 0.951612 0.158362
vt 0.956031 0.149007
vt 0.950047 0.175200
vt 0.947193 0.167716
vt 0.940272 0.159840
vt 0.939199 0.144130
vt 0.938126 0.128420
vt 0.205354 0.799830
vt 0.185855 0.797641
vt 0.224854 0.802019
vt 0.216656 0.810577
vt 0.201851 0.807366
vt 0.187046 0.804155
vt 0.966508 0.588713
vt 0.966690 0.594250
vt 0.953678 0.601952
vt 0.954183 0.593160
vt 0.965356 0.599281
vt 0.951452 0.611401
vt 0.937549 0.623520
vt 0.940666 0.609654
vt 0.941858 0.597607
vt 0.678931 0.226627
vt 0.676965 0.241337
vt 0.666546 0.244630
vt 0.672507 0.230837
vt 0.675000 0.256047
vt 0.660881 0.258546
vt 0.938881 0.196329
vt 0.948734 0.207040
vt 0.947304 0.220591
vt 0.938503 0.213217
vt 0.945874 0.234141
vt 0.938126 0.230105
vt 0.964943 0.182029
vt 0.955531 0.182029
vt 0.955949 0.194464
vt 0.947037 0.191465
vt 0.938126 0.188467
vt 0.946120 0.182029
vt 0.223468 0.647834
vt 0.229161 0.635627
vt 0.229199 0.653064
vt 0.223544 0.661767
vt 0.234854 0.623420
vt 0.234854 0.644362
vt 0.234854 0.665304
vt 0.229237 0.670502
vt 0.223621 0.675700
vt 0.870280 0.193459
vt 0.884882 0.195252
vt 0.855430 0.191445
vt 0.476024 0.852739
vt 0.461393 0.850511
vt 0.490654 0.854967
vt 0.262195 0.642610
vt 0.246598 0.639431
vt 0.277792 0.645788
vt 0.274793 0.657358
vt 0.260681 0.653308
vt 0.246569 0.649259
vt 0.621832 0.926464
vt 0.621832 0.946068
vt 0.609390 0.944371
vt 0.609311 0.925389
vt 0.621832 0.965673
vt 0.609469 0.963353
vt 0.597106 0.961033
vt 0.596948 0.942674
vt 0.596790 0.924315
vt 0.047733 0.650256
vt 0.031792 0.652964
vt 0.063675 0.647547
vt 0.063452 0.657411
vt 0.048988 0.661026
vt 0.034524 0.664641
vt 0.256375 0.669265
vt 0.272542 0.670015
vt 0.240208 0.668516
vt 0.240350 0.659222
vt 0.255518 0.660004
vt 0.270685 0.660786
vt 0.242637 0.547952
vt 0.261907 0.545797
vt 0.263241 0.563333
vt 0.244576 0.565296
vt 0.281176 0.543642
vt 0.281907 0.561371
vt 0.962692 0.690391
vt 0.943425 0.690251
vt 0.943289 0.674411
vt 0.961357 0.674338
vt 0.924158 0.690111
vt 0.925221 0.674484
vt 0.926323 0.658756
vt 0.942908 0.658583
vt 0.959493 0.658411
vt 0.031130 0.550913
vt 0.050761 0.553487
vt 0.048974 0.570892
vt 0.030058 0.568358
vt 0.070391 0.556060
vt 0.067891 0.573425
vt 0.281232 0.756703
vt 0.261963 0.756481
vt 0.261445 0.739609
vt 0.280422 0.739914
vt 0.242695 0.756259
vt 0.242467 0.739305
vt 0.240093 0.513157
vt 0.260145 0.511106
vt 0.260735 0.528405
vt 0.241027 0.530575
vt 0.280197 0.509055
vt 0.280443 0.526235
vt 0.963099 0.722803
vt 0.942547 0.721346
vt 0.943140 0.706031
vt 0.963147 0.706624
vt 0.921995 0.719888
vt 0.923133 0.705438
vt 0.031952 0.519023
vt 0.052947 0.520070
vt 0.052238 0.536487
vt 0.031947 0.534373
vt 0.073942 0.521116
vt 0.072530 0.538601
vt 0.262152 0.773304
vt 0.281703 0.773462
vt 0.242601 0.773147
vt 0.674692 0.450430
vt 0.684437 0.443655
vt 0.688458 0.456624
vt 0.676044 0.461893
vt 0.695540 0.441398
vt 0.700839 0.451394
vt 0.701829 0.463234
vt 0.692445 0.469631
vt 0.681672 0.471547
vt 0.029548 0.496531
vt 0.052030 0.494388
vt 0.052670 0.505267
vt 0.030859 0.505894
vt 0.074512 0.492245
vt 0.074481 0.504641
vt 0.962993 0.749663
vt 0.941300 0.745726
vt 0.941844 0.735343
vt 0.963012 0.738107
vt 0.919608 0.741788
vt 0.920677 0.732579
vt 0.916417 0.735786
vt 0.905545 0.736885
vt 0.905433 0.728531
vt 0.916223 0.727459
vt 0.894674 0.737984
vt 0.894642 0.729602
vt 0.894308 0.720630
vt 0.905284 0.719551
vt 0.916261 0.718471
vt 0.684405 0.201766
vt 0.697964 0.201241
vt 0.697915 0.208165
vt 0.684683 0.208672
vt 0.711523 0.200716
vt 0.711147 0.207659
vt 0.711008 0.215290
vt 0.697781 0.215799
vt 0.684553 0.216308
vt 0.909552 0.839484
vt 0.920331 0.840433
vt 0.920209 0.848704
vt 0.909516 0.847796
vt 0.931110 0.841382
vt 0.930902 0.849613
vt 0.930914 0.858474
vt 0.920044 0.857577
vt 0.909174 0.856681
vt 0.268434 0.904654
vt 0.255967 0.903280
vt 0.255954 0.895349
vt 0.268130 0.896733
vt 0.243501 0.901905
vt 0.243778 0.893966
vt 0.243673 0.885273
vt 0.255859 0.886712
vt 0.268046 0.888150
vt 0.917211 0.750892
vt 0.905708 0.752153
vt 0.905636 0.744573
vt 0.916837 0.743395
vt 0.894205 0.753413
vt 0.894434 0.745751
vt 0.682944 0.189495
vt 0.697635 0.188887
vt 0.697883 0.195022
vt 0.683721 0.195588
vt 0.712326 0.188279
vt 0.712045 0.194455
vt 0.909072 0.824124
vt 0.920473 0.825219
vt 0.920417 0.832782
vt 0.909312 0.831759
vt 0.931875 0.826315
vt 0.931522 0.833806
vt 0.269119 0.919036
vt 0.255596 0.917552
vt 0.255857 0.910463
vt 0.268882 0.911888
vt 0.242074 0.916068
vt 0.242832 0.909038
vt 0.496821 0.251174
vt 0.494756 0.243656
vt 0.498990 0.242716
vt 0.500647 0.251879
vt 0.494039 0.235838
vt 0.497332 0.233553
vt 0.501165 0.234258
vt 0.503223 0.241776
vt 0.503932 0.249594
vt 0.909235 0.809972
vt 0.920525 0.811108
vt 0.920507 0.817502
vt 0.909080 0.816372
vt 0.931816 0.812244
vt 0.931935 0.818633
vt 0.917184 0.765010
vt 0.905802 0.766313
vt 0.905764 0.759893
vt 0.917290 0.758594
vt 0.894421 0.767616
vt 0.894239 0.761192
vt 0.006950 0.490106
vt 0.013806 0.489163
vt 0.013519 0.492964
vt 0.006566 0.493943
vt 0.020662 0.488221
vt 0.020472 0.491985
vt 0.020278 0.496922
vt 0.013197 0.497950
vt 0.006117 0.498977
vt 0.003087 0.598170
vt 0.014421 0.600126
vt 0.012791 0.610120
vt 0.000932 0.607622
vt 0.025754 0.602082
vt 0.024801 0.613063
vt 0.210532 0.569069
vt 0.199712 0.569386
vt 0.199500 0.559498
vt 0.211738 0.559114
vt 0.188892 0.569703
vt 0.187262 0.559882
vt 0.664755 0.327572
vt 0.653410 0.329427
vt 0.651821 0.319428
vt 0.663838 0.316605
vt 0.642065 0.331282
vt 0.639956 0.321811
vt 0.943211 0.352865
vt 0.943207 0.367470
vt 0.936474 0.366140
vt 0.936472 0.348559
vt 0.943204 0.382075
vt 0.936476 0.383722
vt 0.929754 0.385958
vt 0.929754 0.364934
vt 0.929754 0.343910
vt 0.007848 0.581962
vt 0.017373 0.581957
vt 0.016314 0.590903
vt 0.005957 0.589932
vt 0.026897 0.581951
vt 0.026670 0.591874
vt 0.210071 0.587417
vt 0.201516 0.587654
vt 0.200454 0.578578
vt 0.209988 0.578309
vt 0.192962 0.587890
vt 0.190920 0.578847
vt 0.665878 0.347793
vt 0.656352 0.347717
vt 0.655284 0.338700
vt 0.665649 0.337811
vt 0.646825 0.347642
vt 0.644919 0.339588
vt 0.956787 0.359992
vt 0.956738 0.370663
vt 0.949965 0.369005
vt 0.949988 0.356600
vt 0.956689 0.381335
vt 0.949943 0.381410
vt 0.007151 0.566165
vt 0.015910 0.564816
vt 0.017009 0.573177
vt 0.007981 0.573997
vt 0.024669 0.563467
vt 0.026038 0.572356
vt 0.211432 0.604903
vt 0.203688 0.605112
vt 0.202675 0.596653
vt 0.210689 0.596435
vt 0.195944 0.605321
vt 0.194661 0.596872
vt 0.663710 0.366415
vt 0.654952 0.365001
vt 0.656018 0.356572
vt 0.665046 0.357458
vt 0.646193 0.363586
vt 0.646991 0.355686
vt 0.819554 0.180815
vt 0.810245 0.181439
vt 0.810967 0.174499
vt 0.820551 0.173879
vt 0.800937 0.182064
vt 0.801383 0.175119
vt 0.801963 0.167930
vt 0.811837 0.167317
vt 0.821712 0.166704
vt 0.005740 0.551406
vt 0.014121 0.549902
vt 0.014905 0.557115
vt 0.006346 0.558642
vt 0.022502 0.548399
vt 0.023464 0.555588
vt 0.212025 0.619235
vt 0.204672 0.619431
vt 0.204356 0.612612
vt 0.211895 0.612410
vt 0.197320 0.619628
vt 0.196817 0.612815
vt 0.661551 0.381575
vt 0.653170 0.380008
vt 0.653962 0.372756
vt 0.662521 0.374348
vt 0.644788 0.378442
vt 0.645403 0.371164
vt 0.818503 0.193447
vt 0.809670 0.194065
vt 0.809798 0.187952
vt 0.818858 0.187328
vt 0.800837 0.194683
vt 0.800739 0.188576
vt 0.005026 0.537531
vt 0.013069 0.536146
vt 0.013515 0.542940
vt 0.005304 0.544385
vt 0.021111 0.534760
vt 0.021725 0.541495
vt 0.211463 0.632105
vt 0.204452 0.632292
vt 0.204683 0.625954
vt 0.211860 0.625763
vt 0.197441 0.632479
vt 0.197505 0.626146
vt 0.660072 0.395253
vt 0.652028 0.393806
vt 0.652530 0.386996
vt 0.660742 0.388504
vt 0.643984 0.392358
vt 0.644319 0.385489
vt 0.818743 0.204790
vt 0.810319 0.205376
vt 0.809865 0.199855
vt 0.818487 0.199249
vt 0.801895 0.205963
vt 0.801243 0.200461
vt 0.004903 0.524179
vt 0.012614 0.522914
vt 0.012771 0.529478
vt 0.004895 0.530804
vt 0.020326 0.521649
vt 0.020647 0.528153
vt 0.210242 0.644374
vt 0.203545 0.644555
vt 0.204050 0.638485
vt 0.210901 0.638302
vt 0.196848 0.644736
vt 0.197199 0.638668
vt 0.659126 0.408376
vt 0.651410 0.407049
vt 0.651656 0.400481
vt 0.659535 0.401869
vt 0.643694 0.405721
vt 0.643777 0.399093
vt 0.819735 0.215239
vt 0.811678 0.215771
vt 0.810950 0.210672
vt 0.819186 0.210111
vt 0.803622 0.216302
vt 0.802714 0.211233
vt 0.005304 0.511179
vt 0.012691 0.510036
vt 0.012590 0.516437
vt 0.005041 0.517641
vt 0.020078 0.508892
vt 0.020138 0.515233
vt 0.208880 0.656211
vt 0.202478 0.656390
vt 0.203003 0.650520
vt 0.209551 0.650341
vt 0.196077 0.656568
vt 0.196455 0.650699
vt 0.658682 0.421142
vt 0.651289 0.419936
vt 0.651289 0.413529
vt 0.658843 0.414796
vt 0.643895 0.418731
vt 0.643734 0.412263
vt 0.820839 0.224999
vt 0.813126 0.225461
vt 0.812425 0.220695
vt 0.820308 0.220197
vt 0.805414 0.225922
vt 0.804543 0.221193
vt 0.012906 0.503767
vt 0.005678 0.504850
vt 0.020134 0.502683
vt 0.207805 0.667228
vt 0.201679 0.667409
vt 0.202023 0.662115
vt 0.208281 0.661936
vt 0.195553 0.667589
vt 0.195764 0.662294
vt 0.658693 0.433134
vt 0.651604 0.432046
vt 0.651403 0.426215
vt 0.658639 0.427360
vt 0.644514 0.430957
vt 0.644167 0.425070
vt 0.813721 0.230037
vt 0.821268 0.229613
vt 0.806174 0.230461
vt 0.177156 0.737022
vt 0.178294 0.739182
vt 0.175861 0.740195
vt 0.174946 0.737484
vt 0.178719 0.741629
vt 0.176775 0.742884
vt 0.174562 0.743338
vt 0.173427 0.741186
vt 0.173002 0.738727
vt 0.658954 0.441869
vt 0.652086 0.440866
vt 0.651852 0.437049
vt 0.658816 0.438089
vt 0.645219 0.439864
vt 0.644888 0.436009
vt 0.217620 0.499413
vt 0.215231 0.486383
vt 0.220241 0.486591
vt 0.221436 0.499360
vt 0.212842 0.473352
vt 0.219047 0.473822
vt 0.225252 0.474293
vt 0.225252 0.486800
vt 0.225252 0.499306
vt 0.207302 0.675185
vt 0.201378 0.675370
vt 0.201474 0.671931
vt 0.207485 0.671748
vt 0.195453 0.675555
vt 0.195462 0.672114
vt 0.656597 0.467148
vt 0.656202 0.461242
vt 0.659333 0.460697
vt 0.659318 0.467428
vt 0.656561 0.457167
vt 0.659284 0.455624
vt 0.661997 0.455608
vt 0.662470 0.460375
vt 0.662162 0.468529
vt 0.660754 0.213348
vt 0.666362 0.220699
vt 0.662740 0.223385
vt 0.656520 0.215149
vt 0.671970 0.228049
vt 0.669414 0.231109
vt 0.040006 0.951764
vt 0.040008 0.942521
vt 0.044855 0.942172
vt 0.044854 0.952207
vt 0.040010 0.933278
vt 0.044856 0.932138
vt 0.050891 0.930715
vt 0.050891 0.941736
vt 0.050891 0.952758
vt 0.057179 0.928978
vt 0.067341 0.929911
vt 0.067600 0.935582
vt 0.057848 0.934602
vt 0.077503 0.930844
vt 0.077443 0.936738
vt 0.968162 0.795150
vt 0.965186 0.797365
vt 0.963707 0.793141
vt 0.967419 0.791525
vt 0.961701 0.798230
vt 0.959995 0.794772
vt 0.959465 0.790783
vt 0.962228 0.788932
vt 0.965498 0.788445
vt 0.827763 0.188921
vt 0.832383 0.178437
vt 0.834951 0.178740
vt 0.832295 0.190080
vt 0.837004 0.167954
vt 0.837607 0.167400
vt 0.837952 0.166704
vt 0.837952 0.179109
vt 0.837952 0.191514
vt 0.938326 0.567036
vt 0.948191 0.563842
vt 0.948241 0.570204
vt 0.937549 0.573318
vt 0.958056 0.560649
vt 0.958933 0.567089
vt 0.960798 0.574909
vt 0.949307 0.577918
vt 0.937816 0.580928
vt 0.827816 0.237884
vt 0.827572 0.227903
vt 0.831675 0.228204
vt 0.832353 0.238092
vt 0.827328 0.217923
vt 0.830998 0.218316
vt 0.835498 0.218968
vt 0.836751 0.228656
vt 0.838005 0.238344
vt 0.540630 0.233595
vt 0.552810 0.233642
vt 0.528450 0.233547
vt 0.527746 0.225356
vt 0.540154 0.225447
vt 0.552563 0.225537
vt 0.193345 0.959635
vt 0.182308 0.953975
vt 0.182979 0.947977
vt 0.194366 0.954122
vt 0.171270 0.948316
vt 0.171593 0.941833
vt 0.173645 0.936352
vt 0.185137 0.942572
vt 0.196630 0.948792
vt 0.823576 0.214944
vt 0.823576 0.204161
vt 0.830808 0.204567
vt 0.830872 0.215501
vt 0.823576 0.193379
vt 0.830745 0.193633
vt 0.837914 0.193887
vt 0.838041 0.204972
vt 0.838168 0.216058
vt 0.952018 0.585400
vt 0.940084 0.588534
vt 0.963952 0.582266
vt 0.195849 0.969794
vt 0.186289 0.966370
vt 0.183974 0.960690
vt 0.194292 0.965245
vt 0.176729 0.962947
vt 0.173655 0.956135
vt 0.170274 0.717124
vt 0.171693 0.707770
vt 0.177780 0.705531
vt 0.177070 0.715565
vt 0.173112 0.698416
vt 0.178489 0.695498
vt 0.183867 0.692580
vt 0.183867 0.703293
vt 0.183867 0.714006
vt 0.927918 0.597360
vt 0.923027 0.620073
vt 0.916800 0.621439
vt 0.919611 0.596303
vt 0.918135 0.642787
vt 0.913990 0.646575
vt 0.908993 0.651322
vt 0.908993 0.623139
vt 0.908993 0.594955
vt 0.798340 0.959477
vt 0.799902 0.962766
vt 0.796216 0.963844
vt 0.795064 0.960122
vt 0.800281 0.966349
vt 0.797375 0.967559
vt 0.794134 0.967593
vt 0.792537 0.964914
vt 0.792131 0.961934
vt 0.917109 0.679261
vt 0.904537 0.680336
vt 0.904951 0.669829
vt 0.917216 0.668903
vt 0.891965 0.681411
vt 0.892686 0.670754
vt 0.893977 0.659843
vt 0.905634 0.659127
vt 0.917290 0.658411
vt 0.525882 0.229746
vt 0.525882 0.244863
vt 0.517625 0.243730
vt 0.517575 0.227551
vt 0.525882 0.259981
vt 0.517675 0.259910
vt 0.509468 0.259839
vt 0.509369 0.242598
vt 0.509269 0.225356
vt 0.906797 0.895465
vt 0.919262 0.896320
vt 0.919673 0.906661
vt 0.907502 0.905943
vt 0.931727 0.897175
vt 0.931845 0.907380
vt 0.931935 0.917712
vt 0.920354 0.917181
vt 0.908773 0.916650
vt 0.268754 0.850520
vt 0.255066 0.848730
vt 0.254804 0.838737
vt 0.268936 0.840630
vt 0.241379 0.846941
vt 0.240673 0.836844
vt 0.239957 0.826628
vt 0.254538 0.828627
vt 0.269119 0.830626
vt 0.916718 0.699297
vt 0.904833 0.700414
vt 0.904566 0.690509
vt 0.916943 0.689383
vt 0.892947 0.701531
vt 0.892189 0.691635
vt 0.683448 0.233087
vt 0.697370 0.232537
vt 0.697098 0.241281
vt 0.682717 0.241863
vt 0.711293 0.231987
vt 0.711479 0.240699
vt 0.711645 0.249493
vt 0.696800 0.250111
vt 0.681954 0.250730
vt 0.907795 0.875596
vt 0.919567 0.876502
vt 0.919294 0.886288
vt 0.907030 0.885382
vt 0.931340 0.877408
vt 0.931559 0.887194
vt 0.268374 0.869728
vt 0.255541 0.868129
vt 0.255318 0.858519
vt 0.268573 0.860210
vt 0.242707 0.866529
vt 0.242062 0.856827
vt 0.905087 0.710128
vt 0.916460 0.709031
vt 0.893714 0.711225
vt 0.697598 0.223985
vt 0.684100 0.224509
vt 0.711096 0.223460
vt 0.919832 0.866895
vt 0.908571 0.865996
vt 0.931094 0.867794
vt 0.255721 0.877575
vt 0.268163 0.879088
vt 0.243278 0.876061
vt 0.441218 0.898189
vt 0.441570 0.876779
vt 0.448656 0.878442
vt 0.448453 0.903076
vt 0.441922 0.855369
vt 0.448859 0.853808
vt 0.457727 0.851809
vt 0.457727 0.880574
vt 0.457727 0.909339
vt 0.227583 0.619336
vt 0.227414 0.591875
vt 0.232100 0.591824
vt 0.232195 0.620315
vt 0.227244 0.564413
vt 0.232005 0.563333
vt 0.238093 0.561940
vt 0.238093 0.591748
vt 0.238093 0.621556
vt 0.855024 0.959688
vt 0.847106 0.957513
vt 0.850168 0.946874
vt 0.858956 0.951555
vt 0.840245 0.951702
vt 0.841408 0.942205
vt 0.845574 0.934302
vt 0.853257 0.936248
vt 0.859908 0.941842
vt 0.948072 0.560303
vt 0.957448 0.557112
vt 0.938697 0.563494
vt 0.938680 0.561632
vt 0.947795 0.558495
vt 0.956909 0.555359
vt 0.789098 0.960873
vt 0.793611 0.956278
vt 0.794244 0.957774
vt 0.790462 0.961369
vt 0.799562 0.955795
vt 0.799097 0.957458
vt 0.037141 0.942725
vt 0.037144 0.933948
vt 0.037138 0.951502
vt 0.035460 0.951347
vt 0.035464 0.942841
vt 0.035468 0.934335
vt 0.956686 0.789018
vt 0.961205 0.784981
vt 0.961476 0.786421
vt 0.957890 0.789759
vt 0.967087 0.785429
vt 0.966277 0.786743
vt 0.825088 0.227855
vt 0.825038 0.217959
vt 0.825138 0.237751
vt 0.823576 0.237663
vt 0.823576 0.227959
vt 0.823576 0.218254
vt 0.959896 0.801721
vt 0.956261 0.796182
vt 0.957690 0.795703
vt 0.960747 0.800273
vt 0.830538 0.178245
vt 0.835970 0.168271
vt 0.825107 0.188220
vt 0.823576 0.187795
vt 0.829127 0.178120
vt 0.834678 0.168445
vt 0.971147 0.796646
vt 0.966203 0.801426
vt 0.965935 0.799921
vt 0.969909 0.795911
vt 0.961589 0.235491
vt 0.961477 0.244679
vt 0.961701 0.226303
vt 0.962390 0.227510
vt 0.962390 0.236475
vt 0.962390 0.245440
vt 0.971147 0.790225
vt 0.969721 0.790639
vt 0.699698 0.937122
vt 0.705464 0.947214
vt 0.703434 0.947650
vt 0.698202 0.937558
vt 0.706070 0.956488
vt 0.704007 0.956679
vt 0.701725 0.947915
vt 0.696705 0.937994
vt 0.663807 0.452233
vt 0.665783 0.459946
vt 0.664497 0.460053
vt 0.663070 0.453611
vt 0.665783 0.471441
vt 0.664236 0.469931
vt 0.067425 0.926641
vt 0.077559 0.927490
vt 0.057291 0.925793
vt 0.057638 0.923995
vt 0.067623 0.924811
vt 0.077607 0.925626
vt 0.654236 0.454942
vt 0.658907 0.451039
vt 0.659133 0.452740
vt 0.655300 0.456012
vt 0.668375 0.219124
vt 0.673684 0.226076
vt 0.663066 0.212172
vt 0.664336 0.211520
vt 0.669480 0.218251
vt 0.674623 0.224981
vt 0.653789 0.469705
vt 0.652910 0.461666
vt 0.654189 0.461496
vt 0.654868 0.468071
vt 0.703681 0.963645
vt 0.698580 0.969557
vt 0.696705 0.969197
vt 0.701725 0.963516
vt 0.079918 0.511587
vt 0.079918 0.519570
vt 0.078551 0.519104
vt 0.078955 0.512389
vt 0.079918 0.527553
vt 0.078147 0.525820
vt 0.076376 0.524086
vt 0.077185 0.518639
vt 0.077993 0.513191
vt 0.014011 0.486710
vt 0.020804 0.485791
vt 0.007217 0.487629
vt 0.007413 0.485926
vt 0.014163 0.485023
vt 0.020914 0.484120
vt 0.173318 0.746243
vt 0.170274 0.742352
vt 0.171662 0.741861
vt 0.173943 0.744801
vt 0.170274 0.737238
vt 0.171643 0.737999
vt 0.201350 0.677586
vt 0.195482 0.677773
vt 0.207217 0.677399
vt 0.207183 0.678919
vt 0.201354 0.679107
vt 0.195526 0.679295
vt 0.181438 0.742974
vt 0.177949 0.746296
vt 0.177434 0.744806
vt 0.180075 0.742302
vt 0.652259 0.443333
vt 0.645454 0.442354
vt 0.659064 0.444311
vt 0.659154 0.445992
vt 0.652392 0.445030
vt 0.645630 0.444068
vt 0.178388 0.733983
vt 0.181435 0.737867
vt 0.180054 0.738445
vt 0.177770 0.735509
vt 0.814555 0.242093
vt 0.807463 0.242414
vt 0.821647 0.241772
vt 0.821589 0.242941
vt 0.814543 0.243253
vt 0.807497 0.243565
vt 0.173760 0.733923
vt 0.174282 0.735500
vt 0.926618 0.619263
vt 0.920861 0.640597
vt 0.932375 0.597930
vt 0.934521 0.598209
vt 0.928629 0.618787
vt 0.922736 0.639366
vt 0.864919 0.939460
vt 0.865382 0.955061
vt 0.863546 0.954030
vt 0.863131 0.940187
vt 0.857604 0.966225
vt 0.856710 0.963994
vt 0.682091 0.177697
vt 0.696823 0.177069
vt 0.697227 0.182474
vt 0.682392 0.183100
vt 0.711556 0.176441
vt 0.712063 0.181847
vt 0.281531 0.481135
vt 0.260872 0.482679
vt 0.261207 0.476824
vt 0.281993 0.475401
vt 0.240212 0.484224
vt 0.240422 0.478247
vt 0.240557 0.476128
vt 0.261382 0.474740
vt 0.282206 0.473352
vt 0.707865 0.466565
vt 0.695124 0.478310
vt 0.694441 0.476127
vt 0.705975 0.465478
vt 0.678675 0.478310
vt 0.679612 0.476192
vt 0.941115 0.750798
vt 0.919181 0.746355
vt 0.963049 0.755242
vt 0.963147 0.757252
vt 0.941151 0.752733
vt 0.919155 0.748214
vt 0.698726 0.434468
vt 0.708909 0.448169
vt 0.706949 0.448880
vt 0.697811 0.436545
vt 0.051681 0.489074
vt 0.074446 0.486269
vt 0.028916 0.491880
vt 0.028761 0.489951
vt 0.051567 0.487035
vt 0.074373 0.484120
vt 0.668037 0.447766
vt 0.681527 0.435245
vt 0.682347 0.437270
vt 0.670173 0.448583
vt 0.260641 0.822554
vt 0.240141 0.822799
vt 0.281141 0.822310
vt 0.281032 0.824269
vt 0.260495 0.824516
vt 0.239957 0.824763
vt 0.667743 0.465386
vt 0.669838 0.464517
vt 0.542195 0.257602
vt 0.534981 0.257608
vt 0.549408 0.257596
vt 0.549183 0.259304
vt 0.542291 0.259304
vt 0.535399 0.259304
vt 0.792997 0.970625
vt 0.789098 0.966474
vt 0.790347 0.965752
vt 0.793422 0.969102
vt 0.187456 0.969438
vt 0.178355 0.966577
vt 0.196556 0.972299
vt 0.196630 0.973560
vt 0.187785 0.970879
vt 0.178940 0.968198
vt 0.803330 0.967969
vt 0.798883 0.971352
vt 0.798218 0.969886
vt 0.801943 0.967391
vt 0.079522 0.484200
vt 0.079522 0.496961
vt 0.078013 0.496650
vt 0.077949 0.484160
vt 0.079522 0.509723
vt 0.078078 0.509140
vt 0.076634 0.508558
vt 0.076505 0.496339
vt 0.076376 0.484120
vt 0.803396 0.961157
vt 0.802115 0.961908
vt 0.224905 0.591884
vt 0.224693 0.564974
vt 0.225117 0.618795
vt 0.223937 0.618516
vt 0.223703 0.591869
vt 0.223468 0.565222
vt 0.844926 0.965042
vt 0.845529 0.962979
vt 0.835164 0.953977
vt 0.836902 0.953211
vt 0.437794 0.875899
vt 0.438205 0.856200
vt 0.437382 0.895597
vt 0.435586 0.894382
vt 0.436003 0.875487
vt 0.436419 0.856593
vt 0.835164 0.938789
vt 0.836892 0.939767
vt 0.843405 0.928038
vt 0.844137 0.930204
vt 0.825287 0.949563
vt 0.831122 0.967060
vt 0.819452 0.932065
vt 0.821366 0.932214
vt 0.827333 0.949567
vt 0.833300 0.966921
vt 0.855620 0.928808
vt 0.854909 0.930818
vt 0.260348 0.494868
vt 0.239957 0.496665
vt 0.280739 0.493071
vt 0.349281 0.858757
vt 0.365913 0.861536
vt 0.332648 0.855977
vt 0.332704 0.853813
vt 0.349291 0.856564
vt 0.365877 0.859315
vt 0.806061 0.432035
vt 0.813207 0.422695
vt 0.813770 0.426207
vt 0.807571 0.434279
vt 0.822687 0.427593
vt 0.821982 0.430421
vt 0.820813 0.435161
vt 0.815058 0.434126
vt 0.810115 0.438028
vt 0.621076 0.266857
vt 0.638011 0.269044
vt 0.604141 0.264670
vt 0.604317 0.262404
vt 0.621204 0.264584
vt 0.638091 0.266764
vt 0.812292 0.470004
vt 0.806061 0.451852
vt 0.807582 0.451455
vt 0.812971 0.467190
vt 0.811036 0.450535
vt 0.814122 0.462459
vt 0.473938 0.503449
vt 0.490747 0.501554
vt 0.457129 0.505343
vt 0.457295 0.503130
vt 0.474056 0.501262
vt 0.490818 0.499394
vt 0.828900 0.465564
vt 0.821763 0.474903
vt 0.821176 0.471405
vt 0.827369 0.463334
vt 0.819871 0.463496
vt 0.824813 0.459593
vt 0.702986 0.164384
vt 0.684692 0.167534
vt 0.721279 0.161234
vt 0.721335 0.163235
vt 0.703095 0.166378
vt 0.684854 0.169522
vt 0.828909 0.445746
vt 0.827364 0.446157
vt 0.823893 0.447087
vt 0.817462 0.448813
vt 0.501610 0.257202
vt 0.495922 0.254379
vt 0.505876 0.252166
vt 0.507382 0.253983
vt 0.502130 0.260076
vt 0.495164 0.256699
vt 0.916936 0.770948
vt 0.905832 0.772230
vt 0.905822 0.770081
vt 0.917056 0.768787
vt 0.894727 0.773511
vt 0.894588 0.771376
vt 0.505824 0.241199
vt 0.502071 0.231053
vt 0.502837 0.228732
vt 0.507405 0.240848
vt 0.681980 0.172628
vt 0.696433 0.172007
vt 0.696576 0.173861
vt 0.681984 0.174487
vt 0.710886 0.171386
vt 0.711168 0.173236
vt 0.496369 0.228230
vt 0.492089 0.233265
vt 0.490574 0.231449
vt 0.495849 0.225356
vt 0.909515 0.804097
vt 0.920538 0.805215
vt 0.920534 0.807354
vt 0.909385 0.806225
vt 0.931561 0.806332
vt 0.931683 0.808484
vt 0.492155 0.244233
vt 0.490574 0.244584
vt 0.267758 0.938322
vt 0.254439 0.936867
vt 0.254574 0.934758
vt 0.268021 0.936228
vt 0.241120 0.935412
vt 0.241126 0.933287
vt 0.241233 0.929612
vt 0.254809 0.931099
vt 0.268384 0.932586
vt 0.255196 0.924917
vt 0.268861 0.926417
vt 0.241531 0.923418
s 1
usemtl sticks
f 62/1/1 301/2/2 730/3/3 401/4/4
f 301/2/2 63/5/5 402/6/6 730/3/3
f 730/3/3 402/6/6 59/7/7 395/8/8
f 401/4/4 730/3/3 395/8/8 58/9/9
f 61/10/10 300/11/11 731/12/12 400/13/13
f 300/11/11 62/14/1 401/15/4 731/12/12
f 731/12/12 401/15/4 58/16/9 393/17/14
f 400/13/13 731/12/12 393/17/14 57/18/15
f 60/19/16 399/20/17 732/21/18 398/22/19
f 399/20/17 57/23/15 392/24/20 732/21/18
f 732/21/18 392/24/20 53/25/21 391/26/22
f 398/22/19 732/21/18 391/26/22 56/27/23
f 59/28/7 397/29/24 733/30/25 396/31/26
f 397/29/24 60/32/16 398/33/19 733/30/25
f 733/30/25 398/33/19 56/34/23 389/35/27
f 396/31/26 733/30/25 389/35/27 55/36/28
f 58/9/9 395/8/8 734/37/29 394/38/30
f 395/8/8 59/7/7 396/39/26 734/37/29
f 734/37/29 396/39/26 55/40/28 387/41/31
f 394/38/30 734/37/29 387/41/31 54/42/32
f 57/18/15 393/17/14 735/43/33 392/44/20
f 393/17/14 58/16/9 394/45/30 735/43/33
f 735/43/33 394/45/30 54/46/32 385/47/34
f 392/44/20 735/43/33 385/47/34 53/48/21
f 56/27/23 391/26/22 736/49/35 390/50/36
f 391/26/22 53/25/21 384/51/37 736/49/35
f 736/49/35 384/51/37 49/52/38 383/53/39
f 390/50/36 736/49/35 383/53/39 52/54/40
f 55/36/28 389/35/27 737/55/41 388/56/42
f 389/35/27 56/34/23 390/57/36 737/55/41
f 737/55/41 390/57/36 52/58/40 381/59/43
f 388/56/42 737/55/41 381/59/43 51/60/44
f 54/42/32 387/41/31 738/61/45 386/62/46
f 387/41/31 55/40/28 388/63/42 738/61/45
f 738/61/45 388/63/42 51/64/44 379/65/47
f 386/62/46 738/61/45 379/65/47 50/66/48
f 53/48/21 385/47/34 739/67/49 384/68/37
f 385/47/34 54/46/32 386/69/46 739/67/49
f 739/67/49 386/69/46 50/70/48 377/71/50
f 384/68/37 739/67/49 377/71/50 49/72/38
f 52/73/40 383/74/39 740/75/51 382/76/52
f 383/74/39 49/77/38 376/78/53 740/75/51
f 740/75/51 376/78/53 45/79/54 293/80/55
f 382/76/52 740/75/51 293/80/55 48/81/56
f 51/82/44 381/83/43 741/84/57 380/85/58
f 381/83/43 52/86/40 382/87/52 741/84/57
f 741/84/57 382/87/52 48/88/56 291/89/59
f 380/85/58 741/84/57 291/89/59 47/90/60
f 29/91/61 264/92/62 742/93/63 263/94/64
f 126/95/65 252/96/66 742/93/63 264/92/62
f 30/97/67 263/94/64 742/93/63 252/96/66
f 50/98/48 379/99/47 743/100/68 378/101/69
f 379/99/47 51/102/44 380/103/58 743/100/68
f 743/100/68 380/103/58 47/104/60 288/105/70
f 378/101/69 743/100/68 288/105/70 46/106/71
f 49/107/38 377/108/50 744/109/72 376/110/53
f 377/108/50 50/111/48 378/112/69 744/109/72
f 744/109/72 378/112/69 46/113/71 296/114/73
f 376/110/53 744/109/72 296/114/73 45/115/54
f 44/116/74 283/117/75 745/118/76 375/119/77
f 283/117/75 41/120/78 372/121/79 745/118/76
f 745/118/76 372/121/79 37/122/80 371/123/81
f 375/119/77 745/118/76 371/123/81 40/124/82
f 33/125/83 269/126/84 746/127/85 267/128/86
f 34/129/87 251/130/88 746/127/85 269/126/84
f 127/131/89 267/128/86 746/127/85 251/130/88
f 69/132/90 330/133/91 747/134/92 332/135/93
f 330/133/91 72/136/94 333/137/95 747/134/92
f 747/134/92 333/137/95 76/138/96 326/139/97
f 332/135/93 747/134/92 326/139/97 73/140/98
f 43/141/99 273/142/100 748/143/101 374/144/102
f 273/142/100 44/145/74 375/146/77 748/143/101
f 748/143/101 375/146/77 40/147/82 369/148/103
f 374/144/102 748/143/101 369/148/103 39/149/104
f 42/150/105 285/151/106 749/152/107 373/153/108
f 285/151/106 43/154/99 374/155/102 749/152/107
f 749/152/107 374/155/102 39/156/104 367/157/109
f 373/153/108 749/152/107 367/157/109 38/158/110
f 41/159/78 284/160/111 750/161/112 372/162/79
f 284/160/111 42/163/105 373/164/108 750/161/112
f 750/161/112 373/164/108 38/165/110 365/166/113
f 372/162/79 750/161/112 365/166/113 37/167/80
f 40/124/82 371/123/81 751/168/114 370/169/115
f 371/123/81 37/122/80 364/170/116 751/168/114
f 751/168/114 364/170/116 33/171/83 271/172/117
f 370/169/115 751/168/114 271/172/117 36/173/118
f 39/149/104 369/148/103 752/174/119 368/175/120
f 369/148/103 40/147/82 370/176/115 752/174/119
f 752/174/119 370/176/115 36/177/118 272/178/121
f 368/175/120 752/174/119 272/178/121 35/179/122
f 38/158/110 367/157/109 753/180/123 366/181/124
f 367/157/109 39/156/104 368/182/120 753/180/123
f 753/180/123 368/182/120 35/183/122 258/184/125
f 366/181/124 753/180/123 258/184/125 34/185/87
f 37/167/80 365/166/113 754/186/126 364/187/116
f 365/166/113 38/165/110 366/188/124 754/186/126
f 754/186/126 366/188/124 34/129/87 269/126/84
f 364/187/116 754/186/126 269/126/84 33/125/83
f 32/189/127 262/190/128 755/191/129 363/192/130
f 262/190/128 29/193/61 360/194/131 755/191/129
f 755/191/129 360/194/131 25/195/132 359/196/133
f 363/192/130 755/191/129 359/196/133 28/197/134
f 69/198/90 332/199/93 756/200/135 331/201/136
f 332/199/93 73/202/98 325/203/137 756/200/135
f 756/200/135 325/203/137 74/204/138 324/205/139
f 331/201/136 756/200/135 324/205/139 70/206/140
f 31/207/141 261/208/142 757/209/143 362/210/144
f 261/208/142 32/211/127 363/212/130 757/209/143
f 757/209/143 363/212/130 28/213/134 356/214/145
f 362/210/144 757/209/143 356/214/145 27/215/146
f 30/216/67 260/217/147 758/218/148 361/219/149
f 260/217/147 31/220/141 362/221/144 758/218/148
f 758/218/148 362/221/144 27/222/146 354/223/150
f 361/219/149 758/218/148 354/223/150 26/224/151
f 29/91/61 263/94/64 759/225/152 360/226/131
f 263/94/64 30/97/67 361/227/149 759/225/152
f 759/225/152 361/227/149 26/228/151 352/229/153
f 360/226/131 759/225/152 352/229/153 25/230/132
f 28/231/134 359/232/133 760/233/154 357/234/155
f 359/232/133 25/235/132 351/236/156 760/233/154
f 760/233/154 351/236/156 21/237/157 255/238/158
f 357/234/155 760/233/154 255/238/158 24/239/159
f 47/240/60 291/241/59 761/242/160 290/243/161
f 48/244/56 278/245/162 761/242/160 291/241/59
f 124/246/163 290/243/161 761/242/160 278/245/162
f 27/247/146 356/248/145 762/249/164 355/250/165
f 356/248/145 28/251/134 357/252/155 762/249/164
f 762/249/164 357/252/155 24/253/159 358/254/166
f 355/250/165 762/249/164 358/254/166 23/255/167
f 45/79/54 294/256/168 763/257/169 293/80/55
f 123/258/170 280/259/171 763/257/169 294/256/168
f 48/81/56 293/80/55 763/257/169 280/259/171
f 26/260/151 354/261/150 764/262/172 353/263/173
f 354/261/150 27/264/146 355/265/165 764/262/172
f 764/262/172 355/265/165 23/266/167 248/267/174
f 353/263/173 764/262/172 248/267/174 22/268/175
f 25/269/132 352/270/153 765/271/176 351/272/156
f 352/270/153 26/273/151 353/274/173 765/271/176
f 765/271/176 353/274/173 22/275/175 254/276/177
f 351/272/156 765/271/176 254/276/177 21/277/157
f 20/278/178 250/279/179 766/280/180 350/281/181
f 250/279/179 17/282/182 346/283/183 766/280/180
f 766/280/180 346/283/183 13/284/184 345/285/185
f 350/281/181 766/280/180 345/285/185 16/286/186
f 68/287/187 292/288/188 767/289/189 279/290/190
f 139/291/191 286/292/192 767/289/189 292/288/188
f 64/293/193 279/290/190 767/289/189 286/292/192
f 19/294/194 349/295/195 768/296/196 348/297/197
f 349/295/195 20/298/178 350/299/181 768/296/196
f 768/296/196 350/299/181 16/300/186 343/301/198
f 348/297/197 768/296/196 343/301/198 15/302/199
f 18/303/200 246/304/201 769/305/202 347/306/203
f 246/304/201 19/307/194 348/308/197 769/305/202
f 769/305/202 348/308/197 15/309/199 341/310/204
f 347/306/203 769/305/202 341/310/204 14/311/205
f 70/312/140 324/313/139 770/314/206 323/315/207
f 74/316/138 302/317/208 770/314/206 324/313/139
f 93/318/209 323/315/207 770/314/206 302/317/208
f 17/319/182 245/320/210 771/321/211 346/322/183
f 245/320/210 18/323/200 347/324/203 771/321/211
f 771/321/211 347/324/203 14/325/205 339/326/212
f 346/322/183 771/321/211 339/326/212 13/327/184
f 16/286/186 345/285/185 772/328/213 344/329/214
f 345/285/185 13/284/184 338/330/215 772/328/213
f 772/328/213 338/330/215 9/331/216 337/332/217
f 344/329/214 772/328/213 337/332/217 12/333/218
f 131/334/219 311/335/220 773/336/221 312/337/222
f 62/14/1 300/11/11 773/336/221 311/335/220
f 61/10/10 312/337/222 773/336/221 300/11/11
f 15/302/199 343/301/198 774/338/223 342/339/224
f 343/301/198 16/300/186 344/340/214 774/338/223
f 774/338/223 344/340/214 12/341/218 336/342/225
f 342/339/224 774/338/223 336/342/225 11/343/226
f 14/311/205 341/310/204 775/344/227 340/345/228
f 341/310/204 15/309/199 342/346/224 775/344/227
f 775/344/227 342/346/224 11/347/226 335/348/229
f 340/345/228 775/344/227 335/348/229 10/349/230
f 13/327/184 339/326/212 776/350/231 338/351/215
f 339/326/212 14/325/205 340/352/228 776/350/231
f 776/350/231 340/352/228 10/353/230 334/354/232
f 338/351/215 776/350/231 334/354/232 9/355/216
f 9/355/216 334/354/232 777/356/233 703/357/234
f 334/354/232 10/353/230 704/358/235 777/356/233
f 777/356/233 704/358/235 224/359/236 695/360/237
f 703/357/234 777/356/233 695/360/237 221/361/238
f 11/343/226 336/342/225 778/362/239 705/363/240
f 336/342/225 12/341/218 702/364/241 778/362/239
f 778/362/239 702/364/241 229/365/242 683/366/243
f 705/363/240 778/362/239 683/366/243 227/367/244
f 10/349/230 335/348/229 779/368/245 704/369/235
f 335/348/229 11/347/226 705/370/240 779/368/245
f 779/368/245 705/370/240 227/371/244 690/372/246
f 704/369/235 779/368/245 690/372/246 224/373/236
f 209/374/247 655/375/248 780/376/249 679/377/250
f 655/375/248 211/378/251 680/379/252 780/376/249
f 780/376/249 680/379/252 23/380/167 358/381/166
f 679/377/250 780/376/249 358/381/166 24/382/159
f 76/383/96 333/384/95 781/385/253 327/386/254
f 333/384/95 72/387/94 329/388/255 781/385/253
f 781/385/253 329/388/255 71/389/256 328/390/257
f 327/386/254 781/385/253 328/390/257 75/391/258
f 24/239/159 255/238/158 782/392/259 257/393/260
f 255/238/158 21/237/157 253/394/261 782/392/259
f 782/392/259 253/394/261 17/282/182 250/279/179
f 257/393/260 782/392/259 250/279/179 20/278/178
f 197/395/262 633/396/263 783/397/264 675/398/265
f 633/396/263 200/399/266 676/400/267 783/397/264
f 783/397/264 676/400/267 135/401/268 511/402/269
f 675/398/265 783/397/264 511/402/269 134/403/270
f 194/404/271 562/405/272 784/406/273 672/407/274
f 562/405/272 184/408/275 670/409/276 784/406/273
f 784/406/273 670/409/276 126/410/65 265/411/277
f 672/407/274 784/406/273 265/411/277 129/412/278
f 75/413/258 328/414/257 785/415/279 310/416/280
f 71/417/256 321/418/281 785/415/279 328/414/257
f 94/419/282 310/416/280 785/415/279 321/418/281
f 23/266/167 249/420/283 786/421/284 248/267/174
f 249/420/283 19/307/194 246/304/201 786/421/284
f 786/421/284 246/304/201 18/303/200 247/422/285
f 248/267/174 786/421/284 247/422/285 22/268/175
f 21/277/157 254/276/177 787/423/286 253/424/261
f 254/276/177 22/275/175 247/425/285 787/423/286
f 787/423/286 247/425/285 18/323/200 245/320/210
f 253/424/261 787/423/286 245/320/210 17/319/182
f 182/426/287 582/427/288 788/428/289 668/429/290
f 582/427/288 172/430/291 666/431/292 788/428/289
f 788/428/289 666/431/292 123/432/170 281/433/293
f 668/429/290 788/428/289 281/433/293 125/434/294
f 170/435/295 602/436/296 789/437/297 664/438/298
f 602/436/296 160/439/299 662/440/300 789/437/297
f 789/437/297 662/440/300 119/441/301 509/442/302
f 664/438/298 789/437/297 509/442/302 122/443/303
f 158/444/304 629/445/305 790/446/306 660/447/307
f 629/445/305 148/448/308 658/449/309 790/446/306
f 790/446/306 658/449/309 81/450/310 425/451/311
f 660/447/307 790/446/306 425/451/311 84/452/312
f 12/333/218 337/332/217 791/453/313 702/454/241
f 337/332/217 9/331/216 703/455/234 791/453/313
f 791/453/313 703/455/234 221/456/238 699/457/314
f 702/454/241 791/453/313 699/457/314 229/458/242
f 67/459/315 305/460/316 792/461/317 304/462/318
f 305/460/316 68/287/187 279/290/190 792/461/317
f 792/461/317 279/290/190 64/293/193 303/463/319
f 304/462/318 792/461/317 303/463/319 63/464/5
f 94/465/282 321/466/281 793/467/320 307/468/321
f 321/466/281 71/469/256 322/470/322 793/467/320
f 793/467/320 322/470/322 70/471/140 323/472/207
f 307/468/321 793/467/320 323/472/207 93/473/209
f 36/177/118 274/474/323 794/475/324 272/178/121
f 274/474/323 32/211/127 261/208/142 794/475/324
f 794/475/324 261/208/142 31/207/141 259/476/325
f 272/178/121 794/475/324 259/476/325 35/179/122
f 34/185/87 258/184/125 795/477/326 244/478/327
f 258/184/125 35/183/122 259/479/325 795/477/326
f 795/477/326 259/479/325 31/220/141 260/217/147
f 244/478/327 795/477/326 260/217/147 30/216/67
f 42/150/105 287/480/328 796/481/329 285/151/106
f 287/480/328 46/106/71 288/105/70 796/481/329
f 796/481/329 288/105/70 47/104/60 289/482/330
f 285/151/106 796/481/329 289/482/330 43/154/99
f 139/483/191 297/484/331 797/485/332 286/486/192
f 297/484/331 138/487/333 298/488/334 797/485/332
f 797/485/332 298/488/334 61/489/10 299/490/335
f 286/486/192 797/485/332 299/490/335 64/491/193
f 45/115/54 296/114/73 798/492/336 295/493/337
f 296/114/73 46/113/71 287/494/328 798/492/336
f 798/492/336 287/494/328 42/163/105 284/160/111
f 295/493/337 798/492/336 284/160/111 41/159/78
f 130/495/338 318/496/339 799/497/340 317/498/341
f 318/496/339 131/334/219 312/337/222 799/497/340
f 799/497/340 312/337/222 61/10/10 298/499/334
f 317/498/341 799/497/340 298/499/334 138/500/333
f 127/131/89 251/130/88 800/501/342 256/502/343
f 251/130/88 34/129/87 244/503/327 800/501/342
f 800/501/342 244/503/327 30/97/67 252/96/66
f 256/502/343 800/501/342 252/96/66 126/95/65
f 45/79/54 295/504/337 801/505/344 294/256/168
f 295/504/337 41/120/78 283/117/75 801/505/344
f 801/505/344 283/117/75 44/116/74 282/506/345
f 294/256/168 801/505/344 282/506/345 123/258/170
f 133/507/346 315/508/347 802/509/348 314/510/349
f 315/508/347 67/511/315 304/512/318 802/509/348
f 802/509/348 304/512/318 63/513/5 313/514/350
f 314/510/349 802/509/348 313/514/350 132/515/351
f 47/516/60 290/517/161 803/518/352 289/519/330
f 290/517/161 124/520/163 277/521/353 803/518/352
f 803/518/352 277/521/353 125/522/294 266/523/354
f 289/519/330 803/518/352 266/523/354 43/524/99
f 36/525/118 276/526/355 804/527/356 274/528/323
f 276/526/355 128/529/357 270/530/358 804/527/356
f 804/527/356 270/530/358 129/531/278 275/532/359
f 274/528/323 804/527/356 275/532/359 32/533/127
f 130/495/338 317/498/341 805/534/360 316/535/361
f 317/498/341 138/500/333 306/536/362 805/534/360
f 805/534/360 306/536/362 65/537/363 309/538/364
f 316/535/361 805/534/360 309/538/364 66/539/365
f 130/540/338 316/541/361 806/542/366 319/543/367
f 316/541/361 66/544/365 308/545/368 806/542/366
f 806/542/366 308/545/368 67/546/315 315/547/347
f 319/543/367 806/542/366 315/547/347 133/548/346
f 123/549/170 282/550/345 807/551/369 281/552/293
f 282/550/345 44/553/74 273/554/100 807/551/369
f 807/551/369 273/554/100 43/524/99 266/523/354
f 281/552/293 807/551/369 266/523/354 125/522/294
f 32/555/127 275/556/359 808/557/370 262/558/128
f 275/556/359 129/412/278 265/411/277 808/557/370
f 808/557/370 265/411/277 126/410/65 264/559/62
f 262/558/128 808/557/370 264/559/62 29/560/61
f 36/525/118 271/561/117 809/562/371 276/526/355
f 271/561/117 33/563/83 267/564/86 809/562/371
f 809/562/371 267/564/86 127/565/89 268/566/372
f 276/526/355 809/562/371 268/566/372 128/529/357
f 132/567/351 313/568/350 810/569/373 320/570/374
f 313/568/350 63/571/5 301/572/2 810/569/373
f 810/569/373 301/572/2 62/573/1 311/574/220
f 320/570/374 810/569/373 311/574/220 131/575/219
f 63/464/5 303/463/319 811/576/375 402/577/6
f 303/463/319 64/293/193 403/578/376 811/576/375
f 811/576/375 403/578/376 60/32/16 397/29/24
f 402/577/6 811/576/375 397/29/24 59/28/7
f 64/491/193 299/490/335 812/579/377 403/580/376
f 299/490/335 61/489/10 400/581/13 812/579/377
f 812/579/377 400/581/13 57/23/15 399/20/17
f 403/580/376 812/579/377 399/20/17 60/19/16
f 69/198/90 331/201/136 813/582/378 404/583/379
f 331/201/136 70/206/140 405/584/380 813/582/378
f 813/582/378 405/584/380 66/585/365 309/586/364
f 404/583/379 813/582/378 309/586/364 65/587/363
f 70/588/140 322/589/322 814/590/381 405/591/380
f 322/589/322 71/592/256 406/593/382 814/590/381
f 814/590/381 406/593/382 67/594/315 308/595/368
f 405/591/380 814/590/381 308/595/368 66/596/365
f 71/389/256 329/388/255 815/597/383 406/598/382
f 329/388/255 72/387/94 407/599/384 815/597/383
f 815/597/383 407/599/384 68/600/187 305/601/316
f 406/598/382 815/597/383 305/601/316 67/602/315
f 72/136/94 330/133/91 816/603/385 407/604/384
f 330/133/91 69/132/90 404/605/379 816/603/385
f 816/603/385 404/605/379 65/606/363 408/607/386
f 407/604/384 816/603/385 408/607/386 68/608/187
f 77/609/387 410/610/388 817/611/389 409/612/390
f 410/610/388 78/613/391 411/614/392 817/611/389
f 817/611/389 411/614/392 74/204/138 325/203/137
f 409/612/390 817/611/389 325/203/137 73/202/98
f 78/615/391 412/616/393 818/617/394 411/618/392
f 412/616/393 79/619/395 413/620/396 818/617/394
f 818/617/394 413/620/396 75/621/258 414/622/397
f 411/618/392 818/617/394 414/622/397 74/623/138
f 79/624/395 415/625/398 819/626/399 413/627/396
f 415/625/398 80/628/400 416/629/401 819/626/399
f 819/626/399 416/629/401 76/383/96 327/386/254
f 413/627/396 819/626/399 327/386/254 75/391/258
f 80/630/400 417/631/402 820/632/403 416/633/401
f 417/631/402 77/634/387 409/635/390 820/632/403
f 820/632/403 409/635/390 73/140/98 326/139/97
f 416/633/401 820/632/403 326/139/97 76/138/96
f 81/636/310 419/637/404 821/638/405 418/639/406
f 419/637/404 82/640/407 420/641/408 821/638/405
f 821/638/405 420/641/408 78/613/391 410/610/388
f 418/639/406 821/638/405 410/610/388 77/609/387
f 82/642/407 421/643/409 822/644/410 420/645/408
f 421/643/409 83/646/411 422/647/412 822/644/410
f 822/644/410 422/647/412 79/619/395 412/616/393
f 420/645/408 822/644/410 412/616/393 78/615/391
f 83/648/411 423/649/413 823/650/414 422/651/412
f 423/649/413 84/652/312 424/653/415 823/650/414
f 823/650/414 424/653/415 80/628/400 415/625/398
f 422/651/412 823/650/414 415/625/398 79/624/395
f 84/452/312 425/451/311 824/654/416 424/655/415
f 425/451/311 81/450/310 418/656/406 824/654/416
f 824/654/416 418/656/406 77/634/387 417/631/402
f 424/655/415 824/654/416 417/631/402 80/630/400
f 157/657/417 628/658/418 825/659/419 631/660/420
f 628/658/418 154/661/421 623/662/422 825/659/419
f 825/659/419 623/662/422 151/663/423 618/664/424
f 631/660/420 825/659/419 618/664/424 149/665/425
f 155/666/426 625/667/427 826/668/428 661/669/429
f 625/667/427 158/670/304 660/671/307 826/668/428
f 826/668/428 660/671/307 84/652/312 423/649/413
f 661/669/429 826/668/428 423/649/413 83/648/411
f 152/672/430 620/673/431 827/674/432 659/675/433
f 620/673/431 155/676/426 661/677/429 827/674/432
f 827/674/432 661/677/429 83/646/411 421/643/409
f 659/675/433 827/674/432 421/643/409 82/642/407
f 85/678/434 427/679/435 828/680/436 426/681/437
f 427/679/435 86/682/438 428/683/439 828/680/436
f 828/680/436 428/683/439 6/684/440 429/685/441
f 426/681/437 828/680/436 429/685/441 5/686/442
f 86/687/438 430/688/443 829/689/444 428/690/439
f 430/688/443 87/691/445 431/692/446 829/689/444
f 829/689/444 431/692/446 7/693/447 432/694/448
f 428/690/439 829/689/444 432/694/448 6/695/440
f 87/696/445 433/697/449 830/698/450 431/699/446
f 433/697/449 88/700/451 434/701/452 830/698/450
f 830/698/450 434/701/452 8/702/453 435/703/454
f 431/699/446 830/698/450 435/703/454 7/704/447
f 88/705/451 436/706/455 831/707/456 434/708/452
f 436/706/455 85/709/434 426/710/437 831/707/456
f 831/707/456 426/710/437 5/711/442 437/712/457
f 434/708/452 831/707/456 437/712/457 8/713/453
f 89/714/458 439/715/459 832/716/460 438/717/461
f 439/715/459 90/718/462 440/719/463 832/716/460
f 832/716/460 440/719/463 86/682/438 427/679/435
f 438/717/461 832/716/460 427/679/435 85/678/434
f 90/720/462 441/721/464 833/722/465 440/723/463
f 441/721/464 91/724/466 442/725/467 833/722/465
f 833/722/465 442/725/467 87/691/445 430/688/443
f 440/723/463 833/722/465 430/688/443 86/687/438
f 91/726/466 443/727/468 834/728/469 442/729/467
f 443/727/468 92/730/470 444/731/471 834/728/469
f 834/728/469 444/731/471 88/700/451 433/697/449
f 442/729/467 834/728/469 433/697/449 87/696/445
f 92/732/470 445/733/472 835/734/473 444/735/471
f 445/733/472 89/736/458 438/737/461 835/734/473
f 835/734/473 438/737/461 85/709/434 436/706/455
f 444/735/471 835/734/473 436/706/455 88/705/451
f 232/738/474 723/739/475 836/740/476 707/741/477
f 723/739/475 241/742/478 718/743/479 836/740/476
f 836/740/476 718/743/479 238/744/480 713/745/481
f 707/741/477 836/740/476 713/745/481 235/746/482
f 239/747/483 722/748/484 837/749/485 729/750/486
f 722/748/484 242/751/487 726/752/488 837/749/485
f 837/749/485 726/752/488 92/730/470 443/727/468
f 729/750/486 837/749/485 443/727/468 91/726/466
f 233/753/489 712/754/490 838/755/491 727/756/492
f 712/754/490 236/757/493 728/758/494 838/755/491
f 838/755/491 728/758/494 90/718/462 439/715/459
f 727/756/492 838/755/491 439/715/459 89/714/458
f 160/759/299 586/760/495 839/761/496 662/762/300
f 586/760/495 164/763/497 663/764/498 839/761/496
f 839/761/496 663/764/498 120/765/499 503/766/500
f 662/762/300 839/761/496 503/766/500 119/767/301
f 95/768/501 447/769/502 840/770/503 446/771/504
f 447/769/502 96/772/505 448/773/506 840/770/503
f 840/770/503 448/773/506 93/318/209 302/317/208
f 446/771/504 840/770/503 302/317/208 74/316/138
f 96/774/505 449/775/507 841/776/508 448/777/506
f 449/775/507 97/778/509 450/779/510 841/776/508
f 841/776/508 450/779/510 94/465/282 307/468/321
f 448/777/506 841/776/508 307/468/321 93/473/209
f 97/780/509 451/781/511 842/782/512 450/783/510
f 451/781/511 98/784/513 452/785/514 842/782/512
f 842/782/512 452/785/514 75/413/258 310/416/280
f 450/783/510 842/782/512 310/416/280 94/419/282
f 98/786/513 453/787/515 843/788/516 452/789/514
f 453/787/515 95/790/501 446/791/504 843/788/516
f 843/788/516 446/791/504 74/792/138 414/793/397
f 452/789/514 843/788/516 414/793/397 75/794/258
f 1/795/517 455/796/518 844/797/519 454/798/520
f 455/796/518 2/799/521 456/800/522 844/797/519
f 844/797/519 456/800/522 96/772/505 447/769/502
f 454/798/520 844/797/519 447/769/502 95/768/501
f 2/801/521 457/802/523 845/803/524 456/804/522
f 457/802/523 3/805/525 458/806/526 845/803/524
f 845/803/524 458/806/526 97/778/509 449/775/507
f 456/804/522 845/803/524 449/775/507 96/774/505
f 3/807/525 459/808/527 846/809/528 458/810/526
f 459/808/527 4/811/529 460/812/530 846/809/528
f 846/809/528 460/812/530 98/784/513 451/781/511
f 458/810/526 846/809/528 451/781/511 97/780/509
f 4/813/529 461/814/531 847/815/532 460/816/530
f 461/814/531 1/817/517 454/818/520 847/815/532
f 847/815/532 454/818/520 95/790/501 453/787/515
f 460/816/530 847/815/532 453/787/515 98/786/513
f 99/819/533 463/820/534 848/821/535 462/822/536
f 463/820/534 100/823/537 464/824/538 848/821/535
f 848/821/535 464/824/538 2/799/521 455/796/518
f 462/822/536 848/821/535 455/796/518 1/795/517
f 100/825/537 465/826/539 849/827/540 464/828/538
f 465/826/539 101/829/541 466/830/542 849/827/540
f 849/827/540 466/830/542 3/805/525 457/802/523
f 464/828/538 849/827/540 457/802/523 2/801/521
f 101/831/541 467/832/543 850/833/544 466/834/542
f 467/832/543 102/835/545 468/836/546 850/833/544
f 850/833/544 468/836/546 4/811/529 459/808/527
f 466/834/542 850/833/544 459/808/527 3/807/525
f 102/837/545 469/838/547 851/839/548 468/840/546
f 469/838/547 99/841/533 462/842/536 851/839/548
f 851/839/548 462/842/536 1/843/517 461/844/531
f 468/840/546 851/839/548 461/844/531 4/845/529
f 103/846/549 471/847/550 852/848/551 470/849/552
f 471/847/550 104/850/553 472/851/554 852/848/551
f 852/848/551 472/851/554 100/823/537 463/820/534
f 470/849/552 852/848/551 463/820/534 99/819/533
f 104/852/553 473/853/555 853/854/556 472/855/554
f 473/853/555 105/856/557 474/857/558 853/854/556
f 853/854/556 474/857/558 101/829/541 465/826/539
f 472/855/554 853/854/556 465/826/539 100/825/537
f 105/858/557 475/859/559 854/860/560 474/861/558
f 475/859/559 106/862/561 476/863/562 854/860/560
f 854/860/560 476/863/562 102/835/545 467/832/543
f 474/861/558 854/860/560 467/832/543 101/831/541
f 106/864/561 477/865/563 855/866/564 476/867/562
f 477/865/563 103/868/549 470/869/552 855/866/564
f 855/866/564 470/869/552 99/841/533 469/838/547
f 476/867/562 855/866/564 469/838/547 102/837/545
f 107/870/565 479/871/566 856/872/567 478/873/568
f 479/871/566 108/874/569 480/875/570 856/872/567
f 856/872/567 480/875/570 104/850/553 471/847/550
f 478/873/568 856/872/567 471/847/550 103/846/549
f 108/876/569 481/877/571 857/878/572 480/879/570
f 481/877/571 109/880/573 482/881/574 857/878/572
f 857/878/572 482/881/574 105/856/557 473/853/555
f 480/879/570 857/878/572 473/853/555 104/852/553
f 109/882/573 483/883/575 858/884/576 482/885/574
f 483/883/575 110/886/577 484/887/578 858/884/576
f 858/884/576 484/887/578 106/862/561 475/859/559
f 482/885/574 858/884/576 475/859/559 105/858/557
f 110/888/577 485/889/579 859/890/580 484/891/578
f 485/889/579 107/892/565 478/893/568 859/890/580
f 859/890/580 478/893/568 103/868/549 477/865/563
f 484/891/578 859/890/580 477/865/563 106/864/561
f 111/894/581 487/895/582 860/896/583 486/897/584
f 487/895/582 112/898/585 488/899/586 860/896/583
f 860/896/583 488/899/586 108/874/569 479/871/566
f 486/897/584 860/896/583 479/871/566 107/870/565
f 112/900/585 489/901/587 861/902/588 488/903/586
f 489/901/587 113/904/589 490/905/590 861/902/588
f 861/902/588 490/905/590 109/880/573 481/877/571
f 488/903/586 861/902/588 481/877/571 108/876/569
f 113/906/589 491/907/591 862/908/592 490/909/590
f 491/907/591 114/910/593 492/911/594 862/908/592
f 862/908/592 492/911/594 110/886/577 483/883/575
f 490/909/590 862/908/592 483/883/575 109/882/573
f 114/912/593 493/913/595 863/914/596 492/915/594
f 493/913/595 111/916/581 486/917/584 863/914/596
f 863/914/596 486/917/584 107/892/565 485/889/579
f 492/915/594 863/914/596 485/889/579 110/888/577
f 115/918/597 495/919/598 864/920/599 494/921/600
f 495/919/598 116/922/601 496/923/602 864/920/599
f 864/920/599 496/923/602 112/898/585 487/895/582
f 494/921/600 864/920/599 487/895/582 111/894/581
f 116/924/601 497/925/603 865/926/604 496/927/602
f 497/925/603 117/928/605 498/929/606 865/926/604
f 865/926/604 498/929/606 113/904/589 489/901/587
f 496/927/602 865/926/604 489/901/587 112/900/585
f 117/930/605 499/931/607 866/932/608 498/933/606
f 499/931/607 118/934/609 500/935/610 866/932/608
f 866/932/608 500/935/610 114/910/593 491/907/591
f 498/933/606 866/932/608 491/907/591 113/906/589
f 118/936/609 501/937/611 867/938/612 500/939/610
f 501/937/611 115/940/597 494/941/600 867/938/612
f 867/938/612 494/941/600 111/916/581 493/913/595
f 500/939/610 867/938/612 493/913/595 114/912/593
f 119/767/301 503/766/500 868/942/613 502/943/614
f 503/766/500 120/765/499 504/944/615 868/942/613
f 868/942/613 504/944/615 116/922/601 495/919/598
f 502/943/614 868/942/613 495/919/598 115/918/597
f 120/945/499 505/946/616 869/947/617 504/948/615
f 505/946/616 121/949/618 506/950/619 869/947/617
f 869/947/617 506/950/619 117/928/605 497/925/603
f 504/948/615 869/947/617 497/925/603 116/924/601
f 121/951/618 507/952/620 870/953/621 506/954/619
f 507/952/620 122/955/303 508/956/622 870/953/621
f 870/953/621 508/956/622 118/934/609 499/931/607
f 506/954/619 870/953/621 499/931/607 117/930/605
f 122/443/303 509/442/302 871/957/623 508/958/622
f 509/442/302 119/441/301 502/959/614 871/957/623
f 871/957/623 502/959/614 115/940/597 501/937/611
f 508/958/622 871/957/623 501/937/611 118/936/609
f 169/960/624 601/961/625 872/962/626 604/963/627
f 601/961/625 166/964/628 596/965/629 872/962/626
f 872/962/626 596/965/629 163/966/630 591/967/631
f 604/963/627 872/962/626 591/967/631 161/968/632
f 167/969/633 598/970/634 873/971/635 665/972/636
f 598/970/634 170/973/295 664/974/298 873/971/635
f 873/971/635 664/974/298 122/955/303 507/952/620
f 665/972/636 873/971/635 507/952/620 121/951/618
f 172/975/291 566/976/637 874/977/638 666/978/292
f 566/976/637 176/979/639 667/980/640 874/977/638
f 874/977/638 667/980/640 48/981/56 280/982/171
f 666/978/292 874/977/638 280/982/171 123/983/170
f 164/984/497 593/985/641 875/986/642 663/987/498
f 593/985/641 167/988/633 665/989/636 875/986/642
f 875/986/642 665/989/636 121/949/618 505/946/616
f 663/987/498 875/986/642 505/946/616 120/945/499
f 181/990/643 581/991/644 876/992/645 584/993/646
f 581/991/644 178/994/647 576/995/648 876/992/645
f 876/992/645 576/995/648 175/996/649 571/997/650
f 584/993/646 876/992/645 571/997/650 173/998/651
f 179/999/652 578/1000/653 877/1001/654 669/1002/655
f 578/1000/653 182/1003/287 668/1004/290 877/1001/654
f 877/1001/654 668/1004/290 125/522/294 277/521/353
f 669/1002/655 877/1001/654 277/521/353 124/520/163
f 184/1005/275 546/1006/656 878/1007/657 670/1008/276
f 546/1006/656 188/1009/658 671/1010/659 878/1007/657
f 878/1007/657 671/1010/659 127/1011/89 256/1012/343
f 670/1008/276 878/1007/657 256/1012/343 126/1013/65
f 176/1014/639 573/1015/660 879/1016/661 667/1017/640
f 573/1015/660 179/1018/652 669/1019/655 879/1016/661
f 879/1016/661 669/1019/655 124/246/163 278/245/162
f 667/1017/640 879/1016/661 278/245/162 48/244/56
f 193/1020/662 561/1021/663 880/1022/664 564/1023/665
f 561/1021/663 190/1024/666 556/1025/667 880/1022/664
f 880/1022/664 556/1025/667 187/1026/668 551/1027/669
f 564/1023/665 880/1022/664 551/1027/669 185/1028/670
f 191/1029/671 558/1030/672 881/1031/673 673/1032/674
f 558/1030/672 194/1033/271 672/1034/274 881/1031/673
f 881/1031/673 672/1034/274 129/1035/278 270/1036/358
f 673/1032/674 881/1031/673 270/1036/358 128/1037/357
f 205/1038/675 539/1039/676 882/1040/677 674/1041/678
f 539/1039/676 197/1042/262 675/1043/265 882/1040/677
f 882/1040/677 675/1043/265 134/1044/270 517/1045/679
f 674/1041/678 882/1040/677 517/1045/679 137/1046/680
f 188/1047/658 553/1048/681 883/1049/682 671/1050/659
f 553/1048/681 191/1051/671 673/1052/674 883/1049/682
f 883/1049/682 673/1052/674 128/1053/357 268/1054/372
f 671/1050/659 883/1049/682 268/1054/372 127/1055/89
f 134/403/270 511/402/269 884/1056/683 510/1057/684
f 511/402/269 135/401/268 512/1058/685 884/1056/683
f 884/1056/683 512/1058/685 131/1059/219 318/1060/339
f 510/1057/684 884/1056/683 318/1060/339 130/1061/338
f 135/1062/268 513/1063/686 885/1064/687 512/1065/685
f 513/1063/686 136/1066/688 514/1067/689 885/1064/687
f 885/1064/687 514/1067/689 132/1068/351 320/1069/374
f 512/1065/685 885/1064/687 320/1069/374 131/1070/219
f 136/1071/688 515/1072/690 886/1073/691 514/1074/689
f 515/1072/690 137/1075/680 516/1076/692 886/1073/691
f 886/1073/691 516/1076/692 133/1077/346 314/1078/349
f 514/1074/689 886/1073/691 314/1078/349 132/1079/351
f 137/1046/680 517/1045/679 887/1080/693 516/1081/692
f 517/1045/679 134/1044/270 510/1082/684 887/1080/693
f 887/1080/693 510/1082/684 130/540/338 319/543/367
f 516/1081/692 887/1080/693 319/543/367 133/548/346
f 200/1083/266 638/1084/694 888/1085/695 676/1086/267
f 638/1084/694 203/1087/696 677/1088/697 888/1085/695
f 888/1085/695 677/1088/697 136/1066/688 513/1063/686
f 676/1086/267 888/1085/695 513/1063/686 135/1062/268
f 203/1089/696 642/1090/698 889/1091/699 677/1092/697
f 642/1090/698 205/1093/675 674/1094/678 889/1091/699
f 889/1091/699 674/1094/678 137/1095/680 515/1096/690
f 677/1092/697 889/1091/699 515/1096/690 136/1097/688
f 217/1098/700 606/1099/701 890/1100/702 678/1101/703
f 606/1099/701 209/1102/247 679/1103/250 890/1100/702
f 890/1100/702 679/1103/250 24/1104/159 257/1105/260
f 678/1101/703 890/1100/702 257/1105/260 20/1106/178
f 206/1107/704 644/1108/705 891/1109/706 544/1110/707
f 644/1108/705 202/1111/708 641/1112/709 891/1109/706
f 891/1109/706 641/1112/709 199/1113/710 636/1114/711
f 544/1110/707 891/1109/706 636/1114/711 196/1115/712
f 140/1116/713 519/1117/714 892/1118/715 518/1119/716
f 519/1117/714 141/1120/717 520/1121/718 892/1118/715
f 892/1118/715 520/1121/718 65/1122/363 306/1123/362
f 518/1119/716 892/1118/715 306/1123/362 138/1124/333
f 141/1125/717 521/1126/719 893/1127/720 520/1128/718
f 521/1126/719 142/1129/721 522/1130/722 893/1127/720
f 893/1127/720 522/1130/722 68/1131/187 408/1132/386
f 520/1128/718 893/1127/720 408/1132/386 65/1133/363
f 142/1134/721 523/1135/723 894/1136/724 522/1137/722
f 523/1135/723 143/1138/725 524/1139/726 894/1136/724
f 894/1136/724 524/1139/726 139/1140/191 292/1141/188
f 522/1137/722 894/1136/724 292/1141/188 68/1142/187
f 143/1143/725 525/1144/727 895/1145/728 524/1146/726
f 525/1144/727 140/1147/713 518/1148/716 895/1145/728
f 895/1145/728 518/1148/716 138/1149/333 297/1150/331
f 524/1146/726 895/1145/728 297/1150/331 139/1151/191
f 144/1152/729 527/1153/730 896/1154/731 526/1155/732
f 527/1153/730 145/1156/733 528/1157/734 896/1154/731
f 896/1154/731 528/1157/734 141/1120/717 519/1117/714
f 526/1155/732 896/1154/731 519/1117/714 140/1116/713
f 145/1158/733 529/1159/735 897/1160/736 528/1161/734
f 529/1159/735 146/1162/737 530/1163/738 897/1160/736
f 897/1160/736 530/1163/738 142/1164/721 521/1165/719
f 528/1161/734 897/1160/736 521/1165/719 141/1166/717
f 146/1167/737 531/1168/739 898/1169/740 530/1170/738
f 531/1168/739 147/1171/741 532/1172/742 898/1169/740
f 898/1169/740 532/1172/742 143/1138/725 523/1135/723
f 530/1170/738 898/1169/740 523/1135/723 142/1134/721
f 147/1173/741 533/1174/743 899/1175/744 532/1176/742
f 533/1174/743 144/1177/729 526/1178/732 899/1175/744
f 899/1175/744 526/1178/732 140/1147/713 525/1144/727
f 532/1176/742 899/1175/744 525/1144/727 143/1143/725
f 5/686/442 429/685/441 900/1179/745 534/1180/746
f 429/685/441 6/684/440 535/1181/747 900/1179/745
f 900/1179/745 535/1181/747 145/1156/733 527/1153/730
f 534/1180/746 900/1179/745 527/1153/730 144/1152/729
f 6/695/440 432/694/448 901/1182/748 535/1183/747
f 432/694/448 7/693/447 536/1184/749 901/1182/748
f 901/1182/748 536/1184/749 146/1162/737 529/1159/735
f 535/1183/747 901/1182/748 529/1159/735 145/1158/733
f 7/704/447 435/703/454 902/1185/750 536/1186/749
f 435/703/454 8/702/453 537/1187/751 902/1185/750
f 902/1185/750 537/1187/751 147/1171/741 531/1168/739
f 536/1186/749 902/1185/750 531/1168/739 146/1167/737
f 8/713/453 437/712/457 903/1188/752 537/1189/751
f 437/712/457 5/711/442 534/1190/746 903/1188/752
f 903/1188/752 534/1190/746 144/1177/729 533/1174/743
f 537/1189/751 903/1188/752 533/1174/743 147/1173/741
f 211/1191/251 650/1192/753 904/1193/754 680/1194/252
f 650/1192/753 214/1195/755 681/1196/756 904/1193/754
f 904/1193/754 681/1196/756 19/1197/194 249/1198/283
f 680/1194/252 904/1193/754 249/1198/283 23/1199/167
f 214/1200/755 645/1201/757 905/1202/758 681/1203/756
f 645/1201/757 217/1204/700 678/1205/703 905/1202/758
f 905/1202/758 678/1205/703 20/1206/178 349/1207/195
f 681/1203/756 905/1202/758 349/1207/195 19/1208/194
f 218/1209/759 649/1210/760 906/1211/761 611/1212/762
f 649/1210/760 215/1213/763 654/1214/764 906/1211/761
f 906/1211/761 654/1214/764 212/1215/765 657/1216/766
f 611/1212/762 906/1211/761 657/1216/766 208/1217/767
f 197/1042/262 539/1039/676 907/1218/768 538/1219/769
f 539/1039/676 205/1038/675 540/1220/770 907/1218/768
f 907/1218/768 540/1220/770 207/1221/771 541/1222/772
f 538/1219/769 907/1218/768 541/1222/772 198/1223/773
f 198/1224/773 541/1225/772 908/1226/774 542/1227/775
f 541/1225/772 207/1228/771 543/1229/776 908/1226/774
f 908/1226/774 543/1229/776 206/1107/704 544/1110/707
f 542/1227/775 908/1226/774 544/1110/707 196/1115/712
f 188/1009/658 546/1006/656 909/1230/777 545/1231/778
f 546/1006/656 184/1005/275 547/1232/779 909/1230/777
f 909/1230/777 547/1232/779 186/1233/780 548/1234/781
f 545/1231/778 909/1230/777 548/1234/781 189/1235/782
f 189/1236/782 548/1237/781 910/1238/783 549/1239/784
f 548/1237/781 186/1240/780 550/1241/785 910/1238/783
f 910/1238/783 550/1241/785 185/1028/670 551/1027/669
f 549/1239/784 910/1238/783 551/1027/669 187/1026/668
f 191/1051/671 553/1048/681 911/1242/786 552/1243/787
f 553/1048/681 188/1047/658 545/1244/778 911/1242/786
f 911/1242/786 545/1244/778 189/1245/782 554/1246/788
f 552/1243/787 911/1242/786 554/1246/788 192/1247/789
f 192/1248/789 554/1249/788 912/1250/790 555/1251/791
f 554/1249/788 189/1236/782 549/1239/784 912/1250/790
f 912/1250/790 549/1239/784 187/1026/668 556/1025/667
f 555/1251/791 912/1250/790 556/1025/667 190/1024/666
f 194/1033/271 558/1030/672 913/1252/792 557/1253/793
f 558/1030/672 191/1029/671 552/1254/787 913/1252/792
f 913/1252/792 552/1254/787 192/1255/789 559/1256/794
f 557/1253/793 913/1252/792 559/1256/794 195/1257/795
f 195/1258/795 559/1259/794 914/1260/796 560/1261/797
f 559/1259/794 192/1248/789 555/1251/791 914/1260/796
f 914/1260/796 555/1251/791 190/1024/666 561/1021/663
f 560/1261/797 914/1260/796 561/1021/663 193/1020/662
f 184/408/275 562/405/272 915/1262/798 547/1263/779
f 562/405/272 194/404/271 557/1264/793 915/1262/798
f 915/1262/798 557/1264/793 195/1265/795 563/1266/799
f 547/1263/779 915/1262/798 563/1266/799 186/1267/780
f 186/1240/780 563/1268/799 916/1269/800 550/1241/785
f 563/1268/799 195/1258/795 560/1261/797 916/1269/800
f 916/1269/800 560/1261/797 193/1020/662 564/1023/665
f 550/1241/785 916/1269/800 564/1023/665 185/1028/670
f 176/1270/639 566/1271/637 917/1272/801 565/1273/802
f 566/1271/637 172/430/291 567/1274/803 917/1272/801
f 917/1272/801 567/1274/803 174/1275/804 568/1276/805
f 565/1273/802 917/1272/801 568/1276/805 177/1277/806
f 177/1278/806 568/1279/805 918/1280/807 569/1281/808
f 568/1279/805 174/1282/804 570/1283/809 918/1280/807
f 918/1280/807 570/1283/809 173/998/651 571/997/650
f 569/1281/808 918/1280/807 571/997/650 175/996/649
f 179/1018/652 573/1015/660 919/1284/810 572/1285/811
f 573/1015/660 176/1014/639 565/1286/802 919/1284/810
f 919/1284/810 565/1286/802 177/1287/806 574/1288/812
f 572/1285/811 919/1284/810 574/1288/812 180/1289/813
f 180/1290/813 574/1291/812 920/1292/814 575/1293/815
f 574/1291/812 177/1278/806 569/1281/808 920/1292/814
f 920/1292/814 569/1281/808 175/996/649 576/995/648
f 575/1293/815 920/1292/814 576/995/648 178/994/647
f 182/1003/287 578/1000/653 921/1294/816 577/1295/817
f 578/1000/653 179/999/652 572/1296/811 921/1294/816
f 921/1294/816 572/1296/811 180/1297/813 579/1298/818
f 577/1295/817 921/1294/816 579/1298/818 183/1299/819
f 183/1300/819 579/1301/818 922/1302/820 580/1303/821
f 579/1301/818 180/1290/813 575/1293/815 922/1302/820
f 922/1302/820 575/1293/815 178/994/647 581/991/644
f 580/1303/821 922/1302/820 581/991/644 181/990/643
f 172/430/291 582/427/288 923/1304/822 567/1274/803
f 582/427/288 182/426/287 577/1305/817 923/1304/822
f 923/1304/822 577/1305/817 183/1306/819 583/1307/823
f 567/1274/803 923/1304/822 583/1307/823 174/1275/804
f 174/1308/804 583/1309/823 924/1310/824 570/1311/809
f 583/1309/823 183/1312/819 580/1313/821 924/1310/824
f 924/1310/824 580/1313/821 181/1314/643 584/1315/646
f 570/1311/809 924/1310/824 584/1315/646 173/1316/651
f 164/763/497 586/760/495 925/1317/825 585/1318/826
f 586/760/495 160/759/299 587/1319/827 925/1317/825
f 925/1317/825 587/1319/827 162/1320/828 588/1321/829
f 585/1318/826 925/1317/825 588/1321/829 165/1322/830
f 165/1323/830 588/1324/829 926/1325/831 589/1326/832
f 588/1324/829 162/1327/828 590/1328/833 926/1325/831
f 926/1325/831 590/1328/833 161/968/632 591/967/631
f 589/1326/832 926/1325/831 591/967/631 163/966/630
f 167/988/633 593/985/641 927/1329/834 592/1330/835
f 593/985/641 164/984/497 585/1331/826 927/1329/834
f 927/1329/834 585/1331/826 165/1332/830 594/1333/836
f 592/1330/835 927/1329/834 594/1333/836 168/1334/837
f 168/1335/837 594/1336/836 928/1337/838 595/1338/839
f 594/1336/836 165/1323/830 589/1326/832 928/1337/838
f 928/1337/838 589/1326/832 163/966/630 596/965/629
f 595/1338/839 928/1337/838 596/965/629 166/964/628
f 170/973/295 598/970/634 929/1339/840 597/1340/841
f 598/970/634 167/969/633 592/1341/835 929/1339/840
f 929/1339/840 592/1341/835 168/1342/837 599/1343/842
f 597/1340/841 929/1339/840 599/1343/842 171/1344/843
f 171/1345/843 599/1346/842 930/1347/844 600/1348/845
f 599/1346/842 168/1335/837 595/1338/839 930/1347/844
f 930/1347/844 595/1338/839 166/964/628 601/961/625
f 600/1348/845 930/1347/844 601/961/625 169/960/624
f 160/439/299 602/436/296 931/1349/846 587/1350/827
f 602/436/296 170/435/295 597/1351/841 931/1349/846
f 931/1349/846 597/1351/841 171/1352/843 603/1353/847
f 587/1350/827 931/1349/846 603/1353/847 162/1354/828
f 162/1327/828 603/1355/847 932/1356/848 590/1328/833
f 603/1355/847 171/1345/843 600/1348/845 932/1356/848
f 932/1356/848 600/1348/845 169/960/624 604/963/627
f 590/1328/833 932/1356/848 604/963/627 161/968/632
f 209/1102/247 606/1099/701 933/1357/849 605/1358/850
f 606/1099/701 217/1098/700 607/1359/851 933/1357/849
f 933/1357/849 607/1359/851 219/1360/852 608/1361/853
f 605/1358/850 933/1357/849 608/1361/853 210/1362/854
f 210/1363/854 608/1364/853 934/1365/855 609/1366/856
f 608/1364/853 219/1367/852 610/1368/857 934/1365/855
f 934/1365/855 610/1368/857 218/1209/759 611/1212/762
f 609/1366/856 934/1365/855 611/1212/762 208/1217/767
f 236/1369/493 717/1370/858 935/1371/859 728/1372/494
f 717/1370/858 239/1373/483 729/1374/486 935/1371/859
f 935/1371/859 729/1374/486 91/724/466 441/721/464
f 728/1372/494 935/1371/859 441/721/464 90/720/462
f 152/1375/430 613/1376/860 936/1377/861 612/1378/862
f 613/1376/860 148/1379/308 614/1380/863 936/1377/861
f 936/1377/861 614/1380/863 150/1381/864 615/1382/865
f 612/1378/862 936/1377/861 615/1382/865 153/1383/866
f 153/1384/866 615/1385/865 937/1386/867 616/1387/868
f 615/1385/865 150/1388/864 617/1389/869 937/1386/867
f 937/1386/867 617/1389/869 149/665/425 618/664/424
f 616/1387/868 937/1386/867 618/664/424 151/663/423
f 155/676/426 620/673/431 938/1390/870 619/1391/871
f 620/673/431 152/672/430 612/1392/862 938/1390/870
f 938/1390/870 612/1392/862 153/1393/866 621/1394/872
f 619/1391/871 938/1390/870 621/1394/872 156/1395/873
f 156/1396/873 621/1397/872 939/1398/874 622/1399/875
f 621/1397/872 153/1384/866 616/1387/868 939/1398/874
f 939/1398/874 616/1387/868 151/663/423 623/662/422
f 622/1399/875 939/1398/874 623/662/422 154/661/421
f 158/670/304 625/667/427 940/1400/876 624/1401/877
f 625/667/427 155/666/426 619/1402/871 940/1400/876
f 940/1400/876 619/1402/871 156/1403/873 626/1404/878
f 624/1401/877 940/1400/876 626/1404/878 159/1405/879
f 159/1406/879 626/1407/878 941/1408/880 627/1409/881
f 626/1407/878 156/1396/873 622/1399/875 941/1408/880
f 941/1408/880 622/1399/875 154/661/421 628/658/418
f 627/1409/881 941/1408/880 628/658/418 157/657/417
f 148/448/308 629/445/305 942/1410/882 614/1411/863
f 629/445/305 158/444/304 624/1412/877 942/1410/882
f 942/1410/882 624/1412/877 159/1413/879 630/1414/883
f 614/1411/863 942/1410/882 630/1414/883 150/1415/864
f 150/1388/864 630/1416/883 943/1417/884 617/1389/869
f 630/1416/883 159/1406/879 627/1409/881 943/1417/884
f 943/1417/884 627/1409/881 157/657/417 631/660/420
f 617/1389/869 943/1417/884 631/660/420 149/665/425
f 200/399/266 633/396/263 944/1418/885 632/1419/886
f 633/396/263 197/395/262 538/1420/769 944/1418/885
f 944/1418/885 538/1420/769 198/1421/773 634/1422/887
f 632/1419/886 944/1418/885 634/1422/887 201/1423/888
f 201/1424/888 634/1425/887 945/1426/889 635/1427/890
f 634/1425/887 198/1224/773 542/1227/775 945/1426/889
f 945/1426/889 542/1227/775 196/1115/712 636/1114/711
f 635/1427/890 945/1426/889 636/1114/711 199/1113/710
f 203/1087/696 638/1084/694 946/1428/891 637/1429/892
f 638/1084/694 200/1083/266 632/1430/886 946/1428/891
f 946/1428/891 632/1430/886 201/1431/888 639/1432/893
f 637/1429/892 946/1428/891 639/1432/893 204/1433/894
f 204/1434/894 639/1435/893 947/1436/895 640/1437/896
f 639/1435/893 201/1424/888 635/1427/890 947/1436/895
f 947/1436/895 635/1427/890 199/1113/710 641/1112/709
f 640/1437/896 947/1436/895 641/1112/709 202/1111/708
f 205/1438/675 642/1439/698 948/1440/897 540/1441/770
f 642/1439/698 203/1442/696 637/1443/892 948/1440/897
f 948/1440/897 637/1443/892 204/1444/894 643/1445/898
f 540/1441/770 948/1440/897 643/1445/898 207/1446/771
f 207/1228/771 643/1447/898 949/1448/899 543/1229/776
f 643/1447/898 204/1434/894 640/1437/896 949/1448/899
f 949/1448/899 640/1437/896 202/1111/708 644/1108/705
f 543/1229/776 949/1448/899 644/1108/705 206/1107/704
f 217/1204/700 645/1201/757 950/1449/900 607/1450/851
f 645/1201/757 214/1200/755 646/1451/901 950/1449/900
f 950/1449/900 646/1451/901 216/1452/902 647/1453/903
f 607/1450/851 950/1449/900 647/1453/903 219/1454/852
f 219/1367/852 647/1455/903 951/1456/904 610/1368/857
f 647/1455/903 216/1457/902 648/1458/905 951/1456/904
f 951/1456/904 648/1458/905 215/1213/763 649/1210/760
f 610/1368/857 951/1456/904 649/1210/760 218/1209/759
f 214/1195/755 650/1192/753 952/1459/906 646/1460/901
f 650/1192/753 211/1191/251 651/1461/907 952/1459/906
f 952/1459/906 651/1461/907 213/1462/908 652/1463/909
f 646/1460/901 952/1459/906 652/1463/909 216/1464/902
f 216/1457/902 652/1465/909 953/1466/910 648/1458/905
f 652/1465/909 213/1467/908 653/1468/911 953/1466/910
f 953/1466/910 653/1468/911 212/1215/765 654/1214/764
f 648/1458/905 953/1466/910 654/1214/764 215/1213/763
f 211/378/251 655/375/248 954/1469/912 651/1470/907
f 655/375/248 209/374/247 605/1471/850 954/1469/912
f 954/1469/912 605/1471/850 210/1472/854 656/1473/913
f 651/1470/907 954/1469/912 656/1473/913 213/1474/908
f 213/1467/908 656/1475/913 955/1476/914 653/1468/911
f 656/1475/913 210/1363/854 609/1366/856 955/1476/914
f 955/1476/914 609/1366/856 208/1217/767 657/1216/766
f 653/1468/911 955/1476/914 657/1216/766 212/1215/765
f 148/1379/308 613/1376/860 956/1477/915 658/1478/309
f 613/1376/860 152/1375/430 659/1479/433 956/1477/915
f 956/1477/915 659/1479/433 82/640/407 419/637/404
f 658/1478/309 956/1477/915 419/637/404 81/636/310
f 227/367/244 683/366/243 957/1480/916 682/1481/917
f 683/366/243 229/365/242 684/1482/918 957/1480/916
f 957/1480/916 684/1482/918 231/1483/919 685/1484/920
f 682/1481/917 957/1480/916 685/1484/920 228/1485/921
f 228/1486/921 685/1487/920 958/1488/922 686/1489/923
f 685/1487/920 231/1490/919 687/1491/924 958/1488/922
f 958/1488/922 687/1491/924 230/1492/925 688/1493/926
f 686/1489/923 958/1488/922 688/1493/926 226/1494/927
f 224/373/236 690/372/246 959/1495/928 689/1496/929
f 690/372/246 227/371/244 682/1497/917 959/1495/928
f 959/1495/928 682/1497/917 228/1498/921 691/1499/930
f 689/1496/929 959/1495/928 691/1499/930 225/1500/931
f 225/1501/931 691/1502/930 960/1503/932 692/1504/933
f 691/1502/930 228/1486/921 686/1489/923 960/1503/932
f 960/1503/932 686/1489/923 226/1494/927 693/1505/934
f 692/1504/933 960/1503/932 693/1505/934 223/1506/935
f 221/361/238 695/360/237 961/1507/936 694/1508/937
f 695/360/237 224/359/236 689/1509/929 961/1507/936
f 961/1507/936 689/1509/929 225/1510/931 696/1511/938
f 694/1508/937 961/1507/936 696/1511/938 222/1512/939
f 222/1513/939 696/1514/938 962/1515/940 697/1516/941
f 696/1514/938 225/1501/931 692/1504/933 962/1515/940
f 962/1515/940 692/1504/933 223/1506/935 698/1517/942
f 697/1516/941 962/1515/940 698/1517/942 220/1518/943
f 229/458/242 699/457/314 963/1519/944 684/1520/918
f 699/457/314 221/456/238 694/1521/937 963/1519/944
f 963/1519/944 694/1521/937 222/1522/939 700/1523/945
f 684/1520/918 963/1519/944 700/1523/945 231/1524/919
f 231/1490/919 700/1525/945 964/1526/946 687/1491/924
f 700/1525/945 222/1513/939 697/1516/941 964/1526/946
f 964/1526/946 697/1516/941 220/1518/943 701/1527/947
f 687/1491/924 964/1526/946 701/1527/947 230/1492/925
f 220/1518/943 698/1517/942 965/1528/948 701/1527/947
f 698/1517/942 223/1506/935 693/1505/934 965/1528/948
f 965/1528/948 693/1505/934 226/1494/927 688/1493/926
f 701/1527/947 965/1528/948 688/1493/926 230/1492/925
f 232/738/474 707/741/477 966/1529/949 706/1530/950
f 707/741/477 235/746/482 708/1531/951 966/1529/949
f 966/1529/949 708/1531/951 237/1532/952 709/1533/953
f 706/1530/950 966/1529/949 709/1533/953 234/1534/954
f 234/1535/954 709/1536/953 967/1537/955 710/1538/956
f 709/1536/953 237/1539/952 711/1540/957 967/1537/955
f 967/1537/955 711/1540/957 236/757/493 712/754/490
f 710/1538/956 967/1537/955 712/754/490 233/753/489
f 235/746/482 713/745/481 968/1541/958 708/1531/951
f 713/745/481 238/744/480 714/1542/959 968/1541/958
f 968/1541/958 714/1542/959 240/1543/960 715/1544/961
f 708/1531/951 968/1541/958 715/1544/961 237/1532/952
f 237/1545/952 715/1546/961 969/1547/962 711/1548/957
f 715/1546/961 240/1549/960 716/1550/963 969/1547/962
f 969/1547/962 716/1550/963 239/1373/483 717/1370/858
f 711/1548/957 969/1547/962 717/1370/858 236/1369/493
f 238/744/480 718/743/479 970/1551/964 714/1542/959
f 718/743/479 241/742/478 719/1552/965 970/1551/964
f 970/1551/964 719/1552/965 243/1553/966 720/1554/967
f 714/1542/959 970/1551/964 720/1554/967 240/1543/960
f 240/1555/960 720/1556/967 971/1557/968 716/1558/963
f 720/1556/967 243/1559/966 721/1560/969 971/1557/968
f 971/1557/968 721/1560/969 242/751/487 722/748/484
f 716/1558/963 971/1557/968 722/748/484 239/747/483
f 241/742/478 723/739/475 972/1561/970 719/1552/965
f 723/739/475 232/738/474 706/1530/950 972/1561/970
f 972/1561/970 706/1530/950 234/1534/954 724/1562/971
f 719/1552/965 972/1561/970 724/1562/971 243/1553/966
f 243/1563/966 724/1564/971 973/1565/972 721/1566/969
f 724/1564/971 234/1567/954 710/1568/956 973/1565/972
f 973/1565/972 710/1568/956 233/1569/489 725/1570/973
f 721/1566/969 973/1565/972 725/1570/973 242/1571/487
f 242/1571/487 725/1570/973 974/1572/974 726/1573/488
f 725/1570/973 233/1569/489 727/1574/492 974/1572/974
f 974/1572/974 727/1574/492 89/736/458 445/733/472
f 726/1573/488 974/1572/974 445/733/472 92/732/470
